listing_id,link_url,micro_zone,bedrooms,usable_area,sale_price,ppsm,ppsm_ratio,monthly_condo_fee,yearly_iptu,dist_beach_km,guests_est,rev_pred,rev_adj,capex,noi_adj,net_yield_adj,payback_adj,n_comps,advertiser_name
2767581974,https://www.vivareal.com.br/imovel/apartamento-2-quartos-morretes-bairros-itapema-com-garagem-50m2-venda-RS495000-id-2767581974/,Morretes,2,50,495000.0,9900.0,0.8416052006500812,100.0,100.0,0.3257284929846319,4.0,109855.16268836232,103420.92439671289,543367.5,62502.460521166206,0.1150279700592439,8.693537749861717,51.0,HRM Imóveis
2762836313,https://www.vivareal.com.br/imovel/apartamento-2-quartos-morretes-bairros-itapema-com-garagem-55m2-venda-RS420000-id-2762836313/,Morretes,2,55,420000.0,7636.363636363636,0.6491720555978587,300.0,500.0,0.3257284929846319,4.0,109855.16268836232,94437.91876416492,476130.0,53613.556015127855,0.1126027681833277,8.880776344431489,51.0,Nei Costa
2714533420,https://www.vivareal.com.br/imovel/apartamento-2-quartos-morretes-bairros-itapema-com-garagem-53m2-venda-RS571143-id-2714533420/,Morretes,2,53,571143.0,10776.283018867924,0.916098568924889,1.0,1.0,0.3257284929846319,4.0,112459.3904432552,109062.51210681105,621321.1395,67495.60078924475,0.1086323907207807,9.205357567526178,51.0,Boulevard Imob
2752513113,https://www.vivareal.com.br/imovel/apartamento-2-quartos-morretes-bairros-itapema-com-garagem-60m2-venda-RS420000-id-2752513113/,Morretes,2,60,420000.0,7000.0,0.5950743842980372,300.0,1000.0,0.3257284929846319,4.0,109855.16268836232,91605.2598867868,482130.0,51347.42891322535,0.1065012111115785,9.389564583940048,51.0,Nei Costa
2749772401,https://www.vivareal.com.br/imovel/apartamento-2-quartos-morretes-bairros-itapema-com-garagem-58m2-venda-RS450000-id-2749772401/,Morretes,2,58,450000.0,7758.620689655172,0.6595652042712234,270.0,,0.3257284929846319,4.0,109855.16268836232,94964.36732809267,509025.0,54115.714866270064,0.1063124893006631,9.406232575101242,51.0,RE/MAX Sea
2669009410,https://www.vivareal.com.br/imovel/apartamento-2-quartos-morretes-bairros-itapema-com-garagem-61m2-venda-RS445000-id-2669009410/,Morretes,2,61,445000.0,7295.081967213115,0.6201594871490083,330.0,400.0,0.3257284929846319,4.0,109855.16268836232,92938.7139839582,507742.5,51821.69219096247,0.1020629397597452,9.797875726037148,51.0,Airton Investimentos Imobiliários BC
2712356298,https://www.vivareal.com.br/imovel/apartamento-3-quartos-meia-praia-bairros-itapema-61m2-venda-RS920000-id-2712356298/,Meia Praia (beach band),3,61,920000.0,15081.967213114754,1.1688524590163931,,,0.1595238489308625,6.0,150861.95442499834,159329.29075984968,971580.0,98189.943171862,0.1010621288744745,9.894903374161672,269.0,Vilar Imobiliária
2628487193,https://www.vivareal.com.br/imovel/apartamento-4-quartos-meia-praia-bairros-itapema-com-garagem-102m2-venda-RS1265000-id-2628487193/,Meia Praia (beach band),4,102,1265000.0,12401.960784313726,1.0726263461051302,,,0.1595238489308625,8.0,205292.51054757493,210392.4092216885,1357672.5,135706.02114980028,0.0999549016053579,10.004511874247063,57.0,CONFIARI INVESTIMENTOS IMOBILIÁRIOS
2763593920,https://www.vivareal.com.br/imovel/apartamento-2-quartos-morretes-bairros-itapema-com-garagem-53m2-venda-RS572070-id-2763593920/,Morretes,2,53,572070.0,10793.77358490566,0.9175854528985934,,,0.3257284929846319,4.0,112459.3904432552,109124.43474810517,622226.355,62148.51780228004,0.0998808830626919,10.011925899497031,51.0,C.A NEGÓCIOS IMOBILIÁRIOS
2729537625,https://www.vivareal.com.br/imovel/apartamento-2-quartos-morretes-bairros-itapema-com-garagem-70m2-venda-RS450000-id-2729537625/,Morretes,2,70,450000.0,6428.571428571428,0.5464968835390137,320.0,,0.3257284929846319,6.0,115051.24138019844,93120.8647602792,523425.0,52040.91281201928,0.0994238196723872,10.057951940441573,51.0,Airton Investimentos Imobiliários BC
2575451379,https://www.vivareal.com.br/imovel/apartamento-2-quartos-morretes-bairros-itapema-com-garagem-42m2-venda-RS680000-id-2575451379/,Morretes,2,42,680000.0,16190.47619047619,1.3763625215056643,,,0.3257284929846319,4.0,110045.87618175868,120629.616159906,714420.0,70348.91393172069,0.0984699671505846,10.155380660082434,51.0,INEZ JESUS NUNES LIMA
2607855783,https://www.vivareal.com.br/imovel/apartamento-2-quartos-morretes-bairros-itapema-com-garagem-51m2-venda-RS580000-id-2607855783/,Morretes,2,51,580000.0,11372.549019607844,0.9667875151060548,,,0.3257284929846319,4.0,109855.16268836232,108564.1242147662,627570.0,61626.52037560887,0.0981986397941406,10.183440443740931,51.0,Duo Imóveis
2769186854,https://www.vivareal.com.br/imovel/apartamento-2-quartos-morretes-bairros-itapema-com-garagem-56m2-venda-RS459640-id-2769186854/,Morretes,2,56,459640.0,8207.857142857143,0.697755076527423,1.0,765.0,0.3257284929846319,4.0,98164.92389978,86547.07324370423,516038.46,50520.227598759295,0.0979001208529288,10.214491987218862,51.0,USUÁRIO NEWCORE
2676718894,https://www.vivareal.com.br/imovel/apartamento-3-quartos-morretes-bairros-itapema-com-garagem-69m2-venda-RS685000-id-2676718894/,Centro,3,69,685000.0,9927.536231884058,0.7315026697177728,350.0,490.0,0.1962021858673939,6.0,138495.19923273477,124139.5851686968,751702.5,73561.884190396,0.0978603692157416,10.218641192691743,45.0,Airton Investimentos Imobiliários BC
2729536463,https://www.vivareal.com.br/imovel/apartamento-2-quartos-morretes-bairros-itapema-com-garagem-70m2-venda-RS461000-id-2729536463/,Morretes,2,70,461000.0,6585.714285714285,0.5598556962477451,370.0,,0.3257284929846319,6.0,115051.24138019844,93911.31988801272,534166.5,51970.97691420609,0.0972935908826294,10.27816931134091,51.0,Airton Investimentos Imobiliários Itapema
2673147348,https://www.vivareal.com.br/imovel/apartamento-2-quartos-morretes-bairros-itapema-com-garagem-70m2-venda-RS700000-id-2673147348/,Morretes,2,70,700000.0,10000.0,0.8501062632829103,310.0,50.0,0.05,6.0,130968.16522512728,123731.81083946757,767550.0,74324.66967536995,0.0968336521078365,10.326988378857932,51.0,CADORE IMOVEIS LTDA - EPP
2732128414,https://www.vivareal.com.br/imovel/apartamento-2-quartos-morretes-bairros-itapema-com-garagem-59m2-venda-RS525000-id-2732128414/,Morretes,2,59,525000.0,8898.305084745763,0.7564504885144541,416.0,,0.3257284929846319,4.0,109855.16268836232,99630.80727430125,583462.5,55399.366823236895,0.0949493186335658,10.5319344508333,51.0,Reggiori Imóveis
2692570680,https://www.vivareal.com.br/imovel/apartamento-2-quartos-morretes-bairros-itapema-com-garagem-60m2-venda-RS530000-id-2692570680/,Morretes,2,60,530000.0,8833.333333333334,0.7509271992332375,350.0,,0.3257284929846319,4.0,109855.16268836232,99375.58857461548,589545.0,55940.69186348828,0.0948879082402332,10.538750601059116,51.0,Imobiliária Morada do Sol
2767583935,https://www.vivareal.com.br/imovel/apartamento-2-quartos-morretes-bairros-itapema-com-garagem-56m2-venda-RS600000-id-2767583935/,Morretes,2,56,600000.0,10714.285714285714,0.9108281392316896,300.0,100.0,0.3257284929846319,4.0,109855.16268836232,106322.02152075016,653100.0,61446.83822039603,0.0940848847349502,10.628699847134149,51.0,HRM Imóveis
2736636062,https://www.vivareal.com.br/imovel/apartamento-3-quartos-andorinha-bairros-itapema-com-garagem-70m2-venda-RS690000-id-2736636062/,Meia Praia (inland),3,70,690000.0,9857.142857142857,0.7786966521850243,,,0.4580544642579884,6.0,133096.5161284585,121939.83285217448,757785.0,71243.57718973995,0.0940155547942225,10.636537774932664,58.0,My Broker Florianópolis
2663299459,https://www.vivareal.com.br/imovel/apartamento-2-quartos-morretes-bairros-itapema-com-garagem-70m2-venda-RS450000-id-2663299459/,Morretes,2,70,450000.0,6428.571428571428,0.5464968835390137,,,0.3257284929846319,6.0,112386.99400293404,90964.46021626992,523425.0,48755.78917681186,0.09314761269869,10.73564819352652,51.0,Winner Brokers
2736865251,https://www.vivareal.com.br/imovel/apartamento-3-quartos-meia-praia-bairros-itapema-com-garagem-70m2-venda-RS899000-id-2736865251/,Meia Praia (beach band),3,70,899000.0,12842.857142857143,0.9953214285714286,450.0,500.0,0.1595238489308625,6.0,147325.27819684698,147083.66528509677,961873.5,88588.74279205965,0.0921002011096673,10.857739591787212,269.0,Crédito Real | Bombinhas
2750112194,https://www.vivareal.com.br/imovel/apartamento-2-quartos-morretes-bairros-itapema-com-garagem-52m2-venda-RS458000-id-2750112194/,Morretes,2,52,458000.0,8807.692307692309,0.7487474395837941,,,0.3257284929846319,4.0,98164.92389978,88710.23032598673,509637.0,46878.0052645853,0.0919831277253914,10.871558999226725,51.0,José Junior - Corretor de Imóveis
2677690820,https://www.vivareal.com.br/imovel/apartamento-2-quartos-morretes-bairros-itapema-com-garagem-60m2-venda-RS490000-id-2677690820/,Morretes,2,60,490000.0,8166.666666666667,0.6942534483477101,3.0,,0.3257284929846319,4.0,98164.92389978,86394.80926848015,550485.0,50092.06841858004,0.0909962458896791,10.989464347928893,51.0,Eraci Eponina Jaques de Oliveira
2754281487,https://www.vivareal.com.br/imovel/apartamento-3-quartos-meia-praia-bairros-itapema-com-garagem-67m2-venda-RS969000-id-2754281487/,Meia Praia (beach band),3,67,969000.0,14462.68656716418,1.120858208955224,418.0,1000.0,0.1595238489308625,6.0,147325.27819684698,153327.48311660884,1026628.5,93316.79705726932,0.0908963632485064,11.00154026257405,269.0,Leardi Sao Jose 288 - CRECI: 54756F
2757878336,https://www.vivareal.com.br/imovel/apartamento-3-quartos-meia-praia-bairros-itapema-com-garagem-67m2-venda-RS969000-id-2757878336/,Meia Praia (beach band),3,67,969000.0,14462.68656716418,1.120858208955224,418.0,1000.0,0.1595238489308625,6.0,147325.27819684698,153327.48311660884,1026628.5,93316.79705726932,0.0908963632485064,11.00154026257405,269.0,Paulo Roberto Leardi
2614369252,https://www.vivareal.com.br/imovel/apartamento-2-quartos-morretes-bairros-itapema-com-garagem-55m2-venda-RS460000-id-2614369252/,Morretes,2,55,460000.0,8363.636363636364,0.7109979656547977,350.0,,0.3257284929846319,4.0,98164.92389978,87118.47400622696,515190.0,46786.00020877748,0.0908130984855635,11.011627360770747,51.0,Eraci Eponina Jaques de Oliveira
2690265792,https://www.vivareal.com.br/imovel/apartamento-2-quartos-morretes-bairros-itapema-com-garagem-70m2-venda-RS520000-id-2690265792/,Morretes,2,70,520000.0,7428.571428571428,0.6315075098673048,300.0,1000.0,0.3257284929846319,6.0,112386.99400293404,95686.03023459124,591780.0,53682.0451914689,0.0907128412441598,11.023797582399956,51.0,Nei Costa
2694368874,https://www.vivareal.com.br/imovel/apartamento-2-quartos-morretes-bairros-itapema-com-garagem-70m2-venda-RS520001-id-2694368874/,Morretes,2,70,520001.0,7428.585714285714,0.6315087243048237,300.0,1000.0,0.3257284929846319,6.0,112386.99400293404,95686.09463860978,591780.9765,53682.08741468373,0.0907127629079569,11.02380710214576,51.0,Nei Costa
2688011117,https://www.vivareal.com.br/imovel/apartamento-2-quartos-morretes-bairros-itapema-com-garagem-59m2-venda-RS450000-id-2688011117/,Morretes,2,59,450000.0,7627.118644067797,0.6483861330123891,250.0,390.0,0.3257284929846319,4.0,98164.92389978,84352.53438391032,510225.0,45866.24851092416,0.0898941614207931,11.124192986450105,51.0,Airton Investimentos Imobiliários BC
2736813751,https://www.vivareal.com.br/imovel/apartamento-2-quartos-morretes-bairros-itapema-com-garagem-57m2-venda-RS420000-id-2736813751/,Morretes,2,57,420000.0,7368.421052631579,0.626394088734776,,,0.3257284929846319,4.0,98164.92389978,83339.90709228188,478530.0,42935.146677621415,0.0897229989292655,11.14541435232638,51.0,Winner Brokers
2660284690,https://www.vivareal.com.br/imovel/apartamento-2-quartos-morretes-bairros-itapema-com-garagem-74m2-venda-RS450000-id-2660284690/,Morretes,2,74,450000.0,6081.081081081081,0.5169565114558238,,,0.3257284929846319,6.0,112386.99400293404,89212.34574798758,528225.0,47354.097602185975,0.0896475888157243,11.15478969607935,51.0,Reggiori Imóveis
2769185218,https://www.vivareal.com.br/imovel/apartamento-2-quartos-morretes-bairros-itapema-com-garagem-72m2-venda-RS589280-id-2769185218/,Morretes,2,72,589280.0,8184.444444444444,0.6957647483713241,1.0,1003.0,0.3257284929846319,6.0,112386.99400293404,98986.94083712726,661831.9199999999,59266.46967349772,0.0895491255143718,11.167054890329537,51.0,USUÁRIO NEWCORE
2663775496,https://www.vivareal.com.br/imovel/apartamento-2-quartos-morretes-bairros-itapema-com-garagem-62m2-venda-RS550000-id-2663775496/,Morretes,2,62,550000.0,8870.967741935483,0.7541265238800009,,,0.3257284929846319,4.0,109855.16268836232,99523.57022755916,611475.0,54673.07718584323,0.0894117947354237,11.184206770024868,51.0,CONFIARI INVESTIMENTOS IMOBILIÁRIOS
2754168743,https://www.vivareal.com.br/imovel/apartamento-2-quartos-morretes-bairros-itapema-com-garagem-69m2-venda-RS594000-id-2754168743/,Morretes,2,69,594000.0,8608.695652173914,0.7318306092609402,1.0,,0.3257284929846319,5.0,110328.32469318224,98907.84125614006,662841.0,59159.29400870796,0.0892511084991845,11.204342633000875,51.0,Imóveis Crédito Real
2511794796,https://www.vivareal.com.br/imovel/apartamento-2-quartos-morretes-bairros-itapema-com-garagem-40m2-venda-RS750000-id-2511794796/,Morretes,2,40,750000.0,18750.0,1.5939492436554568,,,0.3257284929846319,4.0,109855.16268836232,120420.560661389,780375.0,69530.66953290711,0.0890990479358092,11.223464483261854,51.0,CONFIARI INVESTIMENTOS IMOBILIÁRIOS
2763091314,https://www.vivareal.com.br/imovel/apartamento-2-quartos-morretes-bairros-itapema-com-garagem-40m2-venda-RS750000-id-2763091314/,Morretes,2,40,750000.0,18750.0,1.5939492436554568,,,0.3257284929846319,4.0,109855.16268836232,120420.560661389,780375.0,69530.66953290711,0.0890990479358092,11.223464483261854,51.0,SOLLO48 LITORAL
2757201120,https://www.vivareal.com.br/imovel/apartamento-2-quartos-morretes-bairros-itapema-com-garagem-40m2-venda-RS750000-id-2757201120/,Morretes,2,40,750000.0,18750.0,1.5939492436554568,,,0.3257284929846319,4.0,109855.16268836232,120420.560661389,780375.0,69530.66953290711,0.0890990479358092,11.223464483261854,51.0,Café Inteligência Imobiliária
2770364939,https://www.vivareal.com.br/imovel/apartamento-2-quartos-morretes-bairros-itapema-com-garagem-60m2-venda-RS580000-id-2770364939/,Morretes,2,60,580000.0,9666.666666666666,0.8217693878401465,,,0.3257284929846319,4.0,109855.16268836232,102561.1678056811,638370.0,56824.1552483408,0.0890144512560753,11.23413092918156,51.0,CONFIARI INVESTIMENTOS IMOBILIÁRIOS
2747201653,https://www.vivareal.com.br/imovel/apartamento-2-quartos-morretes-bairros-itapema-com-garagem-41m2-venda-RS750000-id-2747201653/,Morretes,2,41,750000.0,18292.682926829268,1.555072432834592,,,0.3257284929846319,4.0,109855.16268836232,120420.560661389,781575.0,69530.66953290711,0.0889622487066591,11.240723054307717,51.0,Korte Imóveis
2747718200,https://www.vivareal.com.br/imovel/apartamento-4-quartos-meia-praia-bairros-itapema-com-garagem-120m2-venda-RS1450000-id-2747718200/,Meia Praia (beach band),4,120,1450000.0,12083.333333333334,1.045068752232864,,,0.1595238489308625,8.0,213028.1509454837,216340.43550145443,1559925.0,138743.94217361303,0.0889427005616379,11.243193580646825,57.0,REDE MOI
2633492775,https://www.vivareal.com.br/imovel/apartamento-4-quartos-meia-praia-bairros-itapema-com-garagem-120m2-venda-RS1454000-id-2633492775/,Meia Praia (beach band),4,120,1454000.0,12116.666666666666,1.0479517005148855,,,0.1595238489308625,8.0,213028.1509454837,216549.1289334562,1563831.0,138873.69691921445,0.0888035196381287,11.26081493250454,57.0,Duo Imóveis
2754748009,https://www.vivareal.com.br/imovel/apartamento-4-quartos-meia-praia-bairros-itapema-com-garagem-142m2-venda-RS841416-id-2754748009/,Meia Praia (beach band),4,142,841416.0,5925.4647887323945,0.5124842559856828,,,0.1595238489308625,8.0,184253.9736364735,145815.95530711132,992042.724,87984.18921813855,0.0886899193851035,11.275238572017024,57.0,Ismael Fernandes
2740358908,https://www.vivareal.com.br/imovel/apartamento-2-quartos-morretes-bairros-itapema-com-garagem-68m2-venda-RS550000-id-2740358908/,Morretes,2,68,550000.0,8088.235294117647,0.6875859482435304,415.0,600.0,0.3257284929846319,5.0,112748.0335849013,98894.79251245102,618675.0,54590.055013756726,0.0882370469370133,11.333108197896,51.0,PB IMÓVEIS
2567541742,https://www.vivareal.com.br/imovel/apartamento-4-quartos-meia-praia-bairros-itapema-com-garagem-123m2-venda-RS1450000-id-2567541742/,Meia Praia (beach band),4,123,1450000.0,11788.61788617886,1.0195792704710864,,,0.1595238489308625,8.0,213028.1509454837,214478.78795711463,1563525.0,137254.6241381412,0.0877853722442181,11.391419486358258,57.0,J.V Imóveis
2752523301,https://www.vivareal.com.br/imovel/apartamento-2-quartos-morretes-bairros-itapema-com-garagem-60m2-venda-RS450000-id-2752523301/,Morretes,2,60,450000.0,7500.0,0.6375796974621827,300.0,1000.0,0.3257284929846319,4.0,98164.92389978,83857.78792249913,511425.0,44870.45134179522,0.0877361320658849,11.39781269647328,51.0,Nei Costa
2702443816,https://www.vivareal.com.br/imovel/apartamento-2-quartos-morretes-bairros-itapema-com-garagem-63m2-venda-RS410000-id-2702443816/,Morretes,2,63,410000.0,6507.936507936508,0.5532437586444336,320.0,480.0,0.3257284929846319,4.0,98164.92389978,79795.26426483938,475965.0,41752.43241566741,0.0877216442714641,11.399695118634485,51.0,Airton Investimentos Imobiliários BC
2760266628,https://www.vivareal.com.br/imovel/apartamento-2-quartos-morretes-bairros-itapema-com-garagem-68m2-venda-RS600000-id-2760266628/,Morretes,2,68,600000.0,8823.529411764706,0.7500937617202149,250.0,560.0,0.3257284929846319,5.0,112748.0335849013,101952.86158275417,667500.0,58551.51026999923,0.0877176183820213,11.40021831925342,51.0,Galaxy Investimentos Imobiliários
2740881426,https://www.vivareal.com.br/imovel/apartamento-2-quartos-meia-praia-bairros-itapema-com-garagem-61m2-venda-RS625652-id-2740881426/,Morretes,2,61,625652.0,10256.590163934428,0.8719191538286549,,1.0,0.3257284929846319,4.0,112264.494242136,107006.2391348373,684149.178,59955.64871166576,0.087635344219716,11.410921117544056,51.0,Crédito Real | Continente
2699297477,https://www.vivareal.com.br/imovel/apartamento-2-quartos-morretes-bairros-itapema-com-garagem-60m2-venda-RS600000-id-2699297477/,Morretes,2,60,600000.0,10000.0,0.8501062632829103,,,0.3257284929846319,4.0,109855.16268836232,103785.36025247409,657900.0,57617.509205775175,0.0875779133694713,11.418404041909827,51.0,Cristiano D. N. F. Ferreira
2769850382,https://www.vivareal.com.br/imovel/apartamento-2-quartos-morretes-bairros-itapema-com-garagem-69m2-venda-RS579760-id-2769850382/,Morretes,2,69,579760.0,8402.31884057971,0.7142863872476812,300.0,850.0,0.3257284929846319,5.0,112748.0335849013,100222.2865598383,648935.6399999999,56755.28225166656,0.0874590309936846,11.433924989086714,51.0,USUÁRIO NEWCORE
2698417242,https://www.vivareal.com.br/imovel/apartamento-2-quartos-morretes-bairros-itapema-com-garagem-56m2-venda-RS700000-id-2698417242/,Morretes,2,56,700000.0,12500.0,1.0626328291036378,,100.0,0.3257284929846319,4.0,112459.3904432552,114876.1455776387,750750.0,65560.13746590687,0.0873261904307783,11.451318270807644,51.0,Auxiliadora Predial - Novo Hamburgo
2727636498,https://www.vivareal.com.br/imovel/apartamento-2-quartos-meia-praia-bairros-itapema-com-garagem-70m2-venda-RS749000-id-2727636498/,Meia Praia (inland),2,70,749000.0,10700.0,0.9324492557510148,496.0,680.0,0.14,4.0,125796.8549823111,122754.8347155486,815398.5,70794.87868043926,0.086822429377095,11.517761103605023,55.0,Airton Investimentos Imobiliários Itapema
2769753968,https://www.vivareal.com.br/imovel/apartamento-2-quartos-morretes-bairros-itapema-com-garagem-72m2-venda-RS589850-id-2769753968/,Morretes,2,72,589850.0,8192.361111111111,0.6964377491630898,300.0,900.0,0.3257284929846319,6.0,114851.85340743182,101192.14784695324,662388.525,57437.3342813585,0.0867124536635934,11.532368855338412,51.0,USUÁRIO NEWCORE
2560060358,https://www.vivareal.com.br/imovel/apartamento-2-quartos-morretes-bairros-itapema-com-garagem-57m2-venda-RS709000-id-2560060358/,Morretes,2,57,709000.0,12438.59649122807,1.0574128783641814,,,0.3257284929846319,4.0,112459.3904432552,114678.32305022808,760738.5,65318.17944397838,0.0858615403900004,11.64665804337772,51.0,Leonardo Batista
2760744013,https://www.vivareal.com.br/imovel/apartamento-2-quartos-meia-praia-bairros-itapema-com-garagem-67m2-venda-RS649220-id-2760744013/,Meia Praia (beach band),2,67,649220.0,9689.850746268658,0.7494462115651253,1.0,1.0,0.1595238489308625,4.0,115071.65204316116,104022.55391177318,714363.33,61310.56727917302,0.0858254682238141,11.651553096013624,132.0,USUÁRIO NEWCORE
2717140156,https://www.vivareal.com.br/imovel/apartamento-2-quartos-morretes-bairros-itapema-com-garagem-70m2-venda-RS550000-id-2717140156/,Morretes,2,70,550000.0,7857.142857142857,0.6679406354365723,,,0.3257284929846319,6.0,112386.99400293404,97583.03207078043,621075.0,53120.64666042027,0.0855301640871396,11.691781614977169,51.0,J.V Imóveis
2674728179,https://www.vivareal.com.br/imovel/apartamento-2-quartos-morretes-bairros-itapema-com-garagem-62m2-venda-RS648000-id-2674728179/,Morretes,2,62,648000.0,10451.612903225809,0.8884981590440741,,,0.3257284929846319,4.0,112459.3904432552,107901.01040146792,707172.0,60463.62932497024,0.0855005986167017,11.695824546012696,51.0,INEZ JESUS NUNES LIMA
2736688518,https://www.vivareal.com.br/imovel/apartamento-2-quartos-morretes-bairros-itapema-com-garagem-68m2-venda-RS550000-id-2736688518/,Morretes,2,68,550000.0,8088.235294117647,0.6875859482435304,415.0,1.0,0.3257284929846319,5.0,110328.32469318224,96772.39089551376,618675.0,52892.13372020692,0.0854925990547652,11.69691892697536,51.0,PB IMÓVEIS EXCLUSIVOS
2704940062,https://www.vivareal.com.br/imovel/apartamento-3-quartos-meia-praia-bairros-itapema-com-garagem-70m2-venda-RS1050000-id-2704940062/,Meia Praia (beach band),3,70,1050000.0,15000.0,1.1625,350.0,,0.1595238489308625,6.0,147069.95814810562,155028.48586510887,1109325.0,94740.29925606934,0.0854035555460026,11.709114375938952,269.0,Scheeren & Silveira Imobiliaria LTDA
2670320093,https://www.vivareal.com.br/imovel/cobertura-4-quartos-meia-praia-bairros-itapema-com-garagem-214m2-venda-RS1599000-id-2670320093/,Meia Praia (beach band),4,214,1599000.0,7471.962616822429,0.6462384536849561,480.0,150.0,0.1595238489308625,12.0,278491.1944045466,239028.09299726333,1818223.5,155148.36817026016,0.0853296463115014,11.719256357273943,57.0,Mariana Naegeli Soares
2734697721,https://www.vivareal.com.br/imovel/apartamento-2-quartos-morretes-bairros-itapema-com-garagem-70m2-venda-RS600000-id-2734697721/,Morretes,2,70,600000.0,8571.42857142857,0.7286625113853515,,,0.3257284929846319,6.0,115051.24138019844,102985.37581938866,669900.0,56977.52165930684,0.0850537716962335,11.75726813822512,51.0,Scheeren & Silveira Imobiliaria LTDA
2744978796,https://www.vivareal.com.br/imovel/apartamento-2-quartos-morretes-bairros-itapema-com-garagem-70m2-venda-RS585000-id-2744978796/,Morretes,2,70,585000.0,8357.142857142857,0.7104459486007179,350.0,900.0,0.3257284929846319,6.0,112386.99400293404,99713.0315174916,655252.5,55699.14621778918,0.0850040957001906,11.764139030747398,51.0,PB IMÓVEIS
2561569266,https://www.vivareal.com.br/imovel/apartamento-2-quartos-morretes-bairros-itapema-com-garagem-74m2-venda-RS580000-id-2561569266/,Morretes,2,74,580000.0,7837.837837837837,0.6662995036541728,350.0,1000.0,0.3257284929846319,6.0,114851.85340743182,99637.38694801656,655170.0,55685.13056220915,0.0849934071496087,11.765618458379492,51.0,Nei Costa
2769839364,https://www.vivareal.com.br/imovel/apartamento-2-quartos-morretes-bairros-itapema-com-garagem-60m2-venda-RS794700-id-2769839364/,Morretes,2,60,794700.0,13245.0,1.1259657457182146,1.0,1230.0,0.3257284929846319,4.0,112459.3904432552,117227.5092842763,848024.55,71948.51843121694,0.0848424947499656,11.786546387480024,51.0,USUÁRIO NEWCORE
2759437914,https://www.vivareal.com.br/imovel/apartamento-2-quartos-morretes-bairros-itapema-com-garagem-68m2-venda-RS550000-id-2759437914/,Morretes,2,68,550000.0,8088.235294117647,0.6875859482435304,,,0.3257284929846319,5.0,110328.32469318224,96772.39089551376,618675.0,52472.13372020692,0.0848137288886845,11.790543973281371,51.0,CONFIARI INVESTIMENTOS IMOBILIÁRIOS
2759017321,https://www.vivareal.com.br/imovel/apartamento-2-quartos-morretes-bairros-itapema-com-garagem-58m2-venda-RS715000-id-2759017321/,Morretes,2,58,715000.0,12327.586206896553,1.0479758245642774,,,0.3257284929846319,4.0,112459.3904432552,114319.06602456426,767797.5,64974.97382344732,0.0846251437696102,11.81681891994741,51.0,José Junior - Corretor de Imóveis
2643109501,https://www.vivareal.com.br/imovel/apartamento-2-quartos-morretes-bairros-itapema-com-garagem-50m2-venda-RS580000-id-2643109501/,Morretes,2,50,580000.0,11600.0,0.986123265408176,,,0.3257284929846319,4.0,98164.92389978,97685.984111093,626370.0,52924.00829267031,0.0844932041647433,11.835271367508058,51.0,Egon Pusch
2769968613,https://www.vivareal.com.br/imovel/apartamento-2-quartos-morretes-bairros-itapema-com-garagem-55m2-venda-RS475000-id-2769968613/,Morretes,2,55,475000.0,8636.363636363636,0.7341826819261498,,,0.3257284929846319,4.0,96058.18614424871,86211.62462125963,529837.5,44721.020700803616,0.0844051632827114,11.847616438470045,51.0,Ruviaro Imóveis
2767584326,https://www.vivareal.com.br/imovel/apartamento-2-quartos-morretes-bairros-itapema-com-garagem-62m2-venda-RS622100-id-2767584326/,Morretes,2,62,622100.0,10033.870967741936,0.8529856554649975,,100.0,0.3257284929846319,4.0,109855.16268836232,103908.2609361602,681880.65,57510.29975272407,0.0843407123412639,11.856670073567155,51.0,HRM Imóveis
2764631729,https://www.vivareal.com.br/imovel/apartamento-2-quartos-morretes-bairros-itapema-com-garagem-60m2-venda-RS680000-id-2764631729/,Morretes,2,60,680000.0,11333.333333333334,0.963453765053965,330.0,600.0,0.3257284929846319,4.0,109855.16268836232,108432.95142937492,736020.0,62031.58214729585,0.0842797507503815,11.865246291031212,51.0,Imobille Negócios Imobiliários
2678339346,https://www.vivareal.com.br/imovel/apartamento-2-quartos-morretes-bairros-itapema-com-garagem-75m2-venda-RS580000-id-2678339346/,Morretes,2,75,580000.0,7733.333333333333,0.6574155102721172,350.0,1000.0,0.3257284929846319,6.0,114851.85340743182,99170.3826785528,656370.0,55311.52714663815,0.0842688226863478,11.866784987871997,51.0,Nei Costa
2732136113,https://www.vivareal.com.br/imovel/apartamento-2-quartos-morretes-bairros-itapema-com-garagem-70m2-venda-RS650000-id-2732136113/,Morretes,2,70,650000.0,9285.714285714286,0.789384387334131,300.0,450.0,0.3257284929846319,6.0,114851.85340743182,105727.75104663898,718725.0,60506.42184110709,0.0841857759798352,11.87849121019597,51.0,Winner Brokers
2560060559,https://www.vivareal.com.br/imovel/apartamento-2-quartos-morretes-bairros-itapema-com-garagem-62m2-venda-RS669000-id-2560060559/,Morretes,2,62,669000.0,10790.32258064516,0.9172920808649464,,,0.3257284929846319,4.0,112459.3904432552,109112.22216938811,727678.5,61237.29873930642,0.0841543329084292,11.88292943974886,51.0,Leonardo Batista
2692570767,https://www.vivareal.com.br/imovel/apartamento-2-quartos-morretes-bairros-itapema-com-garagem-64m2-venda-RS600000-id-2692570767/,Morretes,2,64,600000.0,9375.0,0.7969746218277284,,,0.3257284929846319,4.0,109855.16268836232,101467.28592340814,662700.0,55763.04974252242,0.0841452387845517,11.88421370531057,51.0,Imobiliária Morada do Sol
2754164490,https://www.vivareal.com.br/imovel/apartamento-2-quartos-meia-praia-bairros-itapema-com-garagem-62m2-venda-RS625652-id-2754164490/,Morretes,2,62,625652.0,10091.16129032258,0.8578559416701279,,1.0,0.3257284929846319,4.0,109855.16268836232,104115.52631046542,685349.178,57643.07845216824,0.084107605732283,11.889531170142083,51.0,Imóveis Crédito Real
2692570985,https://www.vivareal.com.br/imovel/apartamento-2-quartos-morretes-bairros-itapema-com-garagem-63m2-venda-RS655500-id-2692570985/,Morretes,2,63,655500.0,10404.761904761905,0.8845153263205519,300.0,,0.3257284929846319,4.0,109855.16268836232,105236.73086690735,715695.75,60062.455697321806,0.0839217722018355,11.915858945339677,51.0,Imobiliária Morada do Sol
2741063829,https://www.vivareal.com.br/imovel/apartamento-2-quartos-morretes-bairros-itapema-com-garagem-61m2-venda-RS730000-id-2741063829/,Morretes,2,61,730000.0,11967.2131147541,1.017340282289385,300.0,1500.0,0.3257284929846319,4.0,112459.3904432552,113138.10741858222,786045.0,65690.7069386617,0.0835711784168358,11.965847783217871,51.0,Michel Buenavides
2692570990,https://www.vivareal.com.br/imovel/apartamento-2-quartos-morretes-bairros-itapema-com-garagem-66m2-venda-RS585000-id-2692570990/,Morretes,2,66,585000.0,8863.636363636364,0.7535032788189432,,,0.3257284929846319,4.0,109855.16268836232,99494.7746822097,650452.5,54324.54074956367,0.08351807510858,11.973456029726757,51.0,Imobiliária Morada do Sol
2644817470,https://www.vivareal.com.br/imovel/apartamento-2-quartos-meia-praia-bairros-itapema-com-garagem-70m2-venda-RS670000-id-2644817470/,Meia Praia (beach band),2,70,670000.0,9571.42857142857,0.7402870353690025,,,0.1595238489308625,5.0,123588.1979949801,111241.55478963903,738255.0,61504.5139814657,0.08331066363447,12.003265324923502,132.0,Otto House
2592527426,https://www.vivareal.com.br/imovel/apartamento-2-quartos-morretes-bairros-itapema-com-garagem-66m2-venda-RS630000-id-2592527426/,Morretes,2,66,630000.0,9545.454545454546,0.8114650694973234,300.0,900.0,0.3257284929846319,4.0,109855.16268836232,102109.20902992426,694395.0,57797.58822773532,0.0832344533410167,12.014255634057424,51.0,Airton Investimentos Imobiliários Itapema
2656027791,https://www.vivareal.com.br/imovel/apartamento-2-quartos-meia-praia-bairros-itapema-com-garagem-65m2-venda-RS650000-id-2656027791/,Meia Praia (beach band),2,65,650000.0,10000.0,0.7734342160571669,400.0,,0.1595238489308625,4.0,117565.41205994706,107455.2784050408,712725.0,59261.49287378712,0.083147767896155,12.02678105861988,132.0,Scheeren & Silveira Imobiliaria LTDA
2692571253,https://www.vivareal.com.br/imovel/apartamento-2-quartos-meia-praia-bairros-itapema-com-garagem-70m2-venda-RS630000-id-2692571253/,Meia Praia (beach band),2,70,630000.0,9000.0,0.6960907944514502,,,0.1595238489308625,5.0,120966.68456423274,106561.13543888138,699195.0,58132.178500859576,0.0831415821063645,12.027675859243107,132.0,Imobiliária Morada do Sol
2769652014,https://www.vivareal.com.br/imovel/apartamento-2-quartos-morretes-bairros-itapema-com-garagem-69m2-venda-RS590000-id-2769652014/,Morretes,2,69,590000.0,8550.72463768116,0.7269024570100248,500.0,,0.3257284929846319,5.0,112748.0335849013,100838.32522190828,658935.0,54752.88118132253,0.0830929927554653,12.03470914741155,51.0,Citimob consultoria imobiliária
2766853228,https://www.vivareal.com.br/imovel/apartamento-2-quartos-morretes-bairros-itapema-com-garagem-70m2-venda-RS632800-id-2766853228/,Morretes,2,70,632800.0,9040.0,0.7684960620077509,,,0.3257284929846319,6.0,115051.24138019844,104921.83687649104,701929.2000000001,58221.650504988735,0.0829451894934542,12.05615426412302,51.0,LANA NEGOCIOS IMOBILIARIOS LTDA
2723560696,https://www.vivareal.com.br/imovel/apartamento-2-quartos-morretes-bairros-itapema-com-garagem-70m2-venda-RS630000-id-2723560696/,Morretes,2,70,630000.0,9000.0,0.7650956369546192,,,0.3257284929846319,6.0,114851.85340743182,104577.56172590746,699195.0,57972.27038452188,0.0829128789315167,12.06085246208814,51.0,Ocean Imóveis
2748077316,https://www.vivareal.com.br/imovel/apartamento-2-quartos-morretes-bairros-itapema-com-garagem-60m2-venda-RS525500-id-2748077316/,Morretes,2,60,525500.0,8758.333333333334,0.7445514022586156,250.0,750.0,0.3257284929846319,4.0,98164.92389978,88535.91384176325,585150.75,48510.802077206514,0.0829030845080631,12.06227736801205,51.0,WA 10 Imóveis
2617107696,https://www.vivareal.com.br/imovel/apartamento-2-quartos-morretes-bairros-itapema-com-garagem-64m2-venda-RS620000-id-2617107696/,Morretes,2,64,620000.0,9687.5,0.8235404425553193,,,0.3257284929846319,4.0,109855.16268836232,102638.47663226273,682230.0,56514.00230960609,0.0828371697369011,12.071875501976905,51.0,CONFIARI INVESTIMENTOS IMOBILIÁRIOS
2747202005,https://www.vivareal.com.br/imovel/apartamento-3-quartos-meia-praia-bairros-itapema-com-garagem-102m2-venda-RS980000-id-2747202005/,Meia Praia (inland),3,102,980000.0,9607.843137254902,0.75900242028833,445.0,632.0,0.13,6.0,162848.6728958577,147866.342270676,1079370.0,89347.78472454117,0.0827777173022607,12.080545738517111,58.0,Airton Investimentos Imobiliários BC
2767582452,https://www.vivareal.com.br/imovel/apartamento-2-quartos-morretes-bairros-itapema-com-garagem-58m2-venda-RS700000-id-2767582452/,Morretes,2,58,700000.0,12068.96551724138,1.0259903177552363,,100.0,0.3257284929846319,4.0,109855.16268836232,110846.14999346514,753150.0,62336.140998568015,0.0827672322891429,12.082076110827929,51.0,HRM Imóveis
2763599446,https://www.vivareal.com.br/imovel/apartamento-4-quartos-meia-praia-bairros-itapema-com-garagem-140m2-venda-RS1350000-id-2763599446/,Meia Praia (beach band),4,140,1350000.0,9642.857142857143,0.8339957530134186,400.0,2000.0,0.1595238489308625,8.0,207509.8814254728,194735.9465646495,1486275.0,122990.35102416908,0.0827507365892375,12.08448457641957,57.0,Michel Buenavides
2751486529,https://www.vivareal.com.br/imovel/apartamento-2-quartos-meia-praia-bairros-itapema-com-garagem-65m2-venda-RS695000-id-2751486529/,Meia Praia (beach band),2,65,695000.0,10692.307692307691,0.8269796617842015,,,0.1595238489308625,4.0,120596.67425948977,112838.81622424885,756667.5,62549.82312915355,0.0826648734472586,12.09703660452604,132.0,Imobiliária Séculus
2747191597,https://www.vivareal.com.br/imovel/apartamento-3-quartos-meia-praia-bairros-itapema-com-garagem-102m2-venda-RS985000-id-2747191597/,Meia Praia (inland),3,102,985000.0,9656.862745098038,0.7628748816163315,445.0,638.0,0.13,6.0,162848.6728958577,148129.95270181927,1084252.5,89512.1730694558,0.0825565752160643,12.11290557272795,58.0,Airton Investimentos Imobiliários Itapema
2569455788,https://www.vivareal.com.br/imovel/apartamento-2-quartos-morretes-bairros-itapema-com-garagem-66m2-venda-RS600000-id-2569455788/,Morretes,2,66,600000.0,9090.90909090909,0.7728238757117365,,,0.3257284929846319,4.0,109855.16268836232,100380.338842956,665100.0,54893.4920781607,0.0825341934719,12.116190368304316,51.0,Reggiori Imóveis
2718881042,https://www.vivareal.com.br/imovel/apartamento-3-quartos-meia-praia-bairros-itapema-105m2-venda-RS690000-id-2718881042/,Meia Praia (beach band),3,105,690000.0,6571.428571428572,0.5092857142857142,470.0,800.0,0.1595238489308625,6.0,147661.91877329318,116601.73978417786,799785.0,65906.90239132453,0.0824057745410635,12.135071911758931,269.0,Airton Investimentos Imobiliários Itapema
2747920423,https://www.vivareal.com.br/imovel/apartamento-2-quartos-morretes-bairros-itapema-com-garagem-60m2-venda-RS682000-id-2747920423/,Morretes,2,60,682000.0,11366.666666666666,0.9662874525982412,,,0.3257284929846319,4.0,109855.16268836232,108544.46705987264,737973.0,60662.194651694015,0.0822011030914329,12.165286868324534,51.0,CONFIARI INVESTIMENTOS IMOBILIÁRIOS
2763256041,https://www.vivareal.com.br/imovel/apartamento-4-quartos-meia-praia-bairros-itapema-com-garagem-140m2-venda-RS1350000-id-2763256041/,Meia Praia (beach band),4,140,1350000.0,9642.857142857143,0.8339957530134186,500.0,2000.0,0.1595238489308625,8.0,207509.8814254728,194735.9465646495,1486275.0,121790.35102416908,0.0819433489927295,12.203552970342054,57.0,Nossa Casa Imóveis
2728011539,https://www.vivareal.com.br/imovel/apartamento-2-quartos-morretes-bairros-itapema-com-garagem-60m2-venda-RS525000-id-2728011539/,Morretes,2,60,525000.0,8750.0,0.7438429803725465,300.0,500.0,0.3257284929846319,4.0,98164.92389978,88506.42082832177,584662.5,47891.85766645333,0.0819136812544901,12.20797288908542,51.0,Nei Costa
2598311479,https://www.vivareal.com.br/imovel/apartamento-2-quartos-morretes-bairros-itapema-com-garagem-70m2-venda-RS650000-id-2598311479/,Morretes,2,70,650000.0,9285.714285714286,0.789384387334131,,,0.3257284929846319,6.0,115051.24138019844,105911.29916816192,718725.0,58853.26033832545,0.0818856451888072,12.212152663562186,51.0,Eraci Eponina Jaques de Oliveira
2560060056,https://www.vivareal.com.br/imovel/apartamento-2-quartos-morretes-bairros-itapema-com-garagem-62m2-venda-RS705000-id-2560060056/,Morretes,2,62,705000.0,11370.967741935485,0.9666530897007288,,,0.3257284929846319,4.0,112264.494242136,110939.74144264184,762832.5,62364.51415790937,0.0817538767133143,12.231835849285677,51.0,Leonardo Batista
2740369413,https://www.vivareal.com.br/imovel/apartamento-2-quartos-morretes-bairros-itapema-com-garagem-53m2-venda-RS576431-id-2740369413/,Morretes,2,53,576431.0,10876.056603773584,0.924580383868738,,,0.3257284929846319,4.0,98164.92389978,95507.38858853864,626484.8715,51214.32357462682,0.0817486996166464,12.232610484196266,51.0,PB IMÓVEIS EXCLUSIVOS
2560060466,https://www.vivareal.com.br/imovel/apartamento-2-quartos-morretes-bairros-itapema-com-garagem-67m2-venda-RS652870-id-2560060466/,Morretes,2,67,652870.0,9744.328358208955,0.828371456879871,,,0.3257284929846319,5.0,112748.0335849013,105557.17779455836,717927.555,58543.27223944258,0.0815448185986433,12.26319485633924,51.0,Leonardo Batista
2769473020,https://www.vivareal.com.br/imovel/apartamento-2-quartos-morretes-bairros-itapema-com-garagem-68m2-venda-RS653410-id-2769473020/,Morretes,2,68,653410.0,9608.970588235294,0.8168646080760094,415.0,900.0,0.3257284929846319,5.0,112748.0335849013,105041.64252983707,719654.865,58545.82202766556,0.0813526384312924,12.292164326600972,51.0,USUÁRIO NEWCORE
2722263935,https://www.vivareal.com.br/imovel/apartamento-2-quartos-morretes-bairros-itapema-com-garagem-56m2-venda-RS797000-id-2722263935/,Morretes,2,56,797000.0,14232.142857142857,1.2098833782794276,,,0.3257284929846319,4.0,112264.494242136,120005.9150463054,845470.5,68761.85304084023,0.0813296892568578,12.295632863440192,51.0,Airton Investimentos Imobiliários Itapema
2646971218,https://www.vivareal.com.br/imovel/apartamento-2-quartos-morretes-bairros-itapema-com-garagem-70m2-venda-RS660000-id-2646971218/,Morretes,2,70,660000.0,9428.57142857143,0.8015287625238868,,,0.3257284929846319,6.0,115051.24138019844,106478.76320554705,728490.0,59214.23156823353,0.0812835201145294,12.30261679847266,51.0,Scheeren & Silveira Imobiliaria LTDA
2768649424,https://www.vivareal.com.br/imovel/apartamento-2-quartos-morretes-bairros-itapema-com-garagem-63m2-venda-RS700000-id-2768649424/,Morretes,2,63,700000.0,11111.111111111111,0.9445625147587892,,,0.3257284929846319,4.0,112264.494242136,110045.72385440356,759150.0,61695.80008731876,0.0812695779323174,12.304727370835073,51.0,Duda Imóveis Florianópolis
2636803922,https://www.vivareal.com.br/imovel/apartamento-2-quartos-morretes-bairros-itapema-com-garagem-70m2-venda-RS615000-id-2636803922/,Morretes,2,70,615000.0,8785.714285714286,0.7468790741699854,,400.0,0.3257284929846319,6.0,112386.99400293404,101473.73767907698,684547.5,55628.71114705749,0.0812634786440057,12.30565091091832,51.0,Reggiori Imóveis
2770031829,https://www.vivareal.com.br/imovel/apartamento-2-quartos-morretes-bairros-itapema-com-garagem-67m2-venda-RS778510-id-2770031829/,Morretes,2,67,778510.0,11619.55223880597,0.9877854134751918,1.0,1326.0,0.3257284929846319,5.0,112943.76923202375,112458.9929699574,840615.015,68284.27237976182,0.0812313260663822,12.310521672178536,51.0,USUÁRIO NEWCORE
2736814324,https://www.vivareal.com.br/imovel/apartamento-2-quartos-morretes-bairros-itapema-com-garagem-70m2-venda-RS658000-id-2736814324/,Morretes,2,70,658000.0,9400.0,0.7990998874859356,,,0.3257284929846319,6.0,114851.85340743182,106181.3841283792,726537.0,58994.92830649927,0.081200170543963,12.315245070311576,51.0,Winner Brokers
2766854514,https://www.vivareal.com.br/imovel/apartamento-3-quartos-castelo-branco-bairros-itapema-com-garagem-70m2-venda-RS890000-id-2766854514/,Meia Praia (inland),3,70,890000.0,12714.285714285714,1.004405826731408,,,0.4580544642579884,6.0,131737.29256646676,131940.1464783291,953085.0,77383.82809066365,0.0811929975717419,12.316333057126048,58.0,LANA NEGOCIOS IMOBILIARIOS LTDA
2735275330,https://www.vivareal.com.br/imovel/apartamento-2-quartos-morretes-bairros-itapema-com-garagem-70m2-venda-RS680000-id-2735275330/,Morretes,2,70,680000.0,9714.285714285714,0.8258175129033984,380.0,,0.3257284929846319,6.0,114851.85340743182,107410.67330546948,748020.0,60613.7596481715,0.0810322713940422,12.340762301197485,51.0,Crédito Real | Itapema
2717011742,https://www.vivareal.com.br/imovel/apartamento-4-quartos-meia-praia-bairros-itapema-com-garagem-200m2-venda-RS1390000-id-2717011742/,Meia Praia (beach band),4,200,1390000.0,6950.0,0.6010947168015232,800.0,1500.0,0.1595238489308625,10.594009983361062,249992.6451767792,209197.86629186853,1597335.0,129387.8868059443,0.08100234879092,12.345321029901973,57.0,Sadi Junior Pereira Bitencourt
2764635216,https://www.vivareal.com.br/imovel/apartamento-2-quartos-meia-praia-bairros-itapema-com-garagem-40m2-venda-RS880000-id-2764635216/,Meia Praia (beach band),2,40,880000.0,22000.0,1.7015552753257672,500.0,1000.0,0.1595238489308625,4.0,118038.61607591176,129391.06346671088,907320.0,73471.12092312318,0.0809759742132028,12.34934200812559,132.0,Imobille Negócios Imobiliários
2753205894,https://www.vivareal.com.br/imovel/apartamento-2-quartos-morretes-bairros-itapema-com-garagem-70m2-venda-RS620000-id-2753205894/,Morretes,2,70,620000.0,8857.142857142857,0.7529512617648634,,,0.3257284929846319,6.0,112386.99400293404,101761.72453256922,689430.0,55812.60062985129,0.080954702623691,12.352586910835676,51.0,CONFIARI INVESTIMENTOS IMOBILIÁRIOS
2743466361,https://www.vivareal.com.br/imovel/apartamento-2-quartos-morretes-bairros-itapema-com-garagem-70m2-venda-RS550000-id-2743466361/,Morretes,2,70,550000.0,7857.142857142857,0.6679406354365723,1.0,1.0,0.3257284929846319,6.0,100427.33034695868,87198.73224631567,621075.0,50201.20680084845,0.0808295403950383,12.371714537936231,51.0,PB IMÓVEIS EXCLUSIVOS
2747202343,https://www.vivareal.com.br/imovel/apartamento-2-quartos-morretes-bairros-itapema-com-garagem-44m2-venda-RS680000-id-2747202343/,Morretes,2,44,680000.0,15454.545454545454,1.3138005887099522,,,0.3257284929846319,4.0,95891.71382484412,105114.167226958,716820.0,57936.55478536231,0.0808244116868423,12.372499584340227,51.0,Korte Imóveis
2754169610,https://www.vivareal.com.br/imovel/apartamento-2-quartos-meia-praia-bairros-itapema-com-garagem-70m2-venda-RS626113-id-2754169610/,Morretes,2,70,626113.0,8944.471428571429,0.7603751183183611,,1.0,0.3257284929846319,6.0,112386.99400293404,102111.77353558052,695399.3445,56035.78893226034,0.0805807330355634,12.409914409175954,51.0,Imóveis Crédito Real
2766854131,https://www.vivareal.com.br/imovel/apartamento-3-quartos-meia-praia-bairros-itapema-com-garagem-93m2-venda-RS849800-id-2766854131/,Meia Praia (beach band),3,93,849800.0,9137.63440860215,0.7081666666666666,,,0.1595238489308625,6.0,147325.27819684698,130564.3731796186,941429.7,75830.8691076771,0.0805486263155678,12.414861006844108,269.0,LANA NEGOCIOS IMOBILIARIOS LTDA
2600013655,https://www.vivareal.com.br/imovel/apartamento-2-quartos-morretes-bairros-itapema-com-garagem-67m2-venda-RS670000-id-2600013655/,Morretes,2,67,670000.0,10000.0,0.8501062632829103,,,0.3257284929846319,5.0,112748.0335849013,106518.39200823156,734655.0,59152.93461038115,0.080517977295984,12.419586700793548,51.0,Leonardo Batista
2767584414,https://www.vivareal.com.br/imovel/apartamento-2-quartos-morretes-bairros-itapema-com-garagem-69m2-venda-RS604600-id-2767584414/,Morretes,2,69,604600.0,8762.31884057971,0.744890212725866,,100.0,0.3257284929846319,5.0,110328.32469318224,99522.0509523724,673191.9,54164.08176569382,0.0804586058829493,12.428751269376876,51.0,HRM Imóveis
2758127321,https://www.vivareal.com.br/imovel/apartamento-2-quartos-morretes-bairros-itapema-com-garagem-67m2-venda-RS790000-id-2758127321/,Morretes,2,67,790000.0,11791.044776119405,1.0023641014828346,12.0,12.0,0.3257284929846319,5.0,112943.76923202375,113037.15120800272,851835.0,68507.94197019808,0.0804239576563513,12.43410582046911,51.0,KAIZEN BRASIL IMÓVEIS
2769758644,https://www.vivareal.com.br/imovel/apartamento-2-quartos-morretes-bairros-itapema-com-garagem-66m2-venda-RS798870-id-2769758644/,Morretes,2,66,798870.0,12104.09090909091,1.0289763493163917,1.0,1195.0,0.3257284929846319,4.0,112459.3904432552,113589.34955737337,859296.555,68999.20964969459,0.0802973190666342,12.45371591011845,51.0,USUÁRIO NEWCORE
2650176662,https://www.vivareal.com.br/imovel/apartamento-2-quartos-morretes-bairros-itapema-com-garagem-55m2-venda-RS790000-id-2650176662/,Morretes,2,55,790000.0,14363.636363636364,1.2210617236245438,,,0.3257284929846319,4.0,110045.87618175868,118013.5674196642,837435.0,67233.07493952727,0.0802845294733648,12.455699828592254,51.0,INEZ JESUS NUNES LIMA
2740283388,https://www.vivareal.com.br/imovel/apartamento-2-quartos-andorinha-bairros-itapema-com-garagem-65m2-venda-RS750000-id-2740283388/,Meia Praia (inland),2,65,750000.0,11538.46153846154,1.0055168106588948,100.0,100.0,0.4580544642579884,4.0,109393.70669299604,109604.55564498364,810375.0,65017.3554239873,0.0802311959574114,12.463979728419142,55.0,My Broker Florianópolis
2646969738,https://www.vivareal.com.br/imovel/apartamento-2-quartos-morretes-bairros-itapema-com-garagem-70m2-venda-RS450000-id-2646969738/,Morretes,2,70,450000.0,6428.571428571428,0.5464968835390137,250.0,100.0,0.3257284929846319,6.0,98101.72961225336,79402.16712467745,523425.0,41905.95470353787,0.080061049249726,12.490468328497723,51.0,Scheeren & Silveira Imobiliaria LTDA
2737456215,https://www.vivareal.com.br/imovel/apartamento-2-quartos-meia-praia-bairros-itapema-com-garagem-76m2-venda-RS735000-id-2737456215/,Meia Praia (inland),2,76,735000.0,9671.052631578948,0.842781853144363,250.0,480.0,0.2,5.0,118197.65741384652,111329.22370776947,808927.5,64736.58987421596,0.080027678468362,12.495676735085317,55.0,Airton Investimentos Imobiliários Itapema
2764832432,https://www.vivareal.com.br/imovel/apartamento-2-quartos-meia-praia-bairros-itapema-com-garagem-70m2-venda-RS580000-id-2764832432/,Meia Praia (inland),2,70,580000.0,8285.714285714286,0.7220568335588634,,,0.4580544642579884,4.0,107800.89221330576,96188.31992319784,650370.0,51665.36684655867,0.0794399600943442,12.588123141204791,55.0,Daniel Krummel
2721919538,https://www.vivareal.com.br/imovel/apartamento-2-quartos-meia-praia-bairros-itapema-com-garagem-70m2-venda-RS695000-id-2721919538/,Meia Praia (beach band),2,70,695000.0,9928.57142857143,0.7679096859424729,430.0,500.0,0.1595238489308625,5.0,120690.90395159548,110035.56835986378,762667.5,60547.224837645495,0.0793887570109457,12.596242058080394,132.0,Crédito Real | Bombinhas
2747203008,https://www.vivareal.com.br/imovel/apartamento-2-quartos-morretes-bairros-itapema-com-garagem-70m2-venda-RS650000-id-2747203008/,Morretes,2,70,650000.0,9285.714285714286,0.789384387334131,,,0.3257284929846319,6.0,112582.10286913652,103638.31484921378,718725.0,57034.872883166936,0.0793556268157736,12.601500865484034,51.0,Korte Imóveis
2728255508,https://www.vivareal.com.br/imovel/apartamento-2-quartos-morretes-bairros-itapema-com-garagem-64m2-venda-RS869000-id-2728255508/,Morretes,2,64,869000.0,13578.125,1.1542849106138269,,,0.1,4.0,119985.16152725488,126164.47851617789,925378.5,73019.1038167382,0.0789072836863383,12.673101306782607,51.0,SOFIS NEGÓCIOS IMOBILIÁRIOS
2766852615,https://www.vivareal.com.br/imovel/flat-2-quartos-meia-praia-bairros-itapema-com-garagem-40m2-venda-RS906700-id-2766852615/,Meia Praia (beach band),2,40,906700.0,22667.5,1.7531820092475832,,,0.1595238489308625,4.0,117769.5108923355,129096.07690176382,933392.55,73586.82167116553,0.0788380212282233,12.684235149752952,132.0,LANA NEGOCIOS IMOBILIARIOS LTDA
2766851625,https://www.vivareal.com.br/imovel/apartamento-4-quartos-meia-praia-bairros-itapema-com-garagem-145m2-venda-RS1400000-id-2766851625/,Meia Praia (beach band),4,145,1400000.0,9655.172413793103,0.8350608816890422,502.0,,0.1595238489308625,8.0,207509.8814254728,194822.9571789136,1541100.0,121370.95951558038,0.0787560570472911,12.69743607656137,57.0,LANA NEGOCIOS IMOBILIARIOS LTDA
2562219663,https://www.vivareal.com.br/imovel/apartamento-2-quartos-morretes-bairros-itapema-com-garagem-80m2-venda-RS630000-id-2562219663/,Morretes,2,80,630000.0,7875.0,0.6694586823352918,300.0,,0.3257284929846319,6.0,114851.85340743182,99802.47934567912,711195.0,55952.204480339205,0.0786735065352529,12.71075923826922,51.0,SOFIS NEGÓCIOS IMOBILIÁRIOS
2590819917,https://www.vivareal.com.br/imovel/apartamento-2-quartos-meia-praia-bairros-itapema-com-garagem-84m2-venda-RS630000-id-2590819917/,Meia Praia (beach band),2,84,630000.0,7500.0,0.5800756620428752,430.0,800.0,0.1595238489308625,6.0,125793.8487263606,103963.05436863782,715995.0,56293.713644664735,0.078623054133988,12.718915730439802,132.0,Airton Investimentos Imobiliários Itapema
2597754509,https://www.vivareal.com.br/imovel/apartamento-2-quartos-morretes-bairros-itapema-com-garagem-69m2-venda-RS682000-id-2597754509/,Morretes,2,69,682000.0,9884.057971014492,0.8402499587810793,,,0.3257284929846319,5.0,112943.76923202375,106268.67169260223,748773.0,58841.55835787771,0.0785839745261617,12.72524081442439,51.0,Max Curitiba Imóveis
2599246164,https://www.vivareal.com.br/imovel/apartamento-2-quartos-morretes-bairros-itapema-com-garagem-65m2-venda-RS722800-id-2599246164/,Morretes,2,65,722800.0,11120.0,0.9453181647705962,,,0.3257284929846319,4.0,112264.494242136,110076.5286492772,783814.2000000001,61508.40392321768,0.0784731941871143,12.743204993230728,51.0,Leonardo Batista
2675654608,https://www.vivareal.com.br/imovel/apartamento-2-quartos-morretes-bairros-itapema-com-garagem-74m2-venda-RS615000-id-2675654608/,Morretes,2,74,615000.0,8310.81081081081,0.7065072323229591,,,0.3257284929846319,6.0,112386.99400293404,99519.198472056,689347.5,54065.07978144071,0.078429354979079,12.750327989650671,51.0,CONFIARI INVESTIMENTOS IMOBILIÁRIOS
2735381224,https://www.vivareal.com.br/imovel/apartamento-3-quartos-meia-praia-bairros-itapema-com-garagem-94m2-venda-RS900000-id-2735381224/,Meia Praia (beach band),3,94,900000.0,9574.468085106382,0.7420212765957446,380.0,,0.1595238489308625,6.0,147069.95814810562,132485.91035012918,991650.0,77741.23884408559,0.0783958441426769,12.755778204008424,269.0,Ricardo Imóveis
2671627199,https://www.vivareal.com.br/imovel/apartamento-2-quartos-morretes-bairros-itapema-com-garagem-65m2-venda-RS727193-id-2671627199/,Morretes,2,65,727193.0,11187.584615384616,0.9510635752545992,,,0.3257284929846319,4.0,112264.494242136,110310.22395763008,788103.9645,61654.50526989997,0.0782314365199465,12.782585166322892,51.0,Leonardo Batista
2700826211,https://www.vivareal.com.br/imovel/apartamento-2-quartos-morretes-bairros-itapema-com-garagem-68m2-venda-RS698970-id-2700826211/,Morretes,2,68,698970.0,10278.970588235294,0.8738217277159643,450.0,1100.0,0.3257284929846319,5.0,112748.0335849013,107549.14692531816,764144.205,59708.117544050445,0.0781372379105465,12.797995254769882,51.0,USUÁRIO NEWCORE
2692570769,https://www.vivareal.com.br/imovel/apartamento-2-quartos-morretes-bairros-itapema-com-garagem-74m2-venda-RS620000-id-2692570769/,Morretes,2,74,620000.0,8378.378378378378,0.7122511935613572,,,0.3257284929846319,6.0,112386.99400293404,99801.63825879844,694230.0,54244.53161083466,0.0781362539948355,12.798156411057226,51.0,Imobiliária Morada do Sol
2754355225,https://www.vivareal.com.br/imovel/apartamento-2-quartos-morretes-bairros-itapema-com-garagem-71m2-venda-RS780000-id-2754355225/,Morretes,2,71,780000.0,10985.915492957747,0.933919556846014,1.0,,0.3257284929846319,6.0,112386.99400293404,109729.74496927318,846870.0,66087.01697921444,0.0780367907461764,12.814468540263452,51.0,Imóveis Crédito Real
2723623838,https://www.vivareal.com.br/imovel/apartamento-2-quartos-meia-praia-bairros-itapema-com-garagem-96m2-venda-RS750000-id-2723623838/,Meia Praia (inland),2,96,750000.0,7812.5,0.6808186738836265,496.0,590.0,0.14,6.0,133772.62992273658,116930.62634009248,847575.0,66126.21198007435,0.078018124626227,12.817534448448336,55.0,Airton Investimentos Imobiliários Itapema
2767584134,https://www.vivareal.com.br/imovel/apartamento-2-quartos-morretes-bairros-itapema-com-garagem-65m2-venda-RS756281-id-2767584134/,Morretes,2,65,756281.0,11635.092307692308,0.989106484464404,200.0,100.0,0.3257284929846319,4.0,109855.16268836232,109434.8227298447,816508.3965,63683.66588767167,0.077995114515239,12.821315876196527,51.0,HRM Imóveis
2766854213,https://www.vivareal.com.br/imovel/apartamento-2-quartos-morretes-bairros-itapema-com-garagem-70m2-venda-RS717800-id-2766854213/,Morretes,2,70,717800.0,10254.285714285714,0.8717232511206756,,,0.3257284929846319,6.0,115051.24138019844,109653.836081707,784931.7000000001,61216.74986916152,0.077989906471049,12.822172063653062,51.0,LANA NEGOCIOS IMOBILIARIOS LTDA
2583173994,https://www.vivareal.com.br/imovel/apartamento-2-quartos-morretes-bairros-itapema-com-garagem-70m2-venda-RS498000-id-2583173994/,Morretes,2,70,498000.0,7114.285714285715,0.6047898844498419,320.0,700.0,0.3257284929846319,6.0,100427.33034695868,84219.66305288814,570297.0,44473.55144610642,0.0779831411459404,12.823284434369777,51.0,PB IMÓVEIS EXCLUSIVOS
2729738356,https://www.vivareal.com.br/imovel/apartamento-4-quartos-meia-praia-bairros-itapema-com-garagem-200m2-venda-RS1590000-id-2729738356/,Meia Praia (beach band),4,200,1590000.0,7950.0,0.6875831652621739,,,0.1595238489308625,10.594009983361062,249992.6451767792,219275.98172114944,1792635.0,139790.37914936902,0.0779803915182784,12.823736589801584,57.0,Crédito Real | Itapema
2758094233,https://www.vivareal.com.br/imovel/apartamento-2-quartos-morretes-bairros-itapema-com-garagem-58m2-venda-RS785000-id-2758094233/,Morretes,2,58,785000.0,13534.48275862069,1.150574856339801,,,0.3257284929846319,4.0,109855.16268836232,115382.69518260764,836152.5,65174.87714988202,0.0779461607181489,12.82936825607064,51.0,CONFIARI INVESTIMENTOS IMOBILIÁRIOS
2760013245,https://www.vivareal.com.br/imovel/apartamento-2-quartos-morretes-bairros-itapema-com-garagem-70m2-venda-RS750000-id-2760013245/,Morretes,2,70,750000.0,10714.285714285714,0.9108281392316896,330.0,1.0,0.3257284929846319,6.0,114851.85340743182,111158.009608743,816375.0,63560.62869079032,0.0778571473780925,12.844035951429936,51.0,PB IMÓVEIS EXCLUSIVOS
2631024826,https://www.vivareal.com.br/imovel/apartamento-4-quartos-meia-praia-bairros-itapema-com-garagem-130m2-venda-RS1699000-id-2631024826/,Meia Praia (beach band),4,130,1699000.0,13069.23076923077,1.1303374918049671,,,0.1595238489308625,8.0,213028.1509454837,222361.6276057612,1815073.5,141245.19585705845,0.0778178932462285,12.850514943084312,57.0,Mariana Naegeli Soares
2627156154,https://www.vivareal.com.br/imovel/apartamento-2-quartos-morretes-bairros-itapema-com-garagem-70m2-venda-RS678000-id-2627156154/,Morretes,2,70,678000.0,9685.714285714286,0.8233886378654474,,,0.3257284929846319,6.0,112582.10286913652,105179.49003725796,746067.0,58007.413033602286,0.0777509433249323,12.861580287468112,51.0,INEZ JESUS NUNES LIMA
2476460689,https://www.vivareal.com.br/imovel/apartamento-2-quartos-morretes-bairros-itapema-com-garagem-69m2-venda-RS650000-id-2476460689/,Morretes,2,69,650000.0,9420.289855072464,0.8008247407737561,,,0.3257284929846319,5.0,110328.32469318224,102076.35231975366,717525.0,55785.30285959884,0.0777468420746299,12.862258753096242,51.0,G3 imóveis
2737430028,https://www.vivareal.com.br/imovel/apartamento-2-quartos-morretes-bairros-itapema-com-garagem-69m2-venda-RS650000-id-2737430028/,Morretes,2,69,650000.0,9420.289855072464,0.8008247407737561,,,0.3257284929846319,5.0,110328.32469318224,102076.35231975366,717525.0,55785.30285959884,0.0777468420746299,12.862258753096242,51.0,MFG NEGOCIOS IMOBILIARIOS
2764220515,https://www.vivareal.com.br/imovel/apartamento-4-quartos-meia-praia-bairros-itapema-com-garagem-147m2-venda-RS1500000-id-2764220515/,Meia Praia (beach band),4,147,1500000.0,10204.081632653062,0.8825351883739879,520.0,750.0,0.1595238489308625,8.0,213028.1509454837,203912.19916140265,1641150.0,127496.3531015716,0.0776872029379225,12.872132889107478,57.0,Galaxy Investimentos Imobiliários
2724088774,https://www.vivareal.com.br/imovel/apartamento-2-quartos-morretes-bairros-itapema-com-garagem-64m2-venda-RS477000-id-2724088774/,Morretes,2,64,477000.0,7453.125,0.633594824353044,365.0,104.0,0.3257284929846319,4.0,95891.71382484412,81736.33266911095,542590.5,42142.18713908467,0.0776684942679325,12.87523350910223,51.0,Blumenau Imóveis
2688799819,https://www.vivareal.com.br/imovel/apartamento-2-quartos-morretes-bairros-itapema-com-garagem-66m2-venda-RS515000-id-2688799819/,Morretes,2,66,515000.0,7803.030303030303,0.6633404933192406,300.0,500.0,0.3257284929846319,4.0,98164.92389978,85028.42067685214,582097.5,45202.45754527762,0.0776544437062135,12.877563115167678,51.0,Nei Costa
2608791592,https://www.vivareal.com.br/imovel/apartamento-2-quartos-meia-praia-bairros-itapema-com-garagem-70m2-venda-RS690000-id-2608791592/,Meia Praia (beach band),2,70,690000.0,9857.142857142857,0.7623851558277788,400.0,750.0,0.1595238489308625,5.0,117926.1219568878,107243.52191706786,757785.0,58720.08768340876,0.0774891132490201,12.90503863150924,132.0,Airton Investimentos Imobiliários Itapema
2736815415,https://www.vivareal.com.br/imovel/apartamento-2-quartos-morretes-bairros-itapema-70m2-venda-RS683000-id-2736815415/,Morretes,2,70,683000.0,9757.142857142857,0.8294608254603253,,,0.3257284929846319,6.0,112582.10286913652,105450.32297475325,750949.5,58177.579383598495,0.0774720262595533,12.90788492674394,51.0,Winner Brokers
2669679707,https://www.vivareal.com.br/imovel/apartamento-2-quartos-morretes-bairros-itapema-59m2-venda-RS560000-id-2669679707/,Morretes,2,59,560000.0,9491.525423728814,0.8068805210820843,,,0.3257284929846319,4.0,98164.92389978,91062.49917752744,617640.0,47811.22034581787,0.0774095271449677,12.91830652998645,51.0,Paulo Ricardo Corretor de Imoveis
2728008591,https://www.vivareal.com.br/imovel/apartamento-2-quartos-morretes-bairros-itapema-com-garagem-65m2-venda-RS515000-id-2728008591/,Morretes,2,65,515000.0,7923.076923076923,0.6735457316779981,350.0,500.0,0.3257284929846319,4.0,98164.92389978,85483.99596738988,580897.5,44966.917777707815,0.0774093842333764,12.918330379494629,51.0,Nei Costa
2755493299,https://www.vivareal.com.br/imovel/apartamento-4-quartos-meia-praia-bairros-itapema-com-garagem-127m2-venda-RS1655000-id-2755493299/,Meia Praia (beach band),4,127,1655000.0,13031.496062992126,1.1270738756092684,,,0.1595238489308625,8.0,207509.8814254728,216382.49116679095,1768507.5,136871.08670588228,0.077393557395647,12.920972153894612,57.0,K2 Imóveis
2736232405,https://www.vivareal.com.br/imovel/apartamento-2-quartos-morretes-bairros-itapema-com-garagem-67m2-venda-RS850000-id-2736232405/,Morretes,2,67,850000.0,12686.567164179103,1.0784930205827965,1.0,1.0,0.3257284929846319,5.0,112943.76923202375,115970.71795747758,910425.0,70428.79536977797,0.0773581518189614,12.926885874164428,51.0,Airton Investimentos Imobiliários Itapema
2580810610,https://www.vivareal.com.br/imovel/apartamento-2-quartos-morretes-bairros-itapema-com-garagem-65m2-venda-RS746000-id-2580810610/,Morretes,2,65,746000.0,11476.923076923076,0.9756604190908476,,,0.3257284929846319,4.0,112264.494242136,111300.46135357449,806469.0,62271.790086655485,0.0772153549444002,12.95079198586941,51.0,Leonardo Batista
2748586010,https://www.vivareal.com.br/imovel/apartamento-2-quartos-morretes-bairros-itapema-com-garagem-60m2-venda-RS550000-id-2748586010/,Morretes,2,60,550000.0,9166.666666666666,0.779264074676001,,,0.3257284929846319,4.0,98164.92389978,89959.27847832497,609075.0,47021.64378645588,0.0772017301423566,12.953077582018476,51.0,José Junior - Corretor de Imóveis
2750156630,https://www.vivareal.com.br/imovel/apartamento-3-quartos-meia-praia-bairros-itapema-com-garagem-90m2-venda-RS980000-id-2750156630/,Meia Praia (beach band),3,90,980000.0,10888.888888888889,0.8438888888888888,390.0,890.0,0.1595238489308625,6.0,147661.91877329318,139145.23915609662,1064970.0,82204.70188885953,0.0771896878680709,12.955098376730758,269.0,CONFIARI INVESTIMENTOS IMOBILIÁRIOS
2731693035,https://www.vivareal.com.br/imovel/apartamento-4-quartos-meia-praia-bairros-itapema-com-garagem-124m2-venda-RS1655000-id-2731693035/,Meia Praia (beach band),4,124,1655000.0,13346.774193548386,1.154341791954654,,,0.1595238489308625,8.0,204985.7986277708,215546.42343265377,1764907.5,136202.2325185725,0.0771724481416575,12.957992445236444,57.0,RT Imóveis
2689660019,https://www.vivareal.com.br/imovel/apartamento-2-quartos-morretes-bairros-itapema-com-garagem-69m2-venda-RS705555-id-2689660019/,Morretes,2,69,705555.0,10225.434782608696,0.8692706153486576,,,0.3257284929846319,5.0,112748.0335849013,107352.76281368882,771774.4574999999,59489.769754746965,0.0770818069665734,12.973229862575094,51.0,Leonardo Batista
2758888031,https://www.vivareal.com.br/imovel/apartamento-2-quartos-morretes-bairros-itapema-com-garagem-68m2-venda-RS723600-id-2758888031/,Morretes,2,68,723600.0,10641.176470588236,0.9046130766345792,,,0.3257284929846319,5.0,112943.76923202375,109049.65066756224,788195.4,60679.4615378457,0.0769853028041596,12.989492326137462,51.0,José Junior - Corretor de Imóveis
2768646647,https://www.vivareal.com.br/imovel/apartamento-2-quartos-morretes-bairros-itapema-com-garagem-63m2-venda-RS780000-id-2768646647/,Morretes,2,63,780000.0,12380.952380952382,1.052512516445508,,,0.3257284929846319,4.0,112264.494242136,114293.61476907914,837270.0,64350.11281905922,0.0768570626190586,13.011165999883334,51.0,Duda Imóveis Florianópolis
2769470109,https://www.vivareal.com.br/imovel/apartamento-2-quartos-morretes-bairros-itapema-com-garagem-49m2-venda-RS729870-id-2769470109/,Morretes,2,49,729870.0,14895.30612244898,1.2662593028210156,400.0,850.0,0.3257284929846319,4.0,98164.92389978,106620.14317840582,771518.055,59277.54454652057,0.0768323491101197,13.015351106429833,51.0,USUÁRIO NEWCORE
2763090330,https://www.vivareal.com.br/imovel/apartamento-2-quartos-morretes-bairros-itapema-com-garagem-70m2-venda-RS470000-id-2763090330/,Morretes,2,70,470000.0,6714.285714285715,0.5707856339185254,,,0.3257284929846319,6.0,100253.28614223714,82388.04145538848,542955.0,41708.65416810669,0.0768178839279621,13.017801960514488,51.0,SOLLO48 LITORAL
2768930018,https://www.vivareal.com.br/imovel/apartamento-2-quartos-morretes-bairros-itapema-com-garagem-70m2-venda-RS530000-id-2768930018/,Morretes,2,70,530000.0,7571.428571428572,0.6436518850570606,275.0,480.0,0.3257284929846319,6.0,100253.28614223714,85926.37350694386,601545.0,46081.31980935099,0.0766049419567131,13.053988090808376,51.0,Scheeren & Silveira Imobiliaria LTDA
2596091583,https://www.vivareal.com.br/imovel/apartamento-2-quartos-morretes-bairros-itapema-com-garagem-68m2-venda-RS699000-id-2596091583/,Morretes,2,68,699000.0,10279.411764705885,0.8738592324040506,400.0,800.0,0.3257284929846319,5.0,110328.32469318224,105242.59333593596,764173.5,58462.59567254468,0.0765043483875647,13.071152438735671,51.0,Airton Investimentos Imobiliários Itapema
2764635228,https://www.vivareal.com.br/imovel/apartamento-3-quartos-meia-praia-bairros-itapema-com-garagem-96m2-venda-RS965000-id-2764635228/,Meia Praia (beach band),3,96,965000.0,10052.083333333334,0.7790364583333333,,,0.1595238489308625,6.0,150861.95442499834,138237.2080012887,1057522.5,80897.77696501321,0.0764974522669855,13.072330781813188,269.0,Imobille Negócios Imobiliários
2767582451,https://www.vivareal.com.br/imovel/apartamento-2-quartos-morretes-bairros-itapema-com-garagem-67m2-venda-RS698140-id-2767582451/,Morretes,2,67,698140.0,10420.0,0.8858107263407925,,100.0,0.3257284929846319,5.0,110328.32469318224,105744.1500504904,762133.71,58271.83904418822,0.0764588133021805,13.078936970258738,51.0,HRM Imóveis
2770155962,https://www.vivareal.com.br/imovel/apartamento-2-quartos-morretes-bairros-itapema-com-garagem-60m2-venda-RS785000-id-2770155962/,Morretes,2,60,785000.0,13083.333333333334,1.1122223611284745,,,0.3257284929846319,4.0,109855.16268836232,114021.7072399002,838552.5,64086.08679571606,0.0764246565310055,13.084782390802092,51.0,CONFIARI INVESTIMENTOS IMOBILIÁRIOS
2629631976,https://www.vivareal.com.br/imovel/apartamento-2-quartos-morretes-bairros-itapema-com-garagem-67m2-venda-RS700000-id-2629631976/,Morretes,2,67,700000.0,10447.76119402985,0.8881707228328912,,,0.3257284929846319,5.0,110328.32469318224,105842.66886149414,763950.0,58333.35609299122,0.0763575575534933,13.096280604568008,51.0,Leonardo Batista
2611528006,https://www.vivareal.com.br/imovel/apartamento-2-quartos-morretes-bairros-itapema-com-garagem-70m2-venda-RS700000-id-2611528006/,Morretes,2,70,700000.0,10000.0,0.8501062632829103,,,0.3257284929846319,6.0,112386.99400293404,106177.30086455746,767550.0,58601.06169544187,0.0763482010233103,13.097885563730356,51.0,CONFIARI INVESTIMENTOS IMOBILIÁRIOS
2742973857,https://www.vivareal.com.br/imovel/apartamento-2-quartos-morretes-bairros-itapema-com-garagem-70m2-venda-RS700000-id-2742973857/,Morretes,2,70,700000.0,10000.0,0.8501062632829103,,,0.3257284929846319,6.0,112386.99400293404,106177.30086455746,767550.0,58601.06169544187,0.0763482010233103,13.097885563730356,51.0,Ocean Imóveis
2693495013,https://www.vivareal.com.br/imovel/apartamento-2-quartos-morretes-bairros-itapema-com-garagem-69m2-venda-RS839697-id-2693495013/,Morretes,2,69,839697.0,12169.521739130434,1.0345386651592317,10.0,,0.3257284929846319,5.0,112748.0335849013,114095.97673320452,902764.1205,68916.82029035952,0.0763397865792336,13.099329259482444,51.0,Auxiliadora Predial - Florianópolis - Santa Mônica
2727492934,https://www.vivareal.com.br/imovel/apartamento-2-quartos-morretes-bairros-itapema-com-garagem-66m2-venda-RS828376-id-2727492934/,Morretes,2,66,828376.0,12551.151515151516,1.066981251444309,1.0,1.0,0.3257284929846319,4.0,109855.16268836232,112376.46008241616,888109.164,67754.49226972883,0.0762907253029187,13.107753216782454,51.0,Boulevard Imob
2708877472,https://www.vivareal.com.br/imovel/apartamento-2-quartos-morretes-bairros-itapema-com-garagem-67m2-venda-RS702000-id-2708877472/,Morretes,2,67,702000.0,10477.611940298508,0.8907083534695567,,,0.3257284929846319,5.0,110328.32469318224,105948.41340202956,765903.0,58399.351725419554,0.0762490181203358,13.11492298067111,51.0,CONFIARI INVESTIMENTOS IMOBILIÁRIOS
2599503556,https://www.vivareal.com.br/imovel/apartamento-2-quartos-morretes-bairros-itapema-com-garagem-70m2-venda-RS747600-id-2599503556/,Morretes,2,70,747600.0,10680.0,0.907913489186148,,,0.3257284929846319,6.0,114851.85340743182,111033.38293276812,814031.4,62043.24735001041,0.0762172655133578,13.12038674261726,51.0,Leonardo Batista
2746883528,https://www.vivareal.com.br/imovel/apartamento-4-quartos-meia-praia-bairros-itapema-com-garagem-149m2-venda-RS1550000-id-2746883528/,Meia Praia (beach band),4,149,1550000.0,10402.68456375839,0.8997120477450252,,,0.1595238489308625,8.0,213028.1509454837,205292.5718023304,1692375.0,128975.6512143138,0.07620985373473,13.12166276398827,57.0,Ricardo Imóveis
2568200261,https://www.vivareal.com.br/imovel/apartamento-2-quartos-morretes-bairros-itapema-com-garagem-65m2-venda-RS769000-id-2568200261/,Morretes,2,65,769000.0,11830.76923076923,1.0057411022531662,,,0.3257284929846319,4.0,112264.494242136,112489.65734015148,828928.5,63009.2468759171,0.0760128851594764,13.155664304834383,51.0,Leonardo Batista
2618849213,https://www.vivareal.com.br/imovel/apartamento-2-quartos-morretes-bairros-itapema-com-garagem-70m2-venda-RS799000-id-2618849213/,Morretes,2,70,799000.0,11414.285714285714,0.9703355776614933,300.0,1000.0,0.3257284929846319,6.0,115051.24138019844,113845.00835571946,864223.5,65614.52768837148,0.0759231005502297,13.171221838318006,51.0,PB IMÓVEIS
2650069875,https://www.vivareal.com.br/imovel/apartamento-2-quartos-morretes-bairros-itapema-com-garagem-60m2-venda-RS700000-id-2650069875/,Morretes,2,60,700000.0,11666.666666666666,0.9917906404967286,3.0,,0.3257284929846319,4.0,98164.92389978,97882.11304628736,755550.0,57328.9114408258,0.0758770583559338,13.179214134911131,51.0,Eraci Eponina Jaques de Oliveira
2658615859,https://www.vivareal.com.br/imovel/apartamento-2-quartos-meia-praia-bairros-itapema-com-garagem-60m2-venda-RS850000-id-2658615859/,Meia Praia (beach band),2,60,850000.0,14166.666666666666,1.095698472747653,,,0.1595238489308625,4.0,118038.61607591176,121875.3788601126,902025.0,68337.57323784457,0.0757601765337375,13.199546856318111,132.0,Reggiori Imóveis
2747829203,https://www.vivareal.com.br/imovel/apartamento-4-quartos-meia-praia-bairros-itapema-com-garagem-147m2-venda-RS1550000-id-2747829203/,Meia Praia (beach band),4,147,1550000.0,10544.21768707483,0.911953027986454,450.0,1600.0,0.1595238489308625,8.0,210751.81395934089,204061.78709128604,1689975.0,127991.02344547832,0.0757354537466402,13.203855665080264,57.0,REDE MOI
2744013115,https://www.vivareal.com.br/imovel/apartamento-4-quartos-meia-praia-bairros-itapema-com-garagem-77m2-venda-RS1850000-id-2744013115/,Meia Praia (beach band),4,77,1850000.0,24025.974025974025,2.0779692162623893,500.0,1225.0,0.1595238489308625,8.0,207509.8814254728,227467.2910450386,1898925.0,143325.4266084804,0.0754771392279739,13.249044813152803,57.0,Ricardo Imóveis
2713125498,https://www.vivareal.com.br/imovel/apartamento-2-quartos-morretes-bairros-itapema-com-garagem-66m2-venda-RS770328-id-2713125498/,Morretes,2,66,770328.0,11671.636363636364,0.9922131175487844,,,0.3257284929846319,4.0,112459.3904432552,112152.11361983232,831425.2919999999,62726.86149966176,0.0754449763595377,13.254692999497244,51.0,Winner Brokers
2760224016,https://www.vivareal.com.br/imovel/apartamento-2-quartos-meia-praia-bairros-itapema-com-garagem-70m2-venda-RS750000-id-2760224016/,Meia Praia (beach band),2,70,750000.0,10714.285714285714,0.8286795172041074,500.0,2000.0,0.1595238489308625,5.0,120690.90395159548,113008.1724417395,816375.0,61573.80810314608,0.0754234366598022,13.258478322997986,132.0,Paulo Roberto Leardi
2760094099,https://www.vivareal.com.br/imovel/apartamento-2-quartos-meia-praia-bairros-itapema-com-garagem-70m2-venda-RS750000-id-2760094099/,Meia Praia (beach band),2,70,750000.0,10714.285714285714,0.8286795172041074,500.0,2000.0,0.1595238489308625,5.0,120690.90395159548,113008.1724417395,816375.0,61573.80810314608,0.0754234366598022,13.258478322997986,132.0,Leardi Sao Jose 288 - CRECI: 54756F
2645631155,https://www.vivareal.com.br/imovel/apartamento-4-quartos-meia-praia-bairros-itapema-com-garagem-128m2-venda-RS1817000-id-2645631155/,Meia Praia (beach band),4,128,1817000.0,14195.3125,1.227730553539082,,,0.1595238489308625,8.0,213028.1509454837,228888.0241345356,1927900.5,145368.91308007794,0.0754027052122648,13.262123649077546,57.0,Duo Imóveis
2648677397,https://www.vivareal.com.br/imovel/apartamento-2-quartos-morretes-bairros-itapema-com-garagem-70m2-venda-RS768000-id-2648677397/,Morretes,2,70,768000.0,10971.42857142857,0.93268801457325,,,0.3257284929846319,6.0,115051.24138019844,112279.13225809696,833952.0,62850.12681027348,0.07536420178892,13.26889924212026,51.0,TAB IMÓVEIS
2655801076,https://www.vivareal.com.br/imovel/apartamento-4-quartos-meia-praia-bairros-itapema-com-garagem-149m2-venda-RS1550000-id-2655801076/,Meia Praia (beach band),4,149,1550000.0,10402.68456375839,0.8997120477450252,575.0,1400.0,0.1595238489308625,8.0,213028.1509454837,205292.5718023304,1692375.0,127475.6512143138,0.0753235253500635,13.276064753375968,57.0,Scheeren & Silveira Imobiliaria LTDA
2751815708,https://www.vivareal.com.br/imovel/apartamento-4-quartos-meia-praia-bairros-itapema-com-garagem-122m2-venda-RS1478000-id-2751815708/,Meia Praia (beach band),4,122,1478000.0,12114.754098360656,1.0477862854495237,,,0.25,8.0,189766.08872069063,192891.92835776348,1589667.0,119724.73645866026,0.0753143497717825,13.277682181817925,57.0,Airton Investimentos Imobiliários Itapema
2560059992,https://www.vivareal.com.br/imovel/apartamento-2-quartos-morretes-bairros-itapema-com-garagem-70m2-venda-RS770000-id-2560059992/,Morretes,2,70,770000.0,11000.0,0.9351168896112012,,,0.3257284929846319,6.0,115051.24138019844,112381.38351871414,835905.0,62913.32781876722,0.0752637295132428,13.286612375806438,51.0,Leonardo Batista
2587914672,https://www.vivareal.com.br/imovel/apartamento-2-quartos-morretes-bairros-itapema-com-garagem-70m2-venda-RS769000-id-2587914672/,Morretes,2,70,769000.0,10985.714285714286,0.9339024520922258,,,0.3257284929846319,6.0,114851.85340743182,112135.60704830776,834928.5,62726.00664244213,0.0751273991035665,13.31072301094112,51.0,Leonardo Batista
2765060729,https://www.vivareal.com.br/imovel/apartamento-2-quartos-morretes-bairros-itapema-com-garagem-80m2-venda-RS680000-id-2765060729/,Morretes,2,80,680000.0,8500.0,0.7225903237904737,350.0,1000.0,0.3257284929846319,6.0,114851.85340743182,102506.22912944556,760020.0,57050.204307352345,0.0750640829285444,13.321950538607492,51.0,Nei Costa
2762838964,https://www.vivareal.com.br/imovel/apartamento-2-quartos-morretes-bairros-itapema-com-garagem-80m2-venda-RS680001-id-2762838964/,Morretes,2,80,680001.0,8500.0125,0.7225913864233029,350.0,1000.0,0.3257284929846319,6.0,114851.85340743182,102506.28188997944,760020.9765,57050.23721577947,0.0750640297831035,13.3219599705676,51.0,Nei Costa
2756727830,https://www.vivareal.com.br/imovel/apartamento-2-quartos-morretes-bairros-itapema-com-garagem-70m2-venda-RS725000-id-2756727830/,Morretes,2,70,725000.0,10357.142857142857,0.8804672012572998,,,0.3257284929846319,6.0,112386.99400293404,107489.40756041063,791962.5,59418.247052124425,0.0750265916026635,13.328607612830684,51.0,CONFIARI INVESTIMENTOS IMOBILIÁRIOS
2706476419,https://www.vivareal.com.br/imovel/apartamento-2-quartos-meia-praia-bairros-itapema-com-garagem-75m2-venda-RS650000-id-2706476419/,Meia Praia (inland),2,75,650000.0,8666.666666666666,0.7552548488949029,300.0,750.0,0.4580544642579884,5.0,108265.2061793751,98134.48328116264,724725.0,54371.29753293048,0.0750233502817351,13.329183464144176,55.0,Scheeren & Silveira Imobiliaria LTDA
2562410210,https://www.vivareal.com.br/imovel/apartamento-2-quartos-morretes-bairros-itapema-com-garagem-78m2-venda-RS673719-id-2562410210/,Morretes,2,78,673719.0,8637.423076923076,0.7342727456316653,,,0.3257284929846319,6.0,114851.85340743182,103083.24963676176,751486.6035,56370.23401320533,0.0750116286180813,13.33126634393528,51.0,Leonardo Batista
2560058583,https://www.vivareal.com.br/imovel/apartamento-2-quartos-morretes-bairros-itapema-com-garagem-58m2-venda-RS891491-id-2560058583/,Morretes,2,58,891491.0,15370.53448275862,1.306658763379905,,,0.3257284929846319,4.0,112459.3904432552,123275.25186260072,940140.9615,70498.55619387649,0.0749872190244701,13.33560589403476,51.0,Leonardo Batista
2750109109,https://www.vivareal.com.br/imovel/apartamento-2-quartos-morretes-bairros-itapema-com-garagem-60m2-venda-RS586000-id-2750109109/,Morretes,2,60,586000.0,9766.666666666666,0.8302704504729757,,,0.3257284929846319,4.0,98164.92389978,91977.8360531739,644229.0,48301.68984633503,0.0749759632775535,13.337607898388711,51.0,José Junior - Corretor de Imóveis
2767582146,https://www.vivareal.com.br/imovel/apartamento-2-quartos-morretes-bairros-itapema-com-garagem-70m2-venda-RS730000-id-2767582146/,Morretes,2,70,730000.0,10428.57142857143,0.8865393888521779,,100.0,0.3257284929846319,6.0,112386.99400293404,107748.28540491554,796845.0,59578.84932772834,0.0747684296541088,13.374628899204732,51.0,HRM Imóveis
2596943896,https://www.vivareal.com.br/imovel/apartamento-2-quartos-morretes-bairros-itapema-com-garagem-70m2-venda-RS780000-id-2596943896/,Morretes,2,70,780000.0,11142.857142857143,0.9472612648009572,,,0.3257284929846319,6.0,115051.24138019844,112890.0671812342,845670.0,63227.27474878328,0.0747658953832857,13.37508224670515,51.0,Eraci Eponina Jaques de Oliveira
2628242861,https://www.vivareal.com.br/imovel/apartamento-4-quartos-meia-praia-bairros-itapema-com-garagem-137m2-venda-RS1600000-id-2628242861/,Meia Praia (beach band),4,137,1600000.0,11678.83211678832,1.01008406961344,,,0.1595238489308625,8.0,205292.51054757493,206014.7133878561,1726800.0,129088.36448273438,0.0747558284009348,13.376883400137586,57.0,CONFIARI INVESTIMENTOS IMOBILIÁRIOS
2693494333,https://www.vivareal.com.br/imovel/apartamento-2-quartos-morretes-bairros-itapema-com-garagem-64m2-venda-RS808483-id-2693494333/,Morretes,2,64,808483.0,12632.546875,1.0739007219652454,,10.0,0.3257284929846319,4.0,112264.494242136,115101.2052377536,866283.6494999999,64731.29329399879,0.0747229770888095,13.382764431501212,51.0,Auxiliadora Predial - Florianópolis - Santa Mônica
2693494816,https://www.vivareal.com.br/imovel/apartamento-2-quartos-morretes-bairros-itapema-com-garagem-66m2-venda-RS901773-id-2693494816/,Morretes,2,66,901773.0,13663.227272727272,1.161519508120333,10.0,,0.3257284929846319,4.0,112264.494242136,118304.61923240278,959781.3345,71706.42748971813,0.0747112127650135,13.38487173465198,51.0,Auxiliadora Predial - Florianópolis - Santa Mônica
2594648162,https://www.vivareal.com.br/imovel/apartamento-2-quartos-morretes-bairros-itapema-com-garagem-70m2-venda-RS778544-id-2594648162/,Morretes,2,70,778544.0,11122.057142857142,0.9454930437733288,,,0.3257284929846319,6.0,114851.85340743182,112620.75286466347,844248.2159999999,63025.364095526704,0.0746526470546035,13.39537229361157,51.0,Leonardo Batista
2766852820,https://www.vivareal.com.br/imovel/apartamento-4-quartos-meia-praia-bairros-itapema-com-garagem-162m2-venda-RS1349800-id-2766852820/,Meia Praia (beach band),4,162,1349800.0,8332.098765432098,0.7206302946431262,600.0,1100.0,0.1595238489308625,8.0,207509.8814254728,185028.3017151972,1512479.7,112826.09514460724,0.0745967665844422,13.405406772799155,57.0,LANA NEGOCIOS IMOBILIARIOS LTDA
2717860339,https://www.vivareal.com.br/imovel/apartamento-2-quartos-morretes-bairros-itapema-com-garagem-70m2-venda-RS780000-id-2717860339/,Morretes,2,70,780000.0,11142.857142857143,0.9472612648009572,,,0.3257284929846319,6.0,114851.85340743182,112694.42460171286,845670.0,63070.7606851662,0.0745808183868012,13.40827335540438,51.0,Crédito Real | Itapema
2767582055,https://www.vivareal.com.br/imovel/apartamento-2-quartos-morretes-bairros-itapema-com-garagem-69m2-venda-RS709029-id-2767582055/,Morretes,2,69,709029.0,10275.782608695652,0.8735507155785777,,100.0,0.3257284929846319,5.0,110328.32469318224,105229.5872446152,775166.8185,57758.92109948806,0.0745116015301783,13.42072884576216,51.0,HRM Imóveis
2693494334,https://www.vivareal.com.br/imovel/apartamento-2-quartos-morretes-bairros-itapema-com-garagem-60m2-venda-RS871773-id-2693494334/,Morretes,2,60,871773.0,14529.55,1.2351661457682208,,10.0,0.3257284929846319,4.0,112264.494242136,120877.73318035016,923286.3345,68763.91864807604,0.0744773490937832,13.4269010936571,51.0,Auxiliadora Predial - Florianópolis - Santa Mônica
2761506952,https://www.vivareal.com.br/imovel/apartamento-2-quartos-morretes-bairros-itapema-com-garagem-60m2-venda-RS890000-id-2761506952/,Morretes,2,60,890000.0,14833.333333333334,1.2609909572029836,400.0,,0.3257284929846319,4.0,112459.3904432552,121967.72281986092,941085.0,70066.39925968464,0.0744527850934662,13.4313309937919,51.0,REDE MOI
2612685887,https://www.vivareal.com.br/imovel/apartamento-2-quartos-meia-praia-bairros-itapema-com-garagem-69m2-venda-RS807000-id-2612685887/,Meia Praia (beach band),2,69,807000.0,11695.652173913044,0.9045817570407736,,,0.1595238489308625,4.49134199134199,121176.68815835845,116997.29408479753,870835.5,64835.00541759249,0.0744514956241362,13.431563618929,132.0,INEZ JESUS NUNES LIMA
2580205517,https://www.vivareal.com.br/imovel/apartamento-4-quartos-meia-praia-bairros-itapema-com-garagem-223m2-venda-RS1980000-id-2580205517/,Meia Praia (beach band),4,223,1980000.0,8878.923766816144,0.7679243405923256,,,0.1595238489308625,12.0,278491.1944045466,253905.97415459287,2201070.0,163867.3730961238,0.0744489603220814,13.432021020492366,57.0,Mariana Naegeli Soares
2765549826,https://www.vivareal.com.br/imovel/apartamento-4-quartos-meia-praia-bairros-itapema-com-garagem-100m2-venda-RS1891000-id-2765549826/,Meia Praia (beach band),4,100,1891000.0,18910.0,1.6354965603909069,,,0.1595238489308625,8.0,210751.81395934089,231021.01873339745,1966561.5,146387.10875916743,0.0744381036439325,13.43398005923691,57.0,LANA NEGOCIOS IMOBILIARIOS LTDA
2754168917,https://www.vivareal.com.br/imovel/apartamento-2-quartos-morretes-bairros-itapema-com-garagem-71m2-venda-RS599000-id-2754168917/,Morretes,2,71,599000.0,8436.61971830986,0.7172023263471313,1.0,,0.3257284929846319,6.0,98101.72961225336,87327.54591672,670123.5,49848.55773717191,0.0743871207876934,13.443187334190233,51.0,Imóveis Crédito Real
2767582460,https://www.vivareal.com.br/imovel/apartamento-2-quartos-morretes-bairros-itapema-com-garagem-67m2-venda-RS836000-id-2767582460/,Morretes,2,67,836000.0,12477.611940298508,1.0607296061261389,100.0,100.0,0.3257284929846319,5.0,110328.32469318224,112628.59469543996,896754.0,66697.29676014787,0.0743763582433397,13.445132614967044,51.0,HRM Imóveis
2693494818,https://www.vivareal.com.br/imovel/apartamento-2-quartos-morretes-bairros-itapema-com-garagem-64m2-venda-RS816129-id-2693494818/,Morretes,2,64,816129.0,12752.015625,1.0840568352294035,,10.0,0.3257284929846319,4.0,112264.494242136,115481.02830507896,873749.9685,64964.04394785908,0.0743508398167788,13.449747204796582,51.0,Auxiliadora Predial - Florianópolis - Santa Mônica
2681626998,https://www.vivareal.com.br/imovel/apartamento-4-quartos-meia-praia-bairros-itapema-com-garagem-168m2-venda-RS1400000-id-2681626998/,Meia Praia (beach band),4,168,1400000.0,8333.333333333334,0.7207370705054235,580.0,1990.0,0.1595238489308625,8.0,213028.1509454837,189958.5731796278,1568700.0,116543.45231615171,0.0742930147996122,13.460215643385348,57.0,Airton Investimentos Imobiliários BC
2726600206,https://www.vivareal.com.br/imovel/apartamento-2-quartos-morretes-bairros-itapema-com-garagem-70m2-venda-RS790000-id-2726600206/,Morretes,2,70,790000.0,11285.714285714286,0.959405639990713,,,0.3257284929846319,6.0,115051.24138019844,113394.52927429847,855435.0,63537.84442323469,0.0742754790524524,13.463393474632612,51.0,Airton Investimentos Imobiliários Itapema
2626576480,https://www.vivareal.com.br/imovel/apartamento-2-quartos-morretes-bairros-itapema-com-garagem-60m2-venda-RS828377-id-2626576480/,Morretes,2,60,828377.0,13806.283333333333,1.1736807934325122,,,0.3257284929846319,4.0,109855.16268836232,116188.45339408256,880910.1405,65416.07761906195,0.0742596487559243,13.466263532794065,51.0,Imobille Negócios Imobiliários
2693494817,https://www.vivareal.com.br/imovel/apartamento-2-quartos-morretes-bairros-itapema-com-garagem-66m2-venda-RS913009-id-2693494817/,Morretes,2,66,913009.0,13833.469696969696,1.1759919232328282,10.0,,0.3257284929846319,4.0,112264.494242136,118818.4664618462,970753.2885,72013.01047327288,0.0741826078019748,13.480248667847157,51.0,Auxiliadora Predial - Florianópolis - Santa Mônica
2769178521,https://www.vivareal.com.br/imovel/apartamento-2-quartos-morretes-bairros-itapema-com-garagem-63m2-venda-RS859650-id-2769178521/,Morretes,2,63,859650.0,13645.238095238095,1.1599902368748474,360.0,900.0,0.3257284929846319,4.0,112264.494242136,118250.07941370842,915048.225,67854.53953476265,0.0741540584210877,13.485438576017607,51.0,USUÁRIO NEWCORE
2554913096,https://www.vivareal.com.br/imovel/apartamento-2-quartos-morretes-bairros-itapema-com-garagem-60m2-venda-RS600000-id-2554913096/,Morretes,2,60,600000.0,10000.0,0.8501062632829103,,,0.3257284929846319,4.0,98164.92389978,92741.03958133468,657900.0,48782.052668863646,0.0741481268716577,13.486517356411303,51.0,J.V Imóveis
2701651073,https://www.vivareal.com.br/imovel/apartamento-2-quartos-morretes-bairros-itapema-com-garagem-70m2-venda-RS869000-id-2701651073/,Morretes,2,70,869000.0,12414.285714285714,1.0553462039897843,1.0,1.0,0.3257284929846319,6.0,112386.99400293404,114526.05171791837,932578.5,69096.36237813061,0.0740917385272452,13.496781420944474,51.0,Smolka Imóveis
2767580179,https://www.vivareal.com.br/imovel/apartamento-2-quartos-morretes-bairros-itapema-com-garagem-70m2-venda-RS743400-id-2767580179/,Morretes,2,70,743400.0,10620.0,0.9028128516064506,,100.0,0.3257284929846319,6.0,112386.99400293404,108436.4426639402,809930.1,60004.75513494808,0.0740863379876215,13.497765271743924,51.0,HRM Imóveis
2766853121,https://www.vivareal.com.br/imovel/apartamento-3-quartos-meia-praia-bairros-itapema-com-garagem-93m2-venda-RS995000-id-2766853121/,Meia Praia (beach band),3,93,995000.0,10698.924731182797,0.8291666666666667,,,0.1595238489308625,6.0,147069.95814810562,137736.36298313292,1083217.5,80218.10095048857,0.0740553960312574,13.50340493186909,269.0,LANA NEGOCIOS IMOBILIARIOS LTDA
2693494920,https://www.vivareal.com.br/imovel/apartamento-2-quartos-morretes-bairros-itapema-com-garagem-64m2-venda-RS823980-id-2693494920/,Morretes,2,64,823980.0,12874.6875,1.0944852481560194,,10.0,0.3257284929846319,4.0,112264.494242136,115868.6357355602,881416.47,65201.11559224407,0.0739731078456522,13.518426210867592,51.0,Auxiliadora Predial - Florianópolis - Santa Mônica
2693494821,https://www.vivareal.com.br/imovel/apartamento-2-quartos-morretes-bairros-itapema-com-garagem-64m2-venda-RS823987-id-2693494821/,Morretes,2,64,823987.0,12874.796875,1.094494546193274,,10.0,0.3257284929846319,4.0,112264.494242136,115868.98025529824,881423.3054999999,65201.3261080345,0.0739727730151724,13.51848740069392,51.0,Auxiliadora Predial - Florianópolis - Santa Mônica
2682113805,https://www.vivareal.com.br/imovel/apartamento-2-quartos-morretes-bairros-itapema-com-garagem-66m2-venda-RS549000-id-2682113805/,Morretes,2,66,549000.0,8318.181818181818,0.707133846276239,380.0,800.0,0.3257284929846319,4.0,98164.92389978,86952.46593731857,615298.5,45465.49375365077,0.073891767578908,13.53330733267563,51.0,Airton Investimentos Imobiliários BC
2714723207,https://www.vivareal.com.br/imovel/apartamento-2-quartos-meia-praia-bairros-itapema-77m2-venda-RS650000-id-2714723207/,Meia Praia (inland),2,77,650000.0,8441.558441558442,0.7356378398326977,390.0,,0.4580544642579884,5.0,109864.88114039438,98671.40479741406,727125.0,53720.83474593163,0.073881154885242,13.53525133105022,55.0,Conceito Imóveis Ponta Grossa
2754745446,https://www.vivareal.com.br/imovel/apartamento-4-quartos-meia-praia-bairros-itapema-com-garagem-120m2-venda-RS1454000-id-2754745446/,Meia Praia (beach band),4,120,1454000.0,12116.666666666666,1.0479517005148855,,,0.1595238489308625,8.0,184253.9736364735,187299.3654426321,1563831.0,115473.88612655512,0.0738403869257964,13.542724268291265,57.0,Ismael Fernandes
2693494915,https://www.vivareal.com.br/imovel/apartamento-2-quartos-morretes-bairros-itapema-com-garagem-64m2-venda-RS827084-id-2693494915/,Morretes,2,64,827084.0,12923.1875,1.0986082635329415,,10.0,0.3257284929846319,4.0,112264.494242136,116021.21940225354,884447.5260000001,65294.315325598734,0.0738249736769558,13.545551731258463,51.0,Auxiliadora Predial - Florianópolis - Santa Mônica
2770025907,https://www.vivareal.com.br/imovel/apartamento-2-quartos-meia-praia-bairros-itapema-com-garagem-66m2-venda-RS739560-id-2770025907/,Meia Praia (inland),2,66,739560.0,11205.454545454546,0.9764969860991513,420.0,900.0,0.4580544642579884,4.0,107800.89221330576,106907.25359122569,801380.34,59116.60578098093,0.0737684752548096,13.55592611269,55.0,USUÁRIO NEWCORE
2747717114,https://www.vivareal.com.br/imovel/apartamento-4-quartos-meia-praia-bairros-itapema-com-garagem-157m2-venda-RS1390000-id-2747717114/,Meia Praia (beach band),4,157,1390000.0,8853.503184713376,0.7657257538872906,600.0,14520.0,0.1595238489308625,8.0,205292.51054757493,186981.54532513733,1545735.0,114014.83003255936,0.0737609163488951,13.557315303268728,57.0,REDE MOI
2764005337,https://www.vivareal.com.br/imovel/apartamento-2-quartos-morretes-bairros-itapema-com-garagem-70m2-venda-RS750000-id-2764005337/,Morretes,2,70,750000.0,10714.285714285714,0.9108281392316896,,,0.3257284929846319,6.0,112386.99400293404,108772.42455076922,816375.0,60212.16064441129,0.0737555175555489,13.558307678430294,51.0,CONFIARI INVESTIMENTOS IMOBILIÁRIOS
2569844493,https://www.vivareal.com.br/imovel/apartamento-2-quartos-morretes-bairros-itapema-com-garagem-69m2-venda-RS770041-id-2569844493/,Morretes,2,69,770041.0,11160.014492753624,0.9487198218617906,,,0.3257284929846319,5.0,112748.0335849013,110689.71449345704,834745.0365,61559.61129856156,0.0737466035817052,13.559946511869956,51.0,Leonardo Batista
2736636173,https://www.vivareal.com.br/imovel/apartamento-2-quartos-andorinha-bairros-itapema-com-garagem-63m2-venda-RS850000-id-2736636173/,Meia Praia (inland),2,63,850000.0,13492.063492063491,1.1757630431514057,300.0,100.0,0.4580544642579884,4.0,109583.6190780715,115973.1814193796,905625.0,66782.25604350405,0.0737416215801287,13.560862625096815,55.0,My Broker Florianópolis
2597271028,https://www.vivareal.com.br/imovel/apartamento-4-quartos-meia-praia-bairros-itapema-com-garagem-150m2-venda-RS1500000-id-2597271028/,Meia Praia (beach band),4,150,1500000.0,10000.0,0.864884484606508,600.0,1200.0,0.1595238489308625,8.0,207509.8814254728,197230.51985510613,1644750.0,121191.0096565344,0.0736835444028176,13.571551261610583,57.0,Airton Investimentos Imobiliários Itapema
2769177333,https://www.vivareal.com.br/imovel/apartamento-2-quartos-morretes-bairros-itapema-com-garagem-68m2-venda-RS799900-id-2769177333/,Morretes,2,68,799900.0,11763.235294117649,1.0,400.0,900.0,0.3257284929846319,5.0,112748.0335849013,112748.0335849013,862702.35,63528.57787171696,0.0736390458096201,13.579752276873752,51.0,USUÁRIO NEWCORE
2693494916,https://www.vivareal.com.br/imovel/apartamento-2-quartos-morretes-bairros-itapema-com-garagem-69m2-venda-RS896099-id-2693494916/,Morretes,2,69,896099.0,12986.942028985508,1.1040280759732646,10.0,,0.3257284929846319,5.0,112748.0335849013,116721.8110486725,957840.6735,70492.94914273391,0.0735956940366177,13.5877514722865,51.0,Auxiliadora Predial - Florianópolis - Santa Mônica
2682115621,https://www.vivareal.com.br/imovel/apartamento-2-quartos-morretes-bairros-itapema-com-garagem-67m2-venda-RS548000-id-2682115621/,Morretes,2,67,548000.0,8179.104477611941,0.6953107944463206,390.0,750.0,0.3257284929846319,5.0,98587.73436274553,86813.15230459915,615522.0,45243.34284747523,0.0735040223541566,13.604697647453978,51.0,Airton Investimentos Imobiliários BC
2527021688,https://www.vivareal.com.br/imovel/apartamento-2-quartos-morretes-bairros-itapema-com-garagem-67m2-venda-RS759000-id-2527021688/,Morretes,2,67,759000.0,11328.358208955224,0.9630308266145208,,,0.3257284929846319,5.0,110519.8596170574,109072.27981302518,821563.5,60368.344854216055,0.073479828222914,13.609177160380984,51.0,INEZ JESUS NUNES LIMA
2672320710,https://www.vivareal.com.br/imovel/apartamento-4-quartos-meia-praia-bairros-itapema-com-garagem-140m2-venda-RS1700000-id-2672320710/,Meia Praia (beach band),4,140,1700000.0,12142.857142857143,1.0502168741650455,650.0,,0.1595238489308625,8.0,213028.1509454837,216712.84069631257,1828050.0,134316.86632949955,0.0734754882686466,13.60998100949971,57.0,Scheeren & Silveira Imobiliaria LTDA
2619803122,https://www.vivareal.com.br/imovel/apartamento-4-quartos-meia-praia-bairros-itapema-com-garagem-146m2-venda-RS1690000-id-2619803122/,Meia Praia (beach band),4,146,1690000.0,11575.342465753423,1.0011334102636975,,100.0,0.1595238489308625,8.0,213028.1509454837,213112.62673851047,1825485.0,133929.6951632579,0.0733666369010196,13.630173635314907,57.0,Auxiliadora Predial - Novo Hamburgo
2744014217,https://www.vivareal.com.br/imovel/apartamento-2-quartos-morretes-bairros-itapema-com-garagem-60m2-venda-RS900000-id-2744014217/,Morretes,2,60,900000.0,15000.0,1.2751593949243654,,,0.3257284929846319,4.0,112459.3904432552,122445.6303872751,950850.0,69755.72531361599,0.0733614400942482,13.631139174957422,51.0,Ricardo Imóveis
2692635857,https://www.vivareal.com.br/imovel/apartamento-4-quartos-meia-praia-bairros-itapema-com-garagem-200m2-venda-RS1860000-id-2692635857/,Meia Praia (beach band),4,200,1860000.0,9300.0,0.8043425706840525,,,0.1595238489308625,10.594009983361062,254947.3498697293,236240.7817529849,2056290.0,150851.2191748374,0.0733608679587205,13.631245483119022,57.0,Scheeren & Silveira Imobiliaria LTDA
2759653146,https://www.vivareal.com.br/imovel/apartamento-2-quartos-castelo-branco-bairros-itapema-com-garagem-70m2-venda-RS700000-id-2759653146/,Meia Praia (inland),2,70,700000.0,10000.0,0.871447902571042,,,0.4580544642579884,4.0,108464.51662977388,103364.68495944137,767550.0,56290.45887555348,0.0733378397180033,13.635525723762418,55.0,LOPES RIBEIRO ADMINISTRACAO DE BENS LTDA
2748435813,https://www.vivareal.com.br/imovel/apartamento-3-quartos-meia-praia-bairros-itapema-com-garagem-86m2-venda-RS1115842-id-2748435813/,Meia Praia (beach band),3,86,1115842.0,12974.906976744183,1.005555290697674,,,0.1595238489308625,6.0,147918.26649225067,148205.3539501448,1192819.713,87469.46312409808,0.0733299946092508,13.636984501753217,269.0,Ismael Fernandes
2749726632,https://www.vivareal.com.br/imovel/apartamento-2-quartos-morretes-bairros-itapema-com-garagem-64m2-venda-RS790000-id-2749726632/,Morretes,2,64,790000.0,12343.75,1.0493499187398423,,,0.3257284929846319,4.0,109855.16268836232,111722.99981896416,848235.0,62200.62085896724,0.0733294674930499,13.637082528858922,51.0,CONFIARI INVESTIMENTOS IMOBILIÁRIOS
2569451172,https://www.vivareal.com.br/imovel/apartamento-4-quartos-meia-praia-bairros-itapema-com-garagem-162m2-venda-RS1400000-id-2569451172/,Meia Praia (beach band),4,162,1400000.0,8641.975308641975,0.7474310360796983,,,0.1595238489308625,8.0,205292.51054757493,185405.6652820604,1561500.0,114461.12599809778,0.0733020339405045,13.642186256545742,57.0,Reggiori Imóveis
2761509821,https://www.vivareal.com.br/imovel/apartamento-4-quartos-meia-praia-bairros-itapema-com-garagem-160m2-venda-RS1575000-id-2761509821/,Meia Praia (beach band),4,160,1575000.0,9843.75,0.8513706645345314,350.0,22800.0,0.1595238489308625,8.0,213028.1509454837,201362.4730386625,1729987.5,126799.07220337947,0.0732947909758766,13.64353437243756,57.0,REDE MOI
2693494335,https://www.vivareal.com.br/imovel/apartamento-2-quartos-morretes-bairros-itapema-com-garagem-60m2-venda-RS897777-id-2693494335/,Morretes,2,60,897777.0,14962.95,1.272009751218902,,10.0,0.3257284929846319,4.0,112264.494242136,122127.67192937728,948679.2405,69522.03244729772,0.0732829701329358,13.645735130358297,51.0,Auxiliadora Predial - Florianópolis - Santa Mônica
2609059401,https://www.vivareal.com.br/imovel/apartamento-4-quartos-meia-praia-bairros-itapema-com-garagem-145m2-venda-RS1530000-id-2609059401/,Meia Praia (beach band),4,145,1530000.0,10551.724137931034,0.9126022492744532,600.0,1200.0,0.1595238489308625,8.0,205292.51054757493,198825.29842796843,1668045.0,122187.83251482424,0.0732521200056498,13.651482031139452,57.0,Imobille Negócios Imobiliários
2693495016,https://www.vivareal.com.br/imovel/apartamento-2-quartos-morretes-bairros-itapema-com-garagem-64m2-venda-RS839980-id-2693495016/,Morretes,2,64,839980.0,13124.6875,1.1157379047380922,,10.0,0.3257284929846319,4.0,112264.494242136,116651.19437003344,897040.47,65678.36249982267,0.0732167217604158,13.658082142386268,51.0,Auxiliadora Predial - Florianópolis - Santa Mônica
2766831358,https://www.vivareal.com.br/imovel/cobertura-4-quartos-meia-praia-bairros-itapema-com-garagem-152m2-venda-RS1280000-id-2766831358/,Meia Praia (beach band),4,152,1280000.0,8421.052631578947,0.7283237765107435,1250.0,1.0,0.1595238489308625,8.0,205292.51054757493,183732.792828184,1432320.0,104638.8280349967,0.0730554820396257,13.688226702242472,57.0,Arlete Imóveis
2752619294,https://www.vivareal.com.br/imovel/apartamento-2-quartos-morretes-bairros-itapema-com-garagem-60m2-venda-RS680000-id-2752619294/,Morretes,2,60,680000.0,11333.333333333334,0.963453765053965,250.0,700.0,0.3257284929846319,4.0,98164.92389978,96894.05727329328,736020.0,53760.466822430535,0.0730421276900499,13.690729331481728,51.0,Viviani Schmitt Luz
2648677395,https://www.vivareal.com.br/imovel/apartamento-2-quartos-morretes-bairros-itapema-com-garagem-70m2-venda-RS818000-id-2648677395/,Morretes,2,70,818000.0,11685.714285714286,0.9934098905220294,,,0.3257284929846319,6.0,115051.24138019844,114785.3008485428,882777.0,64390.06168263015,0.0729403481090129,13.709833116034082,51.0,TAB IMÓVEIS
2555701613,https://www.vivareal.com.br/imovel/apartamento-2-quartos-morretes-bairros-itapema-com-garagem-69m2-venda-RS740000-id-2555701613/,Morretes,2,69,740000.0,10724.63768115942,0.911708166419353,,,0.3257284929846319,5.0,110328.32469318224,106816.0636123549,805410.0,58740.07189367983,0.072931887974671,13.711423463318209,51.0,CONFIARI INVESTIMENTOS IMOBILIÁRIOS
2710044482,https://www.vivareal.com.br/imovel/apartamento-2-quartos-morretes-bairros-itapema-com-garagem-65m2-venda-RS610000-id-2710044482/,Morretes,2,65,610000.0,9384.615384615385,0.7977920316962697,270.0,490.0,0.3257284929846319,4.0,97994.80052746032,90544.99023337146,673665.0,49092.21319049307,0.0728733319832454,13.722441019026176,51.0,Airton Investimentos Imobiliários BC
2748559981,https://www.vivareal.com.br/imovel/apartamento-2-quartos-morretes-bairros-itapema-com-garagem-62m2-venda-RS828376-id-2748559981/,Morretes,2,62,828376.0,13360.90322580645,1.1358187515374905,,,0.3257284929846319,4.0,109855.16268836232,114862.59760684156,883309.164,64355.40228926914,0.0728571658849779,13.72548585788712,51.0,Luiz Carlos Imóveis BC
2767582145,https://www.vivareal.com.br/imovel/apartamento-2-quartos-morretes-bairros-itapema-com-garagem-70m2-venda-RS769500-id-2767582145/,Morretes,2,70,769500.0,10992.857142857143,0.9345096708517135,,100.0,0.3257284929846319,6.0,112386.99400293404,109754.00714270811,835416.75,60816.07671796241,0.0727972915529433,13.736774798451515,51.0,HRM Imóveis
2730793750,https://www.vivareal.com.br/imovel/apartamento-2-quartos-morretes-bairros-itapema-com-garagem-60m2-venda-RS860000-id-2730793750/,Morretes,2,60,860000.0,14333.333333333334,1.218485644038838,,,0.3257284929846319,4.0,109855.16268836232,117721.9961126294,911790.0,66348.81789389942,0.0727676525229487,13.742369931263484,51.0,Reggiori Imóveis
2560059675,https://www.vivareal.com.br/imovel/apartamento-2-quartos-morretes-bairros-itapema-com-garagem-69m2-venda-RS797015-id-2560059675/,Morretes,2,69,797015.0,11550.942028985508,0.9819528165658388,,,0.3257284929846319,5.0,112943.76923202375,112226.13187855402,861085.1475,62537.887006639125,0.0726268327681718,13.769015691377383,51.0,Leonardo Batista
2769757259,https://www.vivareal.com.br/imovel/apartamento-2-quartos-meia-praia-bairros-itapema-com-garagem-68m2-venda-RS886390-id-2769757259/,Meia Praia (inland),2,68,886390.0,13035.14705882353,1.1359451564116851,1.0,1507.0,0.4580544642579884,4.0,109393.70669299604,114384.56255504678,947159.835,68760.93395203781,0.0725969698155938,13.774679611836914,55.0,USUÁRIO NEWCORE
2726963782,https://www.vivareal.com.br/imovel/apartamento-2-quartos-morretes-bairros-itapema-com-garagem-69m2-venda-RS798500-id-2726963782/,Morretes,2,69,798500.0,11572.463768115942,0.9837823930889912,,,0.3257284929846319,5.0,112943.76923202375,112299.27259396168,862535.25,62582.58907896525,0.0725565582148268,13.782351652336931,51.0,Café Inteligência Imobiliária
2764631488,https://www.vivareal.com.br/imovel/apartamento-4-quartos-meia-praia-bairros-itapema-com-garagem-122m2-venda-RS1914000-id-2764631488/,Meia Praia (beach band),4,122,1914000.0,15688.524590163934,1.3568761504400462,,,0.1595238489308625,8.0,210751.81395934089,231021.01873339745,2015421.0,146173.20875916744,0.0725273820006675,13.787895997552974,57.0,Imobille Negócios Imobiliários
2764630954,https://www.vivareal.com.br/imovel/apartamento-2-quartos-morretes-bairros-itapema-com-garagem-67m2-venda-RS790000-id-2764630954/,Morretes,2,67,790000.0,11791.044776119405,1.0023641014828346,400.0,,0.3257284929846319,5.0,110328.32469318224,110419.54421805158,851835.0,61757.85637823717,0.0724997873745938,13.793143900314808,51.0,Imobille Negócios Imobiliários
2749902948,https://www.vivareal.com.br/imovel/apartamento-3-quartos-meia-praia-bairros-itapema-com-garagem-100m2-venda-RS965000-id-2749902948/,Meia Praia (beach band),3,100,965000.0,9650.0,0.747875,,,0.1595238489308625,6.0,147661.91877329318,133385.51288725284,1062322.5,77016.42087378452,0.0724981546317474,13.79345453797376,269.0,CONFIARI INVESTIMENTOS IMOBILIÁRIOS
2763992914,https://www.vivareal.com.br/imovel/apartamento-2-quartos-morretes-bairros-itapema-com-garagem-66m2-venda-RS550000-id-2763992914/,Morretes,2,66,550000.0,8333.333333333334,0.708421886069092,,,0.3257284929846319,4.0,98164.92389978,87007.86733075713,616275.0,44660.51486840162,0.0724684838236203,13.79910199906874,51.0,Ocean Imóveis
2748737155,https://www.vivareal.com.br/imovel/apartamento-2-quartos-morretes-bairros-itapema-70m2-venda-RS795000-id-2748737155/,Morretes,2,70,795000.0,11357.142857142857,0.9654778275855908,400.0,,0.3257284929846319,6.0,112582.10286913652,111206.2415205201,860317.5,62340.71422021199,0.0724624504560374,13.800250939715244,51.0,Imobiliária Inovar Brasil
2560637205,https://www.vivareal.com.br/imovel/apartamento-2-quartos-morretes-bairros-itapema-com-garagem-70m2-venda-RS550002-id-2560637205/,Morretes,2,70,550002.0,7857.171428571429,0.6679430643116103,300.0,500.0,0.3257284929846319,6.0,98101.72961225336,85179.5752325857,621076.953,44997.86258986448,0.0724513482145979,13.802365651471948,51.0,Nei Costa
2684230805,https://www.vivareal.com.br/imovel/apartamento-2-quartos-morretes-bairros-itapema-com-garagem-64m2-venda-RS810000-id-2684230805/,Morretes,2,64,810000.0,12656.25,1.0759157394674332,,,0.3257284929846319,4.0,109855.16268836232,112704.91683280442,867765.0,62800.15447003944,0.0723700016364331,13.817880024705852,51.0,CONFIARI INVESTIMENTOS IMOBILIÁRIOS
2767582350,https://www.vivareal.com.br/imovel/apartamento-2-quartos-morretes-bairros-itapema-com-garagem-66m2-venda-RS825995-id-2767582350/,Morretes,2,66,825995.0,12515.075757575758,1.0639144286975264,300.0,100.0,0.3257284929846319,4.0,109855.16268836232,112263.30308192834,885784.1175,64098.10996933858,0.0723631285580581,13.819192452378331,51.0,HRM Imóveis
2590819120,https://www.vivareal.com.br/imovel/apartamento-3-quartos-meia-praia-bairros-itapema-com-garagem-100m2-venda-RS900000-id-2590819120/,Meia Praia (beach band),3,100,900000.0,9000.0,0.6975,480.0,900.0,0.1595238489308625,6.0,144200.2613930797,127117.84501424091,998850.0,72246.78657537498,0.0723299660363167,13.825528405445423,269.0,Airton Investimentos Imobiliários Itapema
2767583779,https://www.vivareal.com.br/imovel/apartamento-2-quartos-morretes-bairros-itapema-com-garagem-70m2-venda-RS779625-id-2767583779/,Morretes,2,70,779625.0,11137.5,0.9468058507313412,,100.0,0.3257284929846319,6.0,112386.99400293404,110257.3072881518,845303.8125,61124.55433431734,0.0723107519810427,13.8292020564544,51.0,HRM Imóveis
2769184360,https://www.vivareal.com.br/imovel/apartamento-3-quartos-meia-praia-bairros-itapema-com-garagem-87m2-venda-RS1181688-id-2769184360/,Meia Praia (beach band),3,87,1181688.0,13582.620689655172,1.0526531034482758,1.0,1928.0,0.1595238489308625,6.0,143950.35711176414,146559.03370269528,1258318.332,90928.03912613846,0.0722615548178618,13.838617263640955,269.0,USUÁRIO NEWCORE
2693494917,https://www.vivareal.com.br/imovel/apartamento-2-quartos-morretes-bairros-itapema-com-garagem-64m2-venda-RS861200-id-2693494917/,Morretes,2,64,861200.0,13456.25,1.143924240530066,,10.0,0.3257284929846319,4.0,112264.494242136,117674.25738589444,917761.8,66299.46691251147,0.0722403862445696,13.842672388468449,51.0,Auxiliadora Predial - Florianópolis - Santa Mônica
2762693718,https://www.vivareal.com.br/imovel/apartamento-2-quartos-jardim-praia-mar-bairros-itapema-com-garagem-60m2-venda-RS680000-id-2762693718/,Morretes,2,60,680000.0,11333.333333333334,0.963453765053965,300.0,600.0,0.3257284929846319,4.0,98164.92389978,96894.05727329328,736020.0,53160.466822430535,0.0722269324507901,13.84525087897542,51.0,Nossa Casa Imóveis
2560060280,https://www.vivareal.com.br/imovel/apartamento-2-quartos-morretes-bairros-itapema-com-garagem-70m2-venda-RS833848-id-2560060280/,Morretes,2,70,833848.0,11912.114285714286,1.0126562963227546,,,0.3257284929846319,6.0,115051.24138019844,115558.80245013618,898252.5719999999,64861.47656390486,0.0722085063664085,13.848783894319697,51.0,Leonardo Batista
2761398615,https://www.vivareal.com.br/imovel/apartamento-3-quartos-meia-praia-bairros-itapema-com-garagem-100m2-venda-RS965000-id-2761398615/,Meia Praia (inland),3,100,965000.0,9650.0,0.7623327370304114,,,0.2,6.0,145104.27340488392,131956.50442592232,1062322.5,76699.41444873824,0.0721997457916388,13.85046427844634,58.0,Airton Investimentos Imobiliários Itapema
2720737135,https://www.vivareal.com.br/imovel/apartamento-2-quartos-morretes-bairros-itapema-com-garagem-64m2-venda-RS650000-id-2720737135/,Morretes,2,64,650000.0,10156.25,0.8633891736467058,220.0,620.0,0.3257284929846319,4.0,97994.80052746032,93084.06542151106,711525.0,51351.47334100476,0.0721710036063451,13.85598024179452,51.0,Airton Investimentos Imobiliários Itapema
2767582372,https://www.vivareal.com.br/imovel/apartamento-2-quartos-morretes-bairros-itapema-com-garagem-58m2-venda-RS903650-id-2767582372/,Morretes,2,58,903650.0,15580.172413793103,1.3244802151993136,400.0,100.0,0.3257284929846319,4.0,109855.16268836232,120420.560661389,952014.225,68701.7245329071,0.0721645987305568,13.857210011431365,51.0,HRM Imóveis
2636331857,https://www.vivareal.com.br/imovel/apartamento-2-quartos-morretes-bairros-itapema-com-garagem-57m2-venda-RS807717-id-2636331857/,Morretes,2,57,807717.0,14170.473684210529,1.204640843263303,3.0,,0.3257284929846319,4.0,98164.92389978,104774.71509703468,857135.6505,61841.22498142366,0.0721487024199137,13.86026312961092,51.0,Eraci Eponina Jaques de Oliveira
2692347258,https://www.vivareal.com.br/imovel/apartamento-2-quartos-morretes-bairros-itapema-com-garagem-69m2-venda-RS756000-id-2692347258/,Morretes,2,69,756000.0,10956.521739130434,0.9314207754230146,,,0.3257284929846319,5.0,110328.32469318224,107618.78777551989,821034.0,59233.4512242118,0.0721449431134542,13.860985355930106,51.0,CONFIARI INVESTIMENTOS IMOBILIÁRIOS
2582079670,https://www.vivareal.com.br/imovel/apartamento-2-quartos-morretes-bairros-itapema-com-garagem-70m2-venda-RS600000-id-2582079670/,Morretes,2,70,600000.0,8571.42857142857,0.7286625113853515,299.0,1000.0,0.3257284929846319,6.0,100427.33034695868,89895.13050225549,669900.0,48317.3254056003,0.0721261761540532,13.864591932117875,51.0,PB IMÓVEIS
2743552353,https://www.vivareal.com.br/imovel/apartamento-2-quartos-morretes-bairros-itapema-com-garagem-70m2-venda-RS961916-id-2743552353/,Morretes,2,70,961916.0,13741.657142857142,1.16818688050292,1.0,1.0,0.3257284929846319,6.0,115051.24138019844,121484.43062379904,1023310.974,73798.94670283515,0.0721178103019494,13.86620026056127,51.0,PB IMÓVEIS EXCLUSIVOS
2621682806,https://www.vivareal.com.br/imovel/apartamento-2-quartos-morretes-bairros-itapema-com-garagem-70m2-venda-RS690000-id-2621682806/,Morretes,2,70,690000.0,9857.142857142857,0.8379618880931544,3.0,,0.3257284929846319,6.0,100427.33034695868,94401.82958184388,757785.0,54637.68466927101,0.0721018292382021,13.869273644865643,51.0,Eraci Eponina Jaques de Oliveira
2713180530,https://www.vivareal.com.br/imovel/apartamento-3-quartos-meia-praia-bairros-itapema-com-garagem-107m2-venda-RS900000-id-2713180530/,Meia Praia (beach band),3,107,900000.0,8411.214953271028,0.6518691588785046,,,0.1595238489308625,6.0,147661.91877329318,127123.15401836754,1007250.0,72611.03377867627,0.0720883929299342,13.871858691203482,269.0,Matheus Aluoto Negócios Imobiliários
2693495014,https://www.vivareal.com.br/imovel/apartamento-2-quartos-morretes-bairros-itapema-com-garagem-64m2-venda-RS865014-id-2693495014/,Morretes,2,64,865014.0,13515.84375,1.1489903425428176,,10.0,0.3257284929846319,4.0,112264.494242136,117856.39605365157,921486.171,66409.70764671716,0.0720680458770739,13.875775148748934,51.0,Auxiliadora Predial - Florianópolis - Santa Mônica
2766853326,https://www.vivareal.com.br/imovel/apartamento-3-quartos-meia-praia-bairros-itapema-com-garagem-101m2-venda-RS959260-id-2766853326/,Meia Praia (beach band),3,101,959260.0,9497.623762376235,0.7360658415841582,,,0.1595238489308625,6.0,147325.27819684698,132342.12453801956,1057917.39,76235.09219439789,0.0720614793886674,13.877039556826832,269.0,LANA NEGOCIOS IMOBILIARIOS LTDA
2693494822,https://www.vivareal.com.br/imovel/apartamento-2-quartos-morretes-bairros-itapema-com-garagem-64m2-venda-RS865680-id-2693494822/,Morretes,2,64,865680.0,13526.25,1.1498749843730465,,10.0,0.3257284929846319,4.0,112264.494242136,117888.147510284,922136.52,66428.9150120231,0.0720380481319871,13.88155323375522,51.0,Auxiliadora Predial - Florianópolis - Santa Mônica
2613519000,https://www.vivareal.com.br/imovel/apartamento-2-quartos-morretes-bairros-itapema-com-garagem-67m2-venda-RS550000-id-2613519000/,Morretes,2,67,550000.0,8208.955223880597,0.6978484250829861,,,0.3257284929846319,5.0,98416.87824456352,86773.2714533035,617475.0,44472.83816643871,0.0720237064924712,13.884317382423674,51.0,Eraci Eponina Jaques de Oliveira
2767583142,https://www.vivareal.com.br/imovel/apartamento-2-quartos-morretes-bairros-itapema-com-garagem-64m2-venda-RS861655-id-2767583142/,Morretes,2,64,861655.0,13463.359375,1.1445286129516188,300.0,100.0,0.3257284929846319,4.0,109855.16268836232,115170.1150360088,918206.1075,66091.92153260295,0.0719793965567833,13.89286445616582,51.0,HRM Imóveis
2760097339,https://www.vivareal.com.br/imovel/apartamento-2-quartos-meia-praia-bairros-itapema-com-garagem-60m2-venda-RS650000-id-2760097339/,Centro,2,60,650000.0,10833.333333333334,0.8092369477911646,500.0,1200.0,0.1962021858673939,4.0,103339.49347349184,95960.5712559022,706725.0,50822.22056803634,0.071912300496001,13.905826862757769,65.0,Leardi Sao Jose 288 - CRECI: 54756F
