airbnb_listing_id,latitude,longitude,suburb,country,state,city,aquisition_date,dist_beach_km,comp_300m,comp_1km,micro_zone
1207992119242235910,-27.09306,-48.61326,Centro,Brasil,Santa Catarina,Itapema,2025-11-03 19:00:38.406,0.24734683181542166,240,702,Centro
794092172388379022,-27.0940494537,-48.6120910645,Centro,Brasil,Santa Catarina,Itapema,2023-06-26 19:14:29.000,0.08843120716631103,205,731,Centro
768031350632379804,-27.1359996796,-48.5989990234,Meia Praia,Brasil,Santa Catarina,Itapema,2022-12-06 12:43:34.000,0.4555934039338818,337,1874,Meia Praia (inland)
753076868199108828,-27.12413,-48.60815,Meia Praia,Brasil,Santa Catarina,Itapema,2024-10-07 19:41:57.002,0.3721678025385083,256,1495,Meia Praia (inland)
540415335028124722,-27.1319999695,-48.5989990234,Meia Praia,Brasil,Santa Catarina,Itapema,2023-01-19 12:18:27.000,0.1636559729974765,426,1983,Meia Praia (beach band)
780281674162046667,-27.1318397522,-48.6023483276,Meia Praia,Brasil,Santa Catarina,Itapema,2023-01-19 12:18:27.000,0.40655050411783833,369,1925,Meia Praia (inland)
752994213751607067,-27.1223,-48.61452,Morretes,Brasil,Santa Catarina,Itapema,2024-10-07 19:01:22.631,0.8707590555142322,45,915,Morretes
765220485646135765,-27.1289997101,-48.6059989929,Meia Praia,Brasil,Santa Catarina,Itapema,2022-12-06 12:43:34.000,0.5111312515247619,323,1758,Meia Praia (inland)
756349386368160913,-27.1310005188,-48.5989990234,Meia Praia,Brasil,Santa Catarina,Itapema,2022-12-06 12:43:34.000,0.09013252110859522,378,1924,Meia Praia (beach band)
773039905942910109,-27.1229991913,-48.608001709,Meia Praia,Brasil,Santa Catarina,Itapema,2023-01-19 12:18:27.000,0.30747905804389264,307,1423,Meia Praia (beach band)
770849753679081492,-27.1270008087,-48.6069984436,Meia Praia,Brasil,Santa Catarina,Itapema,2022-12-06 12:43:34.000,0.45382154048001955,310,1657,Meia Praia (inland)
792096103347120988,-27.1060009003,-48.6150016785,Tabuleiro dos Oliveiras,Brasil,Santa Catarina,Itapema,2023-01-19 12:18:27.000,0.21637652937220325,125,428,Tabuleiro dos Oliveiras
799251513158018593,-27.1149997711,-48.6090011597,Morretes,Brasil,Santa Catarina,Itapema,2023-01-19 12:18:27.000,0.06120251326296806,96,671,Morretes
807901303033876952,-27.104999542236328,-48.61399841308594,Centro,Brasil,Santa Catarina,Itapema,2023-02-22 16:36:39.000,0.10017006285535787,109,461,Centro
792567012140217848,-27.13800048828125,-48.59400177001953,Meia Praia,Brasil,Santa Catarina,Itapema,2023-03-02 13:02:00.000,0.206336375063646,357,1518,Meia Praia (beach band)
16992951,-27.10152,-48.61475,Centro,Brasil,Santa Catarina,Itapema,2024-10-07 19:01:22.190,0.17136715007477626,170,680,Centro
37417268,-27.090370178222656,-48.61484146118164,Centro,Brasil,Santa Catarina,Itapema,2023-02-09 15:17:56.000,0.5564656678717579,114,620,Centro
1176887674899695718,-27.130096435546875,-48.60426330566406,Meia Praia,Brasil,Santa Catarina,Itapema,2024-06-17 19:01:54.279,0.4516748119834585,382,1842,Meia Praia (inland)
683254546329214746,-27.1407299042,-48.5958213806,Meia Praia,Brasil,Santa Catarina,Itapema,2023-06-26 19:09:50.000,0.5139678546941556,224,1363,Meia Praia (inland)
711735081107146147,-27.0967331744,-48.6143698543,Centro,Brasil,Santa Catarina,Itapema,2022-10-03 13:39:14.000,0.15255221669498603,183,774,Centro
27397473,-27.1303596497,-48.6029014587,Meia Praia,Brasil,Santa Catarina,Itapema,2022-11-28 11:33:01.000,0.35767361049894886,395,1907,Meia Praia (inland)
54218940,-27.13747,-48.59465,Meia Praia,Brasil,Santa Catarina,Itapema,2024-10-07 19:50:14.722,0.22151109227020085,373,1578,Meia Praia (beach band)
16566726,-27.0983,-48.61561,Centro,Brasil,Santa Catarina,Itapema,2024-10-07 19:41:40.672,0.25147357739786075,175,743,Centro
51453135,-27.12209,-48.60704,Meia Praia,Brasil,Santa Catarina,Itapema,2021-10-25 14:40:16.352,0.18190696285860952,319,1349,Meia Praia (beach band)
51785337,-27.11956,-48.61128,Morretes,Brasil,Santa Catarina,Itapema,2021-10-25 14:40:16.352,0.44801761728595835,169,964,Morretes
968676271316056907,-27.108999252319336,-48.6150016784668,Tabuleiro dos Oliveiras,Brasil,Santa Catarina,Itapema,2023-11-06 19:02:55.043,0.30040623897874175,53,431,Tabuleiro dos Oliveiras
1084684660471816372,-27.123569508428385,-48.61736045611764,Morretes,Brasil,Santa Catarina,Itapema,2025-04-21 19:03:10.720,1.1857279943602084,43,465,Morretes
1276175886462563504,-27.13704,-48.59735,Meia Praia,Brasil,Santa Catarina,Itapema,2024-11-04 19:01:17.742,0.40393130122491594,380,1712,Meia Praia (inland)
1268356543846662992,-27.1387233,-48.59682429999999,Meia Praia,Brasil,Santa Catarina,Itapema,2024-11-04 19:01:17.742,0.4773843494855599,312,1553,Meia Praia (inland)
1270377015190277716,-27.122712738746333,-48.6043672779431,Meia Praia,Brasil,Santa Catarina,Itapema,2024-11-04 19:01:17.311,0.030521133150666003,217,1420,Meia Praia (beach band)
1274055523929375490,-27.1276039,-48.6052271,Meia Praia,Brasil,Santa Catarina,Itapema,2024-11-04 19:01:17.479,0.3541461216422645,382,1736,Meia Praia (inland)
1274797415798183244,-27.12958049865842,-48.60393579647425,Meia Praia,Brasil,Santa Catarina,Itapema,2024-11-04 19:06:10.522,0.39198789507060866,416,1841,Meia Praia (inland)
1269744096051808853,-27.138803497595,-48.59462705134203,Meia Praia,Brasil,Santa Catarina,Itapema,2024-11-04 19:06:11.766,0.3097329652555819,386,1512,Meia Praia (beach band)
1279044816202788334,-27.09366735053049,-48.61232814201241,Centro,Brasil,Santa Catarina,Itapema,2024-11-04 19:06:12.254,0.1329216768349202,220,715,Centro
1268710208854055752,-27.13254440506064,-48.61732001769514,Morretes,Brasil,Santa Catarina,Itapema,2024-11-04 19:06:08.682,1.646790009580083,9,136,Morretes
1094307053007905987,-27.08799934387207,-48.61299896240234,Alto Sao Bento,Brasil,Santa Catarina,Itapema,2024-03-18 19:01:37.494,0.6067504194002761,88,500,Alto Sao Bento
1070343877574441166,-27.117000579833984,-48.61299896240234,Morretes,Brasil,Santa Catarina,Itapema,2024-03-18 19:01:39.290,0.5072198888013619,146,714,Morretes
1013616590713546479,-27.13502,-48.5949,Meia Praia,Brasil,Santa Catarina,Itapema,2024-09-25 17:35:35.399,0.07334471840578494,236,1674,Meia Praia (beach band)
1170581686192011483,-27.12276022232227,-48.60571436583996,Meia Praia,Brasil,Santa Catarina,Itapema,2024-12-19 17:34:49.048,0.08736708674960186,311,1431,Meia Praia (beach band)
1072539500992627353,-27.12071,-48.60684,Meia Praia,Brasil,Santa Catarina,Itapema,2024-12-19 17:34:44.792,0.10671419258332167,241,1187,Meia Praia (beach band)
1068879391520187607,-27.13572,-48.59637,Meia Praia,Brasil,Santa Catarina,Itapema,2024-12-19 17:34:44.792,0.23524883727253382,380,1743,Meia Praia (beach band)
1075961351792144902,-27.1197342,-48.6081373,Meia Praia,Brasil,Santa Catarina,Itapema,2024-12-19 17:34:59.892,0.1771425142160452,237,1093,Meia Praia (beach band)
1071056510814014044,-27.131045476894865,-48.60416974872351,Meia Praia,Brasil,Santa Catarina,Itapema,2024-12-19 17:34:59.892,0.5043879377901819,321,1873,Meia Praia (inland)
956398979498945273,-27.12121,-48.60852,Meia Praia,Brasil,Santa Catarina,Itapema,2024-10-07 19:50:05.249,0.282027389712893,265,1208,Meia Praia (beach band)
30117708,-27.1255,-48.60572,Meia Praia,Brasil,Santa Catarina,Itapema,2024-10-07 19:49:39.872,0.25524769969068994,424,1616,Meia Praia (beach band)
1127012795040580227,-27.13513946533203,-48.6001091003418,Meia Praia,Brasil,Santa Catarina,Itapema,2024-05-06 19:01:55.295,0.47840323608474855,298,1970,Meia Praia (inland)
41731457,-27.14423,-48.60151,Meia Praia,Brasil,Santa Catarina,Itapema,2021-10-25 14:40:16.352,0.8512637532548438,6,541,Meia Praia (inland)
21103807,-27.13463,-48.59678,Meia Praia,Brasil,Santa Catarina,Itapema,2021-10-25 14:40:16.352,0.18915809377658205,388,1828,Meia Praia (beach band)
1116064168031867528,-27.08799934387207,-48.6150016784668,Casa Branca,Brasil,Santa Catarina,Itapema,2024-04-08 19:00:57.929,0.7365419155155117,83,520,Casa Branca
1121120387558822074,-27.13911,-48.59552,Meia Praia,Brasil,Santa Catarina,Itapema,2024-09-30 19:01:18.325,0.4007020376084323,357,1515,Meia Praia (inland)
1120353092365123845,-27.12633,-48.60565,Meia Praia,Brasil,Santa Catarina,Itapema,2024-10-07 19:47:24.034,0.3011680686337538,400,1667,Meia Praia (beach band)
1020352360748829864,-27.1056,-48.61302,Centro,Brasil,Santa Catarina,Itapema,2024-10-07 19:32:38.720,0.015342824526669574,85,443,Centro
1153552657765472365,-27.099814589199163,-48.61619541223374,Centro,Brasil,Santa Catarina,Itapema,2024-08-19 19:12:59.753,0.309244798690474,163,738,Centro
1154503921019083216,-27.12745,-48.60524,Meia Praia,Brasil,Santa Catarina,Itapema,2024-10-07 19:47:24.034,0.34463661434280274,386,1729,Meia Praia (beach band)
1148360450191371304,-27.1289005279541,-48.603736877441406,Meia Praia,Brasil,Santa Catarina,Itapema,2024-05-20 19:01:43.671,0.3293172483175861,427,1831,Meia Praia (beach band)
1153593997091090463,-27.133798599243164,-48.598392486572266,Meia Praia,Brasil,Santa Catarina,Itapema,2024-05-20 19:01:43.129,0.2523212317682925,439,1986,Meia Praia (beach band)
47782979,-27.090856552124023,-48.60811614990234,Canto da Praia,Brasil,Santa Catarina,Itapema,2024-05-20 19:02:00.313,0.08296769119011399,34,484,Canto da Praia
1101585118067937280,-27.13999938964844,-48.59700012207031,Meia Praia,Brasil,Santa Catarina,Itapema,2024-03-18 19:02:26.457,0.577300090383782,243,1467,Meia Praia (inland)
1045077329214831775,-27.12212,-48.61756,Morretes,Brasil,Santa Catarina,Itapema,2024-10-07 19:50:10.873,1.1322431398092712,44,500,Morretes
1040596323630843856,-27.11899948120117,-48.61100006103516,Morretes,Brasil,Santa Catarina,Itapema,2023-12-18 19:02:12.184,0.396136952267799,196,930,Morretes
1093543433835743780,-27.14102,-48.59885,Meia Praia,Brasil,Santa Catarina,Itapema,2024-10-07 19:26:36.077,0.7920223774605543,111,1297,Meia Praia (inland)
1088251024341369589,-27.11899948120117,-48.61000061035156,Morretes,Brasil,Santa Catarina,Itapema,2024-02-26 19:01:37.291,0.3067118892498053,224,974,Morretes
1083301106167776779,-27.11899948120117,-48.61000061035156,Morretes,Brasil,Santa Catarina,Itapema,2024-02-26 19:02:37.705,0.3067118892498053,224,974,Morretes
1020942153159227291,-27.13599967956543,-48.5989990234375,Meia Praia,Brasil,Santa Catarina,Itapema,2023-12-04 19:01:38.991,0.4555934043594409,337,1874,Meia Praia (inland)
1031148728972114643,-27.1299991607666,-48.59999847412109,Meia Praia,Brasil,Santa Catarina,Itapema,2023-12-04 19:01:46.975,0.09920556235050584,407,1899,Meia Praia (beach band)
34866449,-27.14122,-48.59192,Meia Praia,Brasil,Santa Catarina,Itapema,2024-10-07 19:32:32.826,0.19858312167506134,212,1112,Meia Praia (beach band)
733514433976812864,-27.13183,-48.59939,Meia Praia,Brasil,Santa Catarina,Itapema,2022-11-08 18:24:34.000,0.1800917461455199,440,1981,Meia Praia (beach band)
41051267,-27.13813,-48.59162,Meia Praia,Brasil,Santa Catarina,Itapema,2024-10-07 19:23:34.680,0.016301041496659424,240,1320,Meia Praia (beach band)
23390752,-27.10788,-48.61457,Tabuleiro dos Oliveiras,Brasil,Santa Catarina,Itapema,2021-10-25 14:40:16.352,0.21217991310983217,82,428,Tabuleiro dos Oliveiras
31308297,-27.09095,-48.62106,Casa Branca,Brasil,Santa Catarina,Itapema,2024-10-07 19:23:09.398,1.0219509110208425,17,523,Casa Branca
46011731,-27.12366,-48.60651,Meia Praia,Brasil,Santa Catarina,Itapema,2021-10-25 14:40:16.352,0.20561570539062105,352,1498,Meia Praia (beach band)
31380471,-27.12558,-48.60579,Meia Praia,Brasil,Santa Catarina,Itapema,2024-10-07 19:33:08.671,0.2660328306931253,417,1622,Meia Praia (beach band)
41686810,-27.1271,-48.60526,Meia Praia,Brasil,Santa Catarina,Itapema,2024-10-07 19:49:39.872,0.32186106784920926,385,1699,Meia Praia (beach band)
48169521,-27.12482,-48.604,Meia Praia,Brasil,Santa Catarina,Itapema,2024-10-07 19:41:46.975,0.0720569951320196,292,1586,Meia Praia (beach band)
21383448,-27.12059,-48.6082,Meia Praia,Brasil,Santa Catarina,Itapema,2021-10-25 14:40:16.352,0.22505033972146146,257,1164,Meia Praia (beach band)
24404503,-27.11635,-48.60769,Meia Praia,Brasil,Santa Catarina,Itapema,2024-10-07 19:41:33.468,0.01340810209708388,87,762,Meia Praia (beach band)
25918412,-27.12254,-48.60642,Meia Praia,Brasil,Santa Catarina,Itapema,2021-10-25 14:40:16.352,0.14314413400510706,330,1395,Meia Praia (beach band)
28029195,-27.12169,-48.60843,Meia Praia,Brasil,Santa Catarina,Itapema,2024-10-07 19:23:38.925,0.2934175480473301,285,1264,Meia Praia (beach band)
32270068,-27.12189,-48.60489,Meia Praia,Brasil,Santa Catarina,Itapema,2024-10-07 19:49:39.872,0.024925579484518907,208,1322,Meia Praia (beach band)
37804764,-27.12145,-48.60781,Meia Praia,Brasil,Santa Catarina,Itapema,2024-10-07 19:23:38.925,0.22660659922823947,298,1250,Meia Praia (beach band)
39316910,-27.12098,-48.6058,Meia Praia,Brasil,Santa Catarina,Itapema,2025-02-17 19:05:52.074,0.02447615466117286,230,1216,Meia Praia (beach band)
42832318,-27.11691,-48.61393,Morretes,Brasil,Santa Catarina,Itapema,2021-10-25 14:40:16.352,0.5908594226397258,109,659,Morretes
53340772,-27.1317806244,-48.5987701416,Meia Praia,Brasil,Santa Catarina,Itapema,2023-06-26 19:09:47.000,0.1304442528318554,412,1966,Meia Praia (beach band)
52585644,-27.13666,-48.59801,Meia Praia,Brasil,Santa Catarina,Itapema,2022-01-11 19:06:34.950,0.42710456143882297,369,1796,Meia Praia (inland)
53043874,-27.123512,-48.607018,Meia Praia,Brasil,Santa Catarina,Itapema,2022-01-11 19:12:10.988,0.24102576098732045,341,1477,Meia Praia (beach band)
53738511,-27.14046,-48.59394,Meia Praia,Brasil,Santa Catarina,Itapema,2022-01-11 19:12:10.988,0.3329842267436226,315,1305,Meia Praia (beach band)
1062531273496862060,-27.11892235393654,-48.610703609883785,Morretes,Brasil,Santa Catarina,Itapema,2024-09-02 19:01:19.399,0.365768052151932,206,932,Morretes
1232881616131790997,-27.13505,-48.59823,Meia Praia,Brasil,Santa Catarina,Itapema,2024-10-07 20:14:06.822,0.3294831261058625,412,1894,Meia Praia (beach band)
1225979956577609938,-27.14074896837023,-48.59380866028928,Meia Praia,Brasil,Santa Catarina,Itapema,2024-09-02 19:01:19.828,0.335261961112989,281,1275,Meia Praia (beach band)
1030481451149804053,-27.13357925415039,-48.598777770996094,Meia Praia,Brasil,Santa Catarina,Itapema,2023-12-04 19:02:02.893,0.2642037088981824,447,1996,Meia Praia (beach band)
22428497,-27.14021,-48.59486,Meia Praia,Brasil,Santa Catarina,Itapema,2024-10-07 19:32:48.890,0.4029316269697066,296,1373,Meia Praia (inland)
1046481075180202571,-27.12700080871582,-48.60699844360352,Meia Praia,Brasil,Santa Catarina,Itapema,2024-01-01 19:01:26.178,0.45382154172556516,310,1657,Meia Praia (inland)
1047076421918890039,-27.12700080871582,-48.604000091552734,Meia Praia,Brasil,Santa Catarina,Itapema,2024-01-01 19:00:57.331,0.21729964865061133,387,1738,Meia Praia (beach band)
41658086,-27.13219,-48.60826,Meia Praia,Brasil,Santa Catarina,Itapema,2021-10-25 14:40:16.352,0.9080965238247446,88,1458,Meia Praia (inland)
41227471,-27.13434,-48.59926,Meia Praia,Brasil,Santa Catarina,Itapema,2021-10-25 14:40:16.352,0.356224059558034,413,1998,Meia Praia (inland)
27867004,-27.100616,-48.614845,Centro,Brasil,Santa Catarina,Itapema,2021-10-25 14:40:16.352,0.17750137311578007,182,722,Centro
27873929,-27.09578,-48.61393,Centro,Brasil,Santa Catarina,Itapema,2021-10-25 14:40:16.352,0.15617731822128003,218,774,Centro
42840664,-27.09818,-48.61519,Centro,Brasil,Santa Catarina,Itapema,2021-10-25 14:40:16.352,0.20961752438578854,177,743,Centro
46990438,-27.0944309235,-48.6145896912,Centro,Brasil,Santa Catarina,Itapema,2023-06-26 19:06:17.000,0.27761600677519954,249,747,Centro
47068610,-27.10461,-48.61428,Centro,Brasil,Santa Catarina,Itapema,2024-10-07 20:01:59.781,0.12807972547031513,128,477,Centro
791866491124143496,-27.1200008392334,-48.61100006103516,Morretes,Brasil,Santa Catarina,Itapema,2023-03-02 13:02:00.000,0.4447992411428541,186,1019,Morretes
813637154637076778,-27.09256,-48.65141,Areal,Brasil,Santa Catarina,Itapema,2024-10-07 19:16:39.610,3.8401593770235194,2,6,Areal
823312522991742278,-27.13277053833008,-48.6054916381836,Meia Praia,Brasil,Santa Catarina,Itapema,2023-03-02 13:02:00.000,0.7215267069159427,167,1763,Meia Praia (inland)
31381073,-27.1304893494,-48.6007385254,Meia Praia,Brasil,Santa Catarina,Itapema,2023-06-26 19:10:56.000,0.1900601097948186,451,1925,Meia Praia (beach band)
22612962,-27.14282,-48.58731,Meia Praia,Brasil,Santa Catarina,Itapema,2021-10-25 14:40:16.352,0.05208422355893619,135,623,Meia Praia (beach band)
44165747,-27.13508,-48.59791,Meia Praia,Brasil,Santa Catarina,Itapema,2021-10-25 14:40:16.352,0.3073901728000604,419,1882,Meia Praia (beach band)
45655263,-27.13,-48.604,Meia Praia,Brasil,Santa Catarina,Itapema,2021-10-25 14:40:16.352,0.4241284705741807,398,1847,Meia Praia (inland)
32644324,-27.109,-48.616,Tabuleiro dos Oliveiras,Brasil,Santa Catarina,Itapema,2021-10-25 14:40:16.352,0.3884359088490199,51,411,Tabuleiro dos Oliveiras
805120730441681952,-27.128320693969727,-48.6009407043457,Meia Praia,Brasil,Santa Catarina,Itapema,2023-03-02 13:02:00.000,0.06859033030997924,307,1824,Meia Praia (beach band)
1188339469325210376,-27.09306,-48.61326,Centro,Brasil,Santa Catarina,Itapema,2025-09-22 19:01:43.462,0.24734683181542166,240,702,Centro
553578003486746447,-27.13445,-48.596,Meia Praia,Brasil,Santa Catarina,Itapema,2022-07-11 18:11:37.000,0.11674959476162802,316,1784,Meia Praia (beach band)
51623204,-27.1028,-48.61519,Centro,Brasil,Santa Catarina,Itapema,2024-10-07 19:41:40.672,0.2182545130744984,152,566,Centro
53567582,-27.13881,-48.59217,Meia Praia,Brasil,Santa Catarina,Itapema,2022-01-11 17:08:58.877,0.09519230378270901,290,1322,Meia Praia (beach band)
53682994,-27.14069,-48.59153,Meia Praia,Brasil,Santa Catarina,Itapema,2022-01-11 17:08:58.877,0.1310933737981735,230,1122,Meia Praia (beach band)
53796581,-27.11673,-48.60955,Morretes,Brasil,Santa Catarina,Itapema,2024-10-07 19:16:23.912,0.17459245059132944,175,786,Morretes
764376917677304019,-27.1118602753,-48.6096115112,Morretes,Brasil,Santa Catarina,Itapema,2022-12-06 12:43:34.000,0.006925145512509668,33,513,Morretes
754141022905987471,-27.1267204285,-48.6050186157,Meia Praia,Brasil,Santa Catarina,Itapema,2023-01-19 12:18:27.000,0.2765344065674503,385,1693,Meia Praia (beach band)
786698298677447363,-27.1455898285,-48.5957107544,Meia Praia,Brasil,Santa Catarina,Itapema,2023-01-19 12:18:27.000,0.40955870772572195,2,814,Meia Praia (inland)
784821821299783202,-27.1419391632,-48.587928772,Meia Praia,Brasil,Santa Catarina,Itapema,2023-01-19 12:18:27.000,0.019255687921437847,132,719,Meia Praia (beach band)
784842998263544489,-27.14047,-48.59365,Meia Praia,Brasil,Santa Catarina,Itapema,2024-10-07 19:47:13.646,0.307668263773943,317,1289,Meia Praia (beach band)
790518755885066166,-27.0949993134,-48.6139984131,Centro,Brasil,Santa Catarina,Itapema,2023-01-19 12:18:27.000,0.19824179525945,247,760,Centro
673825002694927178,-27.12955,-48.60092,Meia Praia,Brasil,Santa Catarina,Itapema,2024-10-07 19:32:57.037,0.14485110723324754,429,1905,Meia Praia (beach band)
39202645,-27.12431,-48.60648,Meia Praia,Brasil,Santa Catarina,Itapema,2021-10-25 14:40:16.352,0.24386108079010257,357,1529,Meia Praia (beach band)
40489485,-27.1368598938,-48.6015014648,Meia Praia,Brasil,Santa Catarina,Itapema,2023-06-26 19:06:17.000,0.7075811880587722,156,1833,Meia Praia (inland)
673864548944219599,-27.0990606,-48.6146317,Centro,Brasil,Santa Catarina,Itapema,2022-08-15 20:53:40.000,0.1544264307667772,175,752,Centro
766523470893238581,-27.104999542236328,-48.61399841308594,Centro,Brasil,Santa Catarina,Itapema,2023-02-08 15:37:30.000,0.10017006285535787,109,461,Centro
547281489077476284,-27.13443,-48.61091,Jardim Praiamar,Brasil,Santa Catarina,Itapema,2022-07-11 18:11:37.000,1.267885879388598,23,632,Jardim Praiamar
581631443102244426,-27.12094,-48.61105,Morretes,Brasil,Santa Catarina,Itapema,2022-07-11 18:11:37.000,0.4953595290418935,131,1107,Morretes
958585314340676290,-27.1350002289,-48.5970001221,Meia Praia,Brasil,Santa Catarina,Itapema,2023-09-18 19:03:39.000,0.2323142822773872,410,1834,Meia Praia (beach band)
963916345061155113,-27.1219997406,-48.6069984436,Meia Praia,Brasil,Santa Catarina,Itapema,2023-09-18 19:04:00.000,0.17408729905326675,316,1332,Meia Praia (beach band)
800038464694663801,-27.14373,-48.58858,Meia Praia,Brasil,Santa Catarina,Itapema,2024-10-07 19:23:32.616,0.1780622863930842,163,666,Meia Praia (beach band)
41635095,-27.1273,-48.60201,Meia Praia,Brasil,Santa Catarina,Itapema,2024-10-07 19:32:46.950,0.08435171996529531,276,1763,Meia Praia (beach band)
9009370,-27.13001,-48.5992,Meia Praia,Brasil,Santa Catarina,Itapema,2021-10-25 14:40:16.352,0.03440015175050584,338,1869,Meia Praia (beach band)
39394644,-27.12987,-48.59797,Meia Praia,Brasil,Santa Catarina,Itapema,2024-10-07 19:23:21.765,0.07151165243487068,222,1785,Meia Praia (beach band)
39990143,-27.09212,-48.63426,Casa Branca,Brasil,Santa Catarina,Itapema,2021-10-25 14:40:16.352,2.1849869113375493,4,21,Casa Branca
1254367793260264188,-27.13607,-48.64992,Sertao do Trombudo,Brasil,Santa Catarina,Itapema,2024-10-21 19:03:17.049,4.69524804086722,0,2,Sertao do Trombudo
1257368703930215344,-27.1292208,-48.6056396,Meia Praia,Brasil,Santa Catarina,Itapema,2024-10-21 19:03:17.304,0.49864789444040847,363,1762,Meia Praia (inland)
1260799506532685081,-27.129022711433283,-48.60630847513676,Meia Praia,Brasil,Santa Catarina,Itapema,2024-10-21 19:03:17.304,0.5365553854860732,283,1728,Meia Praia (inland)
1267447886862969484,-27.129479996899345,-48.602609768925454,Meia Praia,Brasil,Santa Catarina,Itapema,2024-10-21 19:04:06.581,0.2780394477294489,418,1886,Meia Praia (beach band)
52619006,-27.09687,-48.61349,Centro,Brasil,Santa Catarina,Itapema,2021-11-04 15:51:02.709,0.06717121502056403,158,763,Centro
52841443,-27.10264,-48.61569,Centro,Brasil,Santa Catarina,Itapema,2021-11-04 15:51:02.709,0.2678407737971,144,573,Centro
1020333217878509527,-27.10490798950196,-48.61640548706055,Tabuleiro dos Oliveiras,Brasil,Santa Catarina,Itapema,2023-11-20 19:00:58.970,0.33886227897096033,88,467,Tabuleiro dos Oliveiras
1019689003168175177,-27.14198303222656,-48.59310531616211,Meia Praia,Brasil,Santa Catarina,Itapema,2023-11-20 19:01:56.379,0.34286438319477236,171,1129,Meia Praia (beach band)
1020581372983314967,-27.1299991607666,-48.5989990234375,Meia Praia,Brasil,Santa Catarina,Itapema,2023-11-20 19:02:35.943,0.02078348582834654,322,1854,Meia Praia (beach band)
1295017112354125087,-27.14184657069129,-48.59227589629516,Meia Praia,Brasil,Santa Catarina,Itapema,2024-12-16 19:05:45.772,0.27333005410929845,180,1085,Meia Praia (beach band)
1298089208997497330,-27.101439018682097,-48.61390327421071,Centro,Brasil,Santa Catarina,Itapema,2024-12-16 19:05:34.167,0.0870448933773819,169,681,Centro
1294439015861379459,-27.12513775794213,-48.605312031239336,Meia Praia,Brasil,Santa Catarina,Itapema,2024-12-16 19:05:34.167,0.19934788589155997,398,1595,Meia Praia (beach band)
1293507005688062082,-27.130993248765428,-48.59914395958185,Meia Praia,Brasil,Santa Catarina,Itapema,2024-12-16 19:05:34.167,0.09979621461319038,389,1931,Meia Praia (beach band)
1073303527682582222,-27.13623484183863,-48.61570257693528,Leopoldo Zarling,Brasil,Santa Catarina,Itapema,2024-12-16 19:05:48.576,1.7651324116897313,4,97,Leopoldo Zarling
1244477645812160676,-27.12728481517417,-48.60824704170227,Meia Praia,Brasil,Santa Catarina,Itapema,2024-12-16 19:05:42.682,0.5739548916639585,173,1612,Meia Praia (inland)
1300042401669433590,-27.1428864,-48.5900901,Meia Praia,Brasil,Santa Catarina,Itapema,2024-12-16 19:05:34.167,0.23314948310039166,171,836,Meia Praia (beach band)
1294874891674328454,-27.084912076273465,-48.619168763296216,Alto Sao Bento,Brasil,Santa Catarina,Itapema,2024-12-16 19:01:31.404,0.9490775762008314,9,216,Alto Sao Bento
1295718964285991991,-27.1403586,-48.5955367,Meia Praia,Brasil,Santa Catarina,Itapema,2024-12-16 19:01:19.887,0.47058995384842217,272,1394,Meia Praia (inland)
1023988647911895243,-27.13149023413508,-48.609506569309794,Meia Praia,Brasil,Santa Catarina,Itapema,2024-12-16 19:01:23.193,0.955715346852636,47,1296,Meia Praia (inland)
840592168718968233,-27.13311004638672,-48.60073852539063,Meia Praia,Brasil,Santa Catarina,Itapema,2023-04-08 16:36:43.000,0.3746878178852175,380,1992,Meia Praia (inland)
1181450474313604315,-27.12802,-48.60735,Meia Praia,Brasil,Santa Catarina,Itapema,2024-10-07 20:01:59.781,0.5472953320557155,240,1642,Meia Praia (inland)
1062373107763338007,-27.14024,-48.59893,Meia Praia,Brasil,Santa Catarina,Itapema,2024-10-07 19:16:16.358,0.7455814653273596,148,1402,Meia Praia (inland)
1062460880319807251,-27.09985,-48.61867,Tabuleiro dos Oliveiras,Brasil,Santa Catarina,Itapema,2024-10-07 19:23:41.969,0.5544963799054161,42,698,Tabuleiro dos Oliveiras
1218952451555408044,-27.12351,-48.60601,Meia Praia,Brasil,Santa Catarina,Itapema,2024-10-07 20:01:59.781,0.15544978412566876,350,1483,Meia Praia (beach band)
1237097584529010572,-27.13125,-48.5973,Meia Praia,Brasil,Santa Catarina,Itapema,2024-09-30 19:01:31.170,0.018842990384439987,273,1856,Meia Praia (beach band)
1236170846157658865,-27.1012,-48.61306,Centro,Brasil,Santa Catarina,Itapema,2024-09-30 19:01:31.452,0.0026773480831252527,129,680,Centro
1218991049874355381,-27.10177,-48.61645,Centro,Brasil,Santa Catarina,Itapema,2024-10-07 20:14:08.070,0.34053128818642364,133,627,Centro
1057823197232677783,-27.08701,-48.6143,Alto Sao Bento,Brasil,Santa Catarina,Itapema,2024-10-07 19:16:22.631,0.7130723539355833,80,476,Alto Sao Bento
1062404897234929767,-27.12926,-48.6143,Morretes,Brasil,Santa Catarina,Itapema,2024-10-07 19:16:12.641,1.1942126700554536,16,663,Morretes
1111212394533170173,-27.12982469220801,-48.59951098909043,Meia Praia,Brasil,Santa Catarina,Itapema,2024-08-19 19:13:26.903,0.04767932886773895,345,1878,Meia Praia (beach band)
1217884666261792316,-27.1253841,-48.6072741,Meia Praia,Brasil,Santa Catarina,Itapema,2024-08-19 19:13:26.903,0.3759170784168729,306,1570,Meia Praia (inland)
1221783597725078633,-27.091833268237444,-48.612121602096494,Centro,Brasil,Santa Catarina,Itapema,2024-08-19 19:13:26.903,0.24402097464983344,198,638,Centro
1197140458682998270,-27.11853,-48.60953,Morretes,Brasil,Santa Catarina,Itapema,2024-08-19 19:13:03.009,0.24181798710616076,226,944,Morretes
1203667582146912143,-27.1372734,-48.5970003,Meia Praia,Brasil,Santa Catarina,Itapema,2024-08-19 19:13:03.009,0.39339566248365565,372,1670,Meia Praia (inland)
1204202556611988459,-27.14091619054184,-48.63459438085556,Sertao do Trombudo,Brasil,Santa Catarina,Itapema,2024-08-19 19:13:00.985,3.5871065841213987,1,6,Sertao do Trombudo
1188379946998284675,-27.1393251,-48.60119419999999,Meia Praia,Brasil,Santa Catarina,Itapema,2024-08-19 19:13:02.920,0.8593878438754691,84,1521,Meia Praia (inland)
1212998223513440742,-27.10522998704677,-48.613721490728,Centro,Brasil,Santa Catarina,Itapema,2024-08-19 19:13:22.926,0.0768440138996254,102,449,Centro
1183341386353396185,-27.1295808,-48.6012888,Meia Praia,Brasil,Santa Catarina,Itapema,2024-08-19 19:13:03.002,0.17711040772145964,438,1902,Meia Praia (beach band)
1218818467971940445,-27.1218,-48.60652,Meia Praia,Brasil,Santa Catarina,Itapema,2024-08-19 19:13:26.654,0.12179495182976101,304,1318,Meia Praia (beach band)
1093309488997800034,-27.12226421240329,-48.60739234319466,Meia Praia,Brasil,Santa Catarina,Itapema,2024-08-19 19:13:26.654,0.22134524915291415,319,1364,Meia Praia (beach band)
1205874259880523813,-27.13172578340415,-48.60026847571135,Meia Praia,Brasil,Santa Catarina,Itapema,2024-08-19 19:13:27.043,0.23764143826953316,448,1954,Meia Praia (beach band)
927426464522828770,-27.1265182495,-48.603515625,Meia Praia,Brasil,Santa Catarina,Itapema,2023-07-31 19:01:47.000,0.14686540052485597,356,1710,Meia Praia (beach band)
890645067987236866,-27.1369991302,-48.591999054,Meia Praia,Brasil,Santa Catarina,Itapema,2023-07-31 19:05:30.000,0.02352428436172884,211,1431,Meia Praia (beach band)
873255393900331818,-27.1329994202,-48.6020011902,Meia Praia,Brasil,Santa Catarina,Itapema,2023-07-31 19:06:03.000,0.45983268507739766,281,1950,Meia Praia (inland)
912289388644419623,-27.1017799377,-48.6153488159,Centro,Brasil,Santa Catarina,Itapema,2023-07-31 19:06:03.000,0.2315820305228844,158,656,Centro
856482117556875618,-27.125,-48.6040000916,Meia Praia,Brasil,Santa Catarina,Itapema,2023-04-25 16:24:26.000,0.08284270723853933,304,1596,Meia Praia (beach band)
840525492567265584,-27.0944900513,-48.6129188538,Centro,Brasil,Santa Catarina,Itapema,2023-04-25 16:25:53.000,0.12409674158544316,235,745,Centro
1285454337721014883,-27.092157956962907,-48.612962051337455,Centro,Brasil,Santa Catarina,Itapema,2024-11-18 19:06:06.408,0.28674137756812,217,655,Centro
1285674054114767622,-27.13370971234475,-48.60189892351627,Meia Praia,Brasil,Santa Catarina,Itapema,2024-11-18 19:06:06.204,0.5049912695637581,251,1937,Meia Praia (inland)
1279830696286017830,-27.1391256,-48.5948711,Meia Praia,Brasil,Santa Catarina,Itapema,2024-11-18 19:08:22.386,0.35049890505617914,371,1496,Meia Praia (inland)
1289758176904091982,-27.1333494,-48.597438,Meia Praia,Brasil,Santa Catarina,Itapema,2024-11-18 19:08:22.386,0.14836533133279087,371,1922,Meia Praia (beach band)
1036453026410910833,-27.12932288183206,-48.606100268661976,Meia Praia,Brasil,Santa Catarina,Itapema,2024-11-18 19:08:22.386,0.5414853452424245,297,1747,Meia Praia (inland)
1282027957414335220,-27.125104478570563,-48.6061991751194,Meia Praia,Brasil,Santa Catarina,Itapema,2024-11-18 19:07:53.285,0.27006746782723046,386,1605,Meia Praia (beach band)
1286405768854162028,-27.120126362347367,-48.60730119654235,Meia Praia,Brasil,Santa Catarina,Itapema,2024-11-18 19:07:53.285,0.12212431603009745,229,1134,Meia Praia (beach band)
1282108677050958850,-27.14115,-48.59414,Meia Praia,Brasil,Santa Catarina,Itapema,2024-11-18 19:07:53.285,0.3842679727888186,242,1258,Meia Praia (inland)
1257481023975911046,-27.1377039,-48.5933409,Meia Praia,Brasil,Santa Catarina,Itapema,2024-11-18 19:07:53.285,0.13399428474049185,316,1497,Meia Praia (beach band)
1288579754592033151,-27.066601869435416,-48.5953576862812,Ilhota,Brasil,Santa Catarina,Itapema,2024-11-18 19:08:23.001,0.09309330801085218,25,37,Ilhota
1289154878778190586,-27.13002,-48.60376,Meia Praia,Brasil,Santa Catarina,Itapema,2024-11-18 19:08:22.525,0.40592963779821417,391,1863,Meia Praia (inland)
1302959540649428885,-27.13560945912244,-48.60503140836954,Meia Praia,Brasil,Santa Catarina,Itapema,2024-12-16 19:01:23.193,0.87727166675255,57,1665,Meia Praia (inland)
1292979639820528358,-27.0917716036041,-48.614005945933776,Centro,Brasil,Santa Catarina,Itapema,2024-12-16 19:01:23.193,0.3944300925922595,201,661,Centro
1304963809687964618,-27.1251702,-48.6243253,Morretes,Brasil,Santa Catarina,Itapema,2024-12-16 19:01:22.684,1.8837349784418749,9,109,Morretes
1289798260831154810,-27.125994902565797,-48.60564228147268,Meia Praia,Brasil,Santa Catarina,Itapema,2024-12-16 19:05:30.184,0.2796664131084843,419,1643,Meia Praia (beach band)
1310162805894175309,-27.06732947491757,-48.59418120351181,Ilhota,Brasil,Santa Catarina,Itapema,2024-12-16 19:05:53.336,0.02477158922619407,16,35,Ilhota
1246425566656110947,-27.09278815796269,-48.60272604972124,Canto da Praia,Brasil,Santa Catarina,Itapema,2024-12-16 19:05:53.336,0.38139543057186703,2,120,Canto da Praia
1301391860777035565,-27.08779914644553,-48.614156283438206,Casa Branca,Brasil,Santa Catarina,Itapema,2024-12-16 19:05:42.599,0.6958039147561969,87,507,Casa Branca
1308589669202501336,-27.088588592879567,-48.6144077453502,Casa Branca,Brasil,Santa Catarina,Itapema,2024-12-16 19:05:42.599,0.6486607260719476,94,545,Casa Branca
1306112009212693956,-27.142523983043763,-48.58917045720814,Meia Praia,Brasil,Santa Catarina,Itapema,2024-12-16 19:05:42.599,0.14652259356338931,164,787,Meia Praia (beach band)
1306071127428219225,-27.14429,-48.58689,Meia Praia,Brasil,Santa Catarina,Itapema,2024-12-16 19:05:43.749,0.014451775383311235,119,526,Meia Praia (beach band)
1303593007044032483,-27.124538382898617,-48.60580315145135,Meia Praia,Brasil,Santa Catarina,Itapema,2024-12-16 19:05:41.087,0.2024674562820215,390,1562,Meia Praia (beach band)
1310274192276754423,-27.12556072452587,-48.60541328787805,Meia Praia,Brasil,Santa Catarina,Itapema,2024-12-16 19:05:41.087,0.233827755381574,417,1625,Meia Praia (beach band)
1308597162942640159,-27.13586755589069,-48.59500128775835,Meia Praia,Brasil,Santa Catarina,Itapema,2024-12-16 19:05:41.087,0.14154653992885574,306,1637,Meia Praia (beach band)
1305046192475138832,-27.0883678,-48.610828,Centro,Brasil,Santa Catarina,Itapema,2024-12-16 19:05:46.175,0.4579441526581368,42,481,Centro
1315147093627131241,-27.1236148,-48.60681229999999,Meia Praia,Brasil,Santa Catarina,Itapema,2025-01-06 19:05:36.753,0.22825860018108277,344,1489,Meia Praia (beach band)
1321665865287545772,-27.1281,-48.60665,Meia Praia,Brasil,Santa Catarina,Itapema,2025-01-06 19:05:34.760,0.49888695416889633,275,1678,Meia Praia (inland)
1313032419505695116,-27.12287000798674,-48.60673138891468,Meia Praia,Brasil,Santa Catarina,Itapema,2025-01-06 19:05:37.776,0.18526429307828055,337,1417,Meia Praia (beach band)
1322577870541989330,-27.08997,-48.60921,Centro,Brasil,Santa Catarina,Itapema,2025-01-06 19:05:39.123,0.22242826119918227,48,499,Centro
1315170793056402402,-27.129422518824647,-48.5997235,Meia Praia,Brasil,Santa Catarina,Itapema,2025-01-06 19:10:47.463,0.03946627605922049,334,1878,Meia Praia (beach band)
1311385271976535628,-27.0880623,-48.6150258,Casa Branca,Brasil,Santa Catarina,Itapema,2025-01-06 19:10:47.444,0.7334173402203806,83,528,Casa Branca
1312524247058689796,-27.141145864844308,-48.59273742883607,Meia Praia,Brasil,Santa Catarina,Itapema,2025-01-06 19:10:47.444,0.2594153585386607,237,1174,Meia Praia (beach band)
1318263611491884662,-27.126781692381545,-48.61771580053746,Morretes,Brasil,Santa Catarina,Itapema,2025-01-06 19:10:47.478,1.357577163827279,24,239,Morretes
1247028916537033972,-27.0923418,-48.61310570000001,Centro,Brasil,Santa Catarina,Itapema,2024-10-07 20:09:49.064,0.2852295029431957,231,667,Centro
1248685472424986601,-27.11750204560287,-48.61353386028665,Morretes,Brasil,Santa Catarina,Itapema,2024-09-30 19:01:31.291,0.5755882628045279,118,725,Morretes
1247046420719729525,-27.1437034,-48.5880886,Meia Praia,Brasil,Santa Catarina,Itapema,2024-09-30 19:01:31.452,0.1296414620958898,160,635,Meia Praia (beach band)
1063705737261985613,-27.09600067138672,-48.619998931884766,Varzea,Brasil,Santa Catarina,Itapema,2024-02-12 19:02:29.695,0.7085318365212605,38,655,Varzea
1058535274367822537,-27.133358001708984,-48.59590148925781,Meia Praia,Brasil,Santa Catarina,Itapema,2024-02-12 19:02:07.024,0.03175485830096744,273,1810,Meia Praia (beach band)
1063982447676370951,-27.099151611328125,-48.613037109375,Centro,Brasil,Santa Catarina,Itapema,2024-02-12 19:03:32.542,0.006559124837044267,121,730,Centro
1062329758790485589,-27.13400077819824,-48.60300064086914,Meia Praia,Brasil,Santa Catarina,Itapema,2024-02-12 19:03:32.542,0.6078901050608791,162,1872,Meia Praia (inland)
1077455073809832287,-27.13400077819824,-48.59999847412109,Meia Praia,Brasil,Santa Catarina,Itapema,2024-02-12 19:04:21.428,0.3860031625998638,393,2002,Meia Praia (inland)
1067459758200575743,-27.11134910583496,-48.61048889160156,Morretes,Brasil,Santa Catarina,Itapema,2024-02-12 19:04:33.546,0.05217708699273844,30,490,Morretes
990432282679577821,-27.1299667575648,-48.603331948939285,Meia Praia,Brasil,Santa Catarina,Itapema,2026-02-23 19:32:14.065,0.3677991662373502,405,1884,Meia Praia (inland)
1197121947398131654,-27.09306,-48.61326,Centro,Brasil,Santa Catarina,Itapema,2026-02-12 19:13:50.530,0.24734683181542166,240,702,Centro
762341762809211072,-27.1015396118,-48.6148681641,Centro,Brasil,Santa Catarina,Itapema,2022-12-06 12:43:34.000,0.18321594399395932,168,680,Centro
750567808069508291,-27.13751,-48.59513,Meia Praia,Brasil,Santa Catarina,Itapema,2024-10-07 19:17:34.320,0.2621167401719871,385,1595,Meia Praia (beach band)
760744906334086646,-27.1251392365,-48.6062316895,Meia Praia,Brasil,Santa Catarina,Itapema,2022-12-06 12:43:34.000,0.27486890838312367,387,1607,Meia Praia (beach band)
743224710628329962,-27.1350002289,-48.5960006714,Meia Praia,Brasil,Santa Catarina,Itapema,2022-12-06 12:43:34.000,0.15647094520168364,334,1767,Meia Praia (beach band)
774835101488402035,-27.1359100342,-48.5969390869,Meia Praia,Brasil,Santa Catarina,Itapema,2023-01-19 12:18:27.000,0.29216193211483027,410,1774,Meia Praia (beach band)
750175589738501274,-27.09438,-48.61342,Centro,Brasil,Santa Catarina,Itapema,2024-10-07 19:28:42.683,0.17426452770269493,246,744,Centro
777007864432486492,-27.11632,-48.61104,Morretes,Brasil,Santa Catarina,Itapema,2024-10-07 19:48:25.873,0.29886033290820857,179,735,Morretes
813617500464130151,-27.1383800507,-48.5959892273,Meia Praia,Brasil,Santa Catarina,Itapema,2023-06-26 19:07:08.000,0.38839652161303656,344,1568,Meia Praia (inland)
832123000813215722,-27.12700080871582,-48.60499954223633,Meia Praia,Brasil,Santa Catarina,Itapema,2023-03-02 13:02:00.000,0.2946488753890321,393,1706,Meia Praia (beach band)
1239409920081319316,-27.11879,-48.61288,Morretes,Brasil,Santa Catarina,Itapema,2024-09-30 19:16:47.159,0.5619399229297006,142,839,Morretes
1240775832879183392,-27.12294766609656,-48.61615533862303,Morretes,Brasil,Santa Catarina,Itapema,2024-09-30 19:16:47.158,1.0479815465554598,46,707,Morretes
1250857289727971837,-27.1414696,-48.5992532,Meia Praia,Brasil,Santa Catarina,Itapema,2024-09-30 19:16:51.014,0.8540386917281491,76,1234,Meia Praia (inland)
29013012,-27.134750366210938,-48.60226058959961,Meia Praia,Brasil,Santa Catarina,Itapema,2023-02-08 20:47:08.000,0.6087617464898999,167,1914,Meia Praia (inland)
39742606,-27.1029605865,-48.615688324,Centro,Brasil,Santa Catarina,Itapema,2023-06-26 19:09:06.000,0.26767362956418206,137,559,Centro
767407262472265686,-27.1196498871,-48.6062393188,Meia Praia,Brasil,Santa Catarina,Itapema,2023-01-19 12:18:27.000,0.005875647506555889,172,1088,Meia Praia (beach band)
771807383213650539,-27.1299991608,-48.5999984741,Meia Praia,Brasil,Santa Catarina,Itapema,2023-01-19 12:18:27.000,0.09920556330308188,407,1899,Meia Praia (beach band)
577547502503396579,-27.137562,-48.592739,Meia Praia,Brasil,Santa Catarina,Itapema,2022-07-11 18:11:37.000,0.07734783903685534,282,1468,Meia Praia (beach band)
39837626,-27.12528419494629,-48.60732650756836,Meia Praia,Brasil,Santa Catarina,Itapema,2024-05-20 19:01:40.661,0.37377952147295135,302,1560,Meia Praia (inland)
53402180,-27.12333,-48.60657,Meia Praia,Brasil,Santa Catarina,Itapema,2024-10-07 19:52:57.983,0.19234228640370904,350,1473,Meia Praia (beach band)
734843676958831992,-27.1235414568,-48.6043343693,Meia Praia,Brasil,Santa Catarina,Itapema,2022-11-08 18:24:34.000,0.020333912006968224,259,1489,Meia Praia (beach band)
735732850757918650,-27.124357223510746,-48.60388946533203,Meia Praia,Brasil,Santa Catarina,Itapema,2024-05-20 19:01:53.054,0.03374841660462465,248,1553,Meia Praia (beach band)
51622696,-27.1388,-48.59196,Meia Praia,Brasil,Santa Catarina,Itapema,2021-10-25 14:40:16.352,0.07678978904752867,281,1308,Meia Praia (beach band)
52348108,-27.12175,-48.60798,Meia Praia,Brasil,Santa Catarina,Itapema,2024-10-07 19:17:34.595,0.254494117862175,300,1276,Meia Praia (beach band)
1052355242204804725,-27.129447310771457,-48.60149692744017,Meia Praia,Brasil,Santa Catarina,Itapema,2024-12-19 17:34:56.294,0.1857578768737201,412,1893,Meia Praia (beach band)
1267490270483958179,-27.142267,-48.5890797,Meia Praia,Brasil,Santa Catarina,Itapema,2024-11-04 19:01:07.761,0.11763435749131268,161,801,Meia Praia (beach band)
1271272432935586273,-27.0963778,-48.6174726,Centro,Brasil,Santa Catarina,Itapema,2024-11-04 19:01:07.893,0.45528973871108047,101,738,Centro
1271073459230858712,-27.09575591491339,-48.61834205772333,Centro,Brasil,Santa Catarina,Itapema,2024-11-04 19:05:52.393,0.5578778203236574,66,713,Centro
1272538182016914519,-27.096629536766702,-48.61563959999998,Centro,Brasil,Santa Catarina,Itapema,2024-11-04 19:05:52.393,0.2730148409461221,176,767,Centro
1269848772327595877,-27.091203021259545,-48.60969827837548,Centro,Brasil,Santa Catarina,Itapema,2024-11-04 19:05:50.924,0.1298659216826314,61,562,Centro
1279131214968804084,-27.125788906543445,-48.606189679503,Meia Praia,Brasil,Santa Catarina,Itapema,2024-11-04 19:05:52.831,0.3118225994294118,392,1625,Meia Praia (beach band)
1276864818594967734,-27.08848843491728,-48.63492338740769,Casa Branca,Brasil,Santa Catarina,Itapema,2024-11-04 19:05:49.729,2.3861781872224936,4,14,Casa Branca
1270320558298150233,-27.13654615831063,-48.59351313173275,Meia Praia,Brasil,Santa Catarina,Itapema,2024-11-04 19:05:51.884,0.06952269136963454,284,1563,Meia Praia (beach band)
1005940465349194255,-27.083999633789062,-48.619998931884766,Alto Sao Bento,Brasil,Santa Catarina,Itapema,2023-11-06 19:00:58.603,0.9666361679293243,14,162,Alto Sao Bento
1010884702444855566,-27.14182,-48.59444,Meia Praia,Brasil,Santa Catarina,Itapema,2024-10-07 20:04:56.969,0.4435819320674605,165,1206,Meia Praia (inland)
1011083121010008565,-27.09499931335449,-48.61399841308594,Centro,Brasil,Santa Catarina,Itapema,2023-11-06 19:02:48.546,0.19824179629278327,247,760,Centro
1002341236260011015,-27.12145,-48.6164,Morretes,Brasil,Santa Catarina,Itapema,2024-10-07 19:07:55.973,0.9962427658254054,47,658,Morretes
34976786,-27.127,-48.606,Meia Praia,Brasil,Santa Catarina,Itapema,2021-10-25 14:40:16.352,0.3720536146406171,361,1677,Meia Praia (inland)
955651212281126836,-27.12115,-48.61837,Morretes,Brasil,Santa Catarina,Itapema,2024-10-07 19:07:55.973,1.162713783533421,28,418,Morretes
41141790,-27.13362,-48.59582,Meia Praia,Brasil,Santa Catarina,Itapema,2024-10-07 19:48:38.153,0.044235351470894496,276,1793,Meia Praia (beach band)
42335961,-27.13217,-48.59864,Meia Praia,Brasil,Santa Catarina,Itapema,2024-10-07 20:15:19.419,0.1500747600984126,401,1970,Meia Praia (beach band)
1155844501678298300,-27.132169723510746,-48.59829711914063,Meia Praia,Brasil,Santa Catarina,Itapema,2024-05-20 19:01:52.945,0.12432515353347809,383,1964,Meia Praia (beach band)
53055679,-27.129365921020508,-48.60693740844727,Meia Praia,Brasil,Santa Catarina,Itapema,2024-05-20 19:01:53.054,0.6091339210048091,232,1678,Meia Praia (inland)
1161754032045126774,-27.1243896484375,-48.606258392333984,Meia Praia,Brasil,Santa Catarina,Itapema,2024-06-10 19:00:57.920,0.23038035866884327,379,1535,Meia Praia (beach band)
1161927707286622818,-27.09324836730957,-48.61322021484375,Centro,Brasil,Santa Catarina,Itapema,2024-06-10 19:01:07.708,0.23128139327369623,237,712,Centro
1016170146113022406,-27.1200008392334,-48.60699844360352,Meia Praia,Brasil,Santa Catarina,Itapema,2024-03-18 19:02:20.857,0.08912212077357932,206,1122,Meia Praia (beach band)
1004246858529207822,-27.12516021728516,-48.60690689086914,Meia Praia,Brasil,Santa Catarina,Itapema,2023-12-18 19:00:58.070,0.3318297691439962,344,1572,Meia Praia (beach band)
1040659324048251711,-27.13599967956543,-48.595001220703125,Meia Praia,Brasil,Santa Catarina,Itapema,2023-12-18 19:01:22.595,0.14978691462455035,326,1629,Meia Praia (beach band)
1044346153746167739,-27.09329032897949,-48.631813049316406,Casa Branca,Brasil,Santa Catarina,Itapema,2024-01-01 19:03:52.314,1.9173368949643679,3,31,Casa Branca
1036358303831861787,-27.09383,-48.615,Centro,Brasil,Santa Catarina,Itapema,2024-10-07 19:28:42.683,0.34233433430892135,236,733,Centro
1036310071218777420,-27.13574,-48.60024,Meia Praia,Brasil,Santa Catarina,Itapema,2024-10-07 19:27:30.584,0.5319282899264939,275,1929,Meia Praia (inland)
1038203116924715165,-27.12284,-48.61814,Morretes,Brasil,Santa Catarina,Itapema,2024-10-07 19:28:29.996,1.219183901126379,43,384,Morretes
1043253170481639692,-27.132625579833984,-48.597537994384766,Meia Praia,Brasil,Santa Catarina,Itapema,2023-12-18 19:01:55.185,0.10188021430350422,362,1939,Meia Praia (beach band)
1028877959048714123,-27.10308,-48.6161,Centro,Brasil,Santa Catarina,Itapema,2024-10-07 19:17:34.595,0.30856267996108816,129,551,Centro
1032819488442707067,-27.13999938964844,-48.59199905395508,Meia Praia,Brasil,Santa Catarina,Itapema,2023-12-04 19:01:51.939,0.13767132602439677,278,1228,Meia Praia (beach band)
1208921127809919555,-27.12048,-48.60563,Meia Praia,Brasil,Santa Catarina,Itapema,2024-08-19 19:13:51.728,0.016752813128107592,195,1174,Meia Praia (beach band)
29128192,-27.1259994507,-48.6040000916,Meia Praia,Brasil,Santa Catarina,Itapema,2022-11-29 02:09:46.000,0.14760074462063155,359,1670,Meia Praia (beach band)
25104649,-27.12957,-48.60342,Meia Praia,Brasil,Santa Catarina,Itapema,2024-10-07 20:03:14.511,0.3496113111243008,424,1854,Meia Praia (beach band)
39414948,-27.13277,-48.59753,Meia Praia,Brasil,Santa Catarina,Itapema,2024-10-07 19:27:51.002,0.11292126114422327,380,1941,Meia Praia (beach band)
21436592,-27.1339797974,-48.600189209,Meia Praia,Brasil,Santa Catarina,Itapema,2023-06-26 19:06:11.000,0.3982984912142298,373,2002,Meia Praia (inland)
46675618,-27.13139,-48.60139,Meia Praia,Brasil,Santa Catarina,Itapema,2021-10-25 14:40:16.352,0.3000325093289387,457,1932,Meia Praia (beach band)
49050392,-27.13206,-48.59931,Meia Praia,Brasil,Santa Catarina,Itapema,2021-10-25 14:40:16.352,0.19146665721402717,432,1985,Meia Praia (beach band)
29013812,-27.12985,-48.60146,Meia Praia,Brasil,Santa Catarina,Itapema,2024-10-07 19:27:17.659,0.20786025285652426,453,1906,Meia Praia (beach band)
27865733,-27.10277,-48.61338,Centro,Brasil,Santa Catarina,Itapema,2024-10-07 19:48:25.873,0.039029388323902604,140,569,Centro
38933407,-27.10448,-48.61301,Centro,Brasil,Santa Catarina,Itapema,2021-10-25 14:40:16.352,0.00917808534232792,97,475,Centro
8239510,-27.11289,-48.60945,Morretes,Brasil,Santa Catarina,Itapema,2021-10-25 14:40:16.352,0.041791588323873634,48,545,Morretes
41317188,-27.12667,-48.60307,Meia Praia,Brasil,Santa Catarina,Itapema,2024-10-07 20:19:07.313,0.12236279812883576,327,1711,Meia Praia (beach band)
46866680,-27.1283,-48.60554,Meia Praia,Brasil,Santa Catarina,Itapema,2024-10-07 19:52:58.306,0.4270436693711178,348,1760,Meia Praia (inland)
31859744,-27.11998,-48.60809,Meia Praia,Brasil,Santa Catarina,Itapema,2021-10-25 14:40:16.352,0.18505693376250618,232,1111,Meia Praia (beach band)
37118794,-27.12267,-48.60619,Meia Praia,Brasil,Santa Catarina,Itapema,2024-10-07 19:29:28.703,0.1271955918244807,329,1410,Meia Praia (beach band)
40228868,-27.12056,-48.60846,Meia Praia,Brasil,Santa Catarina,Itapema,2024-10-07 19:53:26.424,0.24636966929815715,254,1163,Meia Praia (beach band)
53372578,-27.1359,-48.5989,Meia Praia,Brasil,Santa Catarina,Itapema,2024-10-07 19:27:16.989,0.440972080839558,335,1877,Meia Praia (inland)
53972959,-27.12606,-48.60417,Meia Praia,Brasil,Santa Catarina,Itapema,2024-10-07 19:27:37.687,0.16516664659501074,367,1670,Meia Praia (beach band)
53325047,-27.12604,-48.6031,Meia Praia,Brasil,Santa Catarina,Itapema,2024-10-07 20:19:07.313,0.08080409983172401,293,1686,Meia Praia (beach band)
53402424,-27.13891,-48.5978,Meia Praia,Brasil,Santa Catarina,Itapema,2024-10-07 19:29:19.050,0.5667680820998618,284,1540,Meia Praia (inland)
53694666,-27.12802,-48.60568,Meia Praia,Brasil,Santa Catarina,Itapema,2024-10-07 19:29:19.050,0.41825271758671273,348,1738,Meia Praia (inland)
1034834401690359958,-27.12507,-48.60596,Meia Praia,Brasil,Santa Catarina,Itapema,2024-10-07 20:03:20.749,0.24820193137884222,398,1605,Meia Praia (beach band)
1031180495978725366,-27.13800048828125,-48.59299850463867,Meia Praia,Brasil,Santa Catarina,Itapema,2023-12-04 19:01:43.336,0.12761907483996499,316,1448,Meia Praia (beach band)
1329787295308110610,-27.0936893,-48.6131638,Centro,Brasil,Santa Catarina,Itapema,2025-01-20 19:04:45.349,0.196202185867394,243,727,Centro
1048046070762969350,-27.1269,-48.60387,Meia Praia,Brasil,Santa Catarina,Itapema,2024-10-07 20:03:32.876,0.20023442159523214,375,1732,Meia Praia (beach band)
1047178848339451053,-27.12751,-48.59988,Meia Praia,Brasil,Santa Catarina,Itapema,2024-10-07 20:03:14.511,0.06990998126275436,158,1748,Meia Praia (beach band)
28155872,-27.13771,-48.59637,Meia Praia,Brasil,Santa Catarina,Itapema,2024-10-07 19:27:30.584,0.3732336181559818,345,1609,Meia Praia (inland)
37989675,-27.13782,-48.59363,Meia Praia,Brasil,Santa Catarina,Itapema,2021-10-25 14:40:16.352,0.1649114430658938,337,1509,Meia Praia (beach band)
47291978,-27.1377906799,-48.5975494385,Meia Praia,Brasil,Santa Catarina,Itapema,2023-06-26 19:10:34.000,0.4714780969014145,332,1651,Meia Praia (inland)
16321793,-27.14282,-48.58983,Meia Praia,Brasil,Santa Catarina,Itapema,2021-10-25 14:40:16.352,0.21222536365674863,174,826,Meia Praia (beach band)
31530689,-27.1422,-48.59011,Meia Praia,Brasil,Santa Catarina,Itapema,2021-10-25 14:40:16.352,0.17375507505410284,181,901,Meia Praia (beach band)
37347085,-27.14369,-48.58791,Meia Praia,Brasil,Santa Catarina,Itapema,2024-10-07 19:17:33.597,0.11194494092419603,158,626,Meia Praia (beach band)
794710559970994170,-27.13371,-48.60694,Meia Praia,Brasil,Santa Catarina,Itapema,2024-10-07 19:07:59.151,0.8990982146696064,85,1557,Meia Praia (inland)
821346339368769003,-27.12830924987793,-48.62990188598633,Sertao do Trombudo,Brasil,Santa Catarina,Itapema,2023-03-02 13:02:00.000,2.533824644647015,2,26,Sertao do Trombudo
31441134,-27.13541,-48.59883,Meia Praia,Brasil,Santa Catarina,Itapema,2024-10-07 19:27:16.989,0.40098817153069033,380,1907,Meia Praia (inland)
39989789,-27.0956,-48.61415,Centro,Brasil,Santa Catarina,Itapema,2024-10-07 19:27:51.002,0.1844816508322265,238,775,Centro
820853852181749006,-27.13999938964844,-48.59199905395508,Meia Praia,Brasil,Santa Catarina,Itapema,2023-03-02 13:02:00.000,0.13767132602439677,278,1228,Meia Praia (beach band)
17004598,-27.1,-48.615,Centro,Brasil,Santa Catarina,Itapema,2021-10-25 14:40:16.352,0.190776987490608,177,737,Centro
818869279883503366,-27.13999938964844,-48.59700012207031,Meia Praia,Brasil,Santa Catarina,Itapema,2023-03-02 13:02:00.000,0.577300090383782,243,1467,Meia Praia (inland)
805113011312401573,-27.106000900268555,-48.61600112915039,Tabuleiro dos Oliveiras,Brasil,Santa Catarina,Itapema,2023-03-02 13:02:00.000,0.31393360626709266,95,425,Tabuleiro dos Oliveiras
628897724940732017,-27.13028,-48.60231,Meia Praia,Brasil,Santa Catarina,Itapema,2022-07-11 18:11:37.000,0.30453110865830246,436,1922,Meia Praia (beach band)
53581602,-27.09575,-48.61526,Centro,Brasil,Santa Catarina,Itapema,2024-10-07 19:00:44.782,0.2775798659489277,174,772,Centro
47179602,-27.1381492615,-48.5931587219,Meia Praia,Brasil,Santa Catarina,Itapema,2023-06-26 19:08:27.000,0.14993074701449743,328,1449,Meia Praia (beach band)
53815397,-27.08593,-48.61291,Alto Sao Bento,Brasil,Santa Catarina,Itapema,2022-01-11 17:08:58.877,0.531140879569528,44,426,Alto Sao Bento
54145466,-27.14099,-48.59296,Meia Praia,Brasil,Santa Catarina,Itapema,2022-01-11 17:08:58.877,0.2713336957051378,252,1202,Meia Praia (beach band)
53674047,-27.1007194519,-48.6187591553,Tabuleiro dos Oliveiras,Brasil,Santa Catarina,Itapema,2023-06-26 19:06:24.000,0.5655356658808346,35,638,Tabuleiro dos Oliveiras
799129875640532531,-27.1189994812,-48.611000061,Morretes,Brasil,Santa Catarina,Itapema,2023-01-19 12:18:27.000,0.39613694901229807,196,930,Morretes
786807324710664147,-27.1359996796,-48.5979995728,Meia Praia,Brasil,Santa Catarina,Itapema,2023-01-19 12:18:27.000,0.3793832184393929,408,1838,Meia Praia (inland)
781945545678946313,-27.1329994202,-48.6040000916,Meia Praia,Brasil,Santa Catarina,Itapema,2023-01-19 12:18:27.000,0.6146288714739925,208,1847,Meia Praia (inland)
786307999394390316,-27.1329994202,-48.5979995728,Meia Praia,Brasil,Santa Catarina,Itapema,2023-01-19 12:18:27.000,0.16371625262452247,413,1967,Meia Praia (beach band)
782848425775715018,-27.1318,-48.59803,Meia Praia,Brasil,Santa Catarina,Itapema,2024-10-07 20:15:19.419,0.07764698729876665,355,1934,Meia Praia (beach band)
785658004981722606,-27.1140003204,-48.6119995117,Tabuleiro dos Oliveiras,Brasil,Santa Catarina,Itapema,2023-01-19 12:18:27.000,0.31814004651678274,71,595,Tabuleiro dos Oliveiras
41256358,-27.08897,-48.60574,Canto da Praia,Brasil,Santa Catarina,Itapema,2024-10-07 19:07:58.793,0.09134236675546101,17,346,Canto da Praia
967469842738718090,-27.1240005493,-48.6049995422,Meia Praia,Brasil,Santa Catarina,Itapema,2023-09-18 19:00:54.000,0.10332473647928268,338,1524,Meia Praia (beach band)
966584099593023622,-27.1289997101,-48.6030006409,Meia Praia,Brasil,Santa Catarina,Itapema,2023-09-18 19:06:20.000,0.2792637639097169,420,1847,Meia Praia (beach band)
950059146531590785,-27.1069221497,-48.6165313721,Tabuleiro dos Oliveiras,Brasil,Santa Catarina,Itapema,2023-09-18 19:03:41.000,0.38391622457715224,81,399,Tabuleiro dos Oliveiras
967555647952229771,-27.13988,-48.59518,Meia Praia,Brasil,Santa Catarina,Itapema,2024-10-07 19:53:21.573,0.41552391032619806,312,1426,Meia Praia (inland)
9471763,-27.12963,-48.59934,Meia Praia,Brasil,Santa Catarina,Itapema,2021-10-25 14:40:16.352,0.023881539627906394,315,1870,Meia Praia (beach band)
15706749,-27.13198,-48.59814,Meia Praia,Brasil,Santa Catarina,Itapema,2021-10-25 14:40:16.352,0.09859348092921333,369,1948,Meia Praia (beach band)
28216289,-27.13349,-48.5974,Meia Praia,Brasil,Santa Catarina,Itapema,2024-10-07 19:27:16.989,0.15524202432956666,371,1925,Meia Praia (beach band)
41556526,-27.10773,-48.6165,Tabuleiro dos Oliveiras,Brasil,Santa Catarina,Itapema,2021-10-25 14:40:16.352,0.3969214350806732,75,393,Tabuleiro dos Oliveiras
1262982199583014782,-27.0936893,-48.6131638,Centro,Brasil,Santa Catarina,Itapema,2024-10-21 19:01:15.575,0.196202185867394,243,727,Centro
1267332355220608617,-27.12915798179089,-48.607890504848015,Meia Praia,Brasil,Santa Catarina,Itapema,2024-10-21 19:01:15.575,0.6682792161193668,135,1596,Meia Praia (inland)
1266845485089885459,-27.133451017152943,-48.59625723212957,Meia Praia,Brasil,Santa Catarina,Itapema,2024-10-21 19:01:24.115,0.06624641144106598,307,1833,Meia Praia (beach band)
39896394,-27.12375,-48.60549,Meia Praia,Brasil,Santa Catarina,Itapema,2021-11-04 15:51:02.709,0.12796381302288418,350,1501,Meia Praia (beach band)
52350730,-27.12226,-48.60781,Meia Praia,Brasil,Santa Catarina,Itapema,2024-10-07 19:53:26.424,0.2595051083118398,311,1350,Meia Praia (beach band)
52826190,-27.1211395264,-48.6170883179,Morretes,Brasil,Santa Catarina,Itapema,2023-06-26 19:06:31.000,1.0446996627452103,42,554,Morretes
52845343,-27.13192,-48.60637,Meia Praia,Brasil,Santa Catarina,Itapema,2021-11-04 15:51:02.709,0.7389940241790239,173,1713,Meia Praia (inland)
53030717,-27.13205,-48.6043,Meia Praia,Brasil,Santa Catarina,Itapema,2021-11-04 15:59:25.822,0.5788243773556193,259,1851,Meia Praia (inland)
53113087,-27.12912,-48.60299,Meia Praia,Brasil,Santa Catarina,Itapema,2021-11-04 16:58:06.799,0.2861187651276859,422,1853,Meia Praia (beach band)
1015691857467598452,-27.145,-48.58943,Meia Praia,Brasil,Santa Catarina,Itapema,2024-10-07 20:13:50.190,0.13826502602320143,130,632,Meia Praia (beach band)
32420779,-27.13891,-48.59572,Meia Praia,Brasil,Santa Catarina,Itapema,2021-10-25 14:40:16.352,0.40301101418189517,353,1532,Meia Praia (inland)
39696102,-27.13158,-48.59872,Meia Praia,Brasil,Santa Catarina,Itapema,2021-10-25 14:40:16.352,0.11265368030457176,405,1957,Meia Praia (beach band)
1291419243412523599,-27.1390412398146,-48.5925505005218,Meia Praia,Brasil,Santa Catarina,Itapema,2024-12-16 19:06:00.460,0.1406970400323129,324,1330,Meia Praia (beach band)
1292976440894819617,-27.125532249886422,-48.60452271320988,Meia Praia,Brasil,Santa Catarina,Itapema,2024-12-16 19:06:00.460,0.15913207710202368,375,1631,Meia Praia (beach band)
1255166143934793043,-27.1369268,-48.597172,Meia Praia,Brasil,Santa Catarina,Itapema,2024-12-16 19:00:48.463,0.38227620761026626,382,1711,Meia Praia (inland)
1297982613778280118,-27.132147292762035,-48.60431642299095,Meia Praia,Brasil,Santa Catarina,Itapema,2024-12-16 19:00:48.463,0.5862767956019973,255,1853,Meia Praia (inland)
836415940545761422,-27.12800025939941,-48.60499954223633,Meia Praia,Brasil,Santa Catarina,Itapema,2023-04-08 16:36:43.000,0.36421366684679274,393,1770,Meia Praia (inland)
788085745534865923,-27.13348960876465,-48.59756851196289,Meia Praia,Brasil,Santa Catarina,Itapema,2023-03-02 13:02:00.000,0.1684102550951535,393,1934,Meia Praia (beach band)
828036946101813387,-27.11762237548828,-48.609676361083984,Morretes,Brasil,Santa Catarina,Itapema,2024-01-08 19:00:46.779,0.21928973453382924,208,869,Morretes
1312468821678162100,-27.12468812110767,-48.61033685937342,Morretes,Brasil,Santa Catarina,Itapema,2025-01-06 19:20:19.308,0.5931751485400519,66,1404,Morretes
1318089391331775687,-27.08237646037871,-48.62078167498112,Alto Sao Bento,Brasil,Santa Catarina,Itapema,2025-01-06 19:19:58.563,0.9722428432051591,11,131,Alto Sao Bento
1318267210921184935,-27.1383685,-48.6036685,Meia Praia,Brasil,Santa Catarina,Itapema,2025-01-06 19:20:22.892,0.9801157943507243,29,1428,Meia Praia (inland)
1315836942597696816,-27.1397841,-48.5989645,Meia Praia,Brasil,Santa Catarina,Itapema,2025-01-06 19:20:22.892,0.7176042274915821,168,1457,Meia Praia (inland)
1315261246891483918,-27.12970157092512,-48.59970739980516,Meia Praia,Brasil,Santa Catarina,Itapema,2025-01-06 19:19:52.801,0.05581647233452422,351,1885,Meia Praia (beach band)
767306306930085384,-27.060362897489,-48.60001831303008,Ilhota,Brasil,Santa Catarina,Itapema,2025-01-06 19:19:52.801,0.315239090979185,10,51,Ilhota
561577604914431329,-27.12985,-48.60221,Meia Praia,Brasil,Santa Catarina,Itapema,2024-10-07 19:27:16.989,0.2690720636201486,419,1908,Meia Praia (beach band)
645092818132652927,-27.12332,-48.60587,Meia Praia,Brasil,Santa Catarina,Itapema,2024-10-07 19:52:57.983,0.1320659383179449,342,1475,Meia Praia (beach band)
1065385331423061988,-27.10688,-48.61306,Centro,Brasil,Santa Catarina,Itapema,2024-10-07 20:03:10.471,0.044471642970446805,63,431,Centro
821920276390293366,-27.12813,-48.60358,Meia Praia,Brasil,Santa Catarina,Itapema,2024-10-07 20:19:07.313,0.2635416392512441,423,1810,Meia Praia (beach band)
1074159710127752616,-27.10477,-48.61885,Tabuleiro dos Oliveiras,Brasil,Santa Catarina,Itapema,2024-10-07 19:27:20.005,0.5809645830227637,38,458,Tabuleiro dos Oliveiras
1221038550806797942,-27.12968,-48.62586,Sertao do Trombudo,Brasil,Santa Catarina,Itapema,2024-09-25 17:52:16.744,2.2267317513436704,4,55,Sertao do Trombudo
1237000937439714111,-27.12093486464637,-48.606255166232586,Meia Praia,Brasil,Santa Catarina,Itapema,2024-09-30 19:01:23.262,0.06249223189097396,249,1220,Meia Praia (beach band)
1241611184047961689,-27.11476,-48.60848,Morretes,Brasil,Santa Catarina,Itapema,2024-09-30 19:01:23.119,0.00697838430549369,76,648,Morretes
1069752293248046144,-27.09853,-48.61536,Centro,Brasil,Santa Catarina,Itapema,2024-10-07 20:13:47.907,0.22658647520449232,177,744,Centro
1076774325481778005,-27.14021,-48.59086,Meia Praia,Brasil,Santa Catarina,Itapema,2024-10-07 19:17:39.972,0.04619012097250766,210,1091,Meia Praia (beach band)
927426982999320086,-27.12544,-48.60263,Meia Praia,Brasil,Santa Catarina,Itapema,2024-10-07 19:17:34.320,0.00445586068152361,195,1618,Meia Praia (beach band)
863830918159371125,-27.0909,-48.61799,Casa Branca,Brasil,Santa Catarina,Itapema,2024-10-07 19:17:18.208,0.764167189134033,40,629,Casa Branca
1219633116101059428,-27.1404,-48.59185,Meia Praia,Brasil,Santa Catarina,Itapema,2024-08-19 19:13:47.203,0.1436522379712542,251,1172,Meia Praia (beach band)
1217995628954539177,-27.123724,-48.6064053,Meia Praia,Brasil,Santa Catarina,Itapema,2024-08-19 19:14:07.088,0.20129528354191498,349,1502,Meia Praia (beach band)
911476333007658783,-27.1410007477,-48.5929985046,Meia Praia,Brasil,Santa Catarina,Itapema,2023-07-31 19:10:00.000,0.2753068521293808,252,1205,Meia Praia (beach band)
873904497165304605,-27.0969390869,-48.6135101318,Centro,Brasil,Santa Catarina,Itapema,2023-07-31 19:01:36.000,0.06507254015646882,157,753,Centro
890900550062113228,-27.1410007477,-48.5909996033,Meia Praia,Brasil,Santa Catarina,Itapema,2023-07-31 19:02:36.000,0.12165653279320475,209,1061,Meia Praia (beach band)
860105942454694413,-27.1329994202,-48.5970001221,Meia Praia,Brasil,Santa Catarina,Itapema,2023-04-25 16:25:08.000,0.0902285916548821,334,1896,Meia Praia (beach band)
859925561562240250,-27.1299991608,-48.5999984741,Meia Praia,Brasil,Santa Catarina,Itapema,2023-04-25 16:25:27.000,0.09920556330308188,407,1899,Meia Praia (beach band)
852046515625649276,-27.0979995728,-48.6129989624,Centro,Brasil,Santa Catarina,Itapema,2023-04-25 16:25:28.000,0.007522966234372871,121,730,Centro
970832114891296635,-27.1299991608,-48.6010017395,Meia Praia,Brasil,Santa Catarina,Itapema,2023-09-18 19:03:48.000,0.180322665289528,449,1912,Meia Praia (beach band)
970977720659867193,-27.1319999695,-48.5970001221,Meia Praia,Brasil,Santa Catarina,Itapema,2023-09-18 19:03:59.000,0.021061044378175506,293,1872,Meia Praia (beach band)
1272260793182499350,-27.115806807361427,-48.612170194394494,Morretes,Brasil,Santa Catarina,Itapema,2024-11-18 19:06:11.238,0.3876225841594584,143,671,Morretes
1281758835621348169,-27.116397810359203,-48.60760821359106,Meia Praia,Brasil,Santa Catarina,Itapema,2024-11-18 19:06:11.239,0.02030460396681855,84,769,Meia Praia (beach band)
1288385969078879370,-27.1190342601219,-48.61368622630835,Morretes,Brasil,Santa Catarina,Itapema,2024-11-18 19:06:32.439,0.6463338503052108,105,806,Morretes
1288588610295836762,-27.117697055455302,-48.61090511083603,Morretes,Brasil,Santa Catarina,Itapema,2024-11-18 19:08:09.110,0.33711593541555157,200,831,Morretes
1288656593144142253,-27.13879365557208,-48.59310359236958,Meia Praia,Brasil,Santa Catarina,Itapema,2024-11-18 19:08:09.110,0.17799891671382972,355,1382,Meia Praia (beach band)
1287074659587569490,-27.14069421150437,-48.59583143144846,Meia Praia,Brasil,Santa Catarina,Itapema,2024-11-18 19:08:09.110,0.5131564092259115,226,1367,Meia Praia (inland)
1280559161534348023,-27.093643939966583,-48.61309494865722,Centro,Brasil,Santa Catarina,Itapema,2024-11-18 19:08:09.110,0.19426053577298302,243,725,Centro
1286416941361791037,-27.093979708222665,-48.61448115568775,Centro,Brasil,Santa Catarina,Itapema,2024-11-18 19:08:09.110,0.288473600370878,245,734,Centro
1279869079785736400,-27.130258624319385,-48.61785224750361,Morretes,Brasil,Santa Catarina,Itapema,2024-11-18 19:08:16.335,1.5482625786436315,15,160,Morretes
1283539179400796224,-27.065536315257933,-48.59541267156601,Ilhota,Brasil,Santa Catarina,Itapema,2024-11-18 19:08:43.992,0.09879671991317808,27,39,Ilhota
1285599150590499228,-27.1098665,-48.6114216,Morretes,Brasil,Santa Catarina,Itapema,2024-11-18 19:08:45.896,0.04711755645726382,21,468,Morretes
977781796633174473,-27.1340007782,-48.5960006714,Meia Praia,Brasil,Santa Catarina,Itapema,2023-09-18 19:06:08.000,0.08573789772905083,313,1798,Meia Praia (beach band)
1049252938343196470,-27.12700080871582,-48.60300064086914,Meia Praia,Brasil,Santa Catarina,Itapema,2024-01-01 19:00:47.752,0.14002868160267398,349,1743,Meia Praia (beach band)
1053585584811665551,-27.07762908935547,-48.61124420166016,Sertaozinho,Brasil,Santa Catarina,Itapema,2024-01-01 19:00:47.749,0.05750727202143794,2,34,Sertaozinho
1052992749655623271,-27.131999969482425,-48.59799957275391,Meia Praia,Brasil,Santa Catarina,Itapema,2024-01-01 19:03:34.853,0.09018044030604526,369,1939,Meia Praia (beach band)
1052089199306202045,-27.124000549316406,-48.604000091552734,Meia Praia,Brasil,Santa Catarina,Itapema,2024-01-01 19:03:25.277,0.024372666469565426,252,1523,Meia Praia (beach band)
1050824626350559241,-27.137039184570312,-48.59724807739258,Meia Praia,Brasil,Santa Catarina,Itapema,2024-01-01 19:03:52.314,0.3959771892502746,382,1710,Meia Praia (inland)
1049346394602716663,-27.138999938964844,-48.59199905395508,Meia Praia,Brasil,Santa Catarina,Itapema,2024-01-01 19:03:43.836,0.08925779055443807,283,1302,Meia Praia (beach band)
1056566030515743391,-27.113000869750977,-48.61000061035156,Morretes,Brasil,Santa Catarina,Itapema,2024-01-01 19:03:51.452,0.09773004232345425,51,562,Morretes
979822999058425359,-27.12800025939941,-48.60300064086914,Meia Praia,Brasil,Santa Catarina,Itapema,2023-10-24 16:54:41.622,0.20964617779704287,401,1812,Meia Praia (beach band)
1311575286815584867,-27.10569,-48.61557,Tabuleiro dos Oliveiras,Brasil,Santa Catarina,Itapema,2024-12-16 19:00:58.983,0.2656171105893772,111,442,Tabuleiro dos Oliveiras
1307955803685092822,-27.13983,-48.59642,Meia Praia,Brasil,Santa Catarina,Itapema,2024-12-16 19:01:03.526,0.5200975788885666,274,1471,Meia Praia (inland)
1306710539582154841,-27.14043336763247,-48.59911626389052,Meia Praia,Brasil,Santa Catarina,Itapema,2024-12-16 19:06:05.258,0.77331157561202,130,1379,Meia Praia (inland)
1310200744046984553,-27.121329717329584,-48.611037503807424,Morretes,Brasil,Santa Catarina,Itapema,2024-12-16 19:06:05.258,0.513518154113276,123,1140,Morretes
1298079782772415239,-27.1209595,-48.6099513,Morretes,Brasil,Santa Catarina,Itapema,2024-12-16 19:06:05.258,0.39861212301182786,201,1163,Morretes
1309554958048522886,-27.123287266824537,-48.60590044557381,Meia Praia,Brasil,Santa Catarina,Itapema,2024-12-16 19:06:08.172,0.13233688874539637,341,1475,Meia Praia (beach band)
1303003604588140707,-27.1352106,-48.59979449999999,Meia Praia,Brasil,Santa Catarina,Itapema,2024-12-16 19:06:03.395,0.4601819069070475,320,1950,Meia Praia (inland)
1308253688292379707,-27.14019793651279,-48.59546759982659,Meia Praia,Brasil,Santa Catarina,Itapema,2024-12-16 19:06:03.395,0.45653540902339734,281,1404,Meia Praia (inland)
1310264822884912762,-27.09629307152957,-48.61420368332907,Centro,Brasil,Santa Catarina,Itapema,2024-12-16 19:06:03.395,0.15754428946932725,180,775,Centro
1299200884719674733,-27.096718155419413,-48.62382162362337,Varzea,Brasil,Santa Catarina,Itapema,2024-12-16 19:06:01.684,1.0695013448313975,16,319,Varzea
1315402405706071677,-27.134932458918406,-48.59820216894149,Meia Praia,Brasil,Santa Catarina,Itapema,2025-01-06 19:04:35.684,0.3192646339208896,408,1899,Meia Praia (beach band)
1321895804777519579,-27.11799,-48.61032,Morretes,Brasil,Santa Catarina,Itapema,2025-01-06 19:04:35.684,0.2931466353881258,212,876,Morretes
1314599881514092715,-27.11664850617017,-48.61111441837782,Morretes,Brasil,Santa Catarina,Itapema,2025-01-06 19:04:35.684,0.3180937729467824,194,746,Morretes
1318162382615121900,-27.132774837306037,-48.60375562369656,Meia Praia,Brasil,Santa Catarina,Itapema,2025-01-06 19:04:23.456,0.5804320180808515,229,1869,Meia Praia (inland)
1318157437821801284,-27.138142616396607,-48.59283674508333,Meia Praia,Brasil,Santa Catarina,Itapema,2025-01-06 19:08:57.229,0.12248156487293461,305,1412,Meia Praia (beach band)
1315378265846987588,-27.132241151251264,-48.59749445952455,Meia Praia,Brasil,Santa Catarina,Itapema,2025-01-06 19:08:57.229,0.07023524587808418,342,1914,Meia Praia (beach band)
1319557868224326182,-27.098193949255897,-48.61472634103565,Centro,Brasil,Santa Catarina,Itapema,2025-01-06 19:08:53.515,0.16365918361149848,167,744,Centro
1305912340453612514,-27.13525828545236,-48.59920095652342,Meia Praia,Brasil,Santa Catarina,Itapema,2025-01-06 19:08:53.515,0.41837371604811585,338,1951,Meia Praia (inland)
1316604682338226124,-27.11625606763655,-48.61074214927114,Morretes,Brasil,Santa Catarina,Itapema,2025-01-06 19:08:53.515,0.2687139900299498,175,739,Morretes
1315529790295837216,-27.12000201800145,-48.61016783863306,Morretes,Brasil,Santa Catarina,Itapema,2025-01-06 19:08:53.515,0.3709208093000031,207,1071,Morretes
1321693375598269627,-27.12899,-48.62385,Morretes,Brasil,Santa Catarina,Itapema,2025-01-06 19:09:03.130,2.0132493289905122,7,85,Morretes
1315531524716923051,-27.1209595,-48.6099513,Morretes,Brasil,Santa Catarina,Itapema,2025-01-06 19:09:15.367,0.39861212301182786,201,1163,Morretes
1190830635876293330,-27.117448572974027,-48.61475948066866,Morretes,Brasil,Santa Catarina,Itapema,2025-01-06 19:09:15.367,0.6882393090069259,81,633,Morretes
1313863643918666408,-27.132762005035502,-48.60750304803747,Meia Praia,Brasil,Santa Catarina,Itapema,2025-01-06 19:09:15.367,0.8846388139076046,111,1541,Meia Praia (inland)
1315513068814871645,-27.129903158089444,-48.608366720328746,Meia Praia,Brasil,Santa Catarina,Itapema,2025-01-06 19:09:15.367,0.7570249300384452,102,1548,Meia Praia (inland)
1059563894852615252,-27.138999938964844,-48.59299850463867,Meia Praia,Brasil,Santa Catarina,Itapema,2024-02-12 19:02:05.871,0.17859761516897824,359,1362,Meia Praia (beach band)
1059771355274004427,-27.10300064086914,-48.619998931884766,Tabuleiro dos Oliveiras,Brasil,Santa Catarina,Itapema,2024-02-12 19:02:30.258,0.6948124021892472,11,502,Tabuleiro dos Oliveiras
1060022326239750129,-27.090999603271484,-48.61299896240234,Centro,Brasil,Santa Catarina,Itapema,2024-02-12 19:02:30.258,0.3699665294202667,183,617,Centro
1005164324674982229,-27.12700080871582,-48.60599899291992,Meia Praia,Brasil,Santa Catarina,Itapema,2024-02-12 19:03:33.026,0.3720275514863809,361,1677,Meia Praia (inland)
1074536325107116342,-27.0939998626709,-48.61299896240234,Centro,Brasil,Santa Catarina,Itapema,2024-02-12 19:03:32.685,0.16244415557894376,236,738,Centro
1025974741530499489,-27.10264205932617,-48.61312103271485,Centro,Brasil,Santa Catarina,Itapema,2024-02-12 19:04:34.874,0.014027428503189056,136,596,Centro
1060030042730634983,-27.121000289916992,-48.61600112915039,Morretes,Brasil,Santa Catarina,Itapema,2024-02-12 19:04:34.531,0.9394464387587342,47,719,Morretes
981794745903466594,-27.1311954,-48.6043871,Meia Praia,Brasil,Santa Catarina,Itapema,2025-11-17 19:05:40.716,0.5316198111432222,298,1865,Meia Praia (inland)
1193496259129259761,-27.09306,-48.61326,Centro,Brasil,Santa Catarina,Itapema,2025-12-01 19:03:33.261,0.24734683181542166,240,702,Centro
1263782720733351995,-27.11925091714605,-48.61110627651215,Morretes,Brasil,Santa Catarina,Itapema,2025-10-20 19:00:48.848,0.4173812906301513,186,943,Morretes
16433733,-27.13441,-48.60028,Meia Praia,Brasil,Santa Catarina,Itapema,2024-10-07 19:46:17.108,0.4368742390878866,348,1986,Meia Praia (inland)
41495109,-27.14205,-48.59131,Meia Praia,Brasil,Santa Catarina,Itapema,2024-10-07 19:46:07.350,0.23257863471348528,174,985,Meia Praia (beach band)
771366912915633484,-27.1268291473,-48.6030883789,Meia Praia,Brasil,Santa Catarina,Itapema,2023-01-19 12:18:27.000,0.1352253883476066,341,1724,Meia Praia (beach band)
773986911749214420,-27.1402893066,-48.5963401794,Meia Praia,Brasil,Santa Catarina,Itapema,2023-06-26 19:07:08.000,0.5388135522398446,245,1425,Meia Praia (inland)
16591695,-27.1317806244,-48.5982818604,Meia Praia,Brasil,Santa Catarina,Itapema,2022-11-30 19:45:22.000,0.09435001817797889,377,1949,Meia Praia (beach band)
659262137039564317,-27.13623,-48.59813,Meia Praia,Brasil,Santa Catarina,Itapema,2024-10-07 19:49:19.859,0.4059303796405443,388,1831,Meia Praia (inland)
769009482417170004,-27.1159992218,-48.6090011597,Morretes,Brasil,Santa Catarina,Itapema,2022-12-06 12:43:34.000,0.09689753329501127,134,726,Morretes
772603331815027558,-27.123670578,-48.6170692444,Morretes,Brasil,Santa Catarina,Itapema,2023-01-19 12:18:27.000,1.164783782471627,44,518,Morretes
17636492,-27.1255607605,-48.606338501,Meia Praia,Brasil,Santa Catarina,Itapema,2023-06-26 19:11:59.000,0.30983081519662764,382,1615,Meia Praia (beach band)
1035628196408986358,-27.10400009155273,-48.61299896240234,Centro,Brasil,Santa Catarina,Itapema,2023-12-11 19:00:40.853,0.0011260430293208818,110,493,Centro
41060336,-27.0883102417,-48.6103096008,Centro,Brasil,Santa Catarina,Itapema,2022-11-28 11:33:01.000,0.4365485034399862,34,470,Centro
30209117,-27.12226,-48.606,Meia Praia,Brasil,Santa Catarina,Itapema,2024-10-07 20:04:44.498,0.0929120575260123,299,1371,Meia Praia (beach band)
35506843,-27.097000122070312,-48.61399841308594,Centro,Brasil,Santa Catarina,Itapema,2024-02-12 19:03:02.494,0.10632102572426273,178,745,Centro
38730549,-27.12700080871582,-48.608001708984375,Meia Praia,Brasil,Santa Catarina,Itapema,2023-11-20 19:01:51.996,0.536263152971192,209,1625,Meia Praia (inland)
21699700,-27.09052,-48.61705,Casa Branca,Brasil,Santa Catarina,Itapema,2022-12-15 13:26:06.000,0.7172873453831782,51,621,Casa Branca
18271241,-27.09618,-48.61358,Centro,Brasil,Santa Catarina,Itapema,2024-10-07 19:00:56.552,0.10619584592212586,210,770,Centro
54367133,-27.1261,-48.60551,Meia Praia,Brasil,Santa Catarina,Itapema,2024-10-07 19:48:53.663,0.2755660599139434,414,1648,Meia Praia (beach band)
54237040,-27.125023,-48.605911,Meia Praia,Brasil,Santa Catarina,Itapema,2022-03-02 14:56:49.148,0.241235526724283,397,1603,Meia Praia (beach band)
740566202542708128,-27.12195,-48.60894,Meia Praia,Brasil,Santa Catarina,Itapema,2022-11-08 18:24:34.000,0.3509100321097217,253,1266,Meia Praia (inland)
687742022165487214,-27.1408748626709,-48.60079193115234,Meia Praia,Brasil,Santa Catarina,Itapema,2023-11-06 19:02:29.675,0.935161642940908,55,1264,Meia Praia (inland)
729663458450271713,-27.13883,-48.59489,Meia Praia,Brasil,Santa Catarina,Itapema,2022-11-08 18:24:34.000,0.3320436779158969,369,1515,Meia Praia (beach band)
730437501239201082,-27.13304,-48.59873,Meia Praia,Brasil,Santa Catarina,Itapema,2024-10-07 19:57:17.082,0.22105005783827944,419,1988,Meia Praia (beach band)
708045427082372124,-27.0943841485,-48.6122039706,Centro,Brasil,Santa Catarina,Itapema,2022-10-03 13:39:14.000,0.07360351212864791,204,738,Centro
30402651,-27.1350097656,-48.6000709534,Meia Praia,Brasil,Santa Catarina,Itapema,2023-06-26 19:08:37.000,0.46583779916459095,301,1969,Meia Praia (inland)
52107212,-27.06548,-48.5977,Ilhota,Brasil,Santa Catarina,Itapema,2024-10-07 19:22:19.191,0.29452114945406066,20,45,Ilhota
52536443,-27.09896,-48.61409,Centro,Brasil,Santa Catarina,Itapema,2024-10-07 19:00:56.552,0.10069586235203941,156,744,Centro
983414023585763213,-27.12910842895508,-48.6059799194336,Meia Praia,Brasil,Santa Catarina,Itapema,2023-11-06 19:02:57.223,0.5171243597450961,316,1759,Meia Praia (inland)
1274725970776707713,-27.091460128879067,-48.60959301068928,Centro,Brasil,Santa Catarina,Itapema,2024-11-04 19:00:49.678,0.10016579500772378,62,569,Centro
1261075083927841039,-27.1286247,-48.602929,Meia Praia,Brasil,Santa Catarina,Itapema,2024-11-04 19:00:58.427,0.24761930197679768,402,1846,Meia Praia (beach band)
1279089582401296369,-27.126185582622195,-48.60439337790013,Meia Praia,Brasil,Santa Catarina,Itapema,2024-11-04 19:06:04.560,0.19131372170569383,381,1680,Meia Praia (beach band)
1269119159660044936,-27.13920896666539,-48.591842056654926,Meia Praia,Brasil,Santa Catarina,Itapema,2024-11-04 19:06:03.442,0.08566676184422554,279,1278,Meia Praia (beach band)
1104976765484255707,-27.1259994506836,-48.60300064086914,Meia Praia,Brasil,Santa Catarina,Itapema,2024-03-18 19:01:37.494,0.07027698939766205,284,1681,Meia Praia (beach band)
46327705,-27.13223,-48.5969,Meia Praia,Brasil,Santa Catarina,Itapema,2021-10-25 14:40:16.352,0.027921743774876356,283,1875,Meia Praia (beach band)
1004136807267956914,-27.124889373779297,-48.60580062866211,Meia Praia,Brasil,Santa Catarina,Itapema,2023-11-06 19:00:57.889,0.22389447457758227,395,1596,Meia Praia (beach band)
29739100,-27.1362800598,-48.5939407349,Meia Praia,Brasil,Santa Catarina,Itapema,2023-06-26 19:08:39.000,0.08515069731636012,284,1568,Meia Praia (beach band)
1076812789641172407,-27.11937,-48.61069,Morretes,Brasil,Santa Catarina,Itapema,2024-10-07 20:16:20.038,0.3862426699380364,204,979,Morretes
957349094500016515,-27.09051,-48.61245,Centro,Brasil,Santa Catarina,Itapema,2024-10-07 19:49:21.551,0.3613412406474138,145,603,Centro
31083803,-27.1357498169,-48.5962791443,Meia Praia,Brasil,Santa Catarina,Itapema,2023-08-28 19:02:52.000,0.23043743582803644,374,1731,Meia Praia (beach band)
1129248541782633263,-27.141000747680664,-48.59999847412109,Meia Praia,Brasil,Santa Catarina,Itapema,2024-04-22 19:00:47.170,0.8811241307835941,71,1267,Meia Praia (inland)
31454750,-27.09186,-48.60839,Canto da Praia,Brasil,Santa Catarina,Itapema,2021-10-25 14:40:16.352,0.012743367208227064,29,523,Canto da Praia
47512442,-27.13259,-48.59745,Meia Praia,Brasil,Santa Catarina,Itapema,2021-10-25 14:40:16.352,0.09285872566226988,356,1932,Meia Praia (beach band)
23299596,-27.13328,-48.5977,Meia Praia,Brasil,Santa Catarina,Itapema,2021-10-25 14:40:16.352,0.1628501127760084,391,1947,Meia Praia (beach band)
20618105,-27.13683,-48.59712,Meia Praia,Brasil,Santa Catarina,Itapema,2024-10-07 19:35:02.869,0.3715939238009058,393,1714,Meia Praia (inland)
29381085,-27.13393,-48.59852,Meia Praia,Brasil,Santa Catarina,Itapema,2021-10-25 14:40:16.352,0.27143757836275134,432,1987,Meia Praia (beach band)
30785010,-27.13524,-48.59563,Meia Praia,Brasil,Santa Catarina,Itapema,2021-10-25 14:40:16.352,0.1446628969424677,309,1714,Meia Praia (beach band)
32697747,-27.13467,-48.59709,Meia Praia,Brasil,Santa Catarina,Itapema,2024-10-07 19:57:17.082,0.21553676553707385,413,1845,Meia Praia (beach band)
38569669,-27.13246,-48.59748,Meia Praia,Brasil,Santa Catarina,Itapema,2024-10-07 19:46:08.078,0.08561753823930643,350,1928,Meia Praia (beach band)
41454399,-27.13247,-48.5979,Meia Praia,Brasil,Santa Catarina,Itapema,2021-10-25 14:40:16.352,0.11719715472286978,381,1952,Meia Praia (beach band)
45435621,-27.13592,-48.59648,Meia Praia,Brasil,Santa Catarina,Itapema,2024-10-07 19:49:19.771,0.25788524468492907,390,1733,Meia Praia (beach band)
47468878,-27.1381,-48.59443,Meia Praia,Brasil,Santa Catarina,Itapema,2024-10-07 19:34:42.394,0.2465811528875538,382,1528,Meia Praia (beach band)
48586673,-27.13571,-48.59473,Meia Praia,Brasil,Santa Catarina,Itapema,2024-10-07 19:22:07.731,0.10946031120131784,281,1624,Meia Praia (beach band)
1158058099432766385,-27.14080619812012,-48.59904861450195,Meia Praia,Brasil,Santa Catarina,Itapema,2024-06-10 19:00:55.576,0.7932299026278986,114,1331,Meia Praia (inland)
1139831117529014384,-27.10815620422364,-48.61417770385742,Tabuleiro dos Oliveiras,Brasil,Santa Catarina,Itapema,2024-06-10 19:01:03.626,0.1858317672880558,63,423,Tabuleiro dos Oliveiras
1156649912857014385,-27.108009338378903,-48.61417007446289,Tabuleiro dos Oliveiras,Brasil,Santa Catarina,Itapema,2024-06-10 19:01:03.914,0.17905524151443097,72,427,Tabuleiro dos Oliveiras
1090733476410044804,-27.1299991607666,-48.60499954223633,Meia Praia,Brasil,Santa Catarina,Itapema,2024-03-18 19:02:40.586,0.5033871126395222,359,1815,Meia Praia (inland)
1041935826250801258,-27.1299991607666,-48.59999847412109,Meia Praia,Brasil,Santa Catarina,Itapema,2023-12-18 19:00:58.081,0.09920556235050584,407,1899,Meia Praia (beach band)
1036316015400901078,-27.09000015258789,-48.61100006103516,Centro,Brasil,Santa Catarina,Itapema,2023-12-18 19:02:12.266,0.31135328757489134,77,549,Centro
1084956409800718038,-27.13529,-48.59885,Meia Praia,Brasil,Santa Catarina,Itapema,2024-10-07 19:34:42.394,0.39380231618620415,374,1917,Meia Praia (inland)
1088514611356100982,-27.10199928283692,-48.61346054077149,Centro,Brasil,Santa Catarina,Itapema,2024-02-26 19:01:37.719,0.04513802411611285,141,649,Centro
1087116894120974285,-27.09234,-48.61514,Centro,Brasil,Santa Catarina,Itapema,2024-10-07 19:15:28.520,0.44296836066846945,185,680,Centro
1085490619549830143,-27.11828231811523,-48.6096076965332,Morretes,Brasil,Santa Catarina,Itapema,2024-02-26 19:01:13.014,0.23806555897730985,211,912,Morretes
1086114368658410156,-27.124000549316406,-48.604000091552734,Meia Praia,Brasil,Santa Catarina,Itapema,2024-02-26 19:01:32.751,0.024372666469565426,252,1523,Meia Praia (beach band)
1033866064868877388,-27.11899948120117,-48.61000061035156,Morretes,Brasil,Santa Catarina,Itapema,2023-12-04 19:01:47.033,0.3067118892498053,224,974,Morretes
1029871571812460364,-27.12203,-48.60628,Meia Praia,Brasil,Santa Catarina,Itapema,2024-10-07 19:56:46.976,0.10942400701639268,297,1348,Meia Praia (beach band)
1034050331755813941,-27.11813,-48.60709,Meia Praia,Brasil,Santa Catarina,Itapema,2024-10-07 19:15:29.550,0.012349809512103682,121,932,Meia Praia (beach band)
1034873975277447845,-27.12700080871582,-48.60499954223633,Meia Praia,Brasil,Santa Catarina,Itapema,2023-12-04 19:01:47.049,0.2946488753890321,393,1706,Meia Praia (beach band)
39394196,-27.12137,-48.60851,Meia Praia,Brasil,Santa Catarina,Itapema,2024-10-07 19:22:08.493,0.287521491548333,262,1223,Meia Praia (beach band)
781349166008760597,-27.1369991302,-48.6020011902,Meia Praia,Brasil,Santa Catarina,Itapema,2023-01-19 12:18:27.000,0.7556475780088838,118,1785,Meia Praia (inland)
39024482,-27.1317,-48.5999,Meia Praia,Brasil,Santa Catarina,Itapema,2024-10-07 20:00:56.504,0.20824348062132536,443,1973,Meia Praia (beach band)
27910707,-27.09154,-48.60982,Centro,Brasil,Santa Catarina,Itapema,2021-10-25 14:40:16.352,0.10493547528152469,65,573,Centro
32605581,-27.09161,-48.61154,Centro,Brasil,Santa Catarina,Itapema,2021-10-25 14:40:16.352,0.2143993796937627,175,613,Centro
40039627,-27.0902,-48.61245,Centro,Brasil,Santa Catarina,Itapema,2021-10-25 14:40:16.352,0.3844686140637402,103,586,Centro
40237010,-27.0871906281,-48.6143417358,Alto Sao Bento,Brasil,Santa Catarina,Itapema,2023-06-26 19:08:19.000,0.7304975669920577,81,480,Alto Sao Bento
46878566,-27.09488,-48.61336,Centro,Brasil,Santa Catarina,Itapema,2024-10-07 19:00:56.552,0.14591201624146172,238,757,Centro
48600810,-27.092176,-48.613792,Centro,Brasil,Santa Catarina,Itapema,2021-10-25 14:40:16.352,0.34992895966777293,218,673,Centro
30564287,-27.12962,-48.59984,Meia Praia,Brasil,Santa Catarina,Itapema,2024-10-07 19:35:12.857,0.06271248402428722,351,1883,Meia Praia (beach band)
40835980,-27.13222,-48.59942,Meia Praia,Brasil,Santa Catarina,Itapema,2024-10-07 19:46:08.078,0.21115467014403502,431,1990,Meia Praia (beach band)
32606991,-27.13012,-48.6046,Meia Praia,Brasil,Santa Catarina,Itapema,2024-10-07 19:00:56.552,0.4806319009414136,365,1818,Meia Praia (inland)
42239404,-27.12951,-48.60349,Meia Praia,Brasil,Santa Catarina,Itapema,2024-10-07 19:34:41.998,0.35170362950602313,434,1853,Meia Praia (inland)
46792527,-27.10625,-48.6126,Centro,Brasil,Santa Catarina,Itapema,2024-10-07 19:57:51.608,0.015202106169191718,73,428,Centro
23078040,-27.12434,-48.60313,Meia Praia,Brasil,Santa Catarina,Itapema,2024-10-07 19:00:56.565,0.03208934096998733,179,1543,Meia Praia (beach band)
32717195,-27.12912,-48.60482,Meia Praia,Brasil,Santa Catarina,Itapema,2021-10-25 14:40:16.352,0.4284384374789475,407,1800,Meia Praia (inland)
42735835,-27.12217,-48.60558,Meia Praia,Brasil,Santa Catarina,Itapema,2024-10-07 19:46:10.017,0.050358692342665,272,1362,Meia Praia (beach band)
46566783,-27.12387,-48.60545,Meia Praia,Brasil,Santa Catarina,Itapema,2021-10-25 14:40:16.352,0.13158205031464687,352,1512,Meia Praia (beach band)
46924699,-27.12649,-48.6086,Meia Praia,Brasil,Santa Catarina,Itapema,2024-10-07 19:00:56.552,0.5536017155172523,157,1558,Meia Praia (inland)
21601396,-27.1297607422,-48.6054115295,Meia Praia,Brasil,Santa Catarina,Itapema,2023-06-26 19:13:20.000,0.518655744033002,338,1778,Meia Praia (inland)
1122097984724843177,-27.121000289916992,-48.60699844360352,Meia Praia,Brasil,Santa Catarina,Itapema,2024-04-08 19:02:18.038,0.1331768354828994,271,1213,Meia Praia (beach band)
15639459,-27.12019,-48.606,Meia Praia,Brasil,Santa Catarina,Itapema,2024-10-07 19:25:51.942,0.008987920941246204,193,1140,Meia Praia (beach band)
47844337,-27.11814,-48.6113,Morretes,Brasil,Santa Catarina,Itapema,2024-10-07 19:00:56.559,0.39017240017942745,192,856,Morretes
51983017,-27.134571,-48.59547,Meia Praia,Brasil,Santa Catarina,Itapema,2022-01-11 19:06:34.950,0.08576255235520001,274,1740,Meia Praia (beach band)
53188113,-27.14036,-48.59536,Meia Praia,Brasil,Santa Catarina,Itapema,2022-01-11 19:12:10.988,0.4547918416264972,272,1387,Meia Praia (inland)
53914255,-27.12743,-48.60484,Meia Praia,Brasil,Santa Catarina,Itapema,2022-01-11 19:12:10.988,0.31229141980603664,403,1750,Meia Praia (beach band)
1228579526649749239,-27.1337,-48.61167,Leopoldo Zarling,Brasil,Santa Catarina,Itapema,2024-10-07 19:34:41.998,1.2768439119422539,22,607,Leopoldo Zarling
1213824251801309412,-27.1287625,-48.6023649,Meia Praia,Brasil,Santa Catarina,Itapema,2024-09-02 19:01:18.609,0.21267902084245469,394,1848,Meia Praia (beach band)
1226856286781952840,-27.09306,-48.61326,Centro,Brasil,Santa Catarina,Itapema,2025-09-22 19:01:45.100,0.24734683181542166,240,702,Centro
48719693,-27.13973426818848,-48.60034942626953,Meia Praia,Brasil,Santa Catarina,Itapema,2023-12-04 19:01:46.861,0.823334181733891,94,1476,Meia Praia (inland)
41008210,-27.09534,-48.61836,Varzea,Brasil,Santa Catarina,Itapema,2024-10-07 19:22:13.167,0.576364501699642,58,724,Varzea
1046947641852323449,-27.108999252319336,-48.6150016784668,Tabuleiro dos Oliveiras,Brasil,Santa Catarina,Itapema,2024-01-01 19:03:42.421,0.30040623897874175,53,431,Tabuleiro dos Oliveiras
38695314,-27.14043,-48.59737,Meia Praia,Brasil,Santa Catarina,Itapema,2024-10-07 19:00:56.565,0.6354746082284007,211,1421,Meia Praia (inland)
47260862,-27.14253,-48.59484,Meia Praia,Brasil,Santa Catarina,Itapema,2024-10-07 19:35:02.869,0.5175843530603368,114,1151,Meia Praia (inland)
816531385836499020,-27.13946,-48.59479,Meia Praia,Brasil,Santa Catarina,Itapema,2024-10-07 19:00:56.552,0.3603759249668342,368,1448,Meia Praia (inland)
47534961,-27.13552,-48.60018,Meia Praia,Brasil,Santa Catarina,Itapema,2024-10-07 19:57:17.082,0.5115601165558635,290,1935,Meia Praia (inland)
48150450,-27.13376,-48.59897,Meia Praia,Brasil,Santa Catarina,Itapema,2021-10-25 14:40:16.352,0.291821687199941,438,2002,Meia Praia (beach band)
43754654,-27.09491,-48.61382,Centro,Brasil,Santa Catarina,Itapema,2024-10-07 19:00:56.552,0.18605408321193373,254,759,Centro
47421617,-27.09758,-48.61531,Centro,Brasil,Santa Catarina,Itapema,2024-10-07 19:46:08.078,0.22150870834262962,179,749,Centro
48243472,-27.09499931335449,-48.61399841308594,Centro,Brasil,Santa Catarina,Itapema,2024-02-12 19:01:40.865,0.19824179629278327,247,760,Centro
38699498,-27.09137,-48.61319,Centro,Brasil,Santa Catarina,Itapema,2024-10-07 19:26:12.176,0.35899420633749957,195,632,Centro
676042169948059761,-27.11638,-48.60954,Tabuleiro dos Oliveiras,Brasil,Santa Catarina,Itapema,2022-08-15 20:53:40.000,0.16117729411584678,166,751,Tabuleiro dos Oliveiras
819381309416209650,-27.090999603271484,-48.60900115966797,Centro,Brasil,Santa Catarina,Itapema,2023-03-02 13:02:00.000,0.11418989004058781,42,523,Centro
784671558918539992,-27.06599998474121,-48.595001220703125,Ilhota,Brasil,Santa Catarina,Itapema,2023-03-02 13:02:00.000,0.05776787511645923,27,37,Ilhota
639216644351145145,-27.129429,-48.602386,Meia Praia,Brasil,Santa Catarina,Itapema,2022-07-11 18:11:37.000,0.25674589970162504,400,1883,Meia Praia (beach band)
627388721154300829,-27.128237,-48.603851,Meia Praia,Brasil,Santa Catarina,Itapema,2022-07-11 18:11:37.000,0.29185040497365605,425,1808,Meia Praia (beach band)
20564548,-27.1027908325,-48.6149902344,Centro,Brasil,Santa Catarina,Itapema,2023-09-18 19:06:07.000,0.19846066777473576,157,571,Centro
805381324514930766,-27.121999740600582,-48.60599899291992,Meia Praia,Brasil,Santa Catarina,Itapema,2023-03-02 13:02:00.000,0.08242595022563952,292,1348,Meia Praia (beach band)
805726391815686158,-27.1047,-48.61687,Tabuleiro dos Oliveiras,Brasil,Santa Catarina,Itapema,2024-10-07 19:15:29.550,0.3849009872722803,74,472,Tabuleiro dos Oliveiras
802997767575123539,-27.12162971496582,-48.60528945922852,Meia Praia,Brasil,Santa Catarina,Itapema,2023-03-02 13:02:00.000,0.0033163934140044006,235,1297,Meia Praia (beach band)
808167363475289022,-27.117000579833984,-48.61299896240234,Morretes,Brasil,Santa Catarina,Itapema,2023-03-02 13:02:00.000,0.5072198888013619,146,714,Morretes
808425365462138959,-27.14064,-48.59905,Meia Praia,Brasil,Santa Catarina,Itapema,2024-10-07 19:22:18.222,0.7820342699586524,120,1357,Meia Praia (inland)
817909829740037853,-27.10036,-48.61531,Centro,Brasil,Santa Catarina,Itapema,2024-10-07 19:57:17.082,0.22290217378454438,181,729,Centro
818886744540655169,-27.10415,-48.61583,Centro,Brasil,Santa Catarina,Itapema,2024-10-07 19:49:21.614,0.28173253352079625,125,501,Centro
53365226,-27.144073486328125,-48.58872985839844,Meia Praia,Brasil,Santa Catarina,Itapema,2025-09-01 19:02:58.055,0.1898576164126374,163,660,Meia Praia (beach band)
1320995339425720277,-27.09364,-48.6131,Centro,Brasil,Santa Catarina,Itapema,2025-04-21 19:01:07.967,0.19492607220982078,243,725,Centro
45266833,-27.1346906358308,-48.5961875584553,Meia Praia,Brasil,Santa Catarina,Itapema,2021-10-25 14:40:16.352,0.1482432245298984,345,1787,Meia Praia (beach band)
754260636604985777,-27.093000412,-48.6119995117,Centro,Brasil,Santa Catarina,Itapema,2022-12-06 12:43:34.000,0.15389169417682436,214,682,Centro
730934848762809144,-27.1380004883,-48.59400177,Meia Praia,Brasil,Santa Catarina,Itapema,2023-01-19 12:18:27.000,0.20633637494119902,357,1518,Meia Praia (beach band)
618590759205763607,-27.1337,-48.59844,Meia Praia,Brasil,Santa Catarina,Itapema,2024-10-07 19:34:41.998,0.24816655234276394,445,1987,Meia Praia (beach band)
633809099013662442,-27.13237953186035,-48.598140716552734,Meia Praia,Brasil,Santa Catarina,Itapema,2025-04-07 19:03:03.838,0.12823919271447842,386,1951,Meia Praia (beach band)
576683946972734575,-27.12277,-48.60641,Meia Praia,Brasil,Santa Catarina,Itapema,2024-10-07 20:04:44.498,0.15165103488621456,332,1412,Meia Praia (beach band)
963716432778300005,-27.1380004883,-48.5929985046,Meia Praia,Brasil,Santa Catarina,Itapema,2023-09-18 19:06:22.000,0.12761907266950673,316,1448,Meia Praia (beach band)
968213956640500474,-27.1189994812,-48.6100006104,Morretes,Brasil,Santa Catarina,Itapema,2023-09-18 19:03:57.000,0.30671189351472683,224,974,Morretes
38723084,-27.13401,-48.60756,Meia Praia,Brasil,Santa Catarina,Itapema,2024-10-07 19:15:29.287,0.9685374854642635,66,1423,Meia Praia (inland)
47222306,-27.12273,-48.61557,Morretes,Brasil,Santa Catarina,Itapema,2024-10-07 19:22:18.222,0.985240454924913,46,805,Morretes
1259452900483933175,-27.0929134,-48.6132024,Centro,Brasil,Santa Catarina,Itapema,2024-10-21 19:03:16.101,0.25317114597106954,242,693,Centro
1264669875935636914,-27.136338313716685,-48.60389392076357,Meia Praia,Brasil,Santa Catarina,Itapema,2024-10-21 19:03:16.101,0.8471454061495577,62,1697,Meia Praia (inland)
1023318531772287794,-27.125,-48.608001708984375,Meia Praia,Brasil,Santa Catarina,Itapema,2023-11-20 19:01:38.539,0.4116544751763031,254,1551,Meia Praia (inland)
1015080872303225543,-27.138999938964844,-48.59199905395508,Meia Praia,Brasil,Santa Catarina,Itapema,2023-11-20 19:02:35.943,0.08925779055443807,283,1302,Meia Praia (beach band)
47561292,-27.1324291229,-48.6005210876,Meia Praia,Brasil,Santa Catarina,Itapema,2023-06-26 19:08:36.000,0.3080261374156413,424,2001,Meia Praia (beach band)
12067632,-27.13567,-48.60029,Meia Praia,Brasil,Santa Catarina,Itapema,2021-10-25 14:40:16.352,0.5306211560406882,273,1927,Meia Praia (inland)
52582287,-27.1288299561,-48.5994186401,Meia Praia,Brasil,Santa Catarina,Itapema,2023-06-26 19:08:39.000,0.024120946327301933,238,1824,Meia Praia (beach band)
1266062577521926245,-27.094482984616157,-48.61196949465885,Centro,Brasil,Santa Catarina,Itapema,2024-10-21 19:03:16.081,0.0489948724779303,192,739,Centro
1264040949531443013,-27.11917575048708,-48.60907433706138,Meia Praia,Brasil,Santa Catarina,Itapema,2024-10-21 19:05:29.428,0.23308264891517508,237,1020,Meia Praia (beach band)
41457268,-27.08192,-48.60984,Sertaozinho,Brasil,Santa Catarina,Itapema,2024-10-07 19:15:20.215,0.013617976269060963,4,156,Sertaozinho
53076658,-27.09906,-48.62754,Varzea,Brasil,Santa Catarina,Itapema,2024-10-07 19:15:40.127,1.4334876053181154,3,72,Varzea
30318398,-27.12196,-48.61805,Morretes,Brasil,Santa Catarina,Itapema,2021-11-04 15:51:02.709,1.1684308521826847,37,439,Morretes
52776168,-27.13415,-48.60568,Meia Praia,Brasil,Santa Catarina,Itapema,2024-10-07 19:15:29.287,0.8244505245001204,98,1669,Meia Praia (inland)
1015838718497361753,-27.0939998626709,-48.61399841308594,Centro,Brasil,Santa Catarina,Itapema,2023-11-20 19:00:57.332,0.24419192878720083,248,741,Centro
1015304393044543814,-27.126672744750977,-48.604637145996094,Meia Praia,Brasil,Santa Catarina,Itapema,2023-11-20 19:00:58.869,0.24407245924320822,387,1695,Meia Praia (beach band)
1290483684225455949,-27.1146516,-48.6125161,Tabuleiro dos Oliveiras,Brasil,Santa Catarina,Itapema,2024-12-16 19:05:55.806,0.38668245164158827,87,612,Tabuleiro dos Oliveiras
1297930815921503919,-27.143245,-48.5875551,Meia Praia,Brasil,Santa Catarina,Itapema,2024-12-16 19:05:54.980,0.07648986818508866,152,622,Meia Praia (beach band)
1280006395961997304,-27.05589395136928,-48.607274405658245,Ilhota,Brasil,Santa Catarina,Itapema,2024-12-16 19:05:56.387,0.5633680298944769,0,19,Ilhota
1299993566911510318,-27.11712224565383,-48.61171993430288,Morretes,Brasil,Santa Catarina,Itapema,2024-12-16 19:05:45.772,0.39199550770605657,195,764,Morretes
1287239325712001279,-27.120292980151792,-48.61043136566877,Morretes,Brasil,Santa Catarina,Itapema,2024-12-16 19:05:45.772,0.4086545236933441,200,1077,Morretes
1289862173315575165,-27.0925058,-48.61206310000001,Centro,Brasil,Santa Catarina,Itapema,2024-12-16 19:01:04.822,0.1928821238692608,211,660,Centro
1294083265290183087,-27.09398905740238,-48.61466649815672,Centro,Brasil,Santa Catarina,Itapema,2024-12-16 19:01:05.286,0.30489407504917343,243,735,Centro
1295423596943803129,-27.12990474789927,-48.60259965062141,Meia Praia,Brasil,Santa Catarina,Itapema,2024-12-16 19:00:55.858,0.3041725664321532,407,1898,Meia Praia (beach band)
1290655314948554194,-27.1228615,-48.6062629,Meia Praia,Brasil,Santa Catarina,Itapema,2024-12-16 19:00:55.858,0.14162617003774158,332,1425,Meia Praia (beach band)
23058353,-27.0968494415,-48.6171112061,Centro,Brasil,Santa Catarina,Itapema,2023-06-26 19:09:03.000,0.4086274877952874,120,738,Centro
1284913657497086774,-27.1343180628738,-48.60151573203407,Meia Praia,Brasil,Santa Catarina,Itapema,2024-11-18 19:24:40.767,0.5214985295993844,246,1953,Meia Praia (inland)
710739184958846083,-27.13352,-48.60165,Meia Praia,Brasil,Santa Catarina,Itapema,2022-10-03 13:39:14.000,0.4725567888032058,290,1960,Meia Praia (inland)
716703779507124462,-27.124883,-48.603892,Meia Praia,Brasil,Santa Catarina,Itapema,2022-10-03 13:39:14.000,0.0670133107588434,280,1594,Meia Praia (beach band)
572272775213205053,-27.14003,-48.59666,Meia Praia,Brasil,Santa Catarina,Itapema,2024-10-07 19:00:56.565,0.5525173661542482,263,1459,Meia Praia (inland)
1055163452693752832,-27.11629,-48.61059,Morretes,Brasil,Santa Catarina,Itapema,2024-10-07 19:56:46.976,0.255779369562739,178,741,Morretes
1069710216126818337,-27.11677,-48.61114,Morretes,Brasil,Santa Catarina,Itapema,2024-10-07 19:34:36.932,0.32475839560010555,197,747,Morretes
1048773939396362640,-27.09721,-48.62182,Varzea,Brasil,Santa Catarina,Itapema,2024-10-07 19:22:13.167,0.8677154619898909,28,569,Varzea
877369704935240972,-27.12089,-48.61038,Morretes,Brasil,Santa Catarina,Itapema,2024-10-07 19:00:56.552,0.43332673853477893,174,1131,Morretes
45260461,-27.13113,-48.60265,Meia Praia,Brasil,Santa Catarina,Itapema,2024-10-07 19:57:51.608,0.3860456154360341,408,1916,Meia Praia (inland)
1061820958506073620,-27.12009,-48.62094,Morretes,Brasil,Santa Catarina,Itapema,2024-10-07 19:15:25.432,1.363511782556539,7,236,Morretes
989301822716949432,-27.14348,-48.58956,Meia Praia,Brasil,Santa Catarina,Itapema,2024-10-07 19:49:19.460,0.25401924067221526,169,749,Meia Praia (beach band)
1052912761207502450,-27.09151,-48.609,Centro,Brasil,Santa Catarina,Itapema,2024-10-07 19:15:22.303,0.06468667573216658,40,540,Centro
41822635,-27.14459,-48.58752,Meia Praia,Brasil,Santa Catarina,Itapema,2024-10-07 19:21:41.832,0.0728558046283816,129,544,Meia Praia (beach band)
1254096741071252185,-27.0955265,-48.6130101,Centro,Brasil,Santa Catarina,Itapema,2024-10-07 19:50:43.680,0.08478858892824839,221,769,Centro
1201524410402216599,-27.1297,-48.60709,Meia Praia,Brasil,Santa Catarina,Itapema,2024-10-07 19:57:29.855,0.6442436922133468,206,1671,Meia Praia (inland)
42515348,-27.12973,-48.60286,Meia Praia,Brasil,Santa Catarina,Itapema,2024-10-07 19:34:42.394,0.31436666449872736,409,1890,Meia Praia (beach band)
45911573,-27.12817,-48.60404,Meia Praia,Brasil,Santa Catarina,Itapema,2024-10-07 19:34:42.394,0.3019789665673916,417,1804,Meia Praia (beach band)
1194934061037707415,-27.13059,-48.60204,Meia Praia,Brasil,Santa Catarina,Itapema,2024-10-07 19:34:42.394,0.3021039348587499,458,1923,Meia Praia (beach band)
995670124692789028,-27.07495,-48.61174,Sertaozinho,Brasil,Santa Catarina,Itapema,2024-10-07 19:46:14.853,0.012532353898096028,4,20,Sertaozinho
1237787505353689867,-27.1398318,-48.5994496,Meia Praia,Brasil,Santa Catarina,Itapema,2024-09-30 19:01:21.701,0.7590981480978259,143,1461,Meia Praia (inland)
1242871998993315064,-27.06644486510855,-48.595366380700725,Ilhota,Brasil,Santa Catarina,Itapema,2024-09-30 19:01:00.803,0.0940873297654427,25,37,Ilhota
1051258841276296327,-27.08264,-48.61429,Sertaozinho,Brasil,Santa Catarina,Itapema,2024-10-07 19:15:20.215,0.41034210650775194,10,189,Sertaozinho
1212179727017190050,-27.12307,-48.60734,Meia Praia,Brasil,Santa Catarina,Itapema,2024-08-19 19:10:26.762,0.24946654631580323,325,1429,Meia Praia (beach band)
929120660817262874,-27.0939998627,-48.6150016785,Centro,Brasil,Santa Catarina,Itapema,2023-07-31 19:01:04.000,0.3345269617533189,234,736,Centro
927428621188028958,-27.1287517548,-48.6022529602,Meia Praia,Brasil,Santa Catarina,Itapema,2023-07-31 19:03:57.000,0.20299040982212535,391,1846,Meia Praia (beach band)
848026284913864380,-27.1420001984,-48.5890007019,Meia Praia,Brasil,Santa Catarina,Itapema,2023-04-25 16:25:09.000,0.08941610576224564,161,827,Meia Praia (beach band)
1284049938417204519,-27.14102,-48.59618,Meia Praia,Brasil,Santa Catarina,Itapema,2024-11-18 19:08:02.699,0.5599387518271857,205,1335,Meia Praia (inland)
999306668153709930,-27.09093,-48.65242,Areal,Brasil,Santa Catarina,Itapema,2024-11-18 19:08:02.836,3.969111348673401,2,6,Areal
1287306414198127460,-27.1367332,-48.5944959,Meia Praia,Brasil,Santa Catarina,Itapema,2024-11-18 19:08:14.867,0.15971149446094768,350,1589,Meia Praia (beach band)
1285199189393260516,-27.131092,-48.6049085,Meia Praia,Brasil,Santa Catarina,Itapema,2024-11-18 19:08:14.867,0.5674071546728651,280,1823,Meia Praia (inland)
1281329818566296132,-27.09239046882775,-48.61264295284667,Centro,Brasil,Santa Catarina,Itapema,2024-11-18 19:08:14.867,0.2458775956525116,221,666,Centro
1260119534147831091,-27.12751726669253,-48.61780418191612,Morretes,Brasil,Santa Catarina,Itapema,2024-11-18 19:08:17.526,1.3971130882454774,19,220,Morretes
1285822871391313366,-27.13684616091673,-48.59184987340902,Meia Praia,Brasil,Santa Catarina,Itapema,2024-11-18 19:08:17.865,0.04265304268249929,195,1411,Meia Praia (beach band)
560903783071466646,-27.1317476,-48.6030498,Meia Praia,Brasil,Santa Catarina,Itapema,2024-11-18 19:09:51.731,0.45775092827676,338,1916,Meia Praia (inland)
1048785577617228176,-27.11800003051757,-48.608001708984375,Meia Praia,Brasil,Santa Catarina,Itapema,2024-01-01 19:03:42.851,0.08051953539308797,165,913,Meia Praia (beach band)
1049812703373748837,-27.141000747680664,-48.59700012207031,Meia Praia,Brasil,Santa Catarina,Itapema,2024-01-01 19:03:45.530,0.632223259740429,191,1342,Meia Praia (inland)
1058078593052494531,-27.121000289916992,-48.617000579833984,Morretes,Brasil,Santa Catarina,Itapema,2024-01-01 19:03:34.853,1.0306048829754506,44,569,Morretes
1032037416009523135,-27.099458694458008,-48.65940856933594,Areal,Brasil,Santa Catarina,Itapema,2024-01-01 19:03:43.141,4.591603774369024,3,3,Areal
988202244677112791,-27.13800048828125,-48.59700012207031,Meia Praia,Brasil,Santa Catarina,Itapema,2023-10-24 16:56:30.480,0.44233911045486224,352,1604,Meia Praia (inland)
1001535818359576230,-27.13999938964844,-48.59199905395508,Meia Praia,Brasil,Santa Catarina,Itapema,2023-10-24 16:57:21.939,0.13767132602439677,278,1228,Meia Praia (beach band)
1310093328154719841,-27.11598866920132,-48.61288883421214,Morretes,Brasil,Santa Catarina,Itapema,2024-12-16 19:01:04.630,0.4616520240070344,124,659,Morretes
1297930390704189766,-27.1276039,-48.6052271,Meia Praia,Brasil,Santa Catarina,Itapema,2024-12-16 19:01:13.492,0.3541461216422645,382,1736,Meia Praia (inland)
1303841272149852162,-27.127958051925987,-48.60585819929838,Meia Praia,Brasil,Santa Catarina,Itapema,2024-12-16 19:01:05.286,0.42764361838854625,328,1723,Meia Praia (inland)
1307358878486156704,-27.13295779712163,-48.60053066164255,Meia Praia,Brasil,Santa Catarina,Itapema,2024-12-16 19:01:05.286,0.3480788665818915,399,1997,Meia Praia (beach band)
1291985009511026813,-27.087377294867323,-48.615367401358775,Casa Branca,Brasil,Santa Catarina,Itapema,2024-12-16 19:05:47.468,0.8111106193598986,78,496,Casa Branca
1279257338640004889,-27.13894374063111,-48.60118658472398,Meia Praia,Brasil,Santa Catarina,Itapema,2024-12-16 19:05:54.302,0.8317071234244778,96,1579,Meia Praia (inland)
1307396902018325411,-27.13635,-48.602,Meia Praia,Brasil,Santa Catarina,Itapema,2025-01-06 19:07:00.574,0.7079018351018739,142,1838,Meia Praia (inland)
1306477586777971034,-27.090821727769253,-48.61468685006887,Centro,Brasil,Santa Catarina,Itapema,2024-12-16 19:05:54.302,0.5132209338223193,139,630,Centro
1303561207664284946,-27.1258183,-48.6065791,Meia Praia,Brasil,Santa Catarina,Itapema,2024-12-16 19:05:55.474,0.3458044542188061,375,1622,Meia Praia (beach band)
1310804213962211160,-27.13627214340375,-48.59731817273661,Meia Praia,Brasil,Santa Catarina,Itapema,2024-12-16 19:05:55.474,0.34697806371212614,419,1782,Meia Praia (beach band)
1302822771090631328,-27.100737871760057,-48.61387285183837,Centro,Brasil,Santa Catarina,Itapema,2024-12-16 19:05:55.474,0.08213761916497529,162,716,Centro
1291617546855693110,-27.1300971,-48.6042642,Meia Praia,Brasil,Santa Catarina,Itapema,2024-12-16 19:05:55.474,0.45178974198145117,382,1842,Meia Praia (inland)
1311540500191796195,-27.14424579546514,-48.589657830588735,Meia Praia,Brasil,Santa Catarina,Itapema,2024-12-16 19:05:55.474,0.22152059910577496,156,695,Meia Praia (beach band)
1318818089883482536,-27.126919,-48.6057504,Meia Praia,Brasil,Santa Catarina,Itapema,2025-01-06 19:06:28.932,0.346923122735128,381,1683,Meia Praia (beach band)
1318005433819873357,-27.131887685690256,-48.60391267389648,Meia Praia,Brasil,Santa Catarina,Itapema,2025-01-06 19:06:27.980,0.5369473157941501,277,1875,Meia Praia (inland)
1315912442862954203,-27.0952681,-48.6150104,Centro,Brasil,Santa Catarina,Itapema,2025-01-06 19:06:27.980,0.2773612357398951,211,773,Centro
1315268761678890149,-27.133222672832243,-48.6029378161005,Meia Praia,Brasil,Santa Catarina,Itapema,2025-01-06 19:06:27.980,0.5456307329280606,205,1910,Meia Praia (inland)
1318901720877311421,-27.126299,-48.6025081,Meia Praia,Brasil,Santa Catarina,Itapema,2025-01-06 19:06:27.980,0.05305919277309795,254,1683,Meia Praia (beach band)
1318396160993271480,-27.13834944564581,-48.59195416031787,Meia Praia,Brasil,Santa Catarina,Itapema,2025-01-06 19:06:29.566,0.054008901944711384,260,1337,Meia Praia (beach band)
1321781665233199185,-27.12981,-48.60274,Meia Praia,Brasil,Santa Catarina,Itapema,2025-01-06 19:06:29.566,0.3095098777306794,398,1893,Meia Praia (beach band)
1316892776746532728,-27.13415107948948,-48.60361405932132,Meia Praia,Brasil,Santa Catarina,Itapema,2025-01-06 19:10:22.887,0.6643953591288398,144,1844,Meia Praia (inland)
1311150015781996959,-27.134151295798475,-48.59624046832323,Meia Praia,Brasil,Santa Catarina,Itapema,2025-01-06 19:10:23.556,0.11470716760537661,333,1807,Meia Praia (beach band)
1313192226174263411,-27.128673485042043,-48.60641363121338,Meia Praia,Brasil,Santa Catarina,Itapema,2025-01-06 19:10:23.556,0.5204125675781582,280,1707,Meia Praia (inland)
1323425991861389388,-27.12488,-48.62576,Morretes,Brasil,Santa Catarina,Itapema,2025-01-06 19:10:24.996,1.9985854097892204,7,82,Morretes
1313121404040146831,-27.1295371,-48.5997235,Meia Praia,Brasil,Santa Catarina,Itapema,2025-01-06 19:10:29.580,0.04849941450924526,338,1878,Meia Praia (beach band)
1321988636246787772,-27.1312,-48.59947,Meia Praia,Brasil,Santa Catarina,Itapema,2025-01-06 19:10:29.580,0.13931153697216114,416,1951,Meia Praia (beach band)
1306545959582020873,-27.08404307832089,-48.6198095611172,Alto Sao Bento,Brasil,Santa Catarina,Itapema,2025-01-06 19:10:29.580,0.9522945505448884,13,166,Alto Sao Bento
1318312639932328514,-27.091552170047592,-48.612298481781934,Centro,Brasil,Santa Catarina,Itapema,2025-01-06 19:10:44.951,0.2775657199899194,196,622,Centro
1318302156174940688,-27.10748772997032,-48.612536596499325,Centro,Brasil,Santa Catarina,Itapema,2025-01-06 19:10:44.951,0.010491858489197741,55,430,Centro
1317704079987487935,-27.13494655059702,-48.60837644108936,Meia Praia,Brasil,Santa Catarina,Itapema,2025-01-06 19:10:44.951,1.0944744751784228,42,1097,Meia Praia (inland)
1248660750160789330,-27.140793079237387,-48.59797322967309,Meia Praia,Brasil,Santa Catarina,Itapema,2024-09-30 19:01:22.133,0.7075541107481534,163,1368,Meia Praia (inland)
1248634457200208684,-27.13162005656809,-48.60522647123313,Meia Praia,Brasil,Santa Catarina,Itapema,2024-09-30 19:01:19.412,0.6268176534085821,241,1807,Meia Praia (inland)
1248596862601348230,-27.138958945221432,-48.59730429947376,Meia Praia,Brasil,Santa Catarina,Itapema,2024-09-30 19:01:19.412,0.531079977185151,289,1527,Meia Praia (inland)
1064361544684463450,-27.142364501953125,-48.600772857666016,Meia Praia,Brasil,Santa Catarina,Itapema,2024-02-12 19:02:06.935,0.9783669870230887,27,1002,Meia Praia (inland)
1062615116593634676,-27.12800025939941,-48.60499954223633,Meia Praia,Brasil,Santa Catarina,Itapema,2024-02-12 19:01:52.547,0.36421366684679274,393,1770,Meia Praia (inland)
1063631212924566587,-27.099000930786133,-48.61800003051758,Centro,Brasil,Santa Catarina,Itapema,2024-02-12 19:03:14.959,0.4880754909616893,81,719,Centro
1060288793250267218,-27.10700035095215,-48.61899948120117,Tabuleiro dos Oliveiras,Brasil,Santa Catarina,Itapema,2024-02-12 19:04:33.546,0.6259732842452324,50,359,Tabuleiro dos Oliveiras
31055581,-27.13226318359375,-48.59761047363281,Meia Praia,Brasil,Santa Catarina,Itapema,2025-12-01 19:01:07.217,0.08041545206684629,349,1926,Meia Praia (beach band)
970445468070597218,-27.1196187800006,-48.61086940525837,Morretes,Brasil,Santa Catarina,Itapema,2025-12-01 19:05:23.357,0.41439810204736716,194,989,Morretes
1038473014859458540,-27.135692,-48.61312600000001,Leopoldo Zarling,Brasil,Santa Catarina,Itapema,2026-01-05 19:00:55.279,1.5281550548591964,10,253,Leopoldo Zarling
1268175742888206281,-27.137428509160696,-48.60140086021436,Meia Praia,Brasil,Santa Catarina,Itapema,2025-10-20 19:02:55.654,0.740333528436866,142,1775,Meia Praia (inland)
1207338410880339003,-27.09306,-48.61326,Centro,Brasil,Santa Catarina,Itapema,2025-11-03 19:00:48.814,0.24734683181542166,240,702,Centro
41260111,-27.13599967956543,-48.595001220703125,Meia Praia,Brasil,Santa Catarina,Itapema,2023-02-09 15:17:56.000,0.14978691462455035,326,1629,Meia Praia (beach band)
39007372,-27.1390209198,-48.5993270874,Meia Praia,Brasil,Santa Catarina,Itapema,2023-09-18 19:03:31.000,0.694611052383982,194,1546,Meia Praia (inland)
756006202648492532,-27.1350002289,-48.5960006714,Meia Praia,Brasil,Santa Catarina,Itapema,2022-12-06 12:43:34.000,0.15647094520168364,334,1767,Meia Praia (beach band)
777665901925870644,-27.0879993439,-48.6150016785,Casa Branca,Brasil,Santa Catarina,Itapema,2023-01-19 12:18:27.000,0.7365419157181827,83,520,Casa Branca
546588792290672978,-27.0958099365,-48.6140403748,Centro,Brasil,Santa Catarina,Itapema,2022-12-06 12:43:34.000,0.1647024393247733,218,776,Centro
1179103047052148475,-27.123334884643555,-48.60639572143555,Meia Praia,Brasil,Santa Catarina,Itapema,2024-06-24 19:00:40.065,0.17708982256992847,346,1480,Meia Praia (beach band)
639163267116212627,-27.11508,-48.60987,Tabuleiro dos Oliveiras,Brasil,Santa Catarina,Itapema,2022-07-11 18:11:37.000,0.14647485858175854,115,667,Tabuleiro dos Oliveiras
23263225,-27.09164,-48.6145,Centro,Brasil,Santa Catarina,Itapema,2024-10-07 19:03:06.018,0.44203053808587495,190,660,Centro
40375457,-27.129100799560547,-48.60253143310547,Meia Praia,Brasil,Santa Catarina,Itapema,2023-02-08 20:09:52.000,0.24752028809048143,406,1858,Meia Praia (beach band)
43219070,-27.10243,-48.61501,Centro,Brasil,Santa Catarina,Itapema,2024-10-07 19:03:06.001,0.2000987029852443,155,619,Centro
749236858009962576,-27.11591,-48.61011,Morretes,Brasil,Santa Catarina,Itapema,2024-10-07 19:03:06.001,0.19696270946295527,159,726,Morretes
772331709357403117,-27.10847,-48.62122,Tabuleiro dos Oliveiras,Brasil,Santa Catarina,Itapema,2024-10-07 19:16:58.113,0.8717550265659302,8,241,Tabuleiro dos Oliveiras
790431243381422888,-27.13396,-48.59889,Meia Praia,Brasil,Santa Catarina,Itapema,2024-10-07 19:34:02.764,0.3007536827545326,440,1995,Meia Praia (beach band)
568211772680384095,-27.0919208527,-48.61743927,Casa Branca,Brasil,Santa Catarina,Itapema,2023-06-26 19:13:20.000,0.6551416893009857,50,661,Casa Branca
35826155,-27.137910842895508,-48.60295867919922,Meia Praia,Brasil,Santa Catarina,Itapema,2023-02-09 15:17:56.000,0.8934218345540486,47,1619,Meia Praia (inland)
37709918,-27.13071060180664,-48.600040435791016,Meia Praia,Brasil,Santa Catarina,Itapema,2023-02-08 14:56:52.000,0.14707113576141018,410,1918,Meia Praia (beach band)
1179028133738930790,-27.14514,-48.59043,Meia Praia,Brasil,Santa Catarina,Itapema,2024-10-07 19:34:36.457,0.17767189887521284,98,672,Meia Praia (beach band)
698609052948535659,-27.140800726,-48.5919784382,Meia Praia,Brasil,Santa Catarina,Itapema,2022-09-09 18:21:49.000,0.1750650283210617,226,1144,Meia Praia (beach band)
728531681504670920,-27.1076568035,-48.6166237721,Tabuleiro dos Oliveiras,Brasil,Santa Catarina,Itapema,2022-11-08 18:24:34.000,0.4073940145342709,77,395,Tabuleiro dos Oliveiras
670972349837021205,-27.13216,-48.59889,Meia Praia,Brasil,Santa Catarina,Itapema,2022-08-15 20:53:40.000,0.16751499492439734,415,1979,Meia Praia (beach band)
716036257834809292,-27.14528,-48.58729,Meia Praia,Brasil,Santa Catarina,Itapema,2024-10-07 19:52:08.637,0.01661851879355402,107,471,Meia Praia (beach band)
54368585,-27.09633,-48.61575,Centro,Brasil,Santa Catarina,Itapema,2022-03-02 14:00:27.221,0.29522839114865074,169,758,Centro
44890294,-27.1294174194336,-48.59959411621094,Meia Praia,Brasil,Santa Catarina,Itapema,2024-05-20 19:01:51.742,0.030104821820543345,319,1870,Meia Praia (beach band)
40206592,-27.14529,-48.58922,Meia Praia,Brasil,Santa Catarina,Itapema,2021-10-25 14:40:16.352,0.09995906026949589,116,605,Meia Praia (beach band)
52182814,-27.12127,-48.6066,Meia Praia,Brasil,Santa Catarina,Itapema,2021-10-25 14:40:16.352,0.10792326193465689,276,1251,Meia Praia (beach band)
1074031328011239995,-27.0957813,-48.6195685,Varzea,Brasil,Santa Catarina,Itapema,2024-12-19 17:35:01.821,0.6731085600200479,41,685,Varzea
46298683,-27.1288,-48.60271,Meia Praia,Brasil,Santa Catarina,Itapema,2024-10-07 20:04:21.199,0.24290392209161507,405,1843,Meia Praia (beach band)
41493620,-27.13692,-48.59443,Meia Praia,Brasil,Santa Catarina,Itapema,2021-10-25 14:40:16.352,0.16687554710472804,358,1589,Meia Praia (beach band)
1005962805287014804,-27.1299991607666,-48.60599899291992,Meia Praia,Brasil,Santa Catarina,Itapema,2023-11-06 19:00:57.970,0.5807067635243459,279,1752,Meia Praia (inland)
1006396584243125090,-27.09147,-48.61387,Centro,Brasil,Santa Catarina,Itapema,2024-10-07 19:24:22.261,0.4048888874343969,203,646,Centro
1011429683225365524,-27.124000549316406,-48.60499954223633,Meia Praia,Brasil,Santa Catarina,Itapema,2023-11-06 19:02:29.696,0.10332474040634182,338,1524,Meia Praia (beach band)
1276876271755772492,-27.0880623,-48.6150258,Casa Branca,Brasil,Santa Catarina,Itapema,2024-11-04 19:00:55.151,0.7334173402203806,83,528,Casa Branca
1275438702868996889,-27.132482324844943,-48.59718970780914,Meia Praia,Brasil,Santa Catarina,Itapema,2024-11-04 19:00:55.151,0.06686398892352356,329,1905,Meia Praia (beach band)
1271976168616688272,-27.10726714850881,-48.613794373065446,Centro,Brasil,Santa Catarina,Itapema,2024-11-04 19:01:10.709,0.12400880416345048,83,433,Centro
1268360369138084164,-27.1302521,-48.6071199,Meia Praia,Brasil,Santa Catarina,Itapema,2024-11-04 19:00:56.833,0.684906216375123,182,1669,Meia Praia (inland)
1273978346654911748,-27.1251476,-48.6041455,Meia Praia,Brasil,Santa Catarina,Itapema,2024-11-04 19:05:52.961,0.10400514885261997,320,1605,Meia Praia (beach band)
1069655967488909794,-27.13576764953649,-48.60017202069188,Meia Praia,Brasil,Santa Catarina,Itapema,2024-11-04 19:05:52.996,0.5286332956753602,274,1930,Meia Praia (inland)
1265365629580514358,-27.103097691810337,-48.61418377608061,Centro,Brasil,Santa Catarina,Itapema,2024-11-04 19:05:52.996,0.11903704806525171,148,556,Centro
1276789839775235217,-27.11900084278592,-48.61337073147297,Morretes,Brasil,Santa Catarina,Itapema,2024-11-04 19:05:52.963,0.6155275074855917,115,829,Morretes
1274829509619951251,-27.117025807157205,-48.61000455396729,Morretes,Brasil,Santa Catarina,Itapema,2024-11-04 19:05:52.963,0.2280707092637097,192,800,Morretes
1263748016799621791,-27.1237843,-48.6047023,Meia Praia,Brasil,Santa Catarina,Itapema,2024-11-04 19:05:53.005,0.06529330202178346,308,1507,Meia Praia (beach band)
1274679812745645557,-27.093643939966583,-48.61309494865722,Centro,Brasil,Santa Catarina,Itapema,2024-11-04 19:05:52.979,0.19426053577298302,243,725,Centro
951500285874726128,-27.13168,-48.59967,Meia Praia,Brasil,Santa Catarina,Itapema,2024-10-07 20:04:19.158,0.18973736129809124,445,1976,Meia Praia (beach band)
1166024161283656882,-27.119075775146484,-48.61069107055664,Morretes,Brasil,Santa Catarina,Itapema,2024-06-10 19:01:03.642,0.3718541424665517,205,951,Morretes
1163132009168177821,-27.13148,-48.5963,Meia Praia,Brasil,Santa Catarina,Itapema,2024-10-07 19:49:25.030,0.07540329934194522,186,1776,Meia Praia (beach band)
16253828,-27.13702,-48.59192,Meia Praia,Brasil,Santa Catarina,Itapema,2024-10-07 19:16:57.803,0.025114639517874453,203,1415,Meia Praia (beach band)
18735821,-27.13563,-48.59754,Meia Praia,Brasil,Santa Catarina,Itapema,2024-10-07 19:24:19.252,0.31804191190159287,424,1832,Meia Praia (beach band)
40482082,-27.13538,-48.59607,Meia Praia,Brasil,Santa Catarina,Itapema,2024-10-07 19:24:19.252,0.1887111064298648,353,1743,Meia Praia (beach band)
42040998,-27.13247,-48.59717,Meia Praia,Brasil,Santa Catarina,Itapema,2024-10-07 19:46:22.327,0.06460268862438348,326,1904,Meia Praia (beach band)
1121119629124487182,-27.13014411926269,-48.60624313354492,Meia Praia,Brasil,Santa Catarina,Itapema,2024-04-08 19:01:06.597,0.6097167209235175,239,1736,Meia Praia (inland)
1101468395346870820,-27.08757972717285,-48.61339569091797,Alto Sao Bento,Brasil,Santa Catarina,Itapema,2024-03-18 19:02:20.829,0.6676748129295643,81,491,Alto Sao Bento
1110150010928830427,-27.13800048828125,-48.59299850463867,Meia Praia,Brasil,Santa Catarina,Itapema,2024-03-18 19:02:46.108,0.12761907483996499,316,1448,Meia Praia (beach band)
1108011865175693567,-27.1299991607666,-48.59999847412109,Meia Praia,Brasil,Santa Catarina,Itapema,2024-03-18 19:02:20.877,0.09920556235050584,407,1899,Meia Praia (beach band)
1036955655225647222,-27.10700035095215,-48.61299896240234,Centro,Brasil,Santa Catarina,Itapema,2023-12-18 19:01:06.420,0.04156612682802528,62,425,Centro
1043713458053737844,-27.13800048828125,-48.59299850463867,Meia Praia,Brasil,Santa Catarina,Itapema,2023-12-18 19:01:06.420,0.12761907483996499,316,1448,Meia Praia (beach band)
1040593269888615683,-27.12047958374023,-48.60743713378906,Meia Praia,Brasil,Santa Catarina,Itapema,2023-12-18 19:01:06.469,0.15176807807840212,246,1168,Meia Praia (beach band)
1040578292859356067,-27.13800048828125,-48.59299850463867,Meia Praia,Brasil,Santa Catarina,Itapema,2023-12-18 19:00:58.081,0.12761907483996499,316,1448,Meia Praia (beach band)
1037603943717340020,-27.13467788696289,-48.604469299316406,Meia Praia,Brasil,Santa Catarina,Itapema,2023-12-18 19:02:04.868,0.7668153545164886,99,1759,Meia Praia (inland)
1036245475735774882,-27.14003,-48.59605,Meia Praia,Brasil,Santa Catarina,Itapema,2024-10-07 19:34:02.764,0.5004372540799169,277,1440,Meia Praia (inland)
1058777213156843238,-27.12804,-48.60495,Meia Praia,Brasil,Santa Catarina,Itapema,2024-10-07 20:06:07.537,0.36309138417084263,394,1773,Meia Praia (inland)
1083424325445690046,-27.13119,-48.60752,Meia Praia,Brasil,Santa Catarina,Itapema,2024-10-07 19:34:32.300,0.7811580415389086,146,1613,Meia Praia (inland)
1085708494928220029,-27.09123,-48.61878,Casa Branca,Brasil,Santa Catarina,Itapema,2024-10-07 19:23:51.464,0.8086168199047673,27,630,Casa Branca
1046663580902381675,-27.128999710083008,-48.60699844360352,Meia Praia,Brasil,Santa Catarina,Itapema,2024-02-26 19:01:09.855,0.5884435680641624,241,1670,Meia Praia (inland)
1091265213844771501,-27.086811065673828,-48.61559677124024,Alto Sao Bento,Brasil,Santa Catarina,Itapema,2024-02-26 19:02:36.012,0.7937212613555142,77,458,Alto Sao Bento
1027088555597671969,-27.11800003051757,-48.608001708984375,Meia Praia,Brasil,Santa Catarina,Itapema,2023-12-04 19:00:39.003,0.08051953539308797,165,913,Meia Praia (beach band)
1020554963948833757,-27.13465,-48.60242,Meia Praia,Brasil,Santa Catarina,Itapema,2024-10-07 19:16:57.803,0.6129900434214973,169,1894,Meia Praia (inland)
53151612,-27.1200008392334,-48.608001708984375,Meia Praia,Brasil,Santa Catarina,Itapema,2023-02-09 15:17:56.000,0.17852490718685585,237,1115,Meia Praia (beach band)
41180369,-27.1395606995,-48.5914382935,Meia Praia,Brasil,Santa Catarina,Itapema,2023-06-26 19:07:07.000,0.06727292065500365,254,1214,Meia Praia (beach band)
30154927,-27.1369895935,-48.593120575,Meia Praia,Brasil,Santa Catarina,Itapema,2023-06-26 19:09:50.000,0.06841529143711139,278,1506,Meia Praia (beach band)
52864004,-27.1372299194,-48.5952606201,Meia Praia,Brasil,Santa Catarina,Itapema,2023-01-19 12:18:27.000,0.25334364102215523,387,1606,Meia Praia (beach band)
38447436,-27.13797,-48.59189,Meia Praia,Brasil,Santa Catarina,Itapema,2021-10-25 14:40:16.352,0.03016848309577016,254,1345,Meia Praia (beach band)
47441042,-27.13928,-48.59052,Meia Praia,Brasil,Santa Catarina,Itapema,2024-10-07 19:24:19.252,0.029365039739702562,206,1133,Meia Praia (beach band)
28366360,-27.12878,-48.60303,Meia Praia,Brasil,Santa Catarina,Itapema,2021-10-25 14:40:16.352,0.2664670954936192,400,1847,Meia Praia (beach band)
47255498,-27.12896,-48.60247,Meia Praia,Brasil,Santa Catarina,Itapema,2024-10-07 19:34:43.605,0.2335926223917995,401,1851,Meia Praia (beach band)
22256769,-27.1298,-48.60193,Meia Praia,Brasil,Santa Catarina,Itapema,2024-10-07 19:34:06.927,0.24300573679361817,424,1908,Meia Praia (beach band)
44075219,-27.10524,-48.61392,Centro,Brasil,Santa Catarina,Itapema,2024-10-07 19:51:58.835,0.09618441842805826,111,449,Centro
47252509,-27.10955,-48.6124,Tabuleiro dos Oliveiras,Brasil,Santa Catarina,Itapema,2021-10-25 14:40:16.352,0.11151839504798017,38,475,Tabuleiro dos Oliveiras
14872547,-27.1262207031,-48.6029510498,Meia Praia,Brasil,Santa Catarina,Itapema,2023-06-26 19:14:24.000,0.08204156125941453,286,1692,Meia Praia (beach band)
28410850,-27.09385,-48.61161,Centro,Brasil,Santa Catarina,Itapema,2024-10-07 19:45:54.754,0.06458374377946506,182,712,Centro
33184703,-27.0913391113,-48.614151001,Centro,Brasil,Santa Catarina,Itapema,2023-06-26 19:07:37.000,0.43565629057584515,195,639,Centro
46327364,-27.08915,-48.61597,Casa Branca,Brasil,Santa Catarina,Itapema,2024-10-07 19:51:58.835,0.7284380411468598,81,570,Casa Branca
22421421,-27.11609,-48.61405,Morretes,Brasil,Santa Catarina,Itapema,2021-10-25 14:40:16.352,0.5755542445913719,84,623,Morretes
23183285,-27.11788,-48.60956,Morretes,Brasil,Santa Catarina,Itapema,2021-10-25 14:40:16.352,0.21790068354238792,208,884,Morretes
28429135,-27.12125,-48.60759,Meia Praia,Brasil,Santa Catarina,Itapema,2021-10-25 14:40:16.352,0.1978307707733995,281,1232,Meia Praia (beach band)
30491733,-27.11791,-48.60875,Meia Praia,Brasil,Santa Catarina,Itapema,2025-01-20 19:02:57.717,0.14356568630282113,189,896,Meia Praia (beach band)
30560948,-27.12092,-48.60609,Meia Praia,Brasil,Santa Catarina,Itapema,2021-10-25 14:40:16.352,0.04626483096842413,244,1214,Meia Praia (beach band)
41702158,-27.11758,-48.60828,Meia Praia,Brasil,Santa Catarina,Itapema,2021-10-25 14:40:16.352,0.08760916990734653,164,876,Meia Praia (beach band)
53611299,-27.13215,-48.60049,Meia Praia,Brasil,Santa Catarina,Itapema,2024-10-07 19:46:22.327,0.2851356341636898,431,1984,Meia Praia (beach band)
30354217,-27.12409,-48.60721,Meia Praia,Brasil,Santa Catarina,Itapema,2024-10-07 19:03:06.001,0.28989556215192325,319,1524,Meia Praia (beach band)
51959579,-27.14014,-48.59566,Meia Praia,Brasil,Santa Catarina,Itapema,2024-10-07 20:06:07.537,0.4710485641128008,286,1418,Meia Praia (inland)
42154347,-27.12984,-48.59958,Meia Praia,Brasil,Santa Catarina,Itapema,2022-01-11 20:36:11.682,0.05443750118272682,346,1882,Meia Praia (beach band)
1227549458445970951,-27.1179081,-48.61275570000001,Morretes,Brasil,Santa Catarina,Itapema,2024-09-02 19:01:19.997,0.5177771599366288,167,784,Morretes
1234163308515824235,-27.14439,-48.58975,Meia Praia,Brasil,Santa Catarina,Itapema,2024-10-07 19:34:36.457,0.2122580318109618,148,692,Meia Praia (beach band)
1224816621661733725,-27.13561,-48.5999,Meia Praia,Brasil,Santa Catarina,Itapema,2024-10-07 20:04:20.808,0.49663133196156584,300,1934,Meia Praia (inland)
1226846054624436877,-27.09231,-48.61455,Centro,Brasil,Santa Catarina,Itapema,2024-09-30 19:00:43.254,0.39937024076812233,206,681,Centro
1283582813995831992,-27.13925,-48.59941,Meia Praia,Brasil,Santa Catarina,Itapema,2025-02-10 19:01:18.085,0.7166241543979804,176,1520,Meia Praia (inland)
1026215661270129106,-27.09944,-48.61759,Centro,Brasil,Santa Catarina,Itapema,2024-10-07 19:24:21.163,0.44746423092931686,95,724,Centro
1031275935967978274,-27.13599967956543,-48.59400177001953,Meia Praia,Brasil,Santa Catarina,Itapema,2023-12-04 19:01:46.976,0.07102916188162729,273,1579,Meia Praia (beach band)
40261346,-27.05756,-48.59923,Ilhota,Brasil,Santa Catarina,Itapema,2024-10-07 19:26:54.091,0.07018235383147209,4,40,Ilhota
37294563,-27.1401,-48.59581,Meia Praia,Brasil,Santa Catarina,Itapema,2024-10-07 19:46:23.575,0.4823378876159932,279,1433,Meia Praia (inland)
49369605,-27.14059,-48.59244,Meia Praia,Brasil,Santa Catarina,Itapema,2024-10-07 20:14:15.263,0.20542448098140506,274,1205,Meia Praia (beach band)
38319706,-27.14247,-48.59146,Meia Praia,Brasil,Santa Catarina,Itapema,2021-10-25 14:40:16.352,0.2791358648562414,156,973,Meia Praia (beach band)
47189324,-27.1418209076,-48.5976905823,Meia Praia,Brasil,Santa Catarina,Itapema,2023-06-26 19:06:46.000,0.7335289917205897,123,1257,Meia Praia (inland)
50132160,-27.13629,-48.60002,Meia Praia,Brasil,Santa Catarina,Itapema,2021-10-25 14:40:16.352,0.5542368846789665,268,1888,Meia Praia (inland)
46414876,-27.10248,-48.61406,Centro,Brasil,Santa Catarina,Itapema,2021-10-25 14:40:16.352,0.1063009676310335,157,619,Centro
833555693958083782,-27.14423,-48.63454,Sertao do Trombudo,Brasil,Santa Catarina,Itapema,2024-10-07 19:03:30.138,3.789014949222702,2,5,Sertao do Trombudo
43725543,-27.08812,-48.60942,Canto da Praia,Brasil,Santa Catarina,Itapema,2021-10-25 14:40:16.352,0.4087443895935827,20,442,Canto da Praia
17511306,-27.129,-48.603,Meia Praia,Brasil,Santa Catarina,Itapema,2021-10-25 14:40:16.352,0.2792354266429481,418,1847,Meia Praia (beach band)
45910353,-27.10264015197754,-48.614219665527344,Centro,Brasil,Santa Catarina,Itapema,2024-02-12 19:02:05.808,0.1221776195601536,155,575,Centro
812330321788324738,-27.09428,-48.61254,Centro,Brasil,Santa Catarina,Itapema,2024-10-07 19:45:49.013,0.10744883545391493,224,738,Centro
54197754,-27.10377,-48.615,Centro,Brasil,Santa Catarina,Itapema,2024-10-07 19:23:51.057,0.19945376072791893,144,526,Centro
53384633,-27.11707,-48.6119,Morretes,Brasil,Santa Catarina,Itapema,2022-01-11 17:14:34.893,0.40694339545251274,190,753,Morretes
786441399936695949,-27.1433792114,-48.5874595642,Meia Praia,Brasil,Santa Catarina,Itapema,2023-06-26 19:06:20.000,0.06689824198092463,150,607,Meia Praia (beach band)
783872089235137848,-27.13732,-48.59702,Meia Praia,Brasil,Santa Catarina,Itapema,2024-10-07 19:24:19.252,0.3980318899348047,375,1670,Meia Praia (inland)
787727349025737770,-27.1040000916,-48.6170005798,Tabuleiro dos Oliveiras,Brasil,Santa Catarina,Itapema,2023-01-19 12:18:27.000,0.39768023634018224,81,503,Tabuleiro dos Oliveiras
549056203343531816,-27.13664,-48.59714,Meia Praia,Brasil,Santa Catarina,Itapema,2024-10-07 19:24:19.252,0.3593447160127423,399,1724,Meia Praia (inland)
549806805550927013,-27.12755,-48.60532,Meia Praia,Brasil,Santa Catarina,Itapema,2024-10-07 20:06:07.537,0.3576699572791366,380,1732,Meia Praia (inland)
568791170009921084,-27.09281,-48.61267,Centro,Brasil,Santa Catarina,Itapema,2024-10-07 19:03:06.018,0.21890086735296826,227,681,Centro
47078621,-27.10774,-48.61707,Tabuleiro dos Oliveiras,Brasil,Santa Catarina,Itapema,2024-10-07 19:52:22.734,0.4525602121063876,69,387,Tabuleiro dos Oliveiras
1263182730237407812,-27.1361386,-48.5986866,Meia Praia,Brasil,Santa Catarina,Itapema,2024-10-21 19:03:16.225,0.4416385497873757,362,1858,Meia Praia (inland)
1262221626757341454,-27.13833495993748,-48.594029193162285,Meia Praia,Brasil,Santa Catarina,Itapema,2024-10-21 19:03:16.961,0.23103896043072675,366,1513,Meia Praia (beach band)
966687088388761169,-27.1399993896,-48.5979995728,Meia Praia,Brasil,Santa Catarina,Itapema,2023-09-18 19:00:54.000,0.6560224439536199,213,1444,Meia Praia (inland)
959414535343481656,-27.1332969666,-48.6015930176,Meia Praia,Brasil,Santa Catarina,Itapema,2023-09-18 19:01:33.000,0.45160106884989804,295,1967,Meia Praia (inland)
964070954867493655,-27.12014,-48.61472,Morretes,Brasil,Santa Catarina,Itapema,2024-10-07 19:16:58.113,0.7851498611714645,58,795,Morretes
963040775940890055,-27.1140003204,-48.611000061,Tabuleiro dos Oliveiras,Brasil,Santa Catarina,Itapema,2023-09-18 19:06:20.000,0.2227215863767762,94,595,Tabuleiro dos Oliveiras
1257475064962985099,-27.13654,-48.59692,Meia Praia,Brasil,Santa Catarina,Itapema,2024-10-21 19:05:20.585,0.33545299087099467,403,1723,Meia Praia (beach band)
1260034133844415711,-27.124485489327004,-48.61651281280135,Morretes,Brasil,Santa Catarina,Itapema,2024-10-21 19:05:13.398,1.152596414704162,37,579,Morretes
1258179878686783837,-27.13146501328385,-48.59799903429638,Meia Praia,Brasil,Santa Catarina,Itapema,2024-10-21 19:05:20.803,0.05027179966104577,348,1919,Meia Praia (beach band)
21280090,-27.13978,-48.59218,Meia Praia,Brasil,Santa Catarina,Itapema,2021-11-04 15:51:02.709,0.1429943375303865,292,1250,Meia Praia (beach band)
52893238,-27.1327,-48.60262,Meia Praia,Brasil,Santa Catarina,Itapema,2021-11-04 16:49:43.942,0.48419775760910694,265,1924,Meia Praia (inland)
1023389334658101005,-27.13758850097656,-48.59507369995117,Meia Praia,Brasil,Santa Catarina,Itapema,2023-11-20 19:01:53.430,0.26278204589687404,378,1582,Meia Praia (beach band)
1004639989908402291,-27.13028907775879,-48.60306167602539,Meia Praia,Brasil,Santa Catarina,Itapema,2023-11-20 19:01:52.551,0.3661017832610642,378,1899,Meia Praia (inland)
1019453731090411731,-27.12800025939941,-48.60499954223633,Meia Praia,Brasil,Santa Catarina,Itapema,2023-11-20 19:01:38.986,0.36421366684679274,393,1770,Meia Praia (inland)
51669111,-27.13891,-48.59301,Meia Praia,Brasil,Santa Catarina,Itapema,2024-10-07 19:24:19.252,0.1748929481070066,349,1367,Meia Praia (beach band)
51539313,-27.13981,-48.59205,Meia Praia,Brasil,Santa Catarina,Itapema,2024-10-07 19:24:19.252,0.13329804125480132,275,1245,Meia Praia (beach band)
1298806615338272948,-27.099866977242247,-48.63438756637704,Varzea,Brasil,Santa Catarina,Itapema,2024-12-16 19:03:59.800,2.112068689030028,4,18,Varzea
37108379,-27.0944306,-48.6148603,Centro,Brasil,Santa Catarina,Itapema,2024-12-16 19:03:57.565,0.3020432665701615,242,746,Centro
1291467049168966563,-27.121576092169303,-48.60636935210052,Meia Praia,Brasil,Santa Catarina,Itapema,2024-12-16 19:03:47.426,0.09891286412433666,285,1300,Meia Praia (beach band)
1291327601640024647,-27.13216578623651,-48.5958222384367,Meia Praia,Brasil,Santa Catarina,Itapema,2024-12-16 19:03:56.125,0.06077332049952085,173,1751,Meia Praia (beach band)
1293328099072796975,-27.1180147,-48.6138154,Morretes,Brasil,Santa Catarina,Itapema,2024-12-16 19:03:56.125,0.6208035780058637,111,736,Morretes
1291246324616435136,-27.1404328496099,-48.591419868171215,Meia Praia,Brasil,Santa Catarina,Itapema,2024-12-16 19:01:33.839,0.10680645423538114,225,1136,Meia Praia (beach band)
1262950464625817477,-27.1020884,-48.6146191,Centro,Brasil,Santa Catarina,Itapema,2024-12-16 19:01:33.516,0.1602518550361128,161,632,Centro
39721124,-27.13208,-48.5979,Meia Praia,Brasil,Santa Catarina,Itapema,2024-12-16 19:01:24.836,0.0885126297340132,367,1938,Meia Praia (beach band)
1309599527866264203,-27.13014,-48.6025,Meia Praia,Brasil,Santa Catarina,Itapema,2024-12-16 19:17:00.094,0.3109981293280926,421,1913,Meia Praia (beach band)
565007049956535379,-27.137,-48.59572,Meia Praia,Brasil,Santa Catarina,Itapema,2022-07-11 18:11:37.000,0.27423118418301967,395,1624,Meia Praia (beach band)
764594928509928066,-27.12149,-48.60708,Meia Praia,Brasil,Santa Catarina,Itapema,2024-10-07 19:52:32.913,0.16075779666240686,298,1267,Meia Praia (beach band)
1051481374779167805,-27.09997,-48.61542,Centro,Brasil,Santa Catarina,Itapema,2024-10-07 19:52:32.913,0.23242234708611934,177,736,Centro
994403341096621133,-27.09585,-48.6215,Varzea,Brasil,Santa Catarina,Itapema,2024-10-07 19:52:25.325,0.8573433469801277,26,579,Varzea
46119087,-27.10417,-48.61292,Centro,Brasil,Santa Catarina,Itapema,2024-10-07 19:46:22.327,0.007485339322720389,99,484,Centro
998524736276497831,-27.12917,-48.60914,Meia Praia,Brasil,Santa Catarina,Itapema,2024-10-07 20:04:27.889,0.7659489629141234,70,1497,Meia Praia (inland)
1050137833718465675,-27.09452,-48.61214,Centro,Brasil,Santa Catarina,Itapema,2024-10-07 19:24:22.261,0.059671492850675904,200,740,Centro
1052877686323833185,-27.12582,-48.60722,Meia Praia,Brasil,Santa Catarina,Itapema,2024-10-07 19:16:57.262,0.39839423007241787,307,1624,Meia Praia (inland)
851583708882706195,-27.13035,-48.60675,Meia Praia,Brasil,Santa Catarina,Itapema,2024-10-07 19:24:21.163,0.6631363732779173,207,1704,Meia Praia (inland)
995736596663603880,-27.13747,-48.59739,Meia Praia,Brasil,Santa Catarina,Itapema,2024-10-07 19:34:08.649,0.4374344123818858,360,1673,Meia Praia (inland)
1169576861766557489,-27.12714,-48.6037,Meia Praia,Brasil,Santa Catarina,Itapema,2024-10-07 20:04:35.594,0.2037762418963408,373,1751,Meia Praia (beach band)
1237848486830587998,-27.14045611230013,-48.591254912316806,Meia Praia,Brasil,Santa Catarina,Itapema,2024-09-30 19:00:43.254,0.09388687909061699,230,1119,Meia Praia (beach band)
1030478175785283980,-27.1309467,-48.6010116,Meia Praia,Brasil,Santa Catarina,Itapema,2024-09-30 19:00:55.150,0.24129374899643863,462,1937,Meia Praia (beach band)
1040664783789355948,-27.12943,-48.60235,Meia Praia,Brasil,Santa Catarina,Itapema,2024-10-07 20:04:20.808,0.25379421585630085,401,1880,Meia Praia (beach band)
1244287743643160161,-27.11728509684875,-48.61203551534423,Morretes,Brasil,Santa Catarina,Itapema,2024-09-30 19:00:44.174,0.4274768585196476,189,765,Morretes
1199996219082185363,-27.11627,-48.6140501,Morretes,Brasil,Santa Catarina,Itapema,2024-08-19 19:14:41.084,0.5808873827625123,88,625,Morretes
1186527192047619776,-27.10319379557241,-48.61892390996218,Tabuleiro dos Oliveiras,Brasil,Santa Catarina,Itapema,2024-08-19 19:14:41.084,0.5882797553656518,21,511,Tabuleiro dos Oliveiras
1187772975255244525,-27.0936893,-48.6131638,Centro,Brasil,Santa Catarina,Itapema,2024-08-19 19:14:51.949,0.196202185867394,243,727,Centro
1111649100941039100,-27.144025924615487,-48.59107084572315,Meia Praia,Brasil,Santa Catarina,Itapema,2024-08-19 19:15:02.769,0.3156318521621355,115,806,Meia Praia (beach band)
1195817681118454177,-27.137945400906023,-48.59594911336899,Meia Praia,Brasil,Santa Catarina,Itapema,2024-08-19 19:15:02.769,0.3557938231500352,375,1594,Meia Praia (inland)
1115435634327773140,-27.1223147098727,-48.60665649175644,Meia Praia,Brasil,Santa Catarina,Itapema,2024-08-19 19:15:43.322,0.1554708032819732,312,1382,Meia Praia (beach band)
890108624797058843,-27.1369991302,-48.591999054,Meia Praia,Brasil,Santa Catarina,Itapema,2023-07-31 19:01:25.000,0.02352428436172884,211,1431,Meia Praia (beach band)
927433279584378305,-27.1269397736,-48.6012802124,Meia Praia,Brasil,Santa Catarina,Itapema,2023-07-31 19:05:25.000,0.011155208671750103,212,1729,Meia Praia (beach band)
917551937462777133,-27.1140003204,-48.611000061,Tabuleiro dos Oliveiras,Brasil,Santa Catarina,Itapema,2023-07-31 19:05:42.000,0.2227215863767762,94,595,Tabuleiro dos Oliveiras
8406738,-27.13071,-48.60394,Meia Praia,Brasil,Santa Catarina,Itapema,2021-10-25 14:40:16.352,0.4644114995588798,349,1869,Meia Praia (inland)
46119923,-27.1034,-48.61298,Centro,Brasil,Santa Catarina,Itapema,2021-10-25 14:40:16.352,0.0007531485198342126,116,529,Centro
838302443423866244,-27.1305103302,-48.5996284485,Meia Praia,Brasil,Santa Catarina,Itapema,2023-04-25 16:25:30.000,0.10071088460452148,378,1900,Meia Praia (beach band)
975376794627405792,-27.1319999695,-48.6059989929,Meia Praia,Brasil,Santa Catarina,Itapema,2023-09-18 19:03:37.000,0.7138630292270624,185,1723,Meia Praia (inland)
1050016944647787084,-27.131000518798828,-48.604000091552734,Meia Praia,Brasil,Santa Catarina,Itapema,2024-01-01 19:03:52.391,0.4878385523785652,340,1884,Meia Praia (inland)
1281078930772888849,-27.1194992,-48.6112395,Morretes,Brasil,Santa Catarina,Itapema,2024-11-18 19:07:31.232,0.4414696616990739,174,963,Morretes
1049994013491721443,-27.13036029483942,-48.605045215789886,Meia Praia,Brasil,Santa Catarina,Itapema,2024-11-18 19:07:31.232,0.5320686914885505,331,1809,Meia Praia (inland)
1280480893558662063,-27.116916003658137,-48.60803931435721,Meia Praia,Brasil,Santa Catarina,Itapema,2024-11-18 19:07:44.037,0.04015804640132224,111,822,Meia Praia (beach band)
1289263958043683265,-27.12533344930019,-48.60273929138495,Meia Praia,Brasil,Santa Catarina,Itapema,2024-11-18 19:07:44.037,0.012986043137720027,195,1610,Meia Praia (beach band)
1286081921383451505,-27.134613400000017,-48.601967303704825,Meia Praia,Brasil,Santa Catarina,Itapema,2024-11-18 19:07:44.037,0.576802747217629,196,1926,Meia Praia (inland)
1274113216241261516,-27.13056492263925,-48.60321739539673,Meia Praia,Brasil,Santa Catarina,Itapema,2024-11-18 19:07:34.298,0.396389238507894,377,1906,Meia Praia (inland)
1263250333930923451,-27.0839923,-48.60194449999999,Ilhota,Brasil,Santa Catarina,Itapema,2024-11-18 19:08:05.594,0.28635573835374883,1,43,Ilhota
1287091404225131475,-27.11997559091413,-48.61577048641711,Morretes,Brasil,Santa Catarina,Itapema,2024-11-18 19:08:12.377,0.8758417067843695,53,699,Morretes
1281906611974571860,-27.06575846135318,-48.59589987227225,Ilhota,Brasil,Santa Catarina,Itapema,2024-11-18 19:08:12.377,0.14689568613517157,27,40,Ilhota
1283577977387075425,-27.13553298734071,-48.59431618772052,Meia Praia,Brasil,Santa Catarina,Itapema,2024-11-18 19:08:05.254,0.06433109167791938,254,1603,Meia Praia (beach band)
1279961611855559084,-27.132783857288373,-48.599510758875525,Meia Praia,Brasil,Santa Catarina,Itapema,2024-11-18 19:08:05.254,0.25958225085688447,435,1995,Meia Praia (beach band)
1288436009394308547,-27.122876485961143,-48.606366894818,Meia Praia,Brasil,Santa Catarina,Itapema,2024-11-18 19:07:36.594,0.15185080770158435,331,1423,Meia Praia (beach band)
1282054508163337612,-27.139421951005875,-48.60098441109142,Meia Praia,Brasil,Santa Catarina,Itapema,2024-11-18 19:08:14.037,0.8503109749232102,86,1509,Meia Praia (inland)
1288396705105036892,-27.1274822,-48.6054182,Meia Praia,Brasil,Santa Catarina,Itapema,2024-11-18 19:08:05.342,0.36052856392858595,375,1723,Meia Praia (inland)
984790656508975357,-27.136999130249023,-48.59299850463867,Meia Praia,Brasil,Santa Catarina,Itapema,2023-10-24 16:55:01.156,0.06033271919795832,269,1499,Meia Praia (beach band)
979873537122657344,-27.11899948120117,-48.61000061035156,Morretes,Brasil,Santa Catarina,Itapema,2023-10-24 16:57:22.327,0.3067118892498053,224,974,Morretes
1308748861818243743,-27.134592,-48.602557,Meia Praia,Brasil,Santa Catarina,Itapema,2024-12-16 19:01:33.516,0.6189871067812106,164,1888,Meia Praia (inland)
1302987753650132309,-27.1189414,-48.6108301,Morretes,Brasil,Santa Catarina,Itapema,2024-12-16 19:01:33.516,0.378109105434641,199,929,Morretes
1311500882675820182,-27.1211728,-48.6067622,Meia Praia,Brasil,Santa Catarina,Itapema,2024-12-16 19:01:33.516,0.11841839724939741,271,1239,Meia Praia (beach band)
1301642727552567702,-27.0846905,-48.6235063,Alto Sao Bento,Brasil,Santa Catarina,Itapema,2024-12-16 19:03:09.637,1.313782533903206,5,109,Alto Sao Bento
1311188688832400536,-27.138473078948863,-48.59150196079846,Meia Praia,Brasil,Santa Catarina,Itapema,2024-12-16 19:04:02.951,0.019149395231986284,247,1297,Meia Praia (beach band)
1320461234111620167,-27.09911,-48.61462,Centro,Brasil,Santa Catarina,Itapema,2025-01-06 19:06:36.790,0.15344698260981304,174,753,Centro
1316642419978955466,-27.13046285745849,-48.60014598136004,Meia Praia,Brasil,Santa Catarina,Itapema,2025-01-06 19:06:36.790,0.14000541176226966,427,1912,Meia Praia (beach band)
1321772233259668704,-27.11828,-48.61217,Morretes,Brasil,Santa Catarina,Itapema,2025-01-06 19:06:36.790,0.4767426017402339,178,833,Morretes
1316845629569930348,-27.125466137216524,-48.60769148916006,Meia Praia,Brasil,Santa Catarina,Itapema,2025-01-06 19:06:37.633,0.41509764788749604,266,1559,Meia Praia (inland)
1318764315423986286,-27.12784,-48.60619,Meia Praia,Brasil,Santa Catarina,Itapema,2025-01-06 19:06:37.633,0.4451096489189301,309,1695,Meia Praia (inland)
986194057106171598,-27.14288756020409,-48.58815338270793,Meia Praia,Brasil,Santa Catarina,Itapema,2025-01-06 19:06:37.633,0.1170802136906984,155,689,Meia Praia (beach band)
1303745304497797235,-27.0936893,-48.6131638,Centro,Brasil,Santa Catarina,Itapema,2025-01-06 19:06:40.227,0.196202185867394,243,727,Centro
1314787149382667536,-27.1263999,-48.62195029999999,Morretes,Brasil,Santa Catarina,Itapema,2025-01-06 19:06:44.294,1.7320427919667647,13,138,Morretes
1318274454490112599,-27.1321213,-48.6029324,Meia Praia,Brasil,Santa Catarina,Itapema,2025-01-06 19:09:22.734,0.47210955547903105,321,1912,Meia Praia (inland)
1321812028838591137,-27.131,-48.60265,Meia Praia,Brasil,Santa Catarina,Itapema,2025-01-06 19:09:22.734,0.3778360901424293,400,1920,Meia Praia (inland)
1320358322541383975,-27.1387,-48.59508,Meia Praia,Brasil,Santa Catarina,Itapema,2025-01-06 19:09:22.734,0.3383262847961934,375,1526,Meia Praia (beach band)
1321984354394968630,-27.08806,-48.61503,Casa Branca,Brasil,Santa Catarina,Itapema,2025-01-06 19:09:22.734,0.733895447264748,83,528,Casa Branca
1316850726790986703,-27.127997654268032,-48.6019991883606,Meia Praia,Brasil,Santa Catarina,Itapema,2025-01-06 19:09:22.734,0.13225937492490222,348,1814,Meia Praia (beach band)
1322113651529436162,-27.14412,-48.59006,Meia Praia,Brasil,Santa Catarina,Itapema,2025-01-06 19:09:22.734,0.2542858591358703,146,736,Meia Praia (beach band)
1314398128960750476,-27.139368298753965,-48.592584282159805,Meia Praia,Brasil,Santa Catarina,Itapema,2025-01-06 19:09:36.839,0.15922869086207977,330,1317,Meia Praia (beach band)
1314471490376704385,-27.11792,-48.60917,Morretes,Brasil,Santa Catarina,Itapema,2025-01-06 19:10:07.835,0.18288722859337472,204,895,Morretes
1317493588231563038,-27.1456339,-48.5895308,Meia Praia,Brasil,Santa Catarina,Itapema,2025-01-06 19:10:07.835,0.08428614866461015,96,584,Meia Praia (beach band)
1249280869300332434,-27.12361032273373,-48.609543947559125,Morretes,Brasil,Santa Catarina,Itapema,2024-09-30 19:00:55.150,0.47464193987320896,153,1403,Morretes
1069673755630628429,-27.132999420166016,-48.60699844360352,Meia Praia,Brasil,Santa Catarina,Itapema,2024-02-12 19:01:43.664,0.8586355644374132,122,1588,Meia Praia (inland)
1058820330660898939,-27.121999740600582,-48.61600112915039,Morretes,Brasil,Santa Catarina,Itapema,2024-02-12 19:02:25.477,0.9877573828636684,47,734,Morretes
1060712994513047104,-27.11599922180176,-48.61199951171875,Morretes,Brasil,Santa Catarina,Itapema,2024-02-12 19:04:16.447,0.377025987377355,155,693,Morretes
1064415833040973756,-27.141000747680664,-48.59700012207031,Meia Praia,Brasil,Santa Catarina,Itapema,2024-02-12 19:04:34.509,0.632223259740429,191,1342,Meia Praia (inland)
965258538716677226,-27.086,-48.6479,none,Brasil,Santa Catarina,Itapema,2026-05-04 19:18:49.603,3.6817732571326744,0,6,none
45687710,-27.14386940002441,-48.58829116821289,Meia Praia,Brasil,Santa Catarina,Itapema,2025-12-01 19:04:52.469,0.14946869546594416,162,639,Meia Praia (beach band)
45889892,-27.13125,-48.59979,Meia Praia,Brasil,Santa Catarina,Itapema,2024-10-07 19:11:04.412,0.16680645982603093,427,1944,Meia Praia (beach band)
40793369,-27.096450805664062,-48.62397003173828,Varzea,Brasil,Santa Catarina,Itapema,2023-02-09 15:17:56.000,1.0872460098487822,14,292,Varzea
762916089194134311,-27.09348,-48.61434,Centro,Brasil,Santa Catarina,Itapema,2024-10-07 19:22:22.838,0.30286082685112725,241,725,Centro
761435242184281814,-27.1246891022,-48.6063308716,Meia Praia,Brasil,Santa Catarina,Itapema,2023-06-26 19:03:11.000,0.25493903874275303,370,1562,Meia Praia (beach band)
778933432062496662,-27.1299991608,-48.6030006409,Meia Praia,Brasil,Santa Catarina,Itapema,2023-01-19 12:18:27.000,0.34276859144278166,407,1892,Meia Praia (beach band)
745721701947116393,-27.0879993439,-48.6150016785,Casa Branca,Brasil,Santa Catarina,Itapema,2022-12-06 12:43:34.000,0.7365419157181827,83,520,Casa Branca
771107086495739413,-27.1240005493,-48.6069984436,Meia Praia,Brasil,Santa Catarina,Itapema,2023-07-31 19:04:03.000,0.2670314311040222,336,1514,Meia Praia (beach band)
759511217465301309,-27.09498,-48.61819,Varzea,Brasil,Santa Catarina,Itapema,2024-10-07 19:01:02.153,0.5775431602411716,54,725,Varzea
771054676372745506,-27.0939998627,-48.6129989624,Centro,Brasil,Santa Catarina,Itapema,2022-12-06 12:43:34.000,0.16244415318970407,236,738,Centro
774739767156064413,-27.10782,-48.61683,Tabuleiro dos Oliveiras,Brasil,Santa Catarina,Itapema,2024-10-07 19:49:19.859,0.430824490806027,72,390,Tabuleiro dos Oliveiras
772261416620745030,-27.1314907074,-48.6008911133,Meia Praia,Brasil,Santa Catarina,Itapema,2023-01-19 12:18:27.000,0.26631034622941085,457,1937,Meia Praia (beach band)
17096490,-27.093000412,-48.6129989624,Centro,Brasil,Santa Catarina,Itapema,2022-12-06 12:43:34.000,0.23153995820916054,236,695,Centro
54079496,-27.13822,-48.59551,Meia Praia,Brasil,Santa Catarina,Itapema,2024-10-07 20:01:02.371,0.3397465375096293,376,1563,Meia Praia (beach band)
754796838418506202,-27.12502,-48.60405,Meia Praia,Brasil,Santa Catarina,Itapema,2024-10-07 19:01:02.163,0.0882135072190972,314,1599,Meia Praia (beach band)
792571277294268451,-27.1380004883,-48.5929985046,Meia Praia,Brasil,Santa Catarina,Itapema,2023-01-19 12:18:27.000,0.12761907266950673,316,1448,Meia Praia (beach band)
770135470713734104,-27.1407394409,-48.5945510864,Meia Praia,Brasil,Santa Catarina,Itapema,2022-12-06 12:43:34.000,0.40101977475767375,273,1308,Meia Praia (inland)
827598917856589723,-27.11823081970215,-48.61415100097656,Morretes,Brasil,Santa Catarina,Itapema,2023-03-02 13:02:00.000,0.6601875556047059,91,733,Morretes
21633529,-27.0909500122,-48.6065788269,Canto da Praia,Brasil,Santa Catarina,Itapema,2023-06-26 19:08:57.000,0.02180944326084248,24,429,Canto da Praia
745632820094188215,-27.12774,-48.60623,Meia Praia,Brasil,Santa Catarina,Itapema,2024-10-07 19:25:18.919,0.44123682100061185,324,1682,Meia Praia (inland)
681139047695558927,-27.1191261793,-48.6119957641,Morretes,Brasil,Santa Catarina,Itapema,2022-09-09 18:21:49.000,0.49254374332470946,165,894,Morretes
694947516825280143,-27.1302070834,-48.6008587105,Meia Praia,Brasil,Santa Catarina,Itapema,2022-09-09 18:21:49.000,0.18188156297713762,450,1924,Meia Praia (beach band)
601319227614407174,-27.14036,-48.59533,Meia Praia,Brasil,Santa Catarina,Itapema,2024-10-07 20:00:58.032,0.4521107168570057,273,1384,Meia Praia (inland)
28889043,-27.09801,-48.61475,Centro,Brasil,Santa Catarina,Itapema,2024-10-07 19:01:02.153,0.16600609761527996,167,741,Centro
54404085,-27.09471,-48.61541,Centro,Brasil,Santa Catarina,Itapema,2022-03-02 14:00:27.221,0.33883092011578897,239,751,Centro
46334353,-27.12347,-48.60648,Meia Praia,Brasil,Santa Catarina,Itapema,2024-10-07 19:21:20.688,0.1916800651826382,355,1492,Meia Praia (beach band)
47909482,-27.13404,-48.59595,Meia Praia,Brasil,Santa Catarina,Itapema,2024-11-04 19:00:49.856,0.08396164384258559,303,1791,Meia Praia (beach band)
1275368456135849426,-27.08903941546131,-48.6153117288867,Casa Branca,Brasil,Santa Catarina,Itapema,2024-11-04 19:00:58.427,0.6851233219639317,91,568,Casa Branca
1269636598524749154,-27.0936893,-48.6131638,Centro,Brasil,Santa Catarina,Itapema,2024-11-04 19:03:37.192,0.196202185867394,243,727,Centro
1275531280106913427,-27.1429502,-48.5976232,Meia Praia,Brasil,Santa Catarina,Itapema,2024-11-04 19:03:37.192,0.758851166867939,57,1138,Meia Praia (inland)
1095231396684061228,-27.08886909484864,-48.61482620239258,Casa Branca,Brasil,Santa Catarina,Itapema,2024-03-18 19:01:19.968,0.6592331326358872,100,557,Casa Branca
1008864847930336278,-27.131000518798828,-48.61899948120117,Morretes,Brasil,Santa Catarina,Itapema,2023-11-06 19:00:42.005,1.6886518445648302,9,125,Morretes
942799468059853700,-27.134599685668945,-48.59785842895508,Meia Praia,Brasil,Santa Catarina,Itapema,2023-11-06 19:00:57.242,0.2692077325754925,426,1901,Meia Praia (beach band)
939325387438995809,-27.143999099731445,-48.5880012512207,Meia Praia,Brasil,Santa Catarina,Itapema,2023-11-06 19:00:42.372,0.12053861022310047,156,610,Meia Praia (beach band)
1002366973577941952,-27.1299991607666,-48.61600112915039,Morretes,Brasil,Santa Catarina,Itapema,2023-11-06 19:02:27.887,1.3799825005945037,16,309,Morretes
1011036019189946615,-27.12095642089844,-48.610748291015625,Morretes,Brasil,Santa Catarina,Itapema,2023-11-06 19:03:02.664,0.4694781519505023,160,1117,Morretes
1006520154239574601,-27.13147,-48.59873,Meia Praia,Brasil,Santa Catarina,Itapema,2024-10-07 19:11:04.412,0.10469310112791777,394,1945,Meia Praia (beach band)
1265295313956605287,-27.0936893,-48.6131638,Centro,Brasil,Santa Catarina,Itapema,2024-11-04 19:00:59.649,0.196202185867394,243,727,Centro
1063328075776888031,-27.13597199152584,-48.6068556457758,Meia Praia,Brasil,Santa Catarina,Itapema,2024-12-19 17:34:17.930,1.03968385780979,35,1282,Meia Praia (inland)
1162463827242033905,-27.13778607341003,-48.59425060451031,Meia Praia,Brasil,Santa Catarina,Itapema,2024-12-19 17:35:18.978,0.2112435291341833,355,1539,Meia Praia (beach band)
15549803,-27.11511,-48.60905,Morretes,Brasil,Santa Catarina,Itapema,2021-10-25 14:40:16.352,0.06904633728726327,96,678,Morretes
26708551,-27.09036,-48.61327,Centro,Brasil,Santa Catarina,Itapema,2021-10-25 14:40:16.352,0.43519012062349477,125,612,Centro
13522176,-27.13158,-48.59957,Meia Praia,Brasil,Santa Catarina,Itapema,2024-10-07 19:25:18.236,0.17503268213245696,448,1971,Meia Praia (beach band)
44535734,-27.13368,-48.59921,Meia Praia,Brasil,Santa Catarina,Itapema,2021-10-25 14:40:16.352,0.3038019827261752,449,1996,Meia Praia (beach band)
822704,-27.10425,-48.61246,Centro,Brasil,Santa Catarina,Itapema,2021-10-25 14:40:16.352,0.052579796229010656,84,473,Centro
40219645,-27.1324501038,-48.6087799072,Meia Praia,Brasil,Santa Catarina,Itapema,2023-06-26 19:06:04.000,0.9663241315827495,73,1350,Meia Praia (inland)
38843637,-27.12326,-48.60634,Meia Praia,Brasil,Santa Catarina,Itapema,2024-10-07 19:37:40.499,0.1684111322618806,345,1474,Meia Praia (beach band)
1148765524500353762,-27.12469,-48.60299,Meia Praia,Brasil,Santa Catarina,Itapema,2024-10-07 19:25:38.250,0.019534679627617776,184,1558,Meia Praia (beach band)
40400432,-27.06431007385254,-48.59523010253906,Ilhota,Brasil,Santa Catarina,Itapema,2023-02-09 15:17:56.000,0.01982334626665647,21,41,Ilhota
580541688425401383,-27.0592,-48.60659,Ilhota,Brasil,Santa Catarina,Itapema,2024-10-07 19:49:14.588,0.6622633773686144,6,22,Ilhota
1042761419992983867,-27.106000900268555,-48.61299896240234,Centro,Brasil,Santa Catarina,Itapema,2023-12-18 19:02:29.339,0.02134628794426994,87,427,Centro
1042023715493333539,-27.13969612121582,-48.59595489501953,Meia Praia,Brasil,Santa Catarina,Itapema,2023-12-18 19:03:15.038,0.47456670485357605,308,1474,Meia Praia (inland)
1039000611979944065,-27.12837219238281,-48.60437774658203,Meia Praia,Brasil,Santa Catarina,Itapema,2024-02-12 19:03:07.440,0.3420623258504721,420,1803,Meia Praia (beach band)
1034871022051200160,-27.13800048828125,-48.59799957275391,Meia Praia,Brasil,Santa Catarina,Itapema,2023-12-18 19:02:30.390,0.521128177881264,312,1645,Meia Praia (inland)
1040468720599464619,-27.13296890258789,-48.60700607299805,Meia Praia,Brasil,Santa Catarina,Itapema,2023-12-18 19:02:58.608,0.857324950914748,123,1591,Meia Praia (inland)
1039249741334810278,-27.13018035888672,-48.60414123535156,Meia Praia,Brasil,Santa Catarina,Itapema,2023-12-18 19:02:45.622,0.4472261249274087,376,1847,Meia Praia (inland)
1086855144095843601,-27.08799934387207,-48.6150016784668,Casa Branca,Brasil,Santa Catarina,Itapema,2024-02-26 19:00:54.260,0.7365419155155117,83,520,Casa Branca
1066185870504338051,-27.13500022888184,-48.59600067138672,Meia Praia,Brasil,Santa Catarina,Itapema,2024-02-26 19:02:16.273,0.15647094296944372,334,1767,Meia Praia (beach band)
1082655898196675925,-27.128999710083008,-48.60499954223633,Meia Praia,Brasil,Santa Catarina,Itapema,2024-02-26 19:03:04.450,0.43379542442566515,398,1796,Meia Praia (inland)
1085348122147915155,-27.12696,-48.60591,Meia Praia,Brasil,Santa Catarina,Itapema,2024-10-07 20:00:58.032,0.36224762823237305,360,1678,Meia Praia (inland)
1024759664751866511,-27.097999572753903,-48.62699890136719,Varzea,Brasil,Santa Catarina,Itapema,2023-12-04 19:01:16.606,1.3798499883689517,5,87,Varzea
1024578196422605683,-27.130586624145508,-48.60760498046875,Meia Praia,Brasil,Santa Catarina,Itapema,2023-12-04 19:03:36.454,0.7457052711090771,147,1614,Meia Praia (inland)
30318082,-27.13721,-48.59961,Meia Praia,Brasil,Santa Catarina,Itapema,2024-10-07 20:28:05.813,0.5882424912299249,270,1813,Meia Praia (inland)
47221333,-27.08947,-48.61084,Centro,Brasil,Santa Catarina,Itapema,2021-10-25 14:40:16.352,0.35350612755714533,65,522,Centro
8287843,-27.13834,-48.59205,Meia Praia,Brasil,Santa Catarina,Itapema,2021-10-25 14:40:16.352,0.06280200333452615,264,1344,Meia Praia (beach band)
46550767,-27.1326198578,-48.5984306335,Meia Praia,Brasil,Santa Catarina,Itapema,2023-06-26 19:05:59.000,0.16749615613837956,402,1967,Meia Praia (beach band)
12359560,-27.13953,-48.59034,Meia Praia,Brasil,Santa Catarina,Itapema,2021-10-25 14:40:16.352,0.03412508784895391,176,1102,Meia Praia (beach band)
21397811,-27.12771,-48.60075,Meia Praia,Brasil,Santa Catarina,Itapema,2024-10-07 19:11:06.904,0.015045786206112551,246,1785,Meia Praia (beach band)
37747080,-27.12903,-48.60218,Meia Praia,Brasil,Santa Catarina,Itapema,2021-10-25 14:40:16.352,0.21458218853299998,390,1861,Meia Praia (beach band)
41761142,-27.13614,-48.59508,Meia Praia,Brasil,Santa Catarina,Itapema,2024-10-07 19:11:04.412,0.16553864761486584,329,1629,Meia Praia (beach band)
4635504,-27.13677,-48.59933,Meia Praia,Brasil,Santa Catarina,Itapema,2024-10-07 19:25:18.919,0.5357750646867896,287,1835,Meia Praia (inland)
15734258,-27.13314,-48.59794,Meia Praia,Brasil,Santa Catarina,Itapema,2024-10-07 19:11:04.412,0.17004679449532847,415,1966,Meia Praia (beach band)
31461809,-27.13334,-48.59891,Meia Praia,Brasil,Santa Catarina,Itapema,2024-10-07 19:57:11.317,0.25627294974157516,440,1997,Meia Praia (beach band)
26570136,-27.13654,-48.59565,Meia Praia,Brasil,Santa Catarina,Itapema,2021-10-25 14:40:16.352,0.23745817209162762,366,1645,Meia Praia (beach band)
48109229,-27.13648,-48.59504,Meia Praia,Brasil,Santa Catarina,Itapema,2021-10-25 14:40:16.352,0.18551123646133014,364,1615,Meia Praia (beach band)
29074384,-27.1203804016,-48.610370636,Morretes,Brasil,Santa Catarina,Itapema,2023-08-21 19:01:01.000,0.40746975097289784,200,1077,Morretes
36698654,-27.12145,-48.60714,Meia Praia,Brasil,Santa Catarina,Itapema,2024-10-07 19:48:53.663,0.16495686782038357,293,1259,Meia Praia (beach band)
40023421,-27.11765,-48.61065,Morretes,Brasil,Santa Catarina,Itapema,2024-10-07 19:26:08.778,0.3114611081277217,202,831,Morretes
41786765,-27.12047,-48.60686,Meia Praia,Brasil,Santa Catarina,Itapema,2021-10-25 14:40:16.352,0.09882494759442577,234,1169,Meia Praia (beach band)
48443223,-27.11935,-48.61117,Morretes,Brasil,Santa Catarina,Itapema,2024-10-07 19:01:01.684,0.42796700463899573,183,956,Morretes
48526011,-27.11858,-48.61127,Morretes,Brasil,Santa Catarina,Itapema,2024-10-07 19:01:01.684,0.40356762683387637,193,890,Morretes
21552865,-27.13115,-48.60259,Meia Praia,Brasil,Santa Catarina,Itapema,2022-01-11 20:41:47.698,0.38237947674971773,410,1921,Meia Praia (inland)
53482863,-27.12884,-48.60161,Meia Praia,Brasil,Santa Catarina,Itapema,2024-10-07 19:57:17.082,0.15602039450286553,362,1860,Meia Praia (beach band)
1232633492287731867,-27.12343402419025,-48.6051732301712,Meia Praia,Brasil,Santa Catarina,Itapema,2024-09-02 19:03:09.409,0.08175819158480242,319,1473,Meia Praia (beach band)
31897704,-27.133310318,-48.601650238,Meia Praia,Brasil,Santa Catarina,Itapema,2023-06-26 19:04:49.000,0.45683282362938904,290,1950,Meia Praia (inland)
48158176,-27.13105,-48.5996,Meia Praia,Brasil,Santa Catarina,Itapema,2024-10-07 19:25:41.155,0.13779876728052018,412,1935,Meia Praia (beach band)
46686898,-27.12957,-48.60381,Meia Praia,Brasil,Santa Catarina,Itapema,2024-10-07 19:57:12.172,0.38134837853297043,420,1845,Meia Praia (inland)
53997426,-27.13533,-48.59977,Meia Praia,Brasil,Santa Catarina,Itapema,2022-01-11 19:06:34.950,0.4668433914164029,316,1937,Meia Praia (inland)
53356928,-27.13714,-48.59321,Meia Praia,Brasil,Santa Catarina,Itapema,2024-10-07 19:49:19.859,0.08619527278145225,287,1506,Meia Praia (beach band)
46940585,-27.1237792969,-48.6068191528,Meia Praia,Brasil,Santa Catarina,Itapema,2023-06-26 19:01:28.000,0.23842072031170358,345,1501,Meia Praia (beach band)
31265630,-27.13518,-48.5993,Meia Praia,Brasil,Santa Catarina,Itapema,2021-10-25 14:40:16.352,0.42029913968419313,346,1951,Meia Praia (inland)
41193865,-27.13144,-48.60254,Meia Praia,Brasil,Santa Catarina,Itapema,2024-10-07 19:57:17.082,0.3967245853638082,407,1929,Meia Praia (inland)
47815499,-27.13384,-48.60382,Meia Praia,Brasil,Santa Catarina,Itapema,2021-10-25 14:40:16.352,0.6567088339145074,157,1849,Meia Praia (inland)
47866298,-27.13441,-48.59884,Meia Praia,Brasil,Santa Catarina,Itapema,2021-10-25 14:40:16.352,0.3303714292249055,424,1977,Meia Praia (beach band)
48601349,-27.13115,-48.59967,Meia Praia,Brasil,Santa Catarina,Itapema,2024-10-07 20:00:57.490,0.15052250106007425,417,1937,Meia Praia (beach band)
10939638,-27.10244,-48.61498,Centro,Brasil,Santa Catarina,Itapema,2024-10-07 19:26:09.954,0.19714816980935512,156,619,Centro
31560419,-27.09713,-48.61486,Centro,Brasil,Santa Catarina,Itapema,2021-10-25 14:40:16.352,0.18440171470467237,180,748,Centro
46414639,-27.10162,-48.61332,Centro,Brasil,Santa Catarina,Itapema,2024-10-07 19:25:39.066,0.029909744028710286,142,674,Centro
1323401571036927098,-27.12921,-48.59965,Meia Praia,Brasil,Santa Catarina,Itapema,2025-01-20 19:05:23.653,0.023467174699218062,292,1861,Meia Praia (beach band)
923133320997277084,-27.12641,-48.60459,Meia Praia,Brasil,Santa Catarina,Itapema,2025-02-10 19:02:26.319,0.22179766888826433,391,1693,Meia Praia (beach band)
39507664,-27.12024,-48.60706,Meia Praia,Brasil,Santa Catarina,Itapema,2025-02-10 19:03:03.585,0.10616947072095416,218,1154,Meia Praia (beach band)
21545686,-27.09595,-48.61447,Centro,Brasil,Santa Catarina,Itapema,2024-10-07 19:26:08.778,0.19729507717811243,219,772,Centro
20563444,-27.10347,-48.61537,Centro,Brasil,Santa Catarina,Itapema,2021-10-25 14:40:16.352,0.236220803142623,144,537,Centro
41126139,-27.09876,-48.61583,Centro,Brasil,Santa Catarina,Itapema,2021-10-25 14:40:16.352,0.27306504143469656,178,742,Centro
45456914,-27.098,-48.61791,Centro,Brasil,Santa Catarina,Itapema,2024-10-07 19:21:30.850,0.4791535916710927,98,716,Centro
31041645,-27.1403808594,-48.595539093,Meia Praia,Brasil,Santa Catarina,Itapema,2023-06-26 19:06:04.000,0.4718413456664825,265,1392,Meia Praia (inland)
3977675,-27.14327,-48.60145,Meia Praia,Brasil,Santa Catarina,Itapema,2021-10-25 14:40:16.352,0.9309929023905876,11,704,Meia Praia (inland)
833539958060734092,-27.14428,-48.63504,Sertao do Trombudo,Brasil,Santa Catarina,Itapema,2024-10-07 19:05:17.306,3.8331146262586966,2,5,Sertao do Trombudo
818513037989175149,-27.11827087402344,-48.61100006103516,Morretes,Brasil,Santa Catarina,Itapema,2023-03-02 13:02:00.000,0.36694134735762063,204,877,Morretes
21664523,-27.135,-48.596,Meia Praia,Brasil,Santa Catarina,Itapema,2021-10-25 14:40:16.352,0.1564017398545953,334,1767,Meia Praia (beach band)
36470124,-27.13305,-48.60139,Meia Praia,Brasil,Santa Catarina,Itapema,2024-10-07 19:57:11.317,0.4183563178016837,318,1974,Meia Praia (inland)
33336758,-27.13058,-48.60356,Meia Praia,Brasil,Santa Catarina,Itapema,2021-10-25 14:40:16.352,0.4251318293968973,379,1894,Meia Praia (inland)
30494198,-27.134,-48.599,Meia Praia,Brasil,Santa Catarina,Itapema,2021-10-25 14:40:16.352,0.3119470917017651,445,2000,Meia Praia (beach band)
31443878,-27.13439,-48.59856,Meia Praia,Brasil,Santa Catarina,Itapema,2021-10-25 14:40:16.352,0.3077049638607335,428,1960,Meia Praia (beach band)
801611117719633492,-27.13800048828125,-48.59299850463867,Meia Praia,Brasil,Santa Catarina,Itapema,2023-03-02 13:02:00.000,0.12761907483996499,316,1448,Meia Praia (beach band)
30466884,-27.1115,-48.61155,Tabuleiro dos Oliveiras,Brasil,Santa Catarina,Itapema,2022-01-11 17:08:58.877,0.15027382955612045,27,501,Tabuleiro dos Oliveiras
53986731,-27.09297,-48.61155,Centro,Brasil,Santa Catarina,Itapema,2024-12-16 19:00:56.355,0.12108527856282947,187,671,Centro
766052072199682693,-27.1219997406,-48.6059989929,Meia Praia,Brasil,Santa Catarina,Itapema,2023-01-19 12:18:27.000,0.0824259483067837,292,1348,Meia Praia (beach band)
748470108899494566,-27.0870494843,-48.6151885986,Alto Sao Bento,Brasil,Santa Catarina,Itapema,2023-06-26 19:13:35.000,0.7797121383631912,80,478,Alto Sao Bento
963947891845223019,-27.11961,-48.60628,Meia Praia,Brasil,Santa Catarina,Itapema,2024-10-07 19:10:46.450,0.006053694760284902,171,1089,Meia Praia (beach band)
9327293,-27.13233,-48.59719,Meia Praia,Brasil,Santa Catarina,Itapema,2021-10-25 14:40:16.352,0.05421929405711085,317,1908,Meia Praia (beach band)
51990592,-27.123768,-48.605423,Meia Praia,Brasil,Santa Catarina,Itapema,2021-10-25 14:40:16.352,0.12319119727340475,344,1502,Meia Praia (beach band)
41074064,-27.09503,-48.62802,Varzea,Brasil,Santa Catarina,Itapema,2024-10-07 19:05:17.279,1.5084184855477472,2,71,Varzea
1257280185796580133,-27.114515311471003,-48.60976194400207,Morretes,Brasil,Santa Catarina,Itapema,2024-10-21 19:03:28.134,0.11940953897272925,98,625,Morretes
1184272240544685353,-27.12973942782611,-48.60315585244465,Meia Praia,Brasil,Santa Catarina,Itapema,2024-10-21 19:03:28.198,0.3388588308931711,407,1883,Meia Praia (beach band)
1258863337814966892,-27.088938207581904,-48.61540552228689,Casa Branca,Brasil,Santa Catarina,Itapema,2024-10-21 19:05:30.467,0.6993727741435474,91,563,Casa Branca
1257276844080185914,-27.10642178928376,-48.61754851019253,Tabuleiro dos Oliveiras,Brasil,Santa Catarina,Itapema,2024-10-21 19:05:29.428,0.4730414564895112,65,405,Tabuleiro dos Oliveiras
1260668525649650706,-27.12352235888753,-48.60644459724426,Meia Praia,Brasil,Santa Catarina,Itapema,2024-10-21 19:05:31.673,0.19171814644014007,353,1490,Meia Praia (beach band)
52969803,-27.09458,-48.61383,Centro,Brasil,Santa Catarina,Itapema,2024-10-07 19:01:02.153,0.20228200919418193,259,748,Centro
41765049,-27.13555,-48.60004,Meia Praia,Brasil,Santa Catarina,Itapema,2021-11-04 16:49:43.942,0.5030983040391723,295,1936,Meia Praia (inland)
1021069474943551711,-27.13500022888184,-48.59700012207031,Meia Praia,Brasil,Santa Catarina,Itapema,2023-11-20 19:02:21.612,0.23231427873920177,410,1834,Meia Praia (beach band)
39820601,-27.14094,-48.59568,Meia Praia,Brasil,Santa Catarina,Itapema,2021-10-25 14:40:16.352,0.5114946277938842,215,1330,Meia Praia (inland)
52025452,-27.13402,-48.59875,Meia Praia,Brasil,Santa Catarina,Itapema,2024-10-07 19:21:03.684,0.29491626480293853,446,1996,Meia Praia (beach band)
1188476386889166335,-27.09306,-48.61326,Centro,Brasil,Santa Catarina,Itapema,2025-09-22 19:03:32.240,0.24734683181542166,240,702,Centro
1291504859858473422,-27.1298123,-48.6021301,Meia Praia,Brasil,Santa Catarina,Itapema,2024-12-16 19:08:23.071,0.2602231646153583,418,1906,Meia Praia (beach band)
1298534026763641217,-27.136027099642067,-48.60210238290337,Meia Praia,Brasil,Santa Catarina,Itapema,2024-12-16 19:08:29.339,0.6916105343319628,140,1845,Meia Praia (inland)
1292993601121137360,-27.10352866690993,-48.61367516219616,Centro,Brasil,Santa Catarina,Itapema,2024-12-16 19:08:25.105,0.0685975356573697,131,525,Centro
1294195836141803854,-27.13766045104041,-48.59328735619784,Meia Praia,Brasil,Santa Catarina,Itapema,2024-12-11 17:23:52.300,0.12686422978547593,316,1496,Meia Praia (beach band)
1290288247931203307,-27.1424808,-48.5893858,Meia Praia,Brasil,Santa Catarina,Itapema,2024-12-16 19:08:23.071,0.15491486236599783,173,819,Meia Praia (beach band)
1049957766939803349,-27.13347,-48.60228,Meia Praia,Brasil,Santa Catarina,Itapema,2024-12-16 19:01:05.286,0.5152467246834374,227,1923,Meia Praia (inland)
1292809800578097786,-27.1271756,-48.61287919999999,Morretes,Brasil,Santa Catarina,Itapema,2024-12-11 17:27:19.687,0.9480225949797367,23,1143,Morretes
1292037149463859110,-27.1411087,-48.5925984,Meia Praia,Brasil,Santa Catarina,Itapema,2024-12-16 19:01:13.020,0.2454046464827026,233,1165,Meia Praia (beach band)
735257283376748431,-27.0648857842,-48.5953075079,Ilhota,Brasil,Santa Catarina,Itapema,2022-11-08 18:24:34.000,0.0641337143482326,25,41,Ilhota
543584528464360785,-27.135307,-48.597923,Meia Praia,Brasil,Santa Catarina,Itapema,2022-07-11 18:11:37.000,0.32435971951320497,426,1873,Meia Praia (beach band)
559430665216139427,-27.13583,-48.59354,Meia Praia,Brasil,Santa Catarina,Itapema,2024-10-07 19:11:04.412,0.026789885704440165,238,1557,Meia Praia (beach band)
1058564342891815711,-27.12891,-48.60184,Meia Praia,Brasil,Santa Catarina,Itapema,2024-10-07 19:21:21.561,0.1790900028809619,366,1859,Meia Praia (beach band)
1078513687570405295,-27.13047,-48.6,Meia Praia,Brasil,Santa Catarina,Itapema,2024-10-07 19:37:31.193,0.12839884126625203,407,1913,Meia Praia (beach band)
1105311689904411621,-27.12894,-48.60256,Meia Praia,Brasil,Santa Catarina,Itapema,2024-10-07 19:57:17.082,0.2398900317440421,406,1851,Meia Praia (beach band)
903070216803880261,-27.12448,-48.60728,Meia Praia,Brasil,Santa Catarina,Itapema,2024-10-07 19:01:01.684,0.3200407229283842,306,1532,Meia Praia (beach band)
1049996742806553672,-27.1283,-48.61536,Morretes,Brasil,Santa Catarina,Itapema,2024-10-07 20:04:37.328,1.2229058952033756,26,516,Morretes
976784814346753011,-27.1372,-48.59495,Meia Praia,Brasil,Santa Catarina,Itapema,2024-10-07 19:11:04.412,0.2267986542964258,372,1598,Meia Praia (beach band)
1242636559252630512,-27.09103393259725,-48.61119378358126,Centro,Brasil,Santa Catarina,Itapema,2024-09-30 19:06:14.131,0.2312826886430638,108,592,Centro
1236324650857979589,-27.12607695946728,-48.60623203217983,Meia Praia,Brasil,Santa Catarina,Itapema,2024-09-30 19:06:17.245,0.33322099917649106,377,1650,Meia Praia (beach band)
1234176985480942594,-27.10594942655064,-48.613448180258274,Centro,Brasil,Santa Catarina,Itapema,2024-09-30 19:06:17.245,0.06401770005049363,90,436,Centro
1191543560489849934,-27.144097834485063,-48.6343439295888,Sertao do Trombudo,Brasil,Santa Catarina,Itapema,2024-08-19 19:13:06.437,3.7646707649979314,2,5,Sertao do Trombudo
1195820394794383581,-27.1061242,-48.6167692,Tabuleiro dos Oliveiras,Brasil,Santa Catarina,Itapema,2024-08-19 19:13:14.795,0.39123503571593765,74,415,Tabuleiro dos Oliveiras
1192203546642091539,-27.10153913655645,-48.61614715307951,Centro,Brasil,Santa Catarina,Itapema,2024-08-19 19:15:11.031,0.30968902517865793,144,656,Centro
1216602433904805187,-27.09231,-48.61455,Centro,Brasil,Santa Catarina,Itapema,2024-09-30 19:08:03.114,0.39937024076812233,206,681,Centro
1218776899039658891,-27.122365432184267,-48.60583808273077,Meia Praia,Brasil,Santa Catarina,Itapema,2024-08-19 19:15:27.203,0.08290920630024141,296,1381,Meia Praia (beach band)
1202816406536335003,-27.12738,-48.60506,Meia Praia,Brasil,Santa Catarina,Itapema,2024-08-19 19:15:27.203,0.32570735149886637,387,1731,Meia Praia (beach band)
1211498868869932520,-27.125452302239328,-48.607804244160576,Meia Praia,Brasil,Santa Catarina,Itapema,2024-08-19 19:15:27.203,0.423611944082123,256,1553,Meia Praia (inland)
1219792189503966808,-27.106506638095677,-48.61927159130573,Tabuleiro dos Oliveiras,Brasil,Santa Catarina,Itapema,2024-08-19 19:15:27.203,0.6427382768628992,42,368,Tabuleiro dos Oliveiras
1210080672553000893,-27.1304722504505,-48.60231544202088,Meia Praia,Brasil,Santa Catarina,Itapema,2024-08-19 19:15:26.747,0.31705778234497684,441,1923,Meia Praia (beach band)
892881566791794062,-27.1369991302,-48.591999054,Meia Praia,Brasil,Santa Catarina,Itapema,2023-07-31 19:04:46.000,0.02352428436172884,211,1431,Meia Praia (beach band)
939218400123538892,-27.091999054,-48.6189994812,Casa Branca,Brasil,Santa Catarina,Itapema,2023-07-31 19:05:44.000,0.7873197349322042,23,642,Casa Branca
925914258310920344,-27.1359996796,-48.5989990234,Meia Praia,Brasil,Santa Catarina,Itapema,2023-07-31 19:11:28.000,0.4555934039338818,337,1874,Meia Praia (inland)
922622223296896524,-27.1290798187,-48.6009712219,Meia Praia,Brasil,Santa Catarina,Itapema,2023-07-31 19:11:30.000,0.11952719950218242,375,1883,Meia Praia (beach band)
857402047530007620,-27.1329994202,-48.5989990234,Meia Praia,Brasil,Santa Catarina,Itapema,2023-04-25 16:25:07.000,0.23765544149853196,431,1994,Meia Praia (beach band)
978840394466382129,-27.1350002289,-48.5960006714,Meia Praia,Brasil,Santa Catarina,Itapema,2023-09-18 19:06:21.000,0.15647094520168364,334,1767,Meia Praia (beach band)
1053450485992715258,-27.104999542236328,-48.61399841308594,Centro,Brasil,Santa Catarina,Itapema,2024-01-01 19:03:35.994,0.10017006285535787,109,461,Centro
1054495267819919793,-27.131999969482425,-48.59799957275391,Meia Praia,Brasil,Santa Catarina,Itapema,2024-01-01 19:03:36.447,0.09018044030604526,369,1939,Meia Praia (beach band)
1050695563362835747,-27.099000930786133,-48.62300109863281,Tabuleiro dos Oliveiras,Brasil,Santa Catarina,Itapema,2024-01-01 19:03:36.447,0.983673781073037,13,408,Tabuleiro dos Oliveiras
1056816282920055514,-27.136999130249023,-48.60100173950195,Meia Praia,Brasil,Santa Catarina,Itapema,2024-01-01 19:03:56.307,0.6795159283009164,183,1815,Meia Praia (inland)
1050749872031768842,-27.136335372924805,-48.59807968139648,Meia Praia,Brasil,Santa Catarina,Itapema,2024-01-01 19:03:52.858,0.40934421923034386,391,1820,Meia Praia (inland)
1050006747666380845,-27.09000015258789,-48.61000061035156,Centro,Brasil,Santa Catarina,Itapema,2024-01-01 19:03:32.054,0.259804169610787,61,519,Centro
1052490589225547467,-27.13599967956543,-48.59400177001953,Meia Praia,Brasil,Santa Catarina,Itapema,2024-01-01 19:03:41.593,0.07102916188162729,273,1579,Meia Praia (beach band)
1040508918703339160,-27.122879028320312,-48.60955810546875,Morretes,Brasil,Santa Catarina,Itapema,2024-01-01 19:03:41.593,0.44594233413646583,168,1328,Morretes
1289123372092092457,-27.0846905,-48.6235063,Alto Sao Bento,Brasil,Santa Catarina,Itapema,2024-11-18 19:01:25.568,1.313782533903206,5,109,Alto Sao Bento
1284110666632259028,-27.093643939966583,-48.61309494865722,Centro,Brasil,Santa Catarina,Itapema,2024-11-18 19:01:25.851,0.19426053577298302,243,725,Centro
1263855348429375699,-27.12429,-48.60694,Meia Praia,Brasil,Santa Catarina,Itapema,2024-11-18 19:09:53.060,0.2803503200023588,334,1528,Meia Praia (beach band)
1282753268533806013,-27.14469900006061,-48.58768120408058,Meia Praia,Brasil,Santa Catarina,Itapema,2024-11-18 19:09:51.731,0.07679929975955933,132,546,Meia Praia (beach band)
1287750974185241054,-27.126179727634124,-48.604956183288365,Meia Praia,Brasil,Santa Catarina,Itapema,2024-11-18 19:09:51.731,0.23480566818139262,396,1674,Meia Praia (beach band)
1285258394122828809,-27.13011180958908,-48.60527706387359,Meia Praia,Brasil,Santa Catarina,Itapema,2024-11-18 19:09:51.731,0.5327974272661197,331,1799,Meia Praia (inland)
993657929672148104,-27.1299991607666,-48.60599899291992,Meia Praia,Brasil,Santa Catarina,Itapema,2023-10-24 16:54:59.512,0.5807067635243459,279,1752,Meia Praia (inland)
991407580891691701,-27.131999969482425,-48.59999847412109,Meia Praia,Brasil,Santa Catarina,Itapema,2023-10-24 16:54:46.375,0.23759068193698324,456,1988,Meia Praia (beach band)
979967869501829090,-27.13800048828125,-48.59299850463867,Meia Praia,Brasil,Santa Catarina,Itapema,2023-10-24 16:57:34.465,0.12761907483996499,316,1448,Meia Praia (beach band)
987948094559838706,-27.075000762939453,-48.61299896240234,Sertaozinho,Brasil,Santa Catarina,Itapema,2023-10-24 16:57:11.906,0.11353278955548128,5,21,Sertaozinho
1311099643317095318,-27.12085,-48.61311,Morretes,Brasil,Santa Catarina,Itapema,2024-12-16 19:01:04.630,0.674126415907334,74,950,Morretes
622604387999781301,-27.13418,-48.60228,Meia Praia,Brasil,Santa Catarina,Itapema,2024-12-16 19:01:04.471,0.567826463721971,183,1902,Meia Praia (inland)
1303485724361503403,-27.13284672606719,-48.60406555396728,Meia Praia,Brasil,Santa Catarina,Itapema,2024-12-16 19:01:05.286,0.6103202968435661,212,1861,Meia Praia (inland)
1300854516270211840,-27.12338,-48.60641,Meia Praia,Brasil,Santa Catarina,Itapema,2024-12-16 19:01:05.286,0.1807047936757505,351,1484,Meia Praia (beach band)
1293549528996953006,-27.138482153192637,-48.59327159821987,Meia Praia,Brasil,Santa Catarina,Itapema,2024-12-16 19:01:05.286,0.1774754709818879,349,1424,Meia Praia (beach band)
1305831278324186957,-27.09494939724557,-48.61487593068848,Centro,Brasil,Santa Catarina,Itapema,2024-12-16 19:01:05.286,0.27960440928730645,252,757,Centro
1309417657149755613,-27.115508389401025,-48.6092247068882,Morretes,Brasil,Santa Catarina,Itapema,2024-12-16 19:08:29.624,0.099198165627235,121,700,Morretes
1275736151334341563,-27.1287679,-48.6051532,Meia Praia,Brasil,Santa Catarina,Itapema,2024-12-16 19:08:25.105,0.42954571990240614,399,1787,Meia Praia (inland)
1297703553282099427,-27.08444,-48.6121,Alto Sao Bento,Brasil,Santa Catarina,Itapema,2025-01-06 19:03:48.280,0.35824603317107145,15,315,Alto Sao Bento
1254435743641185340,-27.130827347678377,-48.60526610165834,Meia Praia,Brasil,Santa Catarina,Itapema,2024-10-07 20:08:42.116,0.5797542080895134,268,1813,Meia Praia (inland)
1310384858110128384,-27.136898,-48.5979254,Meia Praia,Brasil,Santa Catarina,Itapema,2025-01-06 19:03:42.865,0.43757195834110824,362,1762,Meia Praia (inland)
1321643417058221287,-27.08862,-48.61461,Casa Branca,Brasil,Santa Catarina,Itapema,2025-01-06 19:03:42.865,0.6609932596275488,93,549,Casa Branca
1321830703524224763,-27.13447,-48.59571,Meia Praia,Brasil,Santa Catarina,Itapema,2025-01-06 19:03:42.865,0.09672970359482813,293,1766,Meia Praia (beach band)
1321064167200107186,-27.11852,-48.61059,Morretes,Brasil,Santa Catarina,Itapema,2025-01-06 19:03:42.865,0.33803718265779537,204,911,Morretes
1313073144404552593,-27.12751,-48.60474,Meia Praia,Brasil,Santa Catarina,Itapema,2025-01-06 19:03:45.538,0.3099778094113914,397,1755,Meia Praia (beach band)
1321319006483514640,-27.09189,-48.61229,Centro,Brasil,Santa Catarina,Itapema,2025-01-06 19:03:51.383,0.253500745820853,205,646,Centro
1303756660115417355,-27.10824498825384,-48.61380052811055,Tabuleiro dos Oliveiras,Brasil,Santa Catarina,Itapema,2025-01-06 19:03:51.383,0.15541559029080734,59,434,Tabuleiro dos Oliveiras
1315873889497529964,-27.13870473026777,-48.5980673879385,Meia Praia,Brasil,Santa Catarina,Itapema,2025-01-06 19:10:22.887,0.5739845797231315,269,1572,Meia Praia (inland)
1310966640884237142,-27.131906013733428,-48.60029898583889,Meia Praia,Brasil,Santa Catarina,Itapema,2025-01-06 19:11:43.773,0.25285083336083947,457,1986,Meia Praia (beach band)
1312944639911263294,-27.13836116701479,-48.59856623079256,Meia Praia,Brasil,Santa Catarina,Itapema,2025-01-06 19:11:43.773,0.5901476240776647,279,1623,Meia Praia (inland)
1316186007282390658,-27.12833871983139,-48.60486299691708,Meia Praia,Brasil,Santa Catarina,Itapema,2025-01-06 19:11:43.773,0.3771796712056184,399,1794,Meia Praia (inland)
1309611129200999325,-27.14477925170841,-48.59002947807312,Meia Praia,Brasil,Santa Catarina,Itapema,2025-01-06 19:11:43.773,0.19005510421207647,129,682,Meia Praia (beach band)
1312926515220952470,-27.11923122478355,-48.6147584953792,Morretes,Brasil,Santa Catarina,Itapema,2025-01-06 19:12:05.325,0.7537865337339379,62,749,Morretes
1313995106969296933,-27.114945287952256,-48.61194211989641,Tabuleiro dos Oliveiras,Brasil,Santa Catarina,Itapema,2025-01-06 19:12:05.325,0.3404500317810324,110,629,Tabuleiro dos Oliveiras
1245358177594071514,-27.05884,-48.60492,Ilhota,Brasil,Santa Catarina,Itapema,2024-09-30 19:06:11.129,0.5192682213182388,10,24,Ilhota
1252753408221770788,-27.12225,-48.60716,Meia Praia,Brasil,Santa Catarina,Itapema,2024-09-30 19:08:07.029,0.19921103784632338,320,1373,Meia Praia (beach band)
1249514642418701429,-27.09529652427745,-48.61354175352884,Centro,Brasil,Santa Catarina,Itapema,2024-09-30 19:08:23.986,0.14324004388157838,239,768,Centro
1251292507810344397,-27.106808952601703,-48.61651119480626,Tabuleiro dos Oliveiras,Brasil,Santa Catarina,Itapema,2024-09-30 19:08:16.754,0.37954966574482657,84,404,Tabuleiro dos Oliveiras
1247055321694361431,-27.14562275307552,-48.58834859665389,Meia Praia,Brasil,Santa Catarina,Itapema,2024-09-30 19:08:16.754,0.02252472424743297,104,520,Meia Praia (beach band)
1065944631275468920,-27.11800003051757,-48.61100006103516,Morretes,Brasil,Santa Catarina,Itapema,2024-02-12 19:00:56.254,0.35703310838730734,204,857,Morretes
1066545050089987954,-27.13400077819824,-48.59999847412109,Meia Praia,Brasil,Santa Catarina,Itapema,2024-02-12 19:03:43.461,0.3860031625998638,393,2002,Meia Praia (inland)
1065536776082329789,-27.099658966064453,-48.61546325683594,Centro,Brasil,Santa Catarina,Itapema,2024-02-12 19:03:07.440,0.23677604537748648,179,746,Centro
1066179672592682596,-27.08730125427246,-48.61451721191406,Alto Sao Bento,Brasil,Santa Catarina,Itapema,2024-02-12 19:03:42.472,0.7513841269444675,81,488,Alto Sao Bento
1062921566903078805,-27.13801956176757,-48.59454345703125,Meia Praia,Brasil,Santa Catarina,Itapema,2024-02-12 19:04:00.825,0.25015250701100566,386,1545,Meia Praia (beach band)
1061760018903434391,-27.124000549316406,-48.608001708984375,Meia Praia,Brasil,Santa Catarina,Itapema,2024-02-12 19:04:29.560,0.35255930572246724,280,1485,Meia Praia (inland)
1003109218241323629,-27.138999938964844,-48.59299850463867,Meia Praia,Brasil,Santa Catarina,Itapema,2024-02-12 19:04:29.712,0.17859761516897824,359,1362,Meia Praia (beach band)
779706062189433696,-27.12299919128418,-48.61199951171875,Morretes,Brasil,Santa Catarina,Itapema,2024-02-12 19:04:29.508,0.6758184575847046,44,1192,Morretes
1214464056304542513,-27.0931,-48.6133,Centro,Brasil,Santa Catarina,Itapema,2026-04-27 19:00:38.295,0.24789466552948672,240,703,Centro
1208746927423730353,-27.09306,-48.61326,Centro,Brasil,Santa Catarina,Itapema,2026-01-05 19:03:02.755,0.24734683181542166,240,702,Centro
43499385,-27.061279296875,-48.59869003295898,Ilhota,Brasil,Santa Catarina,Itapema,2023-02-09 15:17:56.000,0.21272348878828237,8,50,Ilhota
22258063,-27.13865,-48.59651,Meia Praia,Brasil,Santa Catarina,Itapema,2024-10-07 20:01:20.484,0.44755264032294817,313,1552,Meia Praia (inland)
30098696,-27.095609664916992,-48.6214485168457,Casa Branca,Brasil,Santa Catarina,Itapema,2023-02-09 15:17:56.000,0.8583072602733978,25,586,Casa Branca
766156195693050227,-27.1284599304,-48.6026802063,Meia Praia,Brasil,Santa Catarina,Itapema,2022-12-06 12:43:34.000,0.2169437620838711,393,1840,Meia Praia (beach band)
777535236265957213,-27.1380004883,-48.59400177,Meia Praia,Brasil,Santa Catarina,Itapema,2023-01-19 12:18:27.000,0.20633637494119902,357,1518,Meia Praia (beach band)
771111761043546355,-27.09696,-48.61464,Centro,Brasil,Santa Catarina,Itapema,2025-01-20 19:05:59.205,0.16745755461906345,186,761,Centro
52883365,-27.1149997711,-48.611000061,Morretes,Brasil,Santa Catarina,Itapema,2022-12-06 12:43:34.000,0.2519304809958965,131,649,Morretes
658670870469957307,-27.12403,-48.6033,Meia Praia,Brasil,Santa Catarina,Itapema,2022-07-11 18:11:37.000,0.03509861814650148,173,1512,Meia Praia (beach band)
40324521,-27.0872402191,-48.6159286499,Alto Sao Bento,Brasil,Santa Catarina,Itapema,2023-06-26 19:02:05.000,0.8492898247519752,71,476,Alto Sao Bento
41762297,-27.08394,-48.60881,Sertaozinho,Brasil,Santa Catarina,Itapema,2024-10-07 19:03:43.494,0.11638007602542247,5,206,Sertaozinho
46451253,-27.1323299407959,-48.597599029541016,Meia Praia,Brasil,Santa Catarina,Itapema,2023-10-24 16:54:42.310,0.08455495056726212,351,1930,Meia Praia (beach band)
666688976538823328,-27.13818,-48.59317,Meia Praia,Brasil,Santa Catarina,Itapema,2022-08-01 11:50:02.000,0.15277921822366333,327,1448,Meia Praia (beach band)
670223715850712114,-27.135,-48.59316,Meia Praia,Brasil,Santa Catarina,Itapema,2022-08-01 11:50:02.000,0.06332415565428372,149,1526,Meia Praia (beach band)
783535222371747130,-27.11440086364746,-48.61190032958984,Tabuleiro dos Oliveiras,Brasil,Santa Catarina,Itapema,2023-02-08 14:56:52.000,0.32041961880187686,94,608,Tabuleiro dos Oliveiras
804322899195148210,-27.13967,-48.59545,Meia Praia,Brasil,Santa Catarina,Itapema,2024-10-07 19:12:19.280,0.42938142031294,317,1464,Meia Praia (inland)
845012157657847255,-27.12464904785156,-48.60343933105469,Meia Praia,Brasil,Santa Catarina,Itapema,2023-03-24 16:53:47.000,0.015295425945464593,214,1574,Meia Praia (beach band)
32134287,-27.13299,-48.60651,Meia Praia,Brasil,Santa Catarina,Itapema,2024-10-07 19:26:52.308,0.8182817161944284,139,1630,Meia Praia (inland)
1156781537062859668,-27.08997917175293,-48.6125602722168,Centro,Brasil,Santa Catarina,Itapema,2024-06-17 19:00:53.032,0.4095335101710541,92,582,Centro
47264359,-27.12851,-48.60242,Meia Praia,Brasil,Santa Catarina,Itapema,2021-10-25 14:40:16.352,0.20024750213976025,398,1837,Meia Praia (beach band)
734169053874890548,-27.12289,-48.60701,Meia Praia,Brasil,Santa Catarina,Itapema,2022-11-08 18:24:34.000,0.21162867665469842,331,1417,Meia Praia (beach band)
739663897909156017,-27.134,-48.59944,Meia Praia,Brasil,Santa Catarina,Itapema,2024-10-07 20:01:20.484,0.34446814396450076,433,1996,Meia Praia (beach band)
703678241822238330,-27.14152,-48.59796,Meia Praia,Brasil,Santa Catarina,Itapema,2022-09-09 18:21:49.000,0.7429632376125046,130,1278,Meia Praia (inland)
585600486114295795,-27.143583,-48.587685,Meia Praia,Brasil,Santa Catarina,Itapema,2022-11-08 18:24:34.000,0.08921862309946424,156,610,Meia Praia (beach band)
730503580289648392,-27.1040166852,-48.6141370973,Centro,Brasil,Santa Catarina,Itapema,2022-11-08 18:24:34.000,0.11392858773477539,140,499,Centro
739822733713639773,-27.14482,-48.58782,Meia Praia,Brasil,Santa Catarina,Itapema,2024-10-07 19:01:17.274,0.0714195702710935,132,548,Meia Praia (beach band)
713617442222928787,-27.13337,-48.60463,Meia Praia,Brasil,Santa Catarina,Itapema,2022-10-03 13:39:14.000,0.6894127533478976,173,1813,Meia Praia (inland)
48239078,-27.0946102142,-48.6154518127,Centro,Brasil,Santa Catarina,Itapema,2023-06-26 19:14:17.000,0.3473468249869785,232,748,Centro
663670006345168051,-27.12869,-48.60309,Meia Praia,Brasil,Santa Catarina,Itapema,2024-10-07 19:18:17.512,0.2645685755056755,409,1849,Meia Praia (beach band)
986565062867231257,-27.142013549804688,-48.59575271606445,Meia Praia,Brasil,Santa Catarina,Itapema,2024-05-27 19:00:37.224,0.5699531776481532,146,1236,Meia Praia (inland)
1012231847285880827,-27.13604,-48.59796,Meia Praia,Brasil,Santa Catarina,Itapema,2024-10-07 19:18:14.984,0.3793316902899444,406,1837,Meia Praia (inland)
1006595840509483072,-27.117725372314453,-48.60990905761719,Morretes,Brasil,Santa Catarina,Itapema,2023-11-06 19:03:12.121,0.24481727841322282,212,874,Morretes
1269556442442986416,-27.12794359520252,-48.60590000905755,Meia Praia,Brasil,Santa Catarina,Itapema,2024-11-04 19:01:17.742,0.42994357368097624,326,1721,Meia Praia (inland)
1272513450174682572,-27.134776892108817,-48.597310963411104,Meia Praia,Brasil,Santa Catarina,Itapema,2024-11-04 19:01:17.393,0.23993063571772294,423,1858,Meia Praia (beach band)
1279123061685814133,-27.134286940438205,-48.59733877383111,Meia Praia,Brasil,Santa Catarina,Itapema,2024-11-04 19:04:01.224,0.2077100195341858,410,1888,Meia Praia (beach band)
1265370363028714118,-27.0927395,-48.6133933,Centro,Brasil,Santa Catarina,Itapema,2024-11-04 19:04:01.224,0.2801512211881518,242,689,Centro
47198796,-27.08905,-48.61889,Casa Branca,Brasil,Santa Catarina,Itapema,2021-10-25 14:40:16.352,0.9618030752633953,24,521,Casa Branca
22514231,-27.10512,-48.61245,Centro,Brasil,Santa Catarina,Itapema,2024-10-07 19:49:49.816,0.050030333094295415,73,445,Centro
954394460758052368,-27.1289997101,-48.6030006409,Meia Praia,Brasil,Santa Catarina,Itapema,2023-08-28 19:01:32.000,0.2792637639097169,420,1847,Meia Praia (beach band)
1131113051724641680,-27.12803649902344,-48.6027717590332,Meia Praia,Brasil,Santa Catarina,Itapema,2024-04-22 19:01:40.992,0.19461809558359064,389,1814,Meia Praia (beach band)
45512442,-27.1059183919171,-48.6123293465051,Centro,Brasil,Santa Catarina,Itapema,2021-10-25 14:40:16.352,0.04591948085063802,69,425,Centro
1155627895999148799,-27.116737365722656,-48.613037109375,Morretes,Brasil,Santa Catarina,Itapema,2024-05-20 19:01:06.317,0.5010079464577684,135,701,Morretes
39152609,-27.13531875610352,-48.5955810546875,Meia Praia,Brasil,Santa Catarina,Itapema,2024-05-20 19:00:45.123,0.14695777317762,306,1709,Meia Praia (beach band)
1155855946548061733,-27.100404739379883,-48.63147735595703,Tabuleiro dos Oliveiras,Brasil,Santa Catarina,Itapema,2024-05-20 19:00:47.350,1.8242145626611563,4,30,Tabuleiro dos Oliveiras
39789650,-27.12264060974121,-48.60868835449219,Meia Praia,Brasil,Santa Catarina,Itapema,2023-02-09 15:17:56.000,0.3561138602750128,256,1363,Meia Praia (inland)
1045070428630494366,-27.114999771118164,-48.60900115966797,Morretes,Brasil,Santa Catarina,Itapema,2023-12-18 19:02:12.867,0.061202511040595146,96,671,Morretes
1044248176977498506,-27.12299919128418,-48.60599899291992,Meia Praia,Brasil,Santa Catarina,Itapema,2023-12-18 19:03:16.320,0.12509399331144938,336,1444,Meia Praia (beach band)
1037047027853581998,-27.093000411987305,-48.61199951171875,Centro,Brasil,Santa Catarina,Itapema,2023-12-18 19:02:45.437,0.15389169651005755,214,682,Centro
40513465,-27.144760131835938,-48.58790969848633,Meia Praia,Brasil,Santa Catarina,Itapema,2023-12-18 19:02:34.022,0.08140965496920258,133,560,Meia Praia (beach band)
1043497443334655968,-27.104999542236328,-48.61299896240234,Centro,Brasil,Santa Catarina,Itapema,2023-12-18 19:02:57.838,0.0011271494067501087,87,449,Centro
1091165192621837341,-27.097000122070312,-48.6150016784668,Centro,Brasil,Santa Catarina,Itapema,2024-02-26 19:00:38.201,0.20096781428409805,187,748,Centro
1028404798591603585,-27.13400077819824,-48.60499954223633,Meia Praia,Brasil,Santa Catarina,Itapema,2023-12-04 19:01:16.727,0.7596710692964395,120,1749,Meia Praia (inland)
1034199140186021598,-27.079811096191406,-48.61290740966797,Sertaozinho,Brasil,Santa Catarina,Itapema,2023-12-04 19:03:41.131,0.14897293014768942,7,110,Sertaozinho
1032678145615950549,-27.13999938964844,-48.59600067138672,Meia Praia,Brasil,Santa Catarina,Itapema,2023-12-04 19:03:41.131,0.49453761902711246,282,1442,Meia Praia (inland)
564507628435735448,-27.12014,-48.60819,Meia Praia,Brasil,Santa Catarina,Itapema,2024-10-07 20:03:05.432,0.2018541549723943,238,1123,Meia Praia (beach band)
14884678,-27.13012,-48.59922,Meia Praia,Brasil,Santa Catarina,Itapema,2021-10-25 14:40:16.352,0.04472332747879814,341,1871,Meia Praia (beach band)
38800430,-27.13278,-48.60149,Meia Praia,Brasil,Santa Catarina,Itapema,2024-10-07 20:17:19.821,0.405749360846088,327,1956,Meia Praia (inland)
40777141,-27.13705,-48.5931,Meia Praia,Brasil,Santa Catarina,Itapema,2021-10-25 14:40:16.352,0.07139697774364125,277,1502,Meia Praia (beach band)
40810354,-27.12027,-48.61257,Morretes,Brasil,Santa Catarina,Itapema,2021-10-25 14:40:16.352,0.5977340728515641,123,951,Morretes
47291547,-27.11919,-48.60649,Meia Praia,Brasil,Santa Catarina,Itapema,2024-10-07 19:41:33.468,0.004989985688513346,148,1049,Meia Praia (beach band)
47387605,-27.12037,-48.60707,Meia Praia,Brasil,Santa Catarina,Itapema,2024-10-07 19:19:45.991,0.1138470971570439,232,1165,Meia Praia (beach band)
48254075,-27.13701,-48.59592,Meia Praia,Brasil,Santa Catarina,Itapema,2024-10-07 19:12:32.929,0.2903930630879234,377,1631,Meia Praia (beach band)
1225665671183261027,-27.1276689015598,-48.60777899622917,Meia Praia,Brasil,Santa Catarina,Itapema,2024-09-02 19:01:34.263,0.5594712875720498,227,1635,Meia Praia (inland)
1232592685705319269,-27.1382834,-48.5983548,Meia Praia,Brasil,Santa Catarina,Itapema,2024-09-02 19:02:58.393,0.5681926032947644,283,1621,Meia Praia (inland)
1223298154582279095,-27.12587,-48.60513,Meia Praia,Brasil,Santa Catarina,Itapema,2024-09-02 19:02:57.187,0.23008227684749755,407,1643,Meia Praia (beach band)
1231826085497703472,-27.1020086,-48.6156521,Centro,Brasil,Santa Catarina,Itapema,2024-09-02 19:02:57.187,0.26231990947339323,156,629,Centro
47032923,-27.11195,-48.61072,Morretes,Brasil,Santa Catarina,Itapema,2021-10-25 14:40:16.352,0.10510725495748045,34,517,Morretes
30314062,-27.0885,-48.61573,Casa Branca,Brasil,Santa Catarina,Itapema,2021-10-25 14:40:16.352,0.7549530259052496,86,545,Casa Branca
53990080,-27.12849,-48.60191,Meia Praia,Brasil,Santa Catarina,Itapema,2024-10-07 19:12:21.050,0.15848247113000036,362,1844,Meia Praia (beach band)
21947811,-27.1230392456,-48.6076202393,Meia Praia,Brasil,Santa Catarina,Itapema,2023-06-26 19:10:25.000,0.27408505742600875,323,1424,Meia Praia (beach band)
39200531,-27.14065,-48.59394,Meia Praia,Brasil,Santa Catarina,Itapema,2022-01-11 19:12:10.988,0.3423235045244363,283,1289,Meia Praia (beach band)
36908385,-27.12426,-48.60745,Meia Praia,Brasil,Santa Catarina,Itapema,2024-10-07 19:41:57.002,0.32023502031288176,305,1520,Meia Praia (beach band)
41493414,-27.12524,-48.6067,Meia Praia,Brasil,Santa Catarina,Itapema,2024-10-07 20:01:59.781,0.3195921370186861,361,1603,Meia Praia (beach band)
16143113,-27.13524,-48.60046,Meia Praia,Brasil,Santa Catarina,Itapema,2024-10-07 20:01:20.484,0.511663756576718,285,1965,Meia Praia (inland)
22531967,-27.09595,-48.61418,Centro,Brasil,Santa Catarina,Itapema,2024-10-07 19:00:44.389,0.17088438419134727,218,773,Centro
20564012,-27.10279,-48.61334,Centro,Brasil,Santa Catarina,Itapema,2024-11-18 19:07:52.416,0.03494004560785363,140,568,Centro
32965564,-27.09961,-48.61561,Centro,Brasil,Santa Catarina,Itapema,2024-10-07 19:41:40.672,0.25122953234000983,176,746,Centro
42841323,-27.09874,-48.61364,Centro,Brasil,Santa Catarina,Itapema,2021-10-25 14:40:16.352,0.05639993274880821,142,739,Centro
45910560,-27.10299,-48.61442,Centro,Brasil,Santa Catarina,Itapema,2021-10-25 14:40:16.352,0.14195304117080504,151,556,Centro
684175737491387722,-27.09666,-48.62028,Varzea,Brasil,Santa Catarina,Itapema,2024-10-07 19:00:44.389,0.7216439494930877,44,648,Varzea
21743476,-27.13982,-48.59497,Meia Praia,Brasil,Santa Catarina,Itapema,2021-10-25 14:40:16.352,0.3939487172054692,328,1413,Meia Praia (inland)
28102949,-27.13944,-48.59518,Meia Praia,Brasil,Santa Catarina,Itapema,2021-10-25 14:40:16.352,0.39433525318237206,346,1474,Meia Praia (inland)
39532664,-27.13819,-48.5941,Meia Praia,Brasil,Santa Catarina,Itapema,2021-10-25 14:40:16.352,0.22666075187106816,373,1516,Meia Praia (beach band)
43300431,-27.14314,-48.58792,Meia Praia,Brasil,Santa Catarina,Itapema,2024-10-07 19:18:14.523,0.11268481858009152,156,660,Meia Praia (beach band)
41496656,-27.05897,-48.60395,Ilhota,Brasil,Santa Catarina,Itapema,2021-10-25 14:40:16.352,0.47350316916883606,9,26,Ilhota
828307537051457546,-27.14103,-48.59743,Meia Praia,Brasil,Santa Catarina,Itapema,2024-10-07 19:00:44.242,0.6719318788816943,177,1336,Meia Praia (inland)
630326155301078742,-27.13633,-48.59653,Meia Praia,Brasil,Santa Catarina,Itapema,2024-10-07 19:50:14.722,0.2909131839823936,388,1715,Meia Praia (beach band)
16662563,-27.134,-48.596,Meia Praia,Brasil,Santa Catarina,Itapema,2021-10-25 14:40:16.352,0.08563601122957334,313,1798,Meia Praia (beach band)
45726200,-27.1367797852,-48.5921707153,Meia Praia,Brasil,Santa Catarina,Itapema,2023-06-26 19:01:22.000,0.024347364800977878,215,1450,Meia Praia (beach band)
45894423,-27.1043331236025,-48.6139001870963,Centro,Brasil,Santa Catarina,Itapema,2021-10-25 14:40:16.352,0.09074190791898426,124,486,Centro
796237214613896385,-27.106000900268555,-48.61399841308594,Centro,Brasil,Santa Catarina,Itapema,2023-03-02 13:02:00.000,0.11847603956402632,106,432,Centro
797846744052893154,-27.08799934387207,-48.6150016784668,Casa Branca,Brasil,Santa Catarina,Itapema,2023-03-02 13:02:00.000,0.7365419155155117,83,520,Casa Branca
1187558666042801587,-27.13898277282715,-48.593387603759766,Meia Praia,Brasil,Santa Catarina,Itapema,2024-07-01 19:00:40.733,0.21215594067282692,373,1387,Meia Praia (beach band)
623256310488796530,-27.13258,-48.596981,Meia Praia,Brasil,Santa Catarina,Itapema,2022-07-11 18:11:37.000,0.05753809911530296,313,1889,Meia Praia (beach band)
793703191791372209,-27.0990009308,-48.6150016785,Centro,Brasil,Santa Catarina,Itapema,2023-01-19 12:18:27.000,0.1909433524177115,180,745,Centro
734317980236725351,-27.1289997101,-48.5999984741,Meia Praia,Brasil,Santa Catarina,Itapema,2022-12-06 12:43:34.000,0.035011559037172714,306,1867,Meia Praia (beach band)
782494656199337158,-27.0650005341,-48.5950012207,Ilhota,Brasil,Santa Catarina,Itapema,2023-01-19 12:18:27.000,0.04716811474780236,25,41,Ilhota
777658866189629109,-27.1380004883,-48.5929985046,Meia Praia,Brasil,Santa Catarina,Itapema,2023-01-19 12:18:27.000,0.12761907266950673,316,1448,Meia Praia (beach band)
782404018922337274,-27.0879993439,-48.6129989624,Alto Sao Bento,Brasil,Santa Catarina,Itapema,2023-01-19 12:18:27.000,0.6067504167528234,88,500,Alto Sao Bento
682678593442961196,-27.1331501007,-48.5987815857,Meia Praia,Brasil,Santa Catarina,Itapema,2023-06-26 19:13:35.000,0.232783968844331,426,1993,Meia Praia (beach band)
686743101124580615,-27.13114,-48.60092,Meia Praia,Brasil,Santa Catarina,Itapema,2022-08-15 20:53:40.000,0.24605745722166356,455,1929,Meia Praia (beach band)
969069474772479332,-27.1340007782,-48.6040000916,Meia Praia,Brasil,Santa Catarina,Itapema,2023-09-18 19:05:02.000,0.6819100869259523,143,1819,Meia Praia (inland)
958843937087035776,-27.1319999695,-48.5979995728,Meia Praia,Brasil,Santa Catarina,Itapema,2023-09-18 19:04:58.000,0.09018044482430417,369,1939,Meia Praia (beach band)
964579064376617710,-27.1289997101,-48.6059989929,Meia Praia,Brasil,Santa Catarina,Itapema,2023-09-18 19:04:58.000,0.5111312515247619,323,1758,Meia Praia (inland)
44369632,-27.12988,-48.59979,Meia Praia,Brasil,Santa Catarina,Itapema,2021-10-25 14:40:16.352,0.0750227004597905,365,1890,Meia Praia (beach band)
15449593,-27.13742,-48.59863,Meia Praia,Brasil,Santa Catarina,Itapema,2024-10-07 19:19:52.789,0.5284122684278371,306,1751,Meia Praia (inland)
31427838,-27.13994,-48.60209,Meia Praia,Brasil,Santa Catarina,Itapema,2024-10-07 19:03:36.173,0.9714254487668377,44,1331,Meia Praia (inland)
618150693526656201,-27.135462,-48.599304,Meia Praia,Brasil,Santa Catarina,Itapema,2022-07-11 18:11:37.000,0.4407285879463118,328,1925,Meia Praia (inland)
527368588316891258,-27.09935,-48.61538,Centro,Brasil,Santa Catarina,Itapema,2024-10-07 19:00:44.234,0.2285022135815565,183,749,Centro
552951849918263899,-27.12228,-48.61135,Morretes,Brasil,Santa Catarina,Itapema,2024-10-07 19:41:33.468,0.586522927173476,71,1191,Morretes
610155932497817911,-27.089041,-48.609604,Canto da Praia,Brasil,Santa Catarina,Itapema,2022-07-11 18:11:37.000,0.33055971619348284,40,479,Canto da Praia
1260168365000200268,-27.08849426058006,-48.61352958469955,Casa Branca,Brasil,Santa Catarina,Itapema,2024-10-21 19:03:39.802,0.5966035652322337,103,539,Casa Branca
1257301192999660879,-27.135089645261285,-48.59840252794149,Meia Praia,Brasil,Santa Catarina,Itapema,2024-10-21 19:03:43.128,0.3456634279439097,407,1901,Meia Praia (beach band)
1258216896430964871,-27.09564,-48.62282,Varzea,Brasil,Santa Catarina,Itapema,2024-10-21 19:03:41.798,0.9900679926883125,20,476,Varzea
1257913840027045858,-27.13220047806347,-48.59599044569023,Meia Praia,Brasil,Santa Catarina,Itapema,2024-10-21 19:04:06.581,0.04516228516216562,188,1767,Meia Praia (beach band)
1266717192483343855,-27.140149997062156,-48.596345745027065,Meia Praia,Brasil,Santa Catarina,Itapema,2024-10-21 19:03:57.825,0.5326205343237563,261,1439,Meia Praia (inland)
1263690672732785750,-27.1081564,-48.6141766,Tabuleiro dos Oliveiras,Brasil,Santa Catarina,Itapema,2024-10-21 19:03:52.556,0.18573589731992926,63,423,Tabuleiro dos Oliveiras
52631337,-27.13752,-48.59688,Meia Praia,Brasil,Santa Catarina,Itapema,2024-10-07 19:12:32.929,0.40053260068911106,368,1641,Meia Praia (inland)
52164313,-27.09459,-48.61545,Centro,Brasil,Santa Catarina,Itapema,2024-10-07 19:26:34.130,0.34804543575359526,229,747,Centro
53091689,-27.12264,-48.61499,Morretes,Brasil,Santa Catarina,Itapema,2021-11-04 15:51:02.709,0.9292523333701245,44,865,Morretes
39821065,-27.13506,-48.59842,Meia Praia,Brasil,Santa Catarina,Itapema,2024-10-07 20:01:51.691,0.34484328330651715,408,1902,Meia Praia (beach band)
1016568511063529821,-27.128374099731445,-48.6088752746582,Meia Praia,Brasil,Santa Catarina,Itapema,2023-11-20 19:01:50.832,0.6934877484594102,96,1555,Meia Praia (inland)
47130787,-27.13011,-48.59984,Meia Praia,Brasil,Santa Catarina,Itapema,2024-10-07 19:19:52.789,0.09263298082109316,380,1897,Meia Praia (beach band)
52346232,-27.1279,-48.60001,Meia Praia,Brasil,Santa Catarina,Itapema,2024-10-07 19:12:22.435,0.035456592466084125,206,1781,Meia Praia (beach band)
1297002657786809873,-27.139762,-48.5920504,Meia Praia,Brasil,Santa Catarina,Itapema,2024-12-16 19:08:08.190,0.13069173917878246,277,1248,Meia Praia (beach band)
1292076494703109140,-27.123859051208484,-48.61508202632422,Morretes,Brasil,Santa Catarina,Itapema,2024-12-16 19:08:09.895,0.9950663734825499,37,869,Morretes
1268301602280137098,-27.142295778342543,-48.59538853168488,Meia Praia,Brasil,Santa Catarina,Itapema,2024-12-16 19:08:12.611,0.5514091199035384,130,1198,Meia Praia (inland)
1294828688904090711,-27.121813,-48.628011,Sertao do Trombudo,Brasil,Santa Catarina,Itapema,2024-12-16 19:08:14.045,2.088230301148942,3,40,Sertao do Trombudo
1292178168042903576,-27.12546,-48.62092,Morretes,Brasil,Santa Catarina,Itapema,2024-12-16 19:01:22.684,1.5951264631772257,10,161,Morretes
1298043421274344956,-27.13904351318465,-48.59303166211816,Meia Praia,Brasil,Santa Catarina,Itapema,2024-12-16 19:01:19.887,0.1834881053324316,361,1362,Meia Praia (beach band)
34750953,-27.12569,-48.60639,Meia Praia,Brasil,Santa Catarina,Itapema,2024-12-16 19:01:19.887,0.3222512188417085,383,1623,Meia Praia (beach band)
1294181566192305296,-27.13231864145411,-48.60642432920251,Meia Praia,Brasil,Santa Catarina,Itapema,2024-12-16 19:01:19.887,0.7686805664578682,158,1693,Meia Praia (inland)
1291614741660749995,-27.133117692999058,-48.59852749047675,Meia Praia,Brasil,Santa Catarina,Itapema,2024-12-16 19:01:19.887,0.2116569072925686,415,1978,Meia Praia (beach band)
1298521696353871732,-27.14391774685124,-48.59114395639752,Meia Praia,Brasil,Santa Catarina,Itapema,2024-12-16 19:01:23.197,0.32967657174806037,118,819,Meia Praia (beach band)
20329580,-27.1335296631,-48.596698761,Meia Praia,Brasil,Santa Catarina,Itapema,2023-06-26 19:13:34.000,0.10507547742064247,332,1859,Meia Praia (beach band)
1315142436521613012,-27.132068002838835,-48.60059508650819,Meia Praia,Brasil,Santa Catarina,Itapema,2025-01-06 19:16:58.934,0.28683486255443247,444,1971,Meia Praia (beach band)
1038053437487514538,-27.1319409,-48.5998301,Meia Praia,Brasil,Santa Catarina,Itapema,2025-01-06 19:16:58.934,0.22076397169397904,450,1985,Meia Praia (beach band)
1322561950499910054,-27.13961,-48.5973,Meia Praia,Brasil,Santa Catarina,Itapema,2025-01-06 19:16:58.934,0.5747101782417999,256,1492,Meia Praia (inland)
1310205478580856656,-27.14035044262942,-48.59801266380989,Meia Praia,Brasil,Santa Catarina,Itapema,2025-01-06 19:16:58.934,0.6807634683466512,190,1404,Meia Praia (inland)
1323423731358115676,-27.14032,-48.59595,Meia Praia,Brasil,Santa Catarina,Itapema,2025-01-06 19:16:58.934,0.5055343492110393,253,1408,Meia Praia (inland)
1318447214795137369,-27.130947853063297,-48.60341362394256,Meia Praia,Brasil,Santa Catarina,Itapema,2025-01-06 19:16:58.934,0.4367454141120812,359,1893,Meia Praia (inland)
1321148094471249643,-27.09274,-48.61339,Centro,Brasil,Santa Catarina,Itapema,2025-01-06 19:16:58.934,0.27986881323931,242,689,Centro
1314469487970224033,-27.13424700000002,-48.59626999629518,Meia Praia,Brasil,Santa Catarina,Itapema,2025-01-06 19:16:58.934,0.12316057191224113,332,1809,Meia Praia (beach band)
1312606525920978616,-27.13030667492862,-48.60044348984957,Meia Praia,Brasil,Santa Catarina,Itapema,2025-01-06 19:16:58.934,0.15452438919230707,436,1913,Meia Praia (beach band)
1052997837078206652,-27.08598,-48.61243,Alto Sao Bento,Brasil,Santa Catarina,Itapema,2024-10-07 19:50:15.864,0.504760443206177,38,420,Alto Sao Bento
1063740586589206605,-27.09811,-48.61489,Centro,Brasil,Santa Catarina,Itapema,2024-10-07 20:02:51.616,0.18015495276935192,172,741,Centro
1016100494032497541,-27.0792,-48.6121,Sertaozinho,Brasil,Santa Catarina,Itapema,2024-10-07 19:03:43.494,0.05897137723877677,5,79,Sertaozinho
1240643134903046008,-27.13226,-48.59995,Meia Praia,Brasil,Santa Catarina,Itapema,2024-09-30 19:09:33.947,0.253366876483196,444,1991,Meia Praia (beach band)
1067501516559338603,-27.10144,-48.61571,Centro,Brasil,Santa Catarina,Itapema,2024-10-07 19:12:21.050,0.26601751978291055,163,675,Centro
1044724334704468537,-27.10768,-48.61379,Tabuleiro dos Oliveiras,Brasil,Santa Catarina,Itapema,2024-10-07 19:11:52.382,0.13178393294008992,75,433,Tabuleiro dos Oliveiras
1208690202721738211,-27.11883,-48.61063,Morretes,Brasil,Santa Catarina,Itapema,2024-10-07 19:12:32.929,0.35501176498470327,208,929,Morretes
1066105364930743053,-27.12449,-48.62023,Morretes,Brasil,Santa Catarina,Itapema,2024-10-07 19:03:43.494,1.4860969118642455,15,192,Morretes
977758615003005235,-27.13332,-48.59503,Meia Praia,Brasil,Santa Catarina,Itapema,2024-10-07 19:18:48.103,0.03872289732408861,196,1735,Meia Praia (beach band)
963042790535185786,-27.13604,-48.593,Meia Praia,Brasil,Santa Catarina,Itapema,2024-09-30 19:09:22.871,0.010908465853875204,221,1535,Meia Praia (beach band)
1091408953130822622,-27.088138715696708,-48.60966138197021,Centro,Brasil,Santa Catarina,Itapema,2024-09-30 19:08:40.281,0.41936161473714567,22,453,Centro
1242955426145195603,-27.11724,-48.61025,Morretes,Brasil,Santa Catarina,Itapema,2024-09-30 19:08:40.281,0.2589656351756314,201,810,Morretes
994050613738555329,-27.12272,-48.60625,Meia Praia,Brasil,Santa Catarina,Itapema,2024-10-07 20:09:05.831,0.13493027996734627,330,1416,Meia Praia (beach band)
1213961040337895184,-27.11937416087241,-48.61037001013756,Morretes,Brasil,Santa Catarina,Itapema,2024-08-19 19:11:24.550,0.35800400601184096,212,988,Morretes
1211548624462491441,-27.11033024264276,-48.61214639069658,Tabuleiro dos Oliveiras,Brasil,Santa Catarina,Itapema,2024-08-19 19:11:13.431,0.13542352399021135,21,492,Tabuleiro dos Oliveiras
1193018470753061448,-27.124505784572328,-48.603507293828784,Meia Praia,Brasil,Santa Catarina,Itapema,2024-08-19 19:11:21.558,0.013217616738512787,217,1569,Meia Praia (beach band)
1211548591438099722,-27.144302444294475,-48.58895011257728,Meia Praia,Brasil,Santa Catarina,Itapema,2024-08-19 19:11:06.817,0.17945991279344636,157,657,Meia Praia (beach band)
1182804283264636293,-27.144269385293605,-48.58872927725315,Meia Praia,Brasil,Santa Catarina,Itapema,2024-08-19 19:11:06.817,0.17058774266355387,160,640,Meia Praia (beach band)
1208757855935244741,-27.09231,-48.61455,Centro,Brasil,Santa Catarina,Itapema,2024-09-30 19:08:12.314,0.39937024076812233,206,681,Centro
942057172413556286,-27.1329994202,-48.6040000916,Meia Praia,Brasil,Santa Catarina,Itapema,2023-07-31 19:04:20.000,0.6146288714739925,208,1847,Meia Praia (inland)
889307162854480804,-27.1340007782,-48.5970001221,Meia Praia,Brasil,Santa Catarina,Itapema,2023-07-31 19:05:52.000,0.16143870306244534,393,1871,Meia Praia (beach band)
904512525045117852,-27.1359996796,-48.5960006714,Meia Praia,Brasil,Santa Catarina,Itapema,2023-07-31 19:05:58.000,0.22736778109934278,368,1710,Meia Praia (beach band)
914999722763333589,-27.1380004883,-48.5950012207,Meia Praia,Brasil,Santa Catarina,Itapema,2023-07-31 19:09:17.000,0.28489287493849813,387,1558,Meia Praia (beach band)
897144549301156856,-27.1299591064,-48.6005516052,Meia Praia,Brasil,Santa Catarina,Itapema,2023-07-31 19:11:39.000,0.1409330281430581,429,1915,Meia Praia (beach band)
846192475290641463,-27.1369991302,-48.6020011902,Meia Praia,Brasil,Santa Catarina,Itapema,2023-04-25 16:25:15.000,0.7556475780088838,118,1785,Meia Praia (inland)
974641366404745810,-27.1278018951,-48.6035385132,Meia Praia,Brasil,Santa Catarina,Itapema,2023-09-18 19:06:14.000,0.23758561777644596,411,1796,Meia Praia (beach band)
1048804459244346908,-27.11599922180176,-48.60900115966797,Morretes,Brasil,Santa Catarina,Itapema,2024-01-01 19:01:33.504,0.09689753025009179,134,726,Morretes
1026884253092849014,-27.097251892089844,-48.61377716064453,Centro,Brasil,Santa Catarina,Itapema,2024-01-01 19:03:41.711,0.07642753288688486,160,746,Centro
1048799886066100123,-27.106000900268555,-48.619998931884766,Tabuleiro dos Oliveiras,Brasil,Santa Catarina,Itapema,2024-01-01 19:03:40.718,0.7036893733058134,22,372,Tabuleiro dos Oliveiras
1053851019443958006,-27.10099983215332,-48.6150016784668,Centro,Brasil,Santa Catarina,Itapema,2024-01-01 19:03:41.323,0.19440284695090532,174,704,Centro
1050053859273199330,-27.07964515686035,-48.62116241455078,Alto Sao Bento,Brasil,Santa Catarina,Itapema,2024-01-01 19:03:41.323,0.9504484223864674,2,43,Alto Sao Bento
1050981045499188524,-27.132999420166016,-48.60499954223633,Meia Praia,Brasil,Santa Catarina,Itapema,2024-01-01 19:03:41.323,0.6959540171998805,174,1779,Meia Praia (inland)
1284129114802328397,-27.126813102619177,-48.61208089866307,Morretes,Brasil,Santa Catarina,Itapema,2024-11-18 19:01:16.814,0.8596613097521835,19,1275,Morretes
1282139756826405251,-27.14241,-48.58878,Meia Praia,Brasil,Santa Catarina,Itapema,2024-11-18 19:00:55.888,0.11214108951592504,162,760,Meia Praia (beach band)
1287180065951019381,-27.08737735807549,-48.63574270159006,Alto Sao Bento,Brasil,Santa Catarina,Itapema,2024-11-18 19:01:16.892,2.5111061492344526,4,13,Alto Sao Bento
1279732570135680973,-27.101177271675684,-48.632246545961216,Tabuleiro dos Oliveiras,Brasil,Santa Catarina,Itapema,2024-11-18 19:01:16.892,1.9030446597224393,4,21,Tabuleiro dos Oliveiras
1286885346606821954,-27.1149152,-48.6123658,Tabuleiro dos Oliveiras,Brasil,Santa Catarina,Itapema,2024-11-18 19:06:21.607,0.3799919945968901,95,619,Tabuleiro dos Oliveiras
1288225902205385857,-27.13528698350901,-48.59960138095092,Meia Praia,Brasil,Santa Catarina,Itapema,2024-11-18 19:07:53.285,0.45109343879396274,331,1944,Meia Praia (inland)
984162262021333882,-27.11400032043457,-48.61100006103516,Tabuleiro dos Oliveiras,Brasil,Santa Catarina,Itapema,2023-10-24 16:57:10.731,0.22272159085612592,94,595,Tabuleiro dos Oliveiras
990873537741639580,-27.131000518798828,-48.5989990234375,Meia Praia,Brasil,Santa Catarina,Itapema,2023-10-24 16:54:46.375,0.0901325235044368,378,1924,Meia Praia (beach band)
995658810433202014,-27.12800025939941,-48.60300064086914,Meia Praia,Brasil,Santa Catarina,Itapema,2023-10-24 16:57:28.203,0.20964617779704287,401,1812,Meia Praia (beach band)
965310801955633109,-27.1259994506836,-48.60300064086914,Meia Praia,Brasil,Santa Catarina,Itapema,2023-10-24 16:57:28.772,0.07027698939766205,284,1681,Meia Praia (beach band)
988531716370611807,-27.13800048828125,-48.59199905395508,Meia Praia,Brasil,Santa Catarina,Itapema,2023-10-24 16:54:59.342,0.0409234212377487,263,1351,Meia Praia (beach band)
1311521479092057264,-27.136360147138245,-48.60176091725126,Meia Praia,Brasil,Santa Catarina,Itapema,2024-12-16 19:01:23.193,0.6908797178385792,154,1853,Meia Praia (inland)
1308299148518372973,-27.067245748999827,-48.59530711912208,Ilhota,Brasil,Santa Catarina,Itapema,2024-12-16 19:01:33.070,0.0636371692581535,18,37,Ilhota
1303180624424137587,-27.14332032611282,-48.58838461339474,Meia Praia,Brasil,Santa Catarina,Itapema,2024-12-16 19:01:24.069,0.15877709416090854,166,681,Meia Praia (beach band)
1308674095345519931,-27.1302534,-48.60077980000001,Meia Praia,Brasil,Santa Catarina,Itapema,2024-12-16 19:08:12.611,0.17828491075655442,450,1922,Meia Praia (beach band)
1302450485079669419,-27.13091682998817,-48.60542688647313,Meia Praia,Brasil,Santa Catarina,Itapema,2024-12-16 19:08:12.611,0.5985107158254266,262,1798,Meia Praia (inland)
1307441126204445779,-27.12993,-48.6198698,Morretes,Brasil,Santa Catarina,Itapema,2024-12-16 19:08:09.895,1.7008358429316681,7,127,Morretes
1306687681362059790,-27.1302521,-48.6071199,Meia Praia,Brasil,Santa Catarina,Itapema,2024-12-16 19:08:13.442,0.684906216375123,182,1669,Meia Praia (inland)
1309698166479736430,-27.13157992536305,-48.59909106336798,Meia Praia,Brasil,Santa Catarina,Itapema,2024-12-16 19:08:17.194,0.13954798284263065,420,1962,Meia Praia (beach band)
1320506628179287069,-27.0979,-48.62011,Varzea,Brasil,Santa Catarina,Itapema,2025-01-06 19:03:07.559,0.6972591372821175,38,662,Varzea
1045645052596927627,-27.096184,-48.6159708,Centro,Brasil,Santa Catarina,Itapema,2025-01-06 19:03:07.559,0.32186344678002826,161,759,Centro
1322346605725910804,-27.10562,-48.6164,Tabuleiro dos Oliveiras,Brasil,Santa Catarina,Itapema,2025-01-06 19:03:07.559,0.3451350714819844,86,442,Tabuleiro dos Oliveiras
1312372350540984887,-27.14306436460392,-48.5905781467532,Meia Praia,Brasil,Santa Catarina,Itapema,2025-01-06 19:03:07.559,0.27860088742190653,165,859,Meia Praia (beach band)
1302418579673981667,-27.11914240116356,-48.61554447438184,Morretes,Brasil,Santa Catarina,Itapema,2025-01-06 19:03:07.535,0.8240950243037297,50,670,Morretes
1314490210747015838,-27.1381901,-48.5928626,Meia Praia,Brasil,Santa Catarina,Itapema,2025-01-06 19:03:01.441,0.127360987510774,313,1409,Meia Praia (beach band)
1318341646949848198,-27.127363948284952,-48.60500928014517,Meia Praia,Brasil,Santa Catarina,Itapema,2025-01-06 19:03:01.441,0.32063534551379824,392,1730,Meia Praia (beach band)
1287226527119376780,-27.139334232622197,-48.59242432222872,Meia Praia,Brasil,Santa Catarina,Itapema,2025-01-06 19:10:47.463,0.14320278274100395,318,1311,Meia Praia (beach band)
1322763639061670902,-27.13126,-48.59699,Meia Praia,Brasil,Santa Catarina,Itapema,2025-01-06 19:10:47.444,0.04241851812590626,242,1832,Meia Praia (beach band)
1320250540462789208,-27.11942,-48.60847,Meia Praia,Brasil,Santa Catarina,Itapema,2025-01-06 19:10:47.444,0.19140300672733132,229,1060,Meia Praia (beach band)
1318955803281176209,-27.12821328454974,-48.62628868531667,Sertao do Trombudo,Brasil,Santa Catarina,Itapema,2025-01-06 19:10:47.478,2.2060986509057186,6,59,Sertao do Trombudo
1314341743704434971,-27.12611038244541,-48.60699947923422,Meia Praia,Brasil,Santa Catarina,Itapema,2025-01-06 19:12:35.781,0.39853560360663937,322,1637,Meia Praia (inland)
54055912,-27.138999938964844,-48.59099960327149,Meia Praia,Brasil,Santa Catarina,Itapema,2024-02-12 19:00:57.041,0.00015274954594840664,233,1216,Meia Praia (beach band)
995125541556099782,-27.13689994812012,-48.59958267211914,Meia Praia,Brasil,Santa Catarina,Itapema,2024-02-12 19:02:11.907,0.5641718001090049,280,1832,Meia Praia (inland)
1060253210101894661,-27.1299991607666,-48.60300064086914,Meia Praia,Brasil,Santa Catarina,Itapema,2024-02-12 19:03:53.386,0.34276858678887695,407,1892,Meia Praia (beach band)
1060435599777553250,-27.125,-48.62300109863281,Morretes,Brasil,Santa Catarina,Itapema,2024-02-12 19:04:29.508,1.757582191817348,13,131,Morretes
1208735754877396448,-27.09306,-48.61326,Centro,Brasil,Santa Catarina,Itapema,2025-11-03 19:01:29.895,0.24734683181542166,240,702,Centro
18287935,-27.0933094025,-48.612651825,Centro,Brasil,Santa Catarina,Itapema,2023-06-26 19:10:02.000,0.1830791026190231,229,708,Centro
21091876,-27.12244,-48.60431,Meia Praia,Brasil,Santa Catarina,Itapema,2024-10-07 19:20:02.490,0.0527294522571041,187,1391,Meia Praia (beach band)
30756202,-27.13915061950684,-48.59531021118164,Meia Praia,Brasil,Santa Catarina,Itapema,2023-02-09 15:17:56.000,0.3868340804729129,353,1503,Meia Praia (inland)
50958684,-27.13458,-48.59693,Meia Praia,Brasil,Santa Catarina,Itapema,2024-10-07 20:03:32.876,0.19701729068521812,395,1839,Meia Praia (beach band)
725867973010290782,-27.1405391693,-48.5942497253,Meia Praia,Brasil,Santa Catarina,Itapema,2022-12-06 12:43:34.000,0.3645674058205411,301,1309,Meia Praia (inland)
735756948744314725,-27.1319999695,-48.5999984741,Meia Praia,Brasil,Santa Catarina,Itapema,2022-12-06 12:43:34.000,0.23759068164292868,456,1988,Meia Praia (beach band)
680483739240925875,-27.1256601074,-48.6073538661,Meia Praia,Brasil,Santa Catarina,Itapema,2022-08-01 15:25:27.000,0.3994937027466741,300,1590,Meia Praia (inland)
41315084,-27.14189910888672,-48.59626007080078,Meia Praia,Brasil,Santa Catarina,Itapema,2023-02-09 15:17:56.000,0.6097596000369621,141,1254,Meia Praia (inland)
770188670926255894,-27.13511085510254,-48.59394836425781,Meia Praia,Brasil,Santa Catarina,Itapema,2023-03-02 13:02:00.000,0.012369408917385664,206,1592,Meia Praia (beach band)
786984063703855942,-27.100839614868164,-48.61309051513672,Centro,Brasil,Santa Catarina,Itapema,2023-03-02 13:02:00.000,0.00617159835197813,129,707,Centro
796888019932075012,-27.117000579833984,-48.61199951171875,Morretes,Brasil,Santa Catarina,Itapema,2023-03-02 13:02:00.000,0.4136435842394267,186,745,Morretes
28656277,-27.1255702972,-48.6076889038,Meia Praia,Brasil,Santa Catarina,Itapema,2023-06-26 19:03:27.000,0.421422949167788,264,1567,Meia Praia (inland)
770131545986036241,-27.131439209,-48.602519989,Meia Praia,Brasil,Santa Catarina,Itapema,2023-01-19 12:18:27.000,0.39504957957904296,406,1931,Meia Praia (inland)
795757968903961791,-27.0900001526,-48.6180000305,Casa Branca,Brasil,Santa Catarina,Itapema,2023-01-19 12:18:27.000,0.8269314948894675,40,583,Casa Branca
765933981906369872,-27.1350002289,-48.5960006714,Meia Praia,Brasil,Santa Catarina,Itapema,2022-12-06 12:43:34.000,0.15647094520168364,334,1767,Meia Praia (beach band)
783834470480143792,-27.1178092957,-48.6123390198,Morretes,Brasil,Santa Catarina,Itapema,2023-01-19 12:18:27.000,0.4751586806234872,182,787,Morretes
668715506986619718,-27.1315382903,-48.5999644484,Meia Praia,Brasil,Santa Catarina,Itapema,2022-08-01 11:50:02.000,0.20107884011326124,443,1969,Meia Praia (beach band)
551461385062038076,-27.14241,-48.58898,Meia Praia,Brasil,Santa Catarina,Itapema,2024-10-07 19:10:23.593,0.12494509732059486,162,783,Meia Praia (beach band)
621626596784793972,-27.11923,-48.60638,Meia Praia,Brasil,Santa Catarina,Itapema,2024-10-07 19:01:02.638,0.006898804409366539,149,1049,Meia Praia (beach band)
1229783027824297960,-27.081846905942623,-48.61971750855446,Alto Sao Bento,Brasil,Santa Catarina,Itapema,2024-09-02 19:17:02.089,0.8551837782835316,10,130,Alto Sao Bento
1131810056799937593,-27.107999801635746,-48.61399841308594,Tabuleiro dos Oliveiras,Brasil,Santa Catarina,Itapema,2024-04-15 19:00:46.689,0.1630011405327666,69,426,Tabuleiro dos Oliveiras
815806026505024003,-27.126489639282227,-48.60377883911133,Meia Praia,Brasil,Santa Catarina,Itapema,2023-02-22 16:20:45.000,0.16465181789881908,360,1711,Meia Praia (beach band)
50561328,-27.12856,-48.6008,Meia Praia,Brasil,Santa Catarina,Itapema,2024-10-07 19:10:35.220,0.07222544328913397,315,1846,Meia Praia (beach band)
700581475456680268,-27.1255440302,-48.6051004753,Meia Praia,Brasil,Santa Catarina,Itapema,2022-09-09 18:21:49.000,0.20748648529587208,416,1627,Meia Praia (beach band)
678242953903453952,-27.13409,-48.59766,Meia Praia,Brasil,Santa Catarina,Itapema,2022-08-15 20:53:40.000,0.21780252311800435,413,1926,Meia Praia (beach band)
721146719017782279,-27.09188,-48.61253,Centro,Brasil,Santa Catarina,Itapema,2022-10-03 13:39:14.000,0.2724517257283165,210,648,Centro
54211269,-27.14311,-48.58633,Meia Praia,Brasil,Santa Catarina,Itapema,2022-03-02 13:09:51.744,0.04617980070237547,99,547,Meia Praia (beach band)
54228706,-27.13495,-48.59372,Meia Praia,Brasil,Santa Catarina,Itapema,2022-03-02 14:56:49.148,0.024128115042753764,183,1580,Meia Praia (beach band)
1279237614509895088,-27.119617785154578,-48.60847660541313,Meia Praia,Brasil,Santa Catarina,Itapema,2024-11-04 19:04:04.833,0.20156596859374373,233,1091,Meia Praia (beach band)
1274533646308060247,-27.1194992,-48.6112395,Morretes,Brasil,Santa Catarina,Itapema,2024-11-04 19:04:04.833,0.4414696616990739,174,963,Morretes
52437705,-27.12684171221543,-48.60332735726135,Meia Praia,Brasil,Santa Catarina,Itapema,2024-11-04 19:04:05.226,0.1542328640039567,357,1727,Meia Praia (beach band)
1279140828280260360,-27.101070406263126,-48.622437218527,Tabuleiro dos Oliveiras,Brasil,Santa Catarina,Itapema,2024-11-04 19:04:05.226,0.9310484623439439,3,454,Tabuleiro dos Oliveiras
1278317570000344746,-27.12057559195551,-48.61653242327881,Morretes,Brasil,Santa Catarina,Itapema,2024-11-04 19:04:05.226,0.9698133736653977,42,621,Morretes
1270356705472728655,-27.084221925457665,-48.634584175116224,Alto Sao Bento,Brasil,Santa Catarina,Itapema,2024-11-04 19:04:04.144,2.35082547283317,0,9,Alto Sao Bento
1265179422155119704,-27.12201735427083,-48.605685149641545,Meia Praia,Brasil,Santa Catarina,Itapema,2024-11-04 19:04:04.283,0.053993729667913014,274,1340,Meia Praia (beach band)
1273881511466684187,-27.13177435118344,-48.60116641226312,Meia Praia,Brasil,Santa Catarina,Itapema,2024-11-04 19:04:05.406,0.3074196628911345,444,1948,Meia Praia (beach band)
1213080842711281763,-27.092951090589832,-48.612652728668245,Centro,Brasil,Santa Catarina,Itapema,2024-11-04 19:04:05.406,0.2080972846453948,226,689,Centro
1271243977226889133,-27.1298768,-48.6048195,Meia Praia,Brasil,Santa Catarina,Itapema,2024-11-04 19:01:07.180,0.4809428414086208,371,1819,Meia Praia (inland)
1273091811886899511,-27.11562,-48.61289,Morretes,Brasil,Santa Catarina,Itapema,2024-11-04 19:00:48.051,0.45083781575053394,114,642,Morretes
1263718185850976352,-27.1166704508973,-48.61112696779697,Morretes,Brasil,Santa Catarina,Itapema,2024-11-04 19:00:48.051,0.32001272919127494,198,747,Morretes
1188639812430682567,-27.12173,-48.60761,Meia Praia,Brasil,Santa Catarina,Itapema,2024-11-04 19:00:48.633,0.21935123175723356,307,1279,Meia Praia (beach band)
1267324968498300527,-27.1415424,-48.5950453,Meia Praia,Brasil,Santa Catarina,Itapema,2024-11-04 19:00:48.633,0.48404494829711003,184,1255,Meia Praia (inland)
39104516,-27.14489,-48.58912,Meia Praia,Brasil,Santa Catarina,Itapema,2021-10-25 14:40:16.352,0.1337345632772977,141,624,Meia Praia (beach band)
46351569,-27.12136,-48.60793,Meia Praia,Brasil,Santa Catarina,Itapema,2024-10-07 19:20:17.087,0.23367025432414912,289,1234,Meia Praia (beach band)
45803876,-27.12397,-48.60881,Meia Praia,Brasil,Santa Catarina,Itapema,2021-10-25 14:40:16.352,0.42226034261932166,210,1456,Meia Praia (inland)
1058608574256056822,-27.1377219,-48.5929738,Meia Praia,Brasil,Santa Catarina,Itapema,2024-12-19 17:35:08.506,0.10652675875713813,303,1482,Meia Praia (beach band)
24370755,-27.1331100464,-48.6002502441,Meia Praia,Brasil,Santa Catarina,Itapema,2023-06-26 19:06:32.000,0.3386592776285289,424,1995,Meia Praia (beach band)
27222202,-27.1264591217041,-48.60197067260742,Meia Praia,Brasil,Santa Catarina,Itapema,2023-02-09 15:17:56.000,0.024667426014935066,216,1691,Meia Praia (beach band)
30032994,-27.131000518798828,-48.60100173950195,Meia Praia,Brasil,Santa Catarina,Itapema,2024-05-06 19:01:13.853,0.2436983508382835,465,1935,Meia Praia (beach band)
1148617111615851069,-27.11891,-48.60997,Morretes,Brasil,Santa Catarina,Itapema,2024-10-07 20:04:58.271,0.29974204017470474,222,970,Morretes
32371924,-27.1050300598,-48.6139183044,Centro,Brasil,Santa Catarina,Itapema,2023-04-25 16:24:27.000,0.0922920831121379,106,456,Centro
39498604,-27.123390197753903,-48.60710906982422,Meia Praia,Brasil,Santa Catarina,Itapema,2023-02-09 15:17:56.000,0.24235239387770247,341,1454,Meia Praia (beach band)
24754306,-27.10158,-48.61423,Centro,Brasil,Santa Catarina,Itapema,2024-10-07 19:01:02.638,0.12002704140236337,171,681,Centro
1018938592594574382,-27.09600067138672,-48.6150016784668,Centro,Brasil,Santa Catarina,Itapema,2023-12-04 19:02:52.456,0.2430451870788037,183,769,Centro
1032603633256981746,-27.141000747680664,-48.595001220703125,Meia Praia,Brasil,Santa Catarina,Itapema,2023-12-04 19:03:06.842,0.4538375537578447,227,1305,Meia Praia (inland)
1021217453140595481,-27.12800025939941,-48.60499954223633,Meia Praia,Brasil,Santa Catarina,Itapema,2023-12-04 19:03:06.904,0.36421366684679274,393,1770,Meia Praia (inland)
1029566381255289346,-27.1200008392334,-48.60599899291992,Meia Praia,Brasil,Santa Catarina,Itapema,2023-12-04 19:03:34.769,9.342345447294072e-05,181,1114,Meia Praia (beach band)
1106426064936143096,-27.12774,-48.60619,Meia Praia,Brasil,Santa Catarina,Itapema,2024-10-07 20:04:56.969,0.4382010977429724,325,1685,Meia Praia (inland)
983201825098689552,-27.134014129638672,-48.59774017333984,Meia Praia,Brasil,Santa Catarina,Itapema,2023-12-18 19:02:29.464,0.21851498380123066,412,1937,Meia Praia (beach band)
1039847711036743933,-27.128999710083008,-48.60300064086914,Meia Praia,Brasil,Santa Catarina,Itapema,2023-12-18 19:02:12.422,0.27926376034801687,420,1847,Meia Praia (beach band)
1036307719150120163,-27.131759643554688,-48.59782028198242,Meia Praia,Brasil,Santa Catarina,Itapema,2023-12-18 19:03:01.816,0.058626537547260354,342,1922,Meia Praia (beach band)
40537336,-27.114999771118164,-48.61199951171875,Tabuleiro dos Oliveiras,Brasil,Santa Catarina,Itapema,2023-12-18 19:02:42.484,0.3474731197408539,112,630,Tabuleiro dos Oliveiras
1045565487399099010,-27.11890411376953,-48.610870361328125,Morretes,Brasil,Santa Catarina,Itapema,2023-12-18 19:03:13.716,0.38017360339572576,199,927,Morretes
1092226767092383447,-27.13208,-48.59816,Meia Praia,Brasil,Santa Catarina,Itapema,2024-10-07 19:10:32.717,0.10761678101641785,372,1954,Meia Praia (beach band)
1084601543056055517,-27.1299991607666,-48.60200119018555,Meia Praia,Brasil,Santa Catarina,Itapema,2024-02-26 19:02:14.098,0.2614967705147959,436,1916,Meia Praia (beach band)
1254384361135492137,-27.11929498276978,-48.61308372991639,Morretes,Brasil,Santa Catarina,Itapema,2024-10-07 20:25:09.186,0.5996584707537542,123,852,Morretes
946609581890906389,-27.12866,-48.60328,Meia Praia,Brasil,Santa Catarina,Itapema,2024-10-07 20:03:14.511,0.277517981354103,408,1835,Meia Praia (beach band)
31252494,-27.08787,-48.61443,Casa Branca,Brasil,Santa Catarina,Itapema,2021-10-25 14:40:16.352,0.7075890128031269,85,512,Casa Branca
46940475,-27.092176,-48.613792,Centro,Brasil,Santa Catarina,Itapema,2021-10-25 14:40:16.352,0.34992895966777293,218,673,Centro
34218930,-27.13172,-48.60031,Meia Praia,Brasil,Santa Catarina,Itapema,2021-10-25 14:40:16.352,0.24023575321540033,450,1962,Meia Praia (beach band)
47438974,-27.130449295,-48.600479126,Meia Praia,Brasil,Santa Catarina,Itapema,2023-06-26 19:07:36.000,0.1660711099418391,439,1922,Meia Praia (beach band)
21077682,-27.13947,-48.59267,Meia Praia,Brasil,Santa Catarina,Itapema,2024-10-07 19:20:17.087,0.171665433242862,334,1317,Meia Praia (beach band)
35481220,-27.14024,-48.59128,Meia Praia,Brasil,Santa Catarina,Itapema,2024-09-25 18:02:32.112,0.08572834588931258,225,1138,Meia Praia (beach band)
15314679,-27.13482,-48.59537,Meia Praia,Brasil,Santa Catarina,Itapema,2021-10-25 14:40:16.352,0.09559244970501475,271,1714,Meia Praia (beach band)
39417651,-27.13324,-48.5984,Meia Praia,Brasil,Santa Catarina,Itapema,2021-10-25 14:40:16.352,0.21115394617924232,423,1981,Meia Praia (beach band)
1112509681400377090,-27.125,-48.60499954223633,Meia Praia,Brasil,Santa Catarina,Itapema,2024-04-08 19:01:16.432,0.16496578027239295,398,1589,Meia Praia (beach band)
1121987205832463268,-27.09499931335449,-48.61600112915039,Centro,Brasil,Santa Catarina,Itapema,2024-04-08 19:01:16.497,0.3789137777097682,135,753,Centro
31882500,-27.12215,-48.60565,Meia Praia,Brasil,Santa Catarina,Itapema,2021-10-25 14:40:16.352,0.05614503639163819,274,1363,Meia Praia (beach band)
10266012,-27.12133,-48.6129,Morretes,Brasil,Santa Catarina,Itapema,2021-10-25 14:40:16.352,0.6790419941931297,74,995,Morretes
10969271,-27.12211,-48.60671,Meia Praia,Brasil,Santa Catarina,Itapema,2024-10-07 19:37:26.112,0.1520109057966874,317,1358,Meia Praia (beach band)
38514587,-27.12364,-48.60868,Meia Praia,Brasil,Santa Catarina,Itapema,2024-10-07 19:01:02.638,0.39632612399912154,231,1444,Meia Praia (inland)
45911990,-27.11645,-48.60857,Morretes,Brasil,Santa Catarina,Itapema,2021-10-25 14:40:16.352,0.07273943005396227,118,772,Morretes
46559971,-27.1201496124,-48.6060409546,Meia Praia,Brasil,Santa Catarina,Itapema,2023-06-26 19:06:03.000,0.014137598949370202,191,1139,Meia Praia (beach band)
47150357,-27.1211,-48.60999,Morretes,Brasil,Santa Catarina,Itapema,2021-10-25 14:40:16.352,0.40906439851885723,193,1168,Morretes
1225220239291557449,-27.12912684187673,-48.606043606996536,Meia Praia,Brasil,Santa Catarina,Itapema,2024-09-02 19:02:51.389,0.5233342374806748,304,1759,Meia Praia (inland)
30795921,-27.13181,-48.6035,Meia Praia,Brasil,Santa Catarina,Itapema,2021-10-25 14:40:16.352,0.49841465295899867,303,1896,Meia Praia (inland)
40320100,-27.1099,-48.6115,Morretes,Brasil,Santa Catarina,Itapema,2021-10-25 14:40:16.352,0.05553735497979924,21,471,Morretes
21780661,-27.09167,-48.61828,Casa Branca,Brasil,Santa Catarina,Itapema,2024-10-07 19:28:29.041,0.7410182999908129,30,644,Casa Branca
21621339,-27.12184,-48.60709,Meia Praia,Brasil,Santa Catarina,Itapema,2024-10-07 19:20:17.087,0.176087174046675,312,1311,Meia Praia (beach band)
22916493,-27.13145,-48.60435,Meia Praia,Brasil,Santa Catarina,Itapema,2021-10-25 14:40:16.352,0.5447376660335083,278,1859,Meia Praia (inland)
29145061,-27.12275,-48.60631,Meia Praia,Brasil,Santa Catarina,Itapema,2024-10-07 19:25:12.141,0.14173470542853409,330,1418,Meia Praia (beach band)
31692474,-27.1316,-48.60566,Meia Praia,Brasil,Santa Catarina,Itapema,2021-10-25 14:40:16.352,0.6608317457798509,213,1773,Meia Praia (inland)
38820471,-27.12541,-48.60292,Meia Praia,Brasil,Santa Catarina,Itapema,2024-10-07 19:20:41.782,0.025717134666400052,214,1617,Meia Praia (beach band)
46048941,-27.13308,-48.60092,Meia Praia,Brasil,Santa Catarina,Itapema,2021-10-25 14:40:16.352,0.38575503692246027,363,1990,Meia Praia (inland)
22315910,-27.1019191742,-48.6133918762,Centro,Brasil,Santa Catarina,Itapema,2023-07-31 19:04:03.000,0.039375181640802726,140,652,Centro
22337474,-27.10414,-48.6135,Centro,Brasil,Santa Catarina,Itapema,2024-10-07 19:05:29.576,0.05121546345320455,116,493,Centro
47402735,-27.09939,-48.61525,Centro,Brasil,Santa Catarina,Itapema,2024-10-07 19:48:25.873,0.21555448434143304,190,750,Centro
50535771,-27.1054,-48.61253,Centro,Brasil,Santa Catarina,Itapema,2024-10-07 19:05:29.576,0.037259446440657484,69,442,Centro
46486203,-27.09598,-48.61669,Centro,Brasil,Santa Catarina,Itapema,2021-10-25 14:40:16.352,0.39618707636429773,132,756,Centro
46941758,-27.1022090912,-48.6159210205,Centro,Brasil,Santa Catarina,Itapema,2023-06-26 19:08:44.000,0.2896614507882618,147,624,Centro
47778811,-27.09669,-48.61753,Centro,Brasil,Santa Catarina,Itapema,2024-10-07 19:48:25.873,0.45296887028516963,107,737,Centro
1052110098791057231,-27.13999938964844,-48.59600067138672,Meia Praia,Brasil,Santa Catarina,Itapema,2024-01-01 19:01:33.261,0.49453761902711246,282,1442,Meia Praia (inland)
821850217553025689,-27.12744,-48.60686,Meia Praia,Brasil,Santa Catarina,Itapema,2024-10-07 19:24:55.541,0.4697925377222124,303,1659,Meia Praia (inland)
36743876,-27.13752,-48.59701,Meia Praia,Brasil,Santa Catarina,Itapema,2024-10-07 19:53:26.424,0.4108519510007057,366,1649,Meia Praia (inland)
30153564,-27.14334,-48.58953,Meia Praia,Brasil,Santa Catarina,Itapema,2024-10-07 19:20:18.555,0.2395793198138964,173,755,Meia Praia (beach band)
46725966,-27.14261,-48.58857,Meia Praia,Brasil,Santa Catarina,Itapema,2021-10-25 14:40:16.352,0.11727168550863465,160,740,Meia Praia (beach band)
47966333,-27.1452,-48.5915,Meia Praia,Brasil,Santa Catarina,Itapema,2024-10-07 19:01:27.072,0.22716548470826528,67,730,Meia Praia (beach band)
803572440296677315,-27.0932292938,-48.61536026,Centro,Brasil,Santa Catarina,Itapema,2023-06-26 19:12:59.000,0.40368724824669155,198,715,Centro
820470065107810212,-27.101850509643555,-48.61545944213867,Centro,Brasil,Santa Catarina,Itapema,2023-03-02 13:02:00.000,0.2425993223785531,155,635,Centro
821655940167878176,-27.12496,-48.60334,Meia Praia,Brasil,Santa Catarina,Itapema,2024-10-07 19:25:04.392,0.026383540459406822,227,1597,Meia Praia (beach band)
45768161,-27.13302,-48.59938,Meia Praia,Brasil,Santa Catarina,Itapema,2024-10-07 19:10:35.220,0.26736897152537165,439,1993,Meia Praia (beach band)
42180312,-27.13455,-48.61453,Jardim Praiamar,Brasil,Santa Catarina,Itapema,2021-10-25 14:40:16.352,1.5570983140517716,10,217,Jardim Praiamar
48345277,-27.14137,-48.59156,Meia Praia,Brasil,Santa Catarina,Itapema,2024-10-07 19:19:56.551,0.18757632960746956,218,1071,Meia Praia (beach band)
26898492,-27.06375,-48.59624,Ilhota,Brasil,Santa Catarina,Itapema,2021-10-25 14:40:16.352,0.06401684921096602,19,45,Ilhota
831740758559247685,-27.128999710083008,-48.59999847412109,Meia Praia,Brasil,Santa Catarina,Itapema,2023-03-02 13:02:00.000,0.03501155945054019,306,1867,Meia Praia (beach band)
833867838148713852,-27.13173,-48.60275,Meia Praia,Brasil,Santa Catarina,Itapema,2024-10-07 20:03:14.511,0.4323849560801175,367,1924,Meia Praia (inland)
1187061700423806804,-27.093690872192383,-48.6131591796875,Centro,Brasil,Santa Catarina,Itapema,2024-07-01 19:00:38.657,0.19573644432599305,240,727,Centro
622878708674009200,-27.13289,-48.59809,Meia Praia,Brasil,Santa Catarina,Itapema,2024-10-07 20:03:32.876,0.16270809807496012,397,1968,Meia Praia (beach band)
32766950,-27.09755,-48.6148,Centro,Brasil,Santa Catarina,Itapema,2022-01-11 17:08:58.877,0.17104787407694713,178,753,Centro
53314692,-27.09766,-48.61253,Centro,Brasil,Santa Catarina,Itapema,2024-10-07 19:01:02.588,0.0544078129709947,106,716,Centro
53474066,-27.10185,-48.61511,Centro,Brasil,Santa Catarina,Itapema,2022-01-11 17:08:58.877,0.20797945910038323,157,658,Centro
53605382,-27.09658,-48.61303,Centro,Brasil,Santa Catarina,Itapema,2022-01-11 17:08:58.877,0.03933477453432908,146,761,Centro
47172145,-27.0956,-48.61805,Centro,Brasil,Santa Catarina,Itapema,2024-10-07 19:01:02.588,0.5368558501328456,71,724,Centro
783172100323993170,-27.13904,-48.59269,Meia Praia,Brasil,Santa Catarina,Itapema,2024-10-07 19:53:21.573,0.15270653171040816,335,1341,Meia Praia (beach band)
726824755593769251,-27.138999939,-48.591999054,Meia Praia,Brasil,Santa Catarina,Itapema,2023-01-19 12:18:27.000,0.089257796365342,283,1302,Meia Praia (beach band)
784095086320805052,-27.1310005188,-48.6040000916,Meia Praia,Brasil,Santa Catarina,Itapema,2023-01-19 12:18:27.000,0.487838556368726,340,1884,Meia Praia (inland)
957850854349366173,-27.1060009003,-48.6170005798,Tabuleiro dos Oliveiras,Brasil,Santa Catarina,Itapema,2023-09-18 19:06:08.000,0.4112449986406392,71,414,Tabuleiro dos Oliveiras
967442825122503004,-27.1266174316,-48.6041870117,Meia Praia,Brasil,Santa Catarina,Itapema,2023-09-18 19:06:08.000,0.20524053501138917,381,1706,Meia Praia (beach band)
28929249,-27.131,-48.60892,Meia Praia,Brasil,Santa Catarina,Itapema,2024-10-07 19:01:02.638,0.8762234828385305,68,1429,Meia Praia (inland)
39623532,-27.12851,-48.59936,Meia Praia,Brasil,Santa Catarina,Itapema,2024-10-07 20:03:14.511,0.048522065186887196,211,1814,Meia Praia (beach band)
40892344,-27.1310501099,-48.5999183655,Meia Praia,Brasil,Santa Catarina,Itapema,2023-06-26 19:10:25.000,0.16181555879933826,421,1933,Meia Praia (beach band)
663206784662825327,-27.13951,-48.59403,Meia Praia,Brasil,Santa Catarina,Itapema,2024-10-07 19:19:56.551,0.2949873234224733,391,1387,Meia Praia (beach band)
687757820659405525,-27.1179432516,-48.6103539169,Morretes,Brasil,Santa Catarina,Itapema,2022-08-15 20:53:40.000,0.2945535626333974,212,867,Morretes
551639377566480967,-27.119890213,-48.6103782654,Morretes,Brasil,Santa Catarina,Itapema,2023-06-26 19:10:22.000,0.3840661697258862,203,1049,Morretes
1257312272803306995,-27.133659,-48.6082168,Meia Praia,Brasil,Santa Catarina,Itapema,2024-10-21 19:03:36.892,0.9997233614966018,69,1338,Meia Praia (inland)
1262589594492484713,-27.12819,-48.60728,Meia Praia,Brasil,Santa Catarina,Itapema,2024-10-21 19:03:35.098,0.5537788599426158,237,1642,Meia Praia (inland)
1258059892964067437,-27.1373915,-48.59289560000001,Meia Praia,Brasil,Santa Catarina,Itapema,2024-10-21 19:03:35.098,0.07789812221792568,277,1489,Meia Praia (beach band)
1257491577900768321,-27.128402328362416,-48.60779798710895,Meia Praia,Brasil,Santa Catarina,Itapema,2024-10-21 19:04:20.705,0.6085036929492906,196,1623,Meia Praia (inland)
1257288079722843094,-27.10421,-48.61349,Centro,Brasil,Santa Catarina,Itapema,2024-10-21 19:04:20.705,0.04979952466184259,115,489,Centro
52571126,-27.116109848,-48.6071090698,Meia Praia,Brasil,Santa Catarina,Itapema,2023-06-26 19:12:10.000,0.07688160447681235,54,733,Meia Praia (beach band)
52648380,-27.12606,-48.615,Morretes,Brasil,Santa Catarina,Itapema,2024-10-07 19:05:29.576,1.0777900415910957,29,817,Morretes
1019636890178600089,-27.11100006103516,-48.61100006103516,Morretes,Brasil,Santa Catarina,Itapema,2023-11-20 19:00:57.270,0.07546962779077909,23,482,Morretes
1021680708785478385,-27.137338638305664,-48.59813690185547,Meia Praia,Brasil,Santa Catarina,Itapema,2023-11-20 19:01:35.547,0.48506205447831097,340,1720,Meia Praia (inland)
26197944,-27.13813,-48.59385,Meia Praia,Brasil,Santa Catarina,Itapema,2021-10-25 14:40:16.352,0.2028565816733291,360,1509,Meia Praia (beach band)
51742599,-27.13548,-48.59725,Meia Praia,Brasil,Santa Catarina,Itapema,2024-10-07 19:10:35.220,0.28533171720583395,417,1821,Meia Praia (beach band)
1294493278977736177,-27.102789905820075,-48.61504100354304,Centro,Brasil,Santa Catarina,Itapema,2024-12-16 19:08:49.310,0.2034922917763894,155,571,Centro
1293813086644761705,-27.12712,-48.60399,Meia Praia,Brasil,Santa Catarina,Itapema,2024-12-16 19:08:32.663,0.22494622062843286,385,1742,Meia Praia (beach band)
1301015174730972466,-27.128132370931457,-48.61467964098263,Morretes,Brasil,Santa Catarina,Itapema,2024-12-16 19:00:54.269,1.1557437644856738,25,699,Morretes
1298113105648056650,-27.0898205,-48.6136401,Centro,Brasil,Santa Catarina,Itapema,2024-12-16 19:01:03.557,0.5012947254059863,132,587,Centro
54177663,-27.13951,-48.59652,Meia Praia,Brasil,Santa Catarina,Itapema,2022-10-03 13:39:14.000,0.5064251236902405,282,1507,Meia Praia (inland)
931420427404508155,-27.12158,-48.60797,Meia Praia,Brasil,Santa Catarina,Itapema,2024-10-07 19:52:58.306,0.24640516349642358,298,1258,Meia Praia (beach band)
1051494217635423017,-27.11872,-48.60882,Meia Praia,Brasil,Santa Catarina,Itapema,2024-10-07 19:53:26.424,0.1880130341577297,226,982,Meia Praia (beach band)
1242297273130835704,-27.0995,-48.61496,Centro,Brasil,Santa Catarina,Itapema,2024-09-30 19:03:37.357,0.18714442629793396,189,748,Centro
986230802916483711,-27.1018,-48.61501,Centro,Brasil,Santa Catarina,Itapema,2024-10-07 20:03:14.511,0.19799511745441123,160,660,Centro
996227938456591020,-27.1047,-48.61836,Tabuleiro dos Oliveiras,Brasil,Santa Catarina,Itapema,2024-10-07 19:20:00.876,0.5325130925004535,51,468,Tabuleiro dos Oliveiras
990753381537113233,-27.13051,-48.6075,Meia Praia,Brasil,Santa Catarina,Itapema,2024-10-07 19:20:20.526,0.7322530097502988,154,1625,Meia Praia (inland)
845479200444650654,-27.13882,-48.59983,Meia Praia,Brasil,Santa Catarina,Itapema,2024-10-07 19:28:29.996,0.7195704199824349,174,1604,Meia Praia (inland)
1051670951690974780,-27.1309,-48.60532,Meia Praia,Brasil,Santa Catarina,Itapema,2024-10-07 19:53:27.469,0.5888118870728616,268,1806,Meia Praia (inland)
701243249365514750,-27.10765,-48.62846,Tabuleiro dos Oliveiras,Brasil,Santa Catarina,Itapema,2024-10-07 19:37:27.612,1.5613405166080678,0,23,Tabuleiro dos Oliveiras
1023872139502747437,-27.14182,-48.58991,Meia Praia,Brasil,Santa Catarina,Itapema,2024-10-07 19:10:23.593,0.12910065182399258,184,905,Meia Praia (beach band)
858200115408146370,-27.13716,-48.59897,Meia Praia,Brasil,Santa Catarina,Itapema,2024-10-07 20:04:55.849,0.5360020512121305,291,1799,Meia Praia (inland)
1239918903053704985,-27.125492108806053,-48.60561478883028,Meia Praia,Brasil,Santa Catarina,Itapema,2024-09-30 19:03:29.422,0.24621574197335114,422,1616,Meia Praia (beach band)
1209591203253278549,-27.125825718521725,-48.604284413158894,Meia Praia,Brasil,Santa Catarina,Itapema,2024-08-19 19:12:03.110,0.15764535628947793,365,1649,Meia Praia (beach band)
1211523131988133768,-27.14545584306929,-48.588852888940856,Meia Praia,Brasil,Santa Catarina,Itapema,2024-08-19 19:11:40.765,0.06546157031079276,114,561,Meia Praia (beach band)
1207881809440158991,-27.09231,-48.61455,Centro,Brasil,Santa Catarina,Itapema,2024-09-30 19:03:11.442,0.39937024076812233,206,681,Centro
1214388774715647910,-27.12653059681658,-48.603496858134825,Meia Praia,Brasil,Santa Catarina,Itapema,2024-08-19 19:11:27.851,0.14616651699999259,353,1709,Meia Praia (beach band)
1203003652162530323,-27.1365452,-48.6007224,Meia Praia,Brasil,Santa Catarina,Itapema,2024-08-19 19:11:27.851,0.6258305171474173,213,1860,Meia Praia (inland)
1219482086255815601,-27.123979,-48.6056786,Meia Praia,Brasil,Santa Catarina,Itapema,2024-08-19 19:12:05.334,0.15714873372135282,359,1514,Meia Praia (beach band)
934785490071199312,-27.1490001678,-48.6049995422,Meia Praia,Brasil,Santa Catarina,Itapema,2023-07-31 19:02:12.000,0.9112718541334514,0,12,Meia Praia (inland)
915147039928102783,-27.0909996033,-48.6119995117,Centro,Brasil,Santa Catarina,Itapema,2023-07-31 19:04:46.000,0.2923780895507313,146,609,Centro
937784845189626298,-27.1325759888,-48.6003799438,Meia Praia,Brasil,Santa Catarina,Itapema,2023-07-31 19:09:14.000,0.3086170498138777,425,1994,Meia Praia (beach band)
807400945391416643,-27.0949993134,-48.6129989624,Centro,Brasil,Santa Catarina,Itapema,2023-07-31 19:12:08.000,0.10781908115817236,230,760,Centro
46012033,-27.12700080871582,-48.60300064086914,Meia Praia,Brasil,Santa Catarina,Itapema,2024-02-12 19:03:03.377,0.14002868160267398,349,1743,Meia Praia (beach band)
1307990676918354925,-27.09364689514174,-48.61308216375426,Centro,Brasil,Santa Catarina,Itapema,2025-03-03 19:06:40.647,0.193094448067534,242,725,Centro
44277119,-27.118,-48.611,Morretes,Brasil,Santa Catarina,Itapema,2021-10-25 14:40:16.352,0.35702630217500114,204,857,Morretes
858005684112909595,-27.1280002594,-48.6059989929,Meia Praia,Brasil,Santa Catarina,Itapema,2023-04-25 16:25:48.000,0.44156902817162247,322,1721,Meia Praia (inland)
977588506516236318,-27.1340007782,-48.5960006714,Meia Praia,Brasil,Santa Catarina,Itapema,2023-09-18 19:04:56.000,0.08573789772905083,313,1798,Meia Praia (beach band)
1054358063417818788,-27.13500022888184,-48.59600067138672,Meia Praia,Brasil,Santa Catarina,Itapema,2024-01-01 19:01:22.367,0.15647094296944372,334,1767,Meia Praia (beach band)
1052121945869515435,-27.132999420166016,-48.59799957275391,Meia Praia,Brasil,Santa Catarina,Itapema,2024-01-01 19:01:33.302,0.16371624670261367,413,1967,Meia Praia (beach band)
1052071486548207877,-27.12299919128418,-48.60599899291992,Meia Praia,Brasil,Santa Catarina,Itapema,2024-01-01 19:01:22.396,0.12509399331144938,336,1444,Meia Praia (beach band)
1018988231816821881,-27.138999938964844,-48.59199905395508,Meia Praia,Brasil,Santa Catarina,Itapema,2024-01-01 19:01:47.727,0.08925779055443807,283,1302,Meia Praia (beach band)
1010091303354020330,-27.136999130249023,-48.595001220703125,Meia Praia,Brasil,Santa Catarina,Itapema,2024-01-01 19:03:41.687,0.2172369171505543,375,1598,Meia Praia (beach band)
1054538603433172053,-27.11899948120117,-48.61600112915039,Morretes,Brasil,Santa Catarina,Itapema,2024-01-01 19:03:41.727,0.8614773939004916,49,621,Morretes
921939869682797258,-27.1200008392334,-48.608001708984375,Meia Praia,Brasil,Santa Catarina,Itapema,2024-01-01 19:03:32.054,0.17852490718685585,237,1115,Meia Praia (beach band)
1052895085056584824,-27.1259994506836,-48.60200119018555,Meia Praia,Brasil,Santa Catarina,Itapema,2024-01-01 19:03:53.136,0.008913412655219206,187,1659,Meia Praia (beach band)
1288482464982273596,-27.10353267598273,-48.612525987341805,Centro,Brasil,Santa Catarina,Itapema,2024-11-18 19:00:49.849,0.04635497184479105,102,515,Centro
1285265603718821694,-27.13077561508953,-48.6039021826148,Meia Praia,Brasil,Santa Catarina,Itapema,2024-11-18 19:00:57.678,0.4654067410234963,353,1888,Meia Praia (inland)
1289919194267387550,-27.14389303570055,-48.5912961934632,Meia Praia,Brasil,Santa Catarina,Itapema,2024-11-18 19:06:29.135,0.34039306807819936,115,832,Meia Praia (beach band)
1281101198743058105,-27.1352716,-48.5963877,Meia Praia,Brasil,Santa Catarina,Itapema,2024-11-18 19:08:38.312,0.20517103101552214,383,1773,Meia Praia (beach band)
1287652895358252081,-27.06019,-48.59989,Ilhota,Brasil,Santa Catarina,Itapema,2024-11-18 19:08:43.992,0.295025812773209,12,51,Ilhota
1284113129900372972,-27.059510939283783,-48.59923069466473,Ilhota,Brasil,Santa Catarina,Itapema,2024-11-18 19:08:43.992,0.201497328191561,9,50,Ilhota
988406365435700829,-27.12409400939941,-48.60519027709961,Meia Praia,Brasil,Santa Catarina,Itapema,2023-10-24 16:57:34.465,0.12454238190675261,349,1540,Meia Praia (beach band)
1282555783192045355,-27.11519775166853,-48.61183769688402,Morretes,Brasil,Santa Catarina,Itapema,2024-12-16 19:00:58.983,0.33781244734833693,129,648,Morretes
1309424885216072922,-27.123407,-48.6155134,Morretes,Brasil,Santa Catarina,Itapema,2024-12-16 19:00:54.269,1.0134602120646325,39,801,Morretes
1306809283526305081,-27.09006,-48.60954,Centro,Brasil,Santa Catarina,Itapema,2024-12-16 19:00:54.269,0.23042890831971405,53,508,Centro
1310948828934945578,-27.14081140776115,-48.59385328201305,Meia Praia,Brasil,Santa Catarina,Itapema,2024-12-16 19:01:03.557,0.34235502064313555,275,1270,Meia Praia (beach band)
1304455775789322162,-27.09532163512001,-48.61285257420501,Centro,Brasil,Santa Catarina,Itapema,2024-12-16 19:01:03.557,0.07984641861617219,223,768,Centro
1302308496242112387,-27.08795335337425,-48.634443665103575,Casa Branca,Brasil,Santa Catarina,Itapema,2024-12-16 19:01:04.297,2.367399167716526,4,13,Casa Branca
1307892976415279790,-27.101690838030848,-48.61424758176092,Centro,Brasil,Santa Catarina,Itapema,2024-12-16 19:08:49.310,0.12216793508556406,164,668,Centro
1309330377175631175,-27.128520509581307,-48.60658876597881,Meia Praia,Brasil,Santa Catarina,Itapema,2024-12-16 19:08:49.310,0.5232547744344304,271,1699,Meia Praia (inland)
744296572655891049,-27.10760276809693,-48.61649368208701,Tabuleiro dos Oliveiras,Brasil,Santa Catarina,Itapema,2024-12-16 19:08:51.253,0.39364855003164195,76,397,Tabuleiro dos Oliveiras
1304367299559603295,-27.14284545895989,-48.58638304992619,Meia Praia,Brasil,Santa Catarina,Itapema,2024-12-16 19:08:51.253,0.04014297969506257,99,561,Meia Praia (beach band)
996665133267528543,-27.12800025939941,-48.604000091552734,Meia Praia,Brasil,Santa Catarina,Itapema,2023-10-24 16:54:59.728,0.2868931840862775,422,1795,Meia Praia (beach band)
998585634464381026,-27.1299991607666,-48.604000091552734,Meia Praia,Brasil,Santa Catarina,Itapema,2023-10-24 16:57:10.289,0.42408194036427016,398,1847,Meia Praia (inland)
989929089837804050,-27.13924217224121,-48.59834289550781,Meia Praia,Brasil,Santa Catarina,Itapema,2023-10-24 16:57:08.770,0.6319620043807633,242,1512,Meia Praia (inland)
978956556263109793,-27.10601043701172,-48.61534118652344,Tabuleiro dos Oliveiras,Brasil,Santa Catarina,Itapema,2023-10-24 16:56:42.310,0.24958657937325696,117,425,Tabuleiro dos Oliveiras
999878029080069212,-27.13500022888184,-48.60599899291992,Meia Praia,Brasil,Santa Catarina,Itapema,2023-10-24 16:57:22.274,0.905703507797681,69,1568,Meia Praia (inland)
997133250166986381,-27.131999969482425,-48.604000091552734,Meia Praia,Brasil,Santa Catarina,Itapema,2023-10-24 16:54:59.342,0.5511335738924918,279,1873,Meia Praia (inland)
1252064295819794717,-27.133334954091566,-48.59870005398989,Meia Praia,Brasil,Santa Catarina,Itapema,2024-09-30 19:03:30.019,0.24081107893329126,440,1993,Meia Praia (beach band)
1249385754807434824,-27.09325543306942,-48.61200340026477,Centro,Brasil,Santa Catarina,Itapema,2024-09-30 19:03:30.019,0.1363047171962584,210,697,Centro
1241358686262226420,-27.13115,-48.60155,Meia Praia,Brasil,Santa Catarina,Itapema,2024-09-30 19:03:37.357,0.29774712327952746,476,1943,Meia Praia (beach band)
1243536832385601423,-27.14309,-48.58691,Meia Praia,Brasil,Santa Catarina,Itapema,2024-09-30 19:03:37.357,0.015939493171230352,124,578,Meia Praia (beach band)
1248542115027053727,-27.104047,-48.6137229,Centro,Brasil,Santa Catarina,Itapema,2024-09-30 19:03:37.357,0.07305471450882546,127,496,Centro
1249919049392818339,-27.1276039,-48.6052271,Meia Praia,Brasil,Santa Catarina,Itapema,2024-09-30 19:03:29.422,0.3541461216422645,382,1736,Meia Praia (inland)
1244463705657703591,-27.13164,-48.59981,Meia Praia,Brasil,Santa Catarina,Itapema,2024-09-30 19:03:38.219,0.19719349927837027,448,1971,Meia Praia (beach band)
1248663127684957882,-27.09576,-48.61358,Centro,Brasil,Santa Catarina,Itapema,2024-09-30 19:03:38.219,0.12543810879413397,215,772,Centro
1303266648692596227,-27.13883571267579,-48.59766338020563,Meia Praia,Brasil,Santa Catarina,Itapema,2025-01-06 19:03:15.274,0.5509999227377493,289,1551,Meia Praia (inland)
1316054784122061241,-27.14212367305567,-48.5948881667841,Meia Praia,Brasil,Santa Catarina,Itapema,2025-01-06 19:03:15.274,0.4986275712815163,140,1199,Meia Praia (inland)
1260256348738959140,-27.13608,-48.59954,Meia Praia,Brasil,Santa Catarina,Itapema,2025-01-06 19:03:15.274,0.502555330582264,310,1892,Meia Praia (inland)
1302973272571623526,-27.1348415,-48.6010891,Meia Praia,Brasil,Santa Catarina,Itapema,2025-01-06 19:03:15.274,0.5288358270164011,247,1966,Meia Praia (inland)
1316876009161752808,-27.084707906618792,-48.60051154465203,Ilhota,Brasil,Santa Catarina,Itapema,2025-01-06 19:03:07.608,0.40677434256850553,1,33,Ilhota
1314681720008522187,-27.09430163011644,-48.61708164644392,Centro,Brasil,Santa Catarina,Itapema,2025-01-06 19:03:22.382,0.508481874816323,89,728,Centro
1316212514590222684,-27.11363075670155,-48.60963134506799,Morretes,Brasil,Santa Catarina,Itapema,2025-01-06 19:03:22.382,0.08100266054445338,63,575,Morretes
1321714725559830637,-27.08502,-48.6194,Alto Sao Bento,Brasil,Santa Catarina,Itapema,2025-01-06 19:09:02.353,0.9747349546009233,10,213,Alto Sao Bento
1320242771907724121,-27.1403,-48.60037,Meia Praia,Brasil,Santa Catarina,Itapema,2025-01-06 19:09:15.367,0.863108035549403,77,1388,Meia Praia (inland)
1321071693046943546,-27.13825,-48.59708,Meia Praia,Brasil,Santa Catarina,Itapema,2025-01-06 19:10:57.863,0.4656250857716032,327,1593,Meia Praia (inland)
1061167994996104209,-27.131000518798828,-48.60599899291992,Meia Praia,Brasil,Santa Catarina,Itapema,2024-02-12 19:02:12.818,0.6504170952930107,217,1757,Meia Praia (inland)
1072517073581411088,-27.13599967956543,-48.59600067138672,Meia Praia,Brasil,Santa Catarina,Itapema,2024-02-12 19:02:39.534,0.22736777750422232,368,1710,Meia Praia (beach band)
1055739043688411409,-27.128999710083008,-48.60499954223633,Meia Praia,Brasil,Santa Catarina,Itapema,2024-02-12 19:02:35.619,0.43379542442566515,398,1796,Meia Praia (inland)
732485216021311985,-27.131000518798828,-48.604000091552734,Meia Praia,Brasil,Santa Catarina,Itapema,2024-02-12 19:03:03.384,0.4878385523785652,340,1884,Meia Praia (inland)
1074829679064875721,-27.128999710083008,-48.60599899291992,Meia Praia,Brasil,Santa Catarina,Itapema,2024-02-12 19:03:56.123,0.5111312519362451,323,1758,Meia Praia (inland)
1077492316414499084,-27.131999969482425,-48.5989990234375,Meia Praia,Brasil,Santa Catarina,Itapema,2024-02-12 19:04:28.569,0.1636559743906185,426,1983,Meia Praia (beach band)
754165491472296852,-27.08671,-48.61336,Alto Sao Bento,Brasil,Santa Catarina,Itapema,2024-10-07 19:27:03.485,0.625899811403809,74,459,Alto Sao Bento
767303976773437303,-27.1329994202,-48.6020011902,Meia Praia,Brasil,Santa Catarina,Itapema,2022-12-06 12:43:34.000,0.45983268507739766,281,1950,Meia Praia (inland)
15980018,-27.10304,-48.61346,Centro,Brasil,Santa Catarina,Itapema,2024-10-07 19:45:49.013,0.047025417148495924,141,550,Centro
19484857,-27.129150390625,-48.60065841674805,Meia Praia,Brasil,Santa Catarina,Itapema,2023-02-09 15:17:56.000,0.0983889507172071,368,1875,Meia Praia (beach band)
758059618209979073,-27.08148,-48.61328,Sertaozinho,Brasil,Santa Catarina,Itapema,2024-10-07 19:06:01.153,0.2529309675929059,10,152,Sertaozinho
760325801206777466,-27.1354694366,-48.5959014893,Meia Praia,Brasil,Santa Catarina,Itapema,2022-12-06 12:43:34.000,0.18171245606690925,339,1724,Meia Praia (beach band)
779185345285397997,-27.0990009308,-48.6160011292,Centro,Brasil,Santa Catarina,Itapema,2023-01-19 12:18:27.000,0.2899873974247379,171,739,Centro
758709951594179266,-27.125,-48.60300064086914,Meia Praia,Brasil,Santa Catarina,Itapema,2023-03-02 13:02:00.000,0.0008541401921320357,207,1587,Meia Praia (beach band)
799416164363141517,-27.13096,-48.59888,Meia Praia,Brasil,Santa Catarina,Itapema,2024-10-07 19:24:29.283,0.07908292111118512,370,1920,Meia Praia (beach band)
549043584001550140,-27.12355,-48.60944,Morretes,Brasil,Santa Catarina,Itapema,2024-10-07 19:03:28.961,0.46257352291263437,165,1402,Morretes
569727477825054356,-27.1266,-48.60534,Meia Praia,Brasil,Santa Catarina,Itapema,2022-07-11 18:11:37.000,0.2930262395962714,397,1684,Meia Praia (beach band)
594857002569221203,-27.124537,-48.606159,Meia Praia,Brasil,Santa Catarina,Itapema,2022-07-11 18:11:37.000,0.23137248773611,384,1560,Meia Praia (beach band)
22208899,-27.12680053710937,-48.60268020629883,Meia Praia,Brasil,Santa Catarina,Itapema,2023-02-09 15:17:56.000,0.10139240777277084,309,1723,Meia Praia (beach band)
771148377619364647,-27.1174602509,-48.6162986755,Morretes,Brasil,Santa Catarina,Itapema,2022-12-06 12:43:34.000,0.8326170192456548,35,543,Morretes
753705661776365934,-27.0846500397,-48.612991333,Alto Sao Bento,Brasil,Santa Catarina,Itapema,2022-12-06 12:43:34.000,0.4426001548550744,19,333,Alto Sao Bento
41270247,-27.1218795776,-48.6061210632,Meia Praia,Brasil,Santa Catarina,Itapema,2022-12-06 12:43:34.000,0.0883139774230339,289,1325,Meia Praia (beach band)
41593259,-27.13279,-48.60212,Meia Praia,Brasil,Santa Catarina,Itapema,2024-10-07 20:04:19.158,0.4532175236194433,280,1947,Meia Praia (inland)
565917175006296984,-27.1437797546,-48.5889701843,Meia Praia,Brasil,Santa Catarina,Itapema,2023-06-26 19:12:05.000,0.21657009993766033,168,692,Meia Praia (beach band)
836385234465202348,-27.12657,-48.60356,Meia Praia,Brasil,Santa Catarina,Itapema,2024-10-07 19:08:36.131,0.15380643081112697,362,1712,Meia Praia (beach band)
29510428,-27.12859,-48.60317,Meia Praia,Brasil,Santa Catarina,Itapema,2024-08-19 19:10:41.286,0.26411854661282874,409,1836,Meia Praia (beach band)
22495339,-27.1253395081,-48.6076889038,Meia Praia,Brasil,Santa Catarina,Itapema,2023-06-26 19:10:23.000,0.4071927098673801,260,1553,Meia Praia (inland)
30315370,-27.131669998168945,-48.59975051879883,Meia Praia,Brasil,Santa Catarina,Itapema,2023-02-09 15:17:56.000,0.19529451882270374,452,1978,Meia Praia (beach band)
1173454138951663467,-27.09888,-48.61677,Centro,Brasil,Santa Catarina,Itapema,2024-10-07 19:24:30.715,0.3662895906882011,143,739,Centro
27625347,-27.1246795654,-48.6070213318,Meia Praia,Brasil,Santa Catarina,Itapema,2023-06-26 19:08:44.000,0.3112659185334053,332,1543,Meia Praia (beach band)
739006815344684109,-27.1331854,-48.6046403,Meia Praia,Brasil,Santa Catarina,Itapema,2022-11-08 18:24:34.000,0.6786235388296968,177,1802,Meia Praia (inland)
725287076784390348,-27.13718,-48.59364,Meia Praia,Brasil,Santa Catarina,Itapema,2022-11-08 18:24:34.000,0.12274082485613104,316,1525,Meia Praia (beach band)
700700156525928687,-27.1368626088,-48.594442181,Meia Praia,Brasil,Santa Catarina,Itapema,2022-09-09 18:21:49.000,0.16400974388874784,360,1583,Meia Praia (beach band)
734991572208138176,-27.0939,-48.61322,Centro,Brasil,Santa Catarina,Itapema,2024-10-07 19:03:29.091,0.1861424922436821,243,731,Centro
981207078966019606,-27.132999420166016,-48.59700012207031,Meia Praia,Brasil,Santa Catarina,Itapema,2023-11-06 19:03:04.149,0.09022858687639296,334,1896,Meia Praia (beach band)
1007489873058076439,-27.125577926635746,-48.60698699951172,Meia Praia,Brasil,Santa Catarina,Itapema,2023-11-06 19:03:08.872,0.3642403278271248,334,1617,Meia Praia (inland)
1002366861944342964,-27.12299919128418,-48.60699844360352,Meia Praia,Brasil,Santa Catarina,Itapema,2023-11-06 19:03:18.021,0.21529371686949275,334,1421,Meia Praia (beach band)
1277120737684715722,-27.13507015790296,-48.59812957602136,Meia Praia,Brasil,Santa Catarina,Itapema,2024-11-04 19:00:56.833,0.3232157347848821,415,1891,Meia Praia (beach band)
1276994081745483373,-27.12715,-48.60736,Meia Praia,Brasil,Santa Catarina,Itapema,2024-11-04 19:00:56.833,0.4927919591100737,278,1649,Meia Praia (inland)
1254296608204397225,-27.130290368002964,-48.599949769019005,Meia Praia,Brasil,Santa Catarina,Itapema,2024-11-04 19:00:56.833,0.11352320426890766,394,1902,Meia Praia (beach band)
1277433462144327255,-27.13738379033542,-48.5971811769537,Meia Praia,Brasil,Santa Catarina,Itapema,2024-11-04 19:03:47.968,0.41512123560877023,371,1670,Meia Praia (inland)
1269623861253689862,-27.0927395,-48.6133933,Centro,Brasil,Santa Catarina,Itapema,2024-11-04 19:03:45.606,0.2801512211881518,242,689,Centro
40236441,-27.1229,-48.61899,Morretes,Brasil,Santa Catarina,Itapema,2021-10-25 14:40:16.352,1.2977312028889878,29,319,Morretes
51825638,-27.14132,-48.59172,Meia Praia,Brasil,Santa Catarina,Itapema,2021-10-25 14:40:16.352,0.1929576280091914,215,1088,Meia Praia (beach band)
40449599,-27.12394,-48.6073,Meia Praia,Brasil,Santa Catarina,Itapema,2021-10-25 14:40:16.352,0.2882699000026514,316,1503,Meia Praia (beach band)
52052904,-27.08542,-48.61316,Alto Sao Bento,Brasil,Santa Catarina,Itapema,2024-10-07 19:27:03.485,0.5089543162680048,36,403,Alto Sao Bento
1174263938200349649,-27.0929134,-48.6132024,Centro,Brasil,Santa Catarina,Itapema,2024-12-19 17:35:03.422,0.25317114597106954,242,693,Centro
950071725057458527,-27.1289997101,-48.6049995422,Meia Praia,Brasil,Santa Catarina,Itapema,2023-08-28 19:01:17.000,0.4337954227536608,398,1796,Meia Praia (inland)
954569872271554009,-27.1369991302,-48.5929985046,Meia Praia,Brasil,Santa Catarina,Itapema,2023-08-28 19:02:37.000,0.06033271258707713,269,1499,Meia Praia (beach band)
1132715317119729762,-27.13213348388672,-48.59762573242188,Meia Praia,Brasil,Santa Catarina,Itapema,2024-05-20 19:01:44.137,0.07331511567637025,349,1917,Meia Praia (beach band)
22306996,-27.13764381408692,-48.5985221862793,Meia Praia,Brasil,Santa Catarina,Itapema,2024-06-10 19:01:07.347,0.5361167064045993,308,1717,Meia Praia (inland)
40351988,-27.1313705444336,-48.59917068481445,Meia Praia,Brasil,Santa Catarina,Itapema,2024-03-11 19:00:45.787,0.12971447507170683,418,1948,Meia Praia (beach band)
1091369081991245399,-27.11899948120117,-48.61000061035156,Morretes,Brasil,Santa Catarina,Itapema,2024-02-26 19:02:39.089,0.3067118892498053,224,974,Morretes
54064425,-27.13649,-48.59842,Meia Praia,Brasil,Santa Catarina,Itapema,2024-09-25 17:50:54.530,0.4464004239638591,361,1825,Meia Praia (inland)
1034744128218003504,-27.13800048828125,-48.59700012207031,Meia Praia,Brasil,Santa Catarina,Itapema,2023-12-04 19:03:36.135,0.44233911045486224,352,1604,Meia Praia (inland)
1096373335316071895,-27.136999130249023,-48.595001220703125,Meia Praia,Brasil,Santa Catarina,Itapema,2024-03-18 19:02:29.784,0.2172369171505543,375,1598,Meia Praia (beach band)
1041262196440480958,-27.093000411987305,-48.637001037597656,Casa Branca,Brasil,Santa Catarina,Itapema,2023-12-18 19:02:42.425,2.4257025053929513,3,18,Casa Branca
1039687876304007269,-27.137720108032227,-48.59882354736328,Meia Praia,Brasil,Santa Catarina,Itapema,2023-12-18 19:02:46.417,0.5646279641414115,284,1728,Meia Praia (inland)
1036076122797230041,-27.13500022888184,-48.59999847412109,Meia Praia,Brasil,Santa Catarina,Itapema,2024-02-12 19:03:02.690,0.4598199839134688,319,1973,Meia Praia (inland)
1045459185575382038,-27.117000579833984,-48.61000061035156,Morretes,Brasil,Santa Catarina,Itapema,2023-12-18 19:02:30.390,0.22685516096748767,193,800,Morretes
1036959415974715321,-27.13834,-48.5972,Meia Praia,Brasil,Santa Catarina,Itapema,2024-10-07 20:04:22.591,0.4811331870285928,324,1586,Meia Praia (inland)
1040086591203443519,-27.13500022888184,-48.59600067138672,Meia Praia,Brasil,Santa Catarina,Itapema,2023-12-18 19:02:58.717,0.15647094296944372,334,1767,Meia Praia (beach band)
846453708877796469,-27.13713455200196,-48.59552764892578,Meia Praia,Brasil,Santa Catarina,Itapema,2024-02-26 19:00:38.201,0.26806137354906756,387,1608,Meia Praia (beach band)
1086226123812140134,-27.09803,-48.61836,Centro,Brasil,Santa Catarina,Itapema,2024-10-07 19:08:36.916,0.5237585590259779,74,709,Centro
1083478584557196767,-27.11798,-48.6088,Meia Praia,Brasil,Santa Catarina,Itapema,2024-10-07 19:08:15.481,0.15128754959821042,198,898,Meia Praia (beach band)
1219597802580113056,-27.09231,-48.61455,Centro,Brasil,Santa Catarina,Itapema,2024-09-30 19:08:13.889,0.39937024076812233,206,681,Centro
1208704132667695539,-27.09231,-48.61455,Centro,Brasil,Santa Catarina,Itapema,2024-09-30 19:08:13.889,0.39937024076812233,206,681,Centro
944199836585616806,-27.138502121,-48.5943946838,Meia Praia,Brasil,Santa Catarina,Itapema,2023-08-14 21:33:54.000,0.27089212023106723,392,1517,Meia Praia (beach band)
947098784888443957,-27.1337,-48.60686,Meia Praia,Brasil,Santa Catarina,Itapema,2024-10-07 19:27:07.567,0.8919067240010675,89,1565,Meia Praia (inland)
9020559,-27.1302,-48.59923,Meia Praia,Brasil,Santa Catarina,Itapema,2021-10-25 14:40:16.352,0.049020310029893426,345,1873,Meia Praia (beach band)
16586622,-27.1383,-48.59238,Meia Praia,Brasil,Santa Catarina,Itapema,2021-10-25 14:40:16.352,0.08929786450830024,286,1358,Meia Praia (beach band)
31084280,-27.14103,-48.59174,Meia Praia,Brasil,Santa Catarina,Itapema,2021-10-25 14:40:16.352,0.17113465090692334,223,1116,Meia Praia (beach band)
48237766,-27.14038,-48.59182,Meia Praia,Brasil,Santa Catarina,Itapema,2024-10-07 20:06:15.397,0.13998624090426642,249,1173,Meia Praia (beach band)
41883230,-27.12806,-48.60174,Meia Praia,Brasil,Santa Catarina,Itapema,2024-10-07 19:08:36.131,0.11632870855334031,325,1812,Meia Praia (beach band)
46732171,-27.1359996796,-48.5999984741,Meia Praia,Brasil,Santa Catarina,Itapema,2022-11-29 02:09:46.000,0.5318612532486503,284,1914,Meia Praia (inland)
47558531,-27.13306,-48.59563,Meia Praia,Brasil,Santa Catarina,Itapema,2024-10-07 19:03:29.091,0.015591748544227409,224,1772,Meia Praia (beach band)
23523034,-27.1339,-48.59773,Meia Praia,Brasil,Santa Catarina,Itapema,2024-10-07 19:08:36.916,0.21003200307813172,410,1940,Meia Praia (beach band)
23787711,-27.13537,-48.59887,Meia Praia,Brasil,Santa Catarina,Itapema,2024-10-07 20:04:20.808,0.40111568158625377,373,1911,Meia Praia (inland)
29800671,-27.13655,-48.5951,Meia Praia,Brasil,Santa Catarina,Itapema,2024-10-07 19:52:22.734,0.1951006665286863,371,1615,Meia Praia (beach band)
39600423,-27.13807,-48.5978,Meia Praia,Brasil,Santa Catarina,Itapema,2024-10-07 20:03:50.621,0.5102277821575052,307,1623,Meia Praia (inland)
46854533,-27.13598,-48.59906,Meia Praia,Brasil,Santa Catarina,Itapema,2024-10-07 19:24:29.352,0.45890217879822615,324,1877,Meia Praia (inland)
38113842,-27.11635971069336,-48.61003875732422,Morretes,Brasil,Santa Catarina,Itapema,2024-02-12 19:03:00.511,0.2067612629622271,181,746,Morretes
1122484070806000083,-27.131999969482425,-48.59999847412109,Meia Praia,Brasil,Santa Catarina,Itapema,2024-04-08 19:02:22.979,0.23759068193698324,456,1988,Meia Praia (beach band)
39133572,-27.12351,-48.60708,Meia Praia,Brasil,Santa Catarina,Itapema,2024-10-07 19:03:28.961,0.24620603274695704,342,1473,Meia Praia (beach band)
31141252,-27.12152,-48.60787,Meia Praia,Brasil,Santa Catarina,Itapema,2021-10-25 14:40:16.352,0.2347935362147023,301,1254,Meia Praia (beach band)
47096976,-27.11799,-48.61151,Morretes,Brasil,Santa Catarina,Itapema,2024-10-07 19:03:28.961,0.4042841049020404,190,831,Morretes
52652931,-27.13172,-48.60008,Meia Praia,Brasil,Santa Catarina,Itapema,2022-01-11 20:41:47.698,0.2228788671505494,453,1974,Meia Praia (beach band)
53669499,-27.12877,-48.60177,Meia Praia,Brasil,Santa Catarina,Itapema,2022-01-11 20:41:47.698,0.16479607631377646,361,1854,Meia Praia (beach band)
1226940717284477483,-27.09407,-48.61183,Centro,Brasil,Santa Catarina,Itapema,2024-10-07 19:19:33.653,0.06663464463538843,190,729,Centro
1233370107101543516,-27.09231,-48.61455,Centro,Brasil,Santa Catarina,Itapema,2024-09-30 19:08:13.889,0.39937024076812233,206,681,Centro
1231258846701164070,-27.120121981757563,-48.60994957387448,Morretes,Brasil,Santa Catarina,Itapema,2024-09-02 19:03:08.310,0.3575002246781644,211,1077,Morretes
1232611334186837116,-27.141639121469996,-48.594346666860304,Meia Praia,Brasil,Santa Catarina,Itapema,2024-09-02 19:03:08.323,0.42637696484630827,190,1221,Meia Praia (inland)
1220486999657134587,-27.096093,-48.6202408,Varzea,Brasil,Santa Catarina,Itapema,2024-09-02 19:03:08.323,0.729678777436522,39,645,Varzea
22221493,-27.13166,-48.60325,Meia Praia,Brasil,Santa Catarina,Itapema,2021-10-25 14:40:16.352,0.46855177857059355,338,1900,Meia Praia (inland)
47530161,-27.12940979,-48.6026992798,Meia Praia,Brasil,Santa Catarina,Itapema,2023-06-26 19:08:35.000,0.2807914828590808,417,1878,Meia Praia (beach band)
28987242,-27.12571,-48.60316,Meia Praia,Brasil,Santa Catarina,Itapema,2021-10-25 14:40:16.352,0.06270684179599158,265,1643,Meia Praia (beach band)
37744392,-27.13167,-48.60139,Meia Praia,Brasil,Santa Catarina,Itapema,2024-10-07 19:08:36.916,0.3177779871042739,441,1930,Meia Praia (beach band)
53603293,-27.13152,-48.60915,Meia Praia,Brasil,Santa Catarina,Itapema,2024-10-07 19:03:28.961,0.9302468110494927,59,1360,Meia Praia (inland)
53671997,-27.13499,-48.59574,Meia Praia,Brasil,Santa Catarina,Itapema,2022-01-11 19:06:34.950,0.13528824664515102,307,1742,Meia Praia (beach band)
53697976,-27.13898,-48.59696,Meia Praia,Brasil,Santa Catarina,Itapema,2022-01-11 19:12:10.988,0.505300241091743,300,1533,Meia Praia (inland)
50085393,-27.12674,-48.60404,Meia Praia,Brasil,Santa Catarina,Itapema,2024-10-07 20:04:35.594,0.20220187161285627,374,1725,Meia Praia (beach band)
40636229,-27.13446,-48.59992,Meia Praia,Brasil,Santa Catarina,Itapema,2021-10-25 14:40:16.352,0.41394530201760027,375,1992,Meia Praia (inland)
50126529,-27.1335,-48.60081,Meia Praia,Brasil,Santa Catarina,Itapema,2024-10-07 20:06:14.659,0.4087908577560742,358,1981,Meia Praia (inland)
23041328,-27.10389,-48.61368,Centro,Brasil,Santa Catarina,Itapema,2024-11-18 19:07:31.232,0.06934337422246588,129,513,Centro
1277665894063699406,-27.10273,-48.61632,Centro,Brasil,Santa Catarina,Itapema,2025-02-10 19:01:15.424,0.33032772988762354,122,565,Centro
11567423,-27.09902,-48.61393,Centro,Brasil,Santa Catarina,Itapema,2024-10-07 19:45:49.013,0.08477084566805798,152,746,Centro
41235599,-27.09607,-48.61781,Centro,Brasil,Santa Catarina,Itapema,2021-10-25 14:40:16.352,0.49684850048334983,82,728,Centro
1046646292156945457,-27.14128494262696,-48.59703826904297,Meia Praia,Brasil,Santa Catarina,Itapema,2024-01-01 19:01:33.261,0.6493712387082616,175,1319,Meia Praia (inland)
45621607,-27.14178,-48.59554,Meia Praia,Brasil,Santa Catarina,Itapema,2024-10-07 19:18:59.016,0.5397239026989635,160,1248,Meia Praia (inland)
41676390,-27.14099,-48.5961,Meia Praia,Brasil,Santa Catarina,Itapema,2024-10-07 19:03:29.160,0.5513510857906625,206,1337,Meia Praia (inland)
826067818722968808,-27.124000549316406,-48.60499954223633,Meia Praia,Brasil,Santa Catarina,Itapema,2023-03-02 13:02:00.000,0.10332474040634182,338,1524,Meia Praia (beach band)
828238115992749496,-27.12800025939941,-48.60200119018555,Meia Praia,Brasil,Santa Catarina,Itapema,2023-03-02 13:02:00.000,0.13260112173998403,348,1814,Meia Praia (beach band)
804906753075289812,-27.124000549316406,-48.60699844360352,Meia Praia,Brasil,Santa Catarina,Itapema,2023-03-02 13:02:00.000,0.2670314324545818,336,1514,Meia Praia (beach band)
16675568,-27.0886898041,-48.6058807373,Canto da Praia,Brasil,Santa Catarina,Itapema,2023-06-26 19:08:45.000,0.10877248824696413,16,347,Canto da Praia
16618715,-27.131,-48.599,Meia Praia,Brasil,Santa Catarina,Itapema,2021-10-25 14:40:16.352,0.09015466953828438,378,1924,Meia Praia (beach band)
21607605,-27.12907218933105,-48.60113525390625,Meia Praia,Brasil,Santa Catarina,Itapema,2024-08-19 19:08:32.073,0.13202651270023313,373,1882,Meia Praia (beach band)
43769569,-27.14193,-48.59099,Meia Praia,Brasil,Santa Catarina,Itapema,2021-10-25 14:40:16.352,0.20327549822196234,172,975,Meia Praia (beach band)
1977915,-27.13283,-48.59872,Meia Praia,Brasil,Santa Catarina,Itapema,2021-10-25 14:40:16.352,0.20444792735463313,424,1979,Meia Praia (beach band)
20555680,-27.1038,-48.61318,Centro,Brasil,Santa Catarina,Itapema,2021-10-25 14:40:16.352,0.019066549361923535,117,511,Centro
39610907,-27.1025295258,-48.6363487244,Varzea,Brasil,Santa Catarina,Itapema,2023-06-26 19:07:28.000,2.3140559399709204,0,9,Varzea
53794321,-27.144075,-48.588612,Meia Praia,Brasil,Santa Catarina,Itapema,2022-01-11 15:39:09.073,0.1812552384089552,163,650,Meia Praia (beach band)
48413303,-27.10295,-48.61332,Centro,Brasil,Santa Catarina,Itapema,2024-10-07 19:45:49.013,0.03340727788562649,138,558,Centro
53400271,-27.13369,-48.60749,Meia Praia,Brasil,Santa Catarina,Itapema,2024-10-07 19:05:51.389,0.9425336550043099,80,1476,Meia Praia (inland)
54067163,-27.08888,-48.6054,Canto da Praia,Brasil,Santa Catarina,Itapema,2024-10-07 19:05:51.389,0.05911685621664228,17,329,Canto da Praia
54071592,-27.089000701904297,-48.61899948120117,Casa Branca,Brasil,Santa Catarina,Itapema,2024-02-12 19:03:20.661,0.9737234245815901,22,522,Casa Branca
54058056,-27.11722,-48.60971,Morretes,Brasil,Santa Catarina,Itapema,2024-10-07 19:45:41.061,0.2075932672997845,194,825,Morretes
40029462,-27.1219100952,-48.605430603,Meia Praia,Brasil,Santa Catarina,Itapema,2023-06-26 19:07:33.000,0.026100099210570202,255,1323,Meia Praia (beach band)
782698200172395257,-27.130979538,-48.6058616638,Meia Praia,Brasil,Santa Catarina,Itapema,2023-01-19 12:18:27.000,0.6379563233105983,226,1767,Meia Praia (inland)
41310506,-27.13303,-48.60713,Meia Praia,Brasil,Santa Catarina,Itapema,2021-10-25 14:40:16.352,0.8712979861018693,109,1564,Meia Praia (inland)
41548025,-27.13357,-48.6038,Meia Praia,Brasil,Santa Catarina,Itapema,2024-10-07 19:03:29.091,0.6360041664482322,174,1862,Meia Praia (inland)
41981095,-27.13281,-48.60617,Meia Praia,Brasil,Santa Catarina,Itapema,2021-10-25 14:40:16.352,0.779181076625385,150,1678,Meia Praia (inland)
15934309,-27.13171,-48.59928,Meia Praia,Brasil,Santa Catarina,Itapema,2024-10-07 20:04:27.889,0.16321541587138186,431,1976,Meia Praia (beach band)
676838365540390245,-27.120297,-48.6080199,Meia Praia,Brasil,Santa Catarina,Itapema,2022-08-15 20:53:40.000,0.19451672863549535,245,1144,Meia Praia (beach band)
563923122447968990,-27.13589,-48.59957,Meia Praia,Brasil,Santa Catarina,Itapema,2024-10-07 20:04:21.199,0.4914458704092495,314,1917,Meia Praia (inland)
1287918950331730915,-27.140132981367756,-48.59958417713642,Meia Praia,Brasil,Santa Catarina,Itapema,2024-12-16 19:08:42.088,0.7899187129914871,128,1405,Meia Praia (inland)
1286868505765445574,-27.10772728214039,-48.618296408091005,Tabuleiro dos Oliveiras,Brasil,Santa Catarina,Itapema,2024-12-16 19:08:42.401,0.5718841611043184,50,352,Tabuleiro dos Oliveiras
604252467686730216,-27.1185398102,-48.6092300415,Meia Praia,Brasil,Santa Catarina,Itapema,2023-06-26 19:05:09.000,0.21585805097313798,227,956,Meia Praia (beach band)
1257238720663706122,-27.138493762226435,-48.5977058936818,Meia Praia,Brasil,Santa Catarina,Itapema,2024-10-21 19:05:20.803,0.5312496585630929,297,1584,Meia Praia (inland)
1267255743308437769,-27.057702714472164,-48.60083756578543,Ilhota,Brasil,Santa Catarina,Itapema,2024-10-21 19:05:14.533,0.17677308807985906,8,38,Ilhota
1258711950198513312,-27.14013705373298,-48.59516614264717,Meia Praia,Brasil,Santa Catarina,Itapema,2024-10-21 19:05:27.233,0.4267715764557095,297,1396,Meia Praia (inland)
53109238,-27.12964,-48.61586,Morretes,Brasil,Santa Catarina,Itapema,2024-10-07 19:08:36.131,1.3460399411018853,17,352,Morretes
52874992,-27.12754,-48.60502,Meia Praia,Brasil,Santa Catarina,Itapema,2021-11-04 15:59:25.822,0.333807491885072,393,1741,Meia Praia (beach band)
52702659,-27.13619,-48.59587,Meia Praia,Brasil,Santa Catarina,Itapema,2021-11-04 16:58:06.799,0.23069812070732118,368,1687,Meia Praia (beach band)
1019041007385326527,-27.1299991607666,-48.59999847412109,Meia Praia,Brasil,Santa Catarina,Itapema,2023-11-20 19:00:45.219,0.09920556235050584,407,1899,Meia Praia (beach band)
1023056185859448284,-27.13762,-48.5989,Meia Praia,Brasil,Santa Catarina,Itapema,2024-10-07 20:04:22.591,0.563220008002225,287,1738,Meia Praia (inland)
1015891835742611992,-27.093711853027344,-48.61324691772461,Centro,Brasil,Santa Catarina,Itapema,2023-11-20 19:01:51.996,0.20114228877670023,240,728,Centro
51975323,-27.13677,-48.59734,Meia Praia,Brasil,Santa Catarina,Itapema,2021-10-25 14:40:16.352,0.3838527028735858,384,1724,Meia Praia (inland)
52433968,-27.12937,-48.60072,Meia Praia,Brasil,Santa Catarina,Itapema,2021-10-25 14:40:16.352,0.11721010118046352,390,1894,Meia Praia (beach band)
1292945994882872233,-27.1291821,-48.6273669,Sertao do Trombudo,Brasil,Santa Catarina,Itapema,2024-12-16 19:08:58.492,2.3451342185315105,4,40,Sertao do Trombudo
1294927813283467468,-27.1015355550004,-48.614904284477234,Centro,Brasil,Santa Catarina,Itapema,2024-12-16 19:08:30.192,0.18674573007169953,168,679,Centro
1290227876992816321,-27.12949893286337,-48.601604886353016,Meia Praia,Brasil,Santa Catarina,Itapema,2024-12-16 19:08:31.089,0.1977062657272633,418,1897,Meia Praia (beach band)
1292815457899461748,-27.093643939966583,-48.61309494865722,Centro,Brasil,Santa Catarina,Itapema,2024-12-16 19:08:31.089,0.19426053577298302,243,725,Centro
1294899215568571898,-27.14051285283353,-48.59178695930546,Meia Praia,Brasil,Santa Catarina,Itapema,2024-12-16 19:01:33.839,0.14353983107943827,234,1159,Meia Praia (beach band)
1293504480087014303,-27.1334459,-48.6008779,Meia Praia,Brasil,Santa Catarina,Itapema,2024-12-16 19:01:33.913,0.40971826344207596,352,1981,Meia Praia (inland)
1297381884801826260,-27.139670265644792,-48.58973062695865,Meia Praia,Brasil,Santa Catarina,Itapema,2024-12-16 19:01:33.913,0.07296005700816546,139,1015,Meia Praia (beach band)
857423070522811614,-27.132999420166016,-48.59799957275391,Meia Praia,Brasil,Santa Catarina,Itapema,2023-04-23 16:20:42.000,0.16371624670261367,413,1967,Meia Praia (beach band)
860109707700434700,-27.1309,-48.59915,Meia Praia,Brasil,Santa Catarina,Itapema,2024-10-07 19:24:29.283,0.09373318639285652,385,1926,Meia Praia (beach band)
1323259402993093234,-27.09854,-48.62205,Varzea,Brasil,Santa Catarina,Itapema,2025-01-06 19:25:01.524,0.8894464165376993,17,472,Varzea
695682678491300843,-27.1385783,-48.593307,Meia Praia,Brasil,Santa Catarina,Itapema,2022-10-03 13:39:14.000,0.18540615919619638,359,1417,Meia Praia (beach band)
605748852048435444,-27.132032,-48.60078,Meia Praia,Brasil,Santa Catarina,Itapema,2022-07-11 18:11:37.000,0.2978731350164914,440,1968,Meia Praia (beach band)
1190674276723780626,-27.13979,-48.59631,Meia Praia,Brasil,Santa Catarina,Itapema,2024-10-07 19:18:58.742,0.5087360944382582,275,1476,Meia Praia (inland)
1050357191604236754,-27.12164,-48.6065,Meia Praia,Brasil,Santa Catarina,Itapema,2024-10-07 19:19:46.461,0.11365823478620242,291,1303,Meia Praia (beach band)
862330712753319323,-27.13201,-48.5978,Meia Praia,Brasil,Santa Catarina,Itapema,2024-10-07 19:51:58.835,0.07590846436244086,354,1931,Meia Praia (beach band)
1071003618790011795,-27.14243,-48.59535,Meia Praia,Brasil,Santa Catarina,Itapema,2024-10-07 20:04:07.859,0.5551536019191244,121,1182,Meia Praia (inland)
1056698752886178077,-27.14259,-48.5863,Meia Praia,Brasil,Santa Catarina,Itapema,2024-10-07 19:36:45.709,0.048065750067463886,91,563,Meia Praia (beach band)
1254392084331548457,-27.1363364,-48.5980521,Meia Praia,Brasil,Santa Catarina,Itapema,2024-10-07 19:38:26.554,0.40730965001296865,391,1817,Meia Praia (inland)
1255178693593030744,-27.1299469,-48.60314090000001,Meia Praia,Brasil,Santa Catarina,Itapema,2024-10-07 19:38:39.287,0.350884242425897,397,1887,Meia Praia (inland)
1256723784627855477,-27.0965448,-48.6175933,Centro,Brasil,Santa Catarina,Itapema,2024-10-07 19:38:39.287,0.46270131842772877,98,733,Centro
1056441270202826833,-27.12082,-48.60693,Meia Praia,Brasil,Santa Catarina,Itapema,2024-10-07 19:45:41.061,0.11943121180780791,257,1197,Meia Praia (beach band)
986228725951753024,-27.12785,-48.60352,Meia Praia,Brasil,Santa Catarina,Itapema,2024-10-07 19:08:36.131,0.2396913354994607,410,1791,Meia Praia (beach band)
980642326401425672,-27.09556,-48.61514,Centro,Brasil,Santa Catarina,Itapema,2024-10-07 19:08:36.916,0.2754542877049946,218,772,Centro
1236888236862742446,-27.1166,-48.61067,Morretes,Brasil,Santa Catarina,Itapema,2024-09-30 19:08:25.198,0.2745499503073479,190,751,Morretes
1242302594456760963,-27.13621724323076,-48.60013872385025,Meia Praia,Brasil,Santa Catarina,Itapema,2024-09-30 19:08:23.986,0.5579767275070088,261,1898,Meia Praia (inland)
1193347652334673191,-27.1372734,-48.5970003,Meia Praia,Brasil,Santa Catarina,Itapema,2024-08-19 19:10:41.286,0.39339566248365565,372,1670,Meia Praia (inland)
1206616023790805525,-27.12431,-48.60809,Meia Praia,Brasil,Santa Catarina,Itapema,2024-10-07 20:04:32.235,0.37661150610751243,251,1500,Meia Praia (inland)
1211444250585349363,-27.1304822,-48.5988857,Meia Praia,Brasil,Santa Catarina,Itapema,2024-08-19 19:10:48.428,0.04301888469613589,352,1890,Meia Praia (beach band)
910707550951342167,-27.1259994507,-48.6049995422,Meia Praia,Brasil,Santa Catarina,Itapema,2023-07-31 19:04:32.000,0.22727900907583432,401,1654,Meia Praia (beach band)
45973790,-27.14006,-48.5906,Meia Praia,Brasil,Santa Catarina,Itapema,2021-10-25 14:40:16.352,0.015576664870555184,200,1078,Meia Praia (beach band)
16451544,-27.0979995728,-48.6150016785,Centro,Brasil,Santa Catarina,Itapema,2023-09-18 19:04:43.000,0.19094333022567428,174,740,Centro
973160738029639257,-27.1420001984,-48.5970001221,Meia Praia,Brasil,Santa Catarina,Itapema,2023-09-18 19:05:11.000,0.680634879223607,129,1238,Meia Praia (inland)
1051978232488580620,-27.08799934387207,-48.61399841308594,Casa Branca,Brasil,Santa Catarina,Itapema,2024-01-01 19:01:22.373,0.6686721594617315,92,514,Casa Branca
1057777398171376301,-27.09878158569336,-48.62192535400391,Tabuleiro dos Oliveiras,Brasil,Santa Catarina,Itapema,2024-01-01 19:01:45.676,0.87707150338271,16,487,Tabuleiro dos Oliveiras
1057349559495676134,-27.132999420166016,-48.60100173950195,Meia Praia,Brasil,Santa Catarina,Itapema,2024-01-01 19:01:45.676,0.38607114835703943,365,1990,Meia Praia (inland)
1048551226044145540,-27.13599967956543,-48.59999847412109,Meia Praia,Brasil,Santa Catarina,Itapema,2024-01-01 19:01:43.508,0.5318612524591357,284,1914,Meia Praia (inland)
1051400298310494200,-27.131000518798828,-48.60100173950195,Meia Praia,Brasil,Santa Catarina,Itapema,2024-01-01 19:03:01.299,0.2436983508382835,465,1935,Meia Praia (beach band)
1287181259883706860,-27.0880623,-48.6150258,Casa Branca,Brasil,Santa Catarina,Itapema,2024-11-18 19:01:19.522,0.7334173402203806,83,528,Casa Branca
1288317456841105821,-27.1250646,-48.6070631,Meia Praia,Brasil,Santa Catarina,Itapema,2024-11-18 19:01:24.621,0.33850201982497785,322,1557,Meia Praia (beach band)
1283961557256501933,-27.117932343511008,-48.61116176150159,Morretes,Brasil,Santa Catarina,Itapema,2024-11-18 19:07:31.232,0.36961350560450773,195,846,Morretes
1287289583582915738,-27.1357668,-48.5957527,Meia Praia,Brasil,Santa Catarina,Itapema,2024-11-18 19:07:31.232,0.19171685815605785,338,1700,Meia Praia (beach band)
1281343553476595754,-27.12993794548872,-48.6010207386415,Meia Praia,Brasil,Santa Catarina,Itapema,2024-11-18 19:07:31.232,0.1777211281525892,441,1912,Meia Praia (beach band)
1281942401940101122,-27.084442467951806,-48.62344142049551,Alto Sao Bento,Brasil,Santa Catarina,Itapema,2024-11-18 19:07:55.923,1.2971091249234714,5,108,Alto Sao Bento
1284365865529385073,-27.127087095518817,-48.60473682467471,Meia Praia,Brasil,Santa Catarina,Itapema,2024-11-18 19:07:36.594,0.2805259767965295,398,1719,Meia Praia (beach band)
989345231542781584,-27.128999710083008,-48.59999847412109,Meia Praia,Brasil,Santa Catarina,Itapema,2023-10-24 16:54:51.777,0.03501155945054019,306,1867,Meia Praia (beach band)
982642009007231841,-27.099000930786133,-48.6150016784668,Centro,Brasil,Santa Catarina,Itapema,2023-10-24 16:57:12.468,0.19094334912632238,180,745,Centro
1305066565188143498,-27.12674,-48.61627,Morretes,Brasil,Santa Catarina,Itapema,2024-12-16 19:01:28.616,1.2231287153860897,28,463,Morretes
1305300195228438309,-27.142818064832767,-48.59052103168176,Meia Praia,Brasil,Santa Catarina,Itapema,2024-12-16 19:01:33.609,0.2530170710694938,170,877,Meia Praia (beach band)
1309667855765227447,-27.135465389054712,-48.59447498815407,Meia Praia,Brasil,Santa Catarina,Itapema,2024-12-16 19:01:33.516,0.07293736243895234,259,1620,Meia Praia (beach band)
1305114061221278336,-27.13513536194357,-48.60237013452999,Meia Praia,Brasil,Santa Catarina,Itapema,2024-12-16 19:01:33.516,0.6453490238003318,158,1883,Meia Praia (inland)
1310910867031688625,-27.11961050625215,-48.60837645828724,Meia Praia,Brasil,Santa Catarina,Itapema,2024-12-16 19:01:33.516,0.1923821791679391,237,1090,Meia Praia (beach band)
1205971101659299009,-27.137878846203947,-48.59582807868719,Meia Praia,Brasil,Santa Catarina,Itapema,2024-12-16 19:08:35.260,0.3417706287863475,375,1594,Meia Praia (beach band)
1304404694000639638,-27.11696859921787,-48.60999114811421,Morretes,Brasil,Santa Catarina,Itapema,2024-12-16 19:08:35.260,0.22493163847412337,193,798,Morretes
1298771012972286379,-27.11790803051284,-48.61372075974941,Morretes,Brasil,Santa Catarina,Itapema,2024-12-16 19:08:44.575,0.6081262766890801,116,738,Morretes
1308804641940706812,-27.115196585981717,-48.61505055427092,Morretes,Brasil,Santa Catarina,Itapema,2024-12-16 19:08:45.490,0.6449234393174753,34,561,Morretes
1302385137743714245,-27.14371186123322,-48.58942834715656,Meia Praia,Brasil,Santa Catarina,Itapema,2024-12-16 19:08:42.088,0.2605015472307442,168,721,Meia Praia (beach band)
1321924579099353012,-27.0896,-48.60424,Canto da Praia,Brasil,Santa Catarina,Itapema,2025-01-06 19:03:28.183,0.06591766214478412,14,251,Canto da Praia
1319052943695390684,-27.10901541428585,-48.61460465946098,Tabuleiro dos Oliveiras,Brasil,Santa Catarina,Itapema,2025-01-06 19:03:40.766,0.26768627285371893,51,442,Tabuleiro dos Oliveiras
1316787254143531676,-27.1273139,-48.6235604,Morretes,Brasil,Santa Catarina,Itapema,2025-01-06 19:03:40.766,1.917840641222206,12,109,Morretes
1314800180043022973,-27.08808928008317,-48.6150310188532,Casa Branca,Brasil,Santa Catarina,Itapema,2025-01-06 19:03:37.409,0.7317280957556439,84,533,Casa Branca
1318095501459517296,-27.13170949113793,-48.605063312484674,Meia Praia,Brasil,Santa Catarina,Itapema,2025-01-06 19:03:37.409,0.6192761767564074,233,1815,Meia Praia (inland)
1314764695798251721,-27.1443426,-48.58872849999999,Meia Praia,Brasil,Santa Catarina,Itapema,2025-01-06 19:03:37.409,0.16352087621083083,157,635,Meia Praia (beach band)
1315135179041078348,-27.12386776643521,-48.6053962,Meia Praia,Brasil,Santa Catarina,Itapema,2025-01-06 19:03:37.409,0.12708006352754883,352,1513,Meia Praia (beach band)
1320102250145284179,-27.14604,-48.59059,Meia Praia,Brasil,Santa Catarina,Itapema,2025-01-06 19:03:50.766,0.09976214337178893,57,602,Meia Praia (beach band)
1281447974687781532,-27.13593259890212,-48.60713291913271,Meia Praia,Brasil,Santa Catarina,Itapema,2025-01-06 19:03:50.766,1.0582131008198723,33,1211,Meia Praia (inland)
1314729269633513523,-27.1349716,-48.60744469999999,Meia Praia,Brasil,Santa Catarina,Itapema,2025-01-06 19:10:07.835,1.0202246959713512,48,1319,Meia Praia (inland)
1318174922191887812,-27.095670706238163,-48.61357055917932,Centro,Brasil,Santa Catarina,Itapema,2025-01-06 19:11:23.699,0.12881024214317816,230,773,Centro
1315843176541999716,-27.1257,-48.60579,Meia Praia,Brasil,Santa Catarina,Itapema,2025-01-06 19:11:23.699,0.27361786858997295,413,1627,Meia Praia (beach band)
1313912109489456358,-27.128847247289507,-48.6191539093852,Morretes,Brasil,Santa Catarina,Itapema,2025-01-06 19:11:30.292,1.5816699440689646,12,154,Morretes
1251662764548638555,-27.087748689928787,-48.60303685069084,Canto da Praia,Brasil,Santa Catarina,Itapema,2024-09-30 19:08:13.110,0.1575159455703281,5,100,Canto da Praia
1251624845796760916,-27.13128290915132,-48.61798654102023,Morretes,Brasil,Santa Catarina,Itapema,2024-09-30 19:08:37.365,1.623009022395326,12,139,Morretes
787361488757051131,-27.10158920288086,-48.61431884765625,Centro,Brasil,Santa Catarina,Itapema,2024-02-12 19:00:47.905,0.12881666673351314,171,680,Centro
1079020200354869279,-27.1259994506836,-48.617000579833984,Morretes,Brasil,Santa Catarina,Itapema,2024-02-12 19:01:10.759,1.2595752691302269,28,385,Morretes
1075444278753674442,-27.12800025939941,-48.60200119018555,Meia Praia,Brasil,Santa Catarina,Itapema,2024-02-12 19:02:35.806,0.13260112173998403,348,1814,Meia Praia (beach band)
1060899311557227968,-27.14299964904785,-48.5880012512207,Meia Praia,Brasil,Santa Catarina,Itapema,2024-02-12 19:03:23.701,0.11760645576032229,156,676,Meia Praia (beach band)
1061476831992709667,-27.13500022888184,-48.595001220703125,Meia Praia,Brasil,Santa Catarina,Itapema,2024-02-12 19:04:29.629,0.08007998124586058,254,1690,Meia Praia (beach band)
1075503699104403085,-27.13599967956543,-48.59400177001953,Meia Praia,Brasil,Santa Catarina,Itapema,2024-02-12 19:04:15.591,0.07102916188162729,273,1579,Meia Praia (beach band)
1061599235445335647,-27.1200008392334,-48.60699844360352,Meia Praia,Brasil,Santa Catarina,Itapema,2024-02-12 19:03:40.064,0.08912212077357932,206,1122,Meia Praia (beach band)
1061867942571538346,-27.13800048828125,-48.59700012207031,Meia Praia,Brasil,Santa Catarina,Itapema,2024-02-12 19:04:21.391,0.44233911045486224,352,1604,Meia Praia (inland)
665236915472525453,-27.10766720224981,-48.6164619281723,Tabuleiro dos Oliveiras,Brasil,Santa Catarina,Itapema,2026-02-16 20:16:28.313,0.39184428478241506,76,396,Tabuleiro dos Oliveiras
786943675253123046,-27.13778,-48.5976,Meia Praia,Brasil,Santa Catarina,Itapema,2024-10-07 19:39:23.748,0.47473165518139915,331,1653,Meia Praia (inland)
793411418553021490,-27.1314601898,-48.6065292358,Meia Praia,Brasil,Santa Catarina,Itapema,2023-01-19 12:18:27.000,0.7227240775142957,181,1706,Meia Praia (inland)
776544149666899830,-27.1284008026,-48.6085281372,Meia Praia,Brasil,Santa Catarina,Itapema,2023-01-19 12:18:27.000,0.6665624152898533,120,1588,Meia Praia (inland)
762112217871324562,-27.1306991577,-48.6009597778,Meia Praia,Brasil,Santa Catarina,Itapema,2022-12-06 12:43:34.000,0.22110646610844384,456,1931,Meia Praia (beach band)
22012670,-27.0992507935,-48.613319397,Centro,Brasil,Santa Catarina,Itapema,2023-06-26 19:11:04.000,0.02488272691317121,144,737,Centro
38957661,-27.1285,-48.60494,Meia Praia,Brasil,Santa Catarina,Itapema,2024-10-07 19:13:16.556,0.39453607553316666,411,1799,Meia Praia (inland)
45513430,-27.12275,-48.60783,Meia Praia,Brasil,Santa Catarina,Itapema,2024-10-07 19:39:19.402,0.2814447189750607,309,1413,Meia Praia (beach band)
756694136313805463,-27.1229991913,-48.6069984436,Meia Praia,Brasil,Santa Catarina,Itapema,2022-12-06 12:43:34.000,0.21529371727842894,334,1421,Meia Praia (beach band)
771187443060599954,-27.13599967956543,-48.5989990234375,Meia Praia,Brasil,Santa Catarina,Itapema,2023-03-24 16:53:47.000,0.4555934043594409,337,1874,Meia Praia (inland)
22334703,-27.135129928588867,-48.601318359375,Meia Praia,Brasil,Santa Catarina,Itapema,2023-02-09 17:50:40.000,0.5670833809834417,227,1947,Meia Praia (inland)
46220279,-27.12299919128418,-48.60599899291992,Meia Praia,Brasil,Santa Catarina,Itapema,2023-02-09 15:17:56.000,0.12509399331144938,336,1444,Meia Praia (beach band)
31465816,-27.13769,-48.59224,Meia Praia,Brasil,Santa Catarina,Itapema,2024-10-07 19:39:17.803,0.0465557307522753,260,1399,Meia Praia (beach band)
35968764,-27.09,-48.60684,Canto da Praia,Brasil,Santa Catarina,Itapema,2024-10-07 19:47:26.800,0.09758977245607739,28,422,Canto da Praia
774060818755528184,-27.13197,-48.60191,Meia Praia,Brasil,Santa Catarina,Itapema,2024-10-07 19:39:23.748,0.3791204883128839,379,1937,Meia Praia (inland)
768032727158094436,-27.1170005798,-48.6069984436,Meia Praia,Brasil,Santa Catarina,Itapema,2022-12-06 12:43:34.000,0.054265342362637414,79,826,Meia Praia (beach band)
766429111795213657,-27.0879993439,-48.6129989624,Alto Sao Bento,Brasil,Santa Catarina,Itapema,2022-12-06 12:43:34.000,0.6067504167528234,88,500,Alto Sao Bento
578367085112487086,-27.138999938964844,-48.59600067138672,Meia Praia,Brasil,Santa Catarina,Itapema,2023-02-09 15:17:56.000,0.43109094269847625,323,1526,Meia Praia (inland)
49838353,-27.13031,-48.60115,Meia Praia,Brasil,Santa Catarina,Itapema,2024-10-07 19:39:23.748,0.2118556284750649,464,1929,Meia Praia (beach band)
46250277,-27.12815,-48.60147,Meia Praia,Brasil,Santa Catarina,Itapema,2024-10-07 19:39:23.748,0.10081454643886652,325,1825,Meia Praia (beach band)
742766346462755065,-27.1306876,-48.5991366,Meia Praia,Brasil,Santa Catarina,Itapema,2022-11-08 18:24:34.000,0.07674451054208249,378,1908,Meia Praia (beach band)
670778657683556451,-27.1304644,-48.5999387,Meia Praia,Brasil,Santa Catarina,Itapema,2022-08-15 20:53:40.000,0.12312902951451844,402,1908,Meia Praia (beach band)
708889911065031410,-27.12425,-48.6046,Meia Praia,Brasil,Santa Catarina,Itapema,2024-10-07 19:33:08.671,0.08545153607743017,322,1552,Meia Praia (beach band)
718952546551607269,-27.1172278,-48.6119926,Morretes,Brasil,Santa Catarina,Itapema,2022-10-03 13:39:14.000,0.42135967831897086,189,764,Morretes
38640237,-27.12034,-48.60797,Meia Praia,Brasil,Santa Catarina,Itapema,2024-12-19 17:34:55.678,0.19199695365061417,250,1150,Meia Praia (beach band)
871084107630048364,-27.1267742,-48.6054368,Meia Praia,Brasil,Santa Catarina,Itapema,2024-12-19 17:34:55.678,0.31257705706925903,386,1686,Meia Praia (beach band)
1077461204066333262,-27.1379245,-48.593278,Meia Praia,Brasil,Santa Catarina,Itapema,2024-12-19 17:35:18.070,0.14411584957097942,331,1490,Meia Praia (beach band)
1081972140987250431,-27.1439909,-48.58763339999999,Meia Praia,Brasil,Santa Catarina,Itapema,2024-12-19 17:35:18.070,0.08409117015405679,150,589,Meia Praia (beach band)
1137698308528017474,-27.12800025939941,-48.60100173950195,Meia Praia,Brasil,Santa Catarina,Itapema,2024-04-22 19:01:09.296,0.05397193919424794,298,1811,Meia Praia (beach band)
32185033,-27.1254,-48.63112,Sertao do Trombudo,Brasil,Santa Catarina,Itapema,2024-10-21 19:01:03.874,2.511866247890309,0,26,Sertao do Trombudo
17013106,-27.10962,-48.61049,Morretes,Brasil,Santa Catarina,Itapema,2024-10-07 19:31:21.816,0.0467726121947052,19,450,Morretes
10870815,-27.12105,-48.60726,Meia Praia,Brasil,Santa Catarina,Itapema,2021-10-25 14:40:16.352,0.15949175865795334,271,1212,Meia Praia (beach band)
1012914270479739624,-27.1299991607666,-48.60300064086914,Meia Praia,Brasil,Santa Catarina,Itapema,2023-11-06 19:01:01.116,0.34276858678887695,407,1892,Meia Praia (beach band)
1004496327455456339,-27.11788749694824,-48.61022186279297,Morretes,Brasil,Santa Catarina,Itapema,2023-11-06 19:02:14.126,0.2801166972430151,211,869,Morretes
1008887103856494871,-27.124000549316406,-48.60699844360352,Meia Praia,Brasil,Santa Catarina,Itapema,2023-11-06 19:02:33.793,0.2670314324545818,336,1514,Meia Praia (beach band)
1012492340641180651,-27.12557,-48.60402,Meia Praia,Brasil,Santa Catarina,Itapema,2024-10-07 19:39:19.539,0.12001635758848309,333,1632,Meia Praia (beach band)
1012495421195045384,-27.106000900268555,-48.61600112915039,Tabuleiro dos Oliveiras,Brasil,Santa Catarina,Itapema,2023-11-06 19:02:38.834,0.31393360626709266,95,425,Tabuleiro dos Oliveiras
53309335,-27.13399,-48.59817,Meia Praia,Brasil,Santa Catarina,Itapema,2024-10-07 19:43:11.510,0.2495783865558187,430,1962,Meia Praia (beach band)
1278219253454093437,-27.057792741342883,-48.60438185966534,Ilhota,Brasil,Santa Catarina,Itapema,2024-11-04 19:03:34.862,0.39618367456614123,9,23,Ilhota
1274894241105871317,-27.126045637799013,-48.603650406003,Meia Praia,Brasil,Santa Catarina,Itapema,2024-11-04 19:03:42.142,0.12392606036018897,327,1672,Meia Praia (beach band)
1270235986758747345,-27.1366677,-48.59971,Meia Praia,Brasil,Santa Catarina,Itapema,2024-11-04 19:03:42.840,0.5573908761232933,277,1847,Meia Praia (inland)
1273371214479475254,-27.144343901467785,-48.59228614598676,Meia Praia,Brasil,Santa Catarina,Itapema,2024-11-04 19:03:43.031,0.3487448687360927,56,849,Meia Praia (beach band)
1268130203855497700,-27.144435754566643,-48.587006119049065,Meia Praia,Brasil,Santa Catarina,Itapema,2024-11-04 19:03:43.031,0.022280862355774988,119,523,Meia Praia (beach band)
1278501934376489748,-27.1378556,-48.5998409,Meia Praia,Brasil,Santa Catarina,Itapema,2024-11-04 19:03:35.130,0.6518315870048931,233,1751,Meia Praia (inland)
1274731480570014997,-27.09122,-48.60903,Centro,Brasil,Santa Catarina,Itapema,2024-11-04 19:03:35.130,0.09467827046838935,43,533,Centro
1273425441748538565,-27.120846604229023,-48.614298289621765,Morretes,Brasil,Santa Catarina,Itapema,2024-11-04 19:03:35.276,0.7796448195985897,57,867,Morretes
1094439132432767000,-27.08904813477728,-48.60563326790349,Canto da Praia,Brasil,Santa Catarina,Itapema,2025-05-19 19:01:06.475,0.07966825010479114,18,345,Canto da Praia
1102303506285191628,-27.13655,-48.59322,Meia Praia,Brasil,Santa Catarina,Itapema,2024-10-07 19:39:17.803,0.04846111295173864,264,1537,Meia Praia (beach band)
1044774243475398494,-27.124000549316406,-48.60699844360352,Meia Praia,Brasil,Santa Catarina,Itapema,2023-12-18 19:00:48.548,0.2670314324545818,336,1514,Meia Praia (beach band)
1045592510645908121,-27.13400077819824,-48.59999847412109,Meia Praia,Brasil,Santa Catarina,Itapema,2023-12-18 19:00:47.769,0.3860031625998638,393,2002,Meia Praia (inland)
993784190944885340,-27.11631393432617,-48.61227798461914,Morretes,Brasil,Santa Catarina,Itapema,2024-05-20 19:00:38.759,0.414504682389007,151,700,Morretes
45898408,-27.13366,-48.60099,Meia Praia,Brasil,Santa Catarina,Itapema,2024-11-18 19:04:02.190,0.433983236136718,331,1973,Meia Praia (inland)
1146337291578567263,-27.12260627746582,-48.6068000793457,Meia Praia,Brasil,Santa Catarina,Itapema,2024-05-20 19:01:02.854,0.18065602086674573,331,1401,Meia Praia (beach band)
1147824179020677628,-27.092897415161133,-48.61321640014648,Centro,Brasil,Santa Catarina,Itapema,2024-05-20 19:01:52.848,0.25538463248816745,242,694,Centro
1165930732976404813,-27.12953186035156,-48.605247497558594,Meia Praia,Brasil,Santa Catarina,Itapema,2024-06-10 19:00:48.090,0.49000247210092673,369,1786,Meia Praia (inland)
1164552650830621688,-27.108020782470703,-48.61664581298828,Tabuleiro dos Oliveiras,Brasil,Santa Catarina,Itapema,2024-06-10 19:01:18.252,0.4168200075700515,72,380,Tabuleiro dos Oliveiras
29296285,-27.10886,-48.61636,Tabuleiro dos Oliveiras,Brasil,Santa Catarina,Itapema,2021-10-25 14:40:16.352,0.41580731177451946,52,397,Tabuleiro dos Oliveiras
1132738916863619348,-27.131999969482425,-48.60599899291992,Meia Praia,Brasil,Santa Catarina,Itapema,2024-05-06 19:01:43.002,0.71386302976259,185,1723,Meia Praia (inland)
1036816675692458820,-27.13599967956543,-48.59799957275391,Meia Praia,Brasil,Santa Catarina,Itapema,2023-12-18 19:02:12.170,0.37938321246670653,408,1838,Meia Praia (inland)
1044223371798078486,-27.121999740600582,-48.60699844360352,Meia Praia,Brasil,Santa Catarina,Itapema,2023-12-18 19:02:27.785,0.1740872994015879,316,1332,Meia Praia (beach band)
1045520246239520927,-27.10073471069336,-48.6165771484375,Centro,Brasil,Santa Catarina,Itapema,2023-12-18 19:02:14.975,0.34946762481585963,141,711,Centro
1086823206539291587,-27.14244,-48.5871,Meia Praia,Brasil,Santa Catarina,Itapema,2024-10-07 19:50:32.176,0.01725058170394162,120,634,Meia Praia (beach band)
1082546397191273981,-27.106000900268555,-48.61299896240234,Centro,Brasil,Santa Catarina,Itapema,2024-02-26 19:03:02.049,0.02134628794426994,87,427,Centro
1025140138154324694,-27.12335,-48.60723,Meia Praia,Brasil,Santa Catarina,Itapema,2024-10-07 19:23:38.925,0.25116712186250884,339,1448,Meia Praia (beach band)
1031137498228753995,-27.1299991607666,-48.5989990234375,Meia Praia,Brasil,Santa Catarina,Itapema,2023-12-04 19:02:12.011,0.02078348582834654,322,1854,Meia Praia (beach band)
979694178358433783,-27.090999603271484,-48.61100006103516,Centro,Brasil,Santa Catarina,Itapema,2023-12-04 19:02:22.513,0.22219772831823195,89,588,Centro
1029927598666112399,-27.125049591064453,-48.60506057739258,Meia Praia,Brasil,Santa Catarina,Itapema,2023-12-04 19:02:27.356,0.17304290439257428,397,1591,Meia Praia (beach band)
21293473,-27.14463,-48.58619,Meia Praia,Brasil,Santa Catarina,Itapema,2024-10-07 19:50:37.757,0.059048206170743286,83,448,Meia Praia (beach band)
1205911286628781390,-27.13858,-48.59234,Meia Praia,Brasil,Santa Catarina,Itapema,2024-10-07 19:43:13.130,0.0991008756360989,302,1346,Meia Praia (beach band)
1218973882572470900,-27.12418719488532,-48.60445808619261,Meia Praia,Brasil,Santa Catarina,Itapema,2024-08-19 19:19:48.417,0.07000706228001202,307,1540,Meia Praia (beach band)
30755946,-27.09028,-48.613,Centro,Brasil,Santa Catarina,Itapema,2024-10-07 19:03:09.777,0.41981593574521087,122,601,Centro
40769516,-27.09244,-48.61112,Centro,Brasil,Santa Catarina,Itapema,2021-10-25 14:40:16.352,0.12463834151770692,178,646,Centro
11026819,-27.13091,-48.59878,Meia Praia,Brasil,Santa Catarina,Itapema,2021-10-25 14:40:16.352,0.06799599745395234,365,1916,Meia Praia (beach band)
20943549,-27.13207,-48.59984,Meia Praia,Brasil,Santa Catarina,Itapema,2021-10-25 14:40:16.352,0.23141691821202137,449,1991,Meia Praia (beach band)
23108026,-27.13234,-48.59925,Meia Praia,Brasil,Santa Catarina,Itapema,2024-10-07 19:39:23.748,0.20790002252618697,432,2000,Meia Praia (beach band)
31945494,-27.12986,-48.60147,Meia Praia,Brasil,Santa Catarina,Itapema,2024-10-07 19:39:23.748,0.2093060119283884,454,1907,Meia Praia (beach band)
46430300,-27.132357,-48.599312,Meia Praia,Brasil,Santa Catarina,Itapema,2021-10-25 14:40:16.352,0.21357662983526957,431,2004,Meia Praia (beach band)
8936081,-27.12977,-48.59872,Meia Praia,Brasil,Santa Catarina,Itapema,2024-10-07 19:33:30.742,0.022579192871451364,285,1829,Meia Praia (beach band)
36298189,-27.14001,-48.59315,Meia Praia,Brasil,Santa Catarina,Itapema,2021-10-25 14:40:16.352,0.24080754751274422,338,1298,Meia Praia (beach band)
23779860,-27.1265,-48.60202,Meia Praia,Brasil,Santa Catarina,Itapema,2024-10-07 20:14:42.165,0.030747411398278614,229,1695,Meia Praia (beach band)
18395333,-27.13346,-48.59545,Meia Praia,Brasil,Santa Catarina,Itapema,2024-10-07 19:03:09.777,0.006681384972484068,230,1769,Meia Praia (beach band)
35896017,-27.13667,-48.59658,Meia Praia,Brasil,Santa Catarina,Itapema,2021-10-25 14:40:16.352,0.31881341811903136,387,1702,Meia Praia (beach band)
48080102,-27.13524,-48.59563,Meia Praia,Brasil,Santa Catarina,Itapema,2021-10-25 14:40:16.352,0.1446628969424677,309,1714,Meia Praia (beach band)
47089646,-27.09778,-48.61428,Centro,Brasil,Santa Catarina,Itapema,2024-10-07 19:03:09.777,0.11944682613725367,163,745,Centro
30617740,-27.12086,-48.60717,Meia Praia,Brasil,Santa Catarina,Itapema,2021-10-25 14:40:16.352,0.1431547623891098,260,1194,Meia Praia (beach band)
47326216,-27.12118,-48.60636,Meia Praia,Brasil,Santa Catarina,Itapema,2021-10-25 14:40:16.352,0.08234498573485347,268,1244,Meia Praia (beach band)
46678933,-27.12766,-48.6052,Meia Praia,Brasil,Santa Catarina,Itapema,2024-10-07 19:13:16.556,0.35605410878009613,384,1743,Meia Praia (inland)
21662762,-27.126,-48.60681,Meia Praia,Brasil,Santa Catarina,Itapema,2021-10-25 14:40:16.352,0.376098533326521,351,1628,Meia Praia (inland)
41682475,-27.1251296997,-48.6068916321,Meia Praia,Brasil,Santa Catarina,Itapema,2023-06-26 19:04:57.000,0.3286085610239185,343,1569,Meia Praia (beach band)
32066948,-27.13404,-48.60453,Meia Praia,Brasil,Santa Catarina,Itapema,2024-10-07 19:31:21.816,0.7251901605651264,132,1773,Meia Praia (inland)
40910065,-27.13818,-48.60005,Meia Praia,Brasil,Santa Catarina,Itapema,2024-10-07 19:13:36.399,0.6907327282758448,201,1721,Meia Praia (inland)
39587487,-27.10386,-48.61373,Centro,Brasil,Santa Catarina,Itapema,2024-10-07 19:39:23.893,0.0738732856881711,129,514,Centro
559894916966869313,-27.12191,-48.61285,Morretes,Brasil,Santa Catarina,Itapema,2022-08-15 20:53:40.000,0.7031358631480666,49,1055,Morretes
1234854942843643576,-27.130676667549693,-48.59881673008204,Meia Praia,Brasil,Santa Catarina,Itapema,2024-09-02 19:04:11.126,0.052398388127622306,355,1905,Meia Praia (beach band)
1116425778520469842,-27.14109,-48.5978,Meia Praia,Brasil,Santa Catarina,Itapema,2024-09-02 19:04:11.126,0.7079151256470158,157,1325,Meia Praia (inland)
1227533252626886641,-27.13625909570632,-48.59619851534424,Meia Praia,Brasil,Santa Catarina,Itapema,2024-09-02 19:04:11.868,0.26050359179953186,379,1706,Meia Praia (beach band)
1147377772301199310,-27.11899,-48.61819,Morretes,Brasil,Santa Catarina,Itapema,2024-10-07 20:14:06.822,1.0658232915978205,23,431,Morretes
46896012,-27.13048,-48.60246,Meia Praia,Brasil,Santa Catarina,Itapema,2021-10-25 14:40:16.352,0.32925097824605465,432,1924,Meia Praia (beach band)
40532740,-27.13009,-48.60155,Meia Praia,Brasil,Santa Catarina,Itapema,2024-10-07 19:39:23.748,0.23074419000391508,455,1915,Meia Praia (beach band)
41799727,-27.13112,-48.60282,Meia Praia,Brasil,Santa Catarina,Itapema,2021-10-25 14:40:16.352,0.3993198056239309,392,1921,Meia Praia (inland)
42219953,-27.13148,-48.60412,Meia Praia,Brasil,Santa Catarina,Itapema,2021-10-25 14:40:16.352,0.5278749290553718,292,1873,Meia Praia (inland)
31059537,-27.10646,-48.61335,Centro,Brasil,Santa Catarina,Itapema,2024-10-07 19:31:20.492,0.06456776410244297,81,428,Centro
22648075,-27.09328,-48.61578,Centro,Brasil,Santa Catarina,Itapema,2021-10-25 14:40:16.352,0.4379585578482614,184,714,Centro
47543180,-27.09516,-48.61596,Centro,Brasil,Santa Catarina,Itapema,2024-10-07 19:03:09.777,0.36795729332467414,142,757,Centro
53915734,-27.11812,-48.61205,Morretes,Brasil,Santa Catarina,Itapema,2022-01-11 19:06:34.950,0.45960109025569096,183,825,Morretes
41590719,-27.14307,-48.59441,Meia Praia,Brasil,Santa Catarina,Itapema,2021-10-25 14:40:16.352,0.5197830537283913,92,1085,Meia Praia (inland)
24948647,-27.1014003754,-48.6158599854,Centro,Brasil,Santa Catarina,Itapema,2023-06-26 19:07:57.000,0.280843579708321,161,675,Centro
785469895044199706,-27.1259994506836,-48.60699844360352,Meia Praia,Brasil,Santa Catarina,Itapema,2024-01-01 19:00:45.942,0.391382852257386,331,1632,Meia Praia (inland)
1047986058535134333,-27.058000564575195,-48.604000091552734,Ilhota,Brasil,Santa Catarina,Itapema,2024-01-01 19:01:12.523,0.3895472688508496,9,24,Ilhota
29702211,-27.13958,-48.5919,Meia Praia,Brasil,Santa Catarina,Itapema,2024-10-07 19:39:17.803,0.10843204741897712,273,1249,Meia Praia (beach band)
47213093,-27.13907,-48.59275,Meia Praia,Brasil,Santa Catarina,Itapema,2024-10-07 19:23:34.680,0.15952384893086255,342,1341,Meia Praia (beach band)
47440042,-27.13749,-48.5947,Meia Praia,Brasil,Santa Catarina,Itapema,2021-10-25 14:40:16.352,0.22675118957672524,372,1578,Meia Praia (beach band)
805679801256003794,-27.090999603271484,-48.6150016784668,Centro,Brasil,Santa Catarina,Itapema,2023-03-02 13:02:00.000,0.5252177451313041,133,637,Centro
825921973978902012,-27.12941,-48.60619,Meia Praia,Brasil,Santa Catarina,Itapema,2024-10-07 19:13:16.556,0.5545318903975601,287,1743,Meia Praia (inland)
826688649202200978,-27.12097,-48.61849,Morretes,Brasil,Santa Catarina,Itapema,2024-10-07 19:13:36.399,1.1668447424399189,29,413,Morretes
35678368,-27.09,-48.608,Canto da Praia,Brasil,Santa Catarina,Itapema,2021-10-25 14:40:16.352,0.1566395575060684,40,458,Canto da Praia
21688662,-27.1303691864,-48.6044387817,Meia Praia,Brasil,Santa Catarina,Itapema,2023-06-26 19:05:42.000,0.48343430607965143,361,1844,Meia Praia (inland)
49968308,-27.13561,-48.59567,Meia Praia,Brasil,Santa Catarina,Itapema,2024-10-07 19:39:17.803,0.17401577859159664,324,1702,Meia Praia (beach band)
628311049816808766,-27.135824,-48.599583,Meia Praia,Brasil,Santa Catarina,Itapema,2022-07-11 18:11:37.000,0.48765207200907534,311,1920,Meia Praia (inland)
48624860,-27.14062,-48.59507,Meia Praia,Brasil,Santa Catarina,Itapema,2024-10-07 19:39:23.748,0.44166367732520573,259,1336,Meia Praia (inland)
31925849,-27.1076,-48.61681,Tabuleiro dos Oliveiras,Brasil,Santa Catarina,Itapema,2022-01-11 17:08:58.877,0.4245214562643942,77,393,Tabuleiro dos Oliveiras
41473343,-27.09147,-48.61891,Casa Branca,Brasil,Santa Catarina,Itapema,2022-01-11 17:08:58.877,0.8063031840166197,26,631,Casa Branca
53546501,-27.13657,-48.59282,Meia Praia,Brasil,Santa Catarina,Itapema,2024-10-07 19:31:21.816,0.019899244074210988,234,1496,Meia Praia (beach band)
53733977,-27.13436,-48.60539,Meia Praia,Brasil,Santa Catarina,Itapema,2022-01-11 17:08:58.877,0.814519403312992,98,1687,Meia Praia (inland)
53280090,-27.1217708588,-48.6092910767,Meia Praia,Brasil,Santa Catarina,Itapema,2023-06-26 19:06:38.000,0.37601048790186575,216,1234,Meia Praia (inland)
792083136178092817,-27.12214,-48.61334,Morretes,Brasil,Santa Catarina,Itapema,2024-10-07 19:03:07.526,0.7579862870520154,47,1021,Morretes
44196773,-27.1299991608,-48.6010017395,Meia Praia,Brasil,Santa Catarina,Itapema,2023-01-19 12:18:27.000,0.180322665289528,449,1912,Meia Praia (beach band)
873125740517449213,-27.1270008087,-48.6230010986,Morretes,Brasil,Santa Catarina,Itapema,2023-09-18 19:02:38.000,1.85348969014795,13,119,Morretes
959168173915968666,-27.138999939,-48.5960006714,Meia Praia,Brasil,Santa Catarina,Itapema,2023-09-18 19:05:50.000,0.4310909461562474,323,1526,Meia Praia (inland)
792818444122814819,-27.0895500183,-48.6194610596,Casa Branca,Brasil,Santa Catarina,Itapema,2023-09-18 19:05:48.000,0.9714225121934602,21,532,Casa Branca
962455307045450364,-27.1240005493,-48.6049995422,Meia Praia,Brasil,Santa Catarina,Itapema,2023-09-18 19:05:58.000,0.10332473647928268,338,1524,Meia Praia (beach band)
15791567,-27.12828,-48.60102,Meia Praia,Brasil,Santa Catarina,Itapema,2024-10-07 19:39:23.748,0.07337519950969057,308,1819,Meia Praia (beach band)
39131762,-27.13003,-48.5994,Meia Praia,Brasil,Santa Catarina,Itapema,2024-10-07 19:39:23.748,0.0518227576456649,350,1865,Meia Praia (beach band)
673826267743797671,-27.13111,-48.59955,Meia Praia,Brasil,Santa Catarina,Itapema,2024-10-07 19:33:14.830,0.13902854167896658,414,1934,Meia Praia (beach band)
48005532,-27.13509,-48.59792,Meia Praia,Brasil,Santa Catarina,Itapema,2022-07-11 18:11:37.000,0.3088540486084954,418,1882,Meia Praia (beach band)
781404547457775738,-27.14281,-48.58765,Meia Praia,Brasil,Santa Catarina,Itapema,2024-10-07 19:39:17.030,0.07987077609372277,146,659,Meia Praia (beach band)
51822238,-27.14139,-48.59382,Meia Praia,Brasil,Santa Catarina,Itapema,2024-10-07 19:32:48.890,0.3673479573685013,223,1217,Meia Praia (inland)
1016012143491113652,-27.12700080871582,-48.60599899291992,Meia Praia,Brasil,Santa Catarina,Itapema,2023-11-20 19:01:59.658,0.3720275514863809,361,1677,Meia Praia (inland)
1262886232299960378,-27.10048227021901,-48.61409358680248,Centro,Brasil,Santa Catarina,Itapema,2024-10-21 19:01:04.774,0.10274560037763823,179,723,Centro
1260073276135845344,-27.130890008485924,-48.605335503816605,Meia Praia,Brasil,Santa Catarina,Itapema,2024-10-21 19:01:06.426,0.5894076427099221,266,1806,Meia Praia (inland)
1263217493560717612,-27.10358,-48.61535,Centro,Brasil,Santa Catarina,Itapema,2024-10-21 19:01:06.426,0.2341208577264847,146,537,Centro
1258956190525569719,-27.1386101,-48.5927244,Meia Praia,Brasil,Santa Catarina,Itapema,2024-10-21 19:01:06.426,0.1352380974287419,322,1368,Meia Praia (beach band)
1262263525005341905,-27.128077879983717,-48.60462786544021,Meia Praia,Brasil,Santa Catarina,Itapema,2024-10-21 19:01:11.836,0.3408682294932454,401,1793,Meia Praia (beach band)
1263664156575372222,-27.1368086,-48.598735,Meia Praia,Brasil,Santa Catarina,Itapema,2024-10-21 19:01:11.836,0.49296380483369706,323,1809,Meia Praia (inland)
1266910757037580386,-27.134559,-48.5969142,Meia Praia,Brasil,Santa Catarina,Itapema,2024-10-21 19:01:06.556,0.1942929594559206,390,1838,Meia Praia (beach band)
1289819035449109072,-27.1400968,-48.5907066,Meia Praia,Brasil,Santa Catarina,Itapema,2024-12-16 19:05:45.772,0.026889480321351477,204,1088,Meia Praia (beach band)
1294398408677640574,-27.1191846,-48.61217749999999,Morretes,Brasil,Santa Catarina,Itapema,2024-12-16 19:05:34.167,0.5116646164603753,156,891,Morretes
1294285206500696186,-27.125744536760905,-48.60576365143061,Meia Praia,Brasil,Santa Catarina,Itapema,2024-12-16 19:05:34.167,0.2740810357017108,417,1628,Meia Praia (beach band)
1297882475361338003,-27.14389069826545,-48.58813671536946,Meia Praia,Brasil,Santa Catarina,Itapema,2024-12-16 19:05:34.167,0.1343428006380726,161,633,Meia Praia (beach band)
1293613882934791177,-27.1317821776794,-48.59849989414215,Meia Praia,Brasil,Santa Catarina,Itapema,2024-12-16 19:05:34.167,0.11118167991783753,396,1960,Meia Praia (beach band)
1290710956551561929,-27.0924144,-48.6140864,Centro,Brasil,Santa Catarina,Itapema,2024-12-16 19:06:15.402,0.35610362380292515,224,681,Centro
1294324900978572403,-27.1242944,-48.6069371,Meia Praia,Brasil,Santa Catarina,Itapema,2024-12-16 19:06:15.402,0.28040898894649785,334,1528,Meia Praia (beach band)
1281346509418142210,-27.1179868,-48.610319,Morretes,Brasil,Santa Catarina,Itapema,2024-11-18 19:19:30.126,0.292945399690254,212,875,Morretes
1281987799901691070,-27.131398,-48.602346,Meia Praia,Brasil,Santa Catarina,Itapema,2024-11-18 19:19:30.126,0.3783523995542215,407,1944,Meia Praia (inland)
714437917071118647,-27.14071,-48.59956,Meia Praia,Brasil,Santa Catarina,Itapema,2024-10-07 19:13:36.399,0.8269463159197176,96,1335,Meia Praia (inland)
645112019862188003,-27.09097,-48.61979,Casa Branca,Brasil,Santa Catarina,Itapema,2024-10-07 19:13:35.163,0.9095990666220236,23,575,Casa Branca
983188724209547131,-27.13841,-48.59729,Meia Praia,Brasil,Santa Catarina,Itapema,2024-10-07 19:39:55.358,0.49292996729116517,323,1585,Meia Praia (inland)
1053522951026570547,-27.08859,-48.60563,Canto da Praia,Brasil,Santa Catarina,Itapema,2024-10-07 19:31:14.105,0.0860884761517937,17,333,Canto da Praia
1048767660487985763,-27.1172,-48.61107,Morretes,Brasil,Santa Catarina,Itapema,2024-10-07 19:39:21.464,0.3340455556026049,193,788,Morretes
986230450715211958,-27.13151,-48.60129,Meia Praia,Brasil,Santa Catarina,Itapema,2024-10-07 19:39:39.327,0.29944597468626694,444,1924,Meia Praia (beach band)
832593035712862671,-27.13402,-48.59924,Meia Praia,Brasil,Santa Catarina,Itapema,2024-10-07 19:39:42.650,0.33110159332447464,436,2005,Meia Praia (beach band)
1188444070629752131,-27.11778,-48.61251,Morretes,Brasil,Santa Catarina,Itapema,2024-10-07 19:43:12.379,0.4901523619490978,181,780,Morretes
742007693361015968,-27.10179,-48.61451,Centro,Brasil,Santa Catarina,Itapema,2024-10-07 19:43:19.048,0.14845004665132797,163,664,Centro
1239056179694723410,-27.12693,-48.60608,Meia Praia,Brasil,Santa Catarina,Itapema,2024-09-30 19:09:55.003,0.37390379271276764,358,1674,Meia Praia (inland)
1237683351553881707,-27.12011123717109,-48.60867954790592,Meia Praia,Brasil,Santa Catarina,Itapema,2024-09-30 19:09:58.181,0.24393669784246588,249,1118,Meia Praia (beach band)
783273442010116233,-27.11935,-48.60816,Meia Praia,Brasil,Santa Catarina,Itapema,2024-10-07 19:01:22.190,0.1605911806241741,223,1056,Meia Praia (beach band)
1206741304807052353,-27.102653084471577,-48.61340678832274,Centro,Brasil,Santa Catarina,Itapema,2024-08-19 19:18:21.187,0.04195913969761943,143,598,Centro
1194075983394113187,-27.12005374749188,-48.60923082605117,Meia Praia,Brasil,Santa Catarina,Itapema,2024-08-19 19:19:24.232,0.2902841445016304,232,1103,Meia Praia (beach band)
906701409648697471,-27.138999939,-48.591999054,Meia Praia,Brasil,Santa Catarina,Itapema,2023-07-31 19:09:02.000,0.089257796365342,283,1302,Meia Praia (beach band)
716703713524347583,-27.125,-48.6040000916,Meia Praia,Brasil,Santa Catarina,Itapema,2023-04-25 16:24:52.000,0.08284270723853933,304,1596,Meia Praia (beach band)
850931966820064700,-27.1329994202,-48.5970001221,Meia Praia,Brasil,Santa Catarina,Itapema,2023-04-25 16:25:36.000,0.0902285916548821,334,1896,Meia Praia (beach band)
46048925,-27.13571,-48.59369,Meia Praia,Brasil,Santa Catarina,Itapema,2021-10-25 14:40:16.352,0.027364368163101335,243,1562,Meia Praia (beach band)
46120204,-27.10209,-48.61299,Centro,Brasil,Santa Catarina,Itapema,2021-10-25 14:40:16.352,0.010129274249325542,128,625,Centro
1315954985293478319,-27.09364689514174,-48.61308216375426,Centro,Brasil,Santa Catarina,Itapema,2025-02-17 19:02:58.385,0.193094448067534,242,725,Centro
1052976875586976373,-27.13151931762696,-48.59999847412109,Meia Praia,Brasil,Santa Catarina,Itapema,2024-01-01 19:01:06.345,0.20240103285030067,445,1948,Meia Praia (beach band)
1287791655787727353,-27.10317531575353,-48.61646152990035,Centro,Brasil,Santa Catarina,Itapema,2024-11-18 19:03:27.248,0.3442721717636969,111,547,Centro
1283618903500404258,-27.108005739756837,-48.61626952886581,Tabuleiro dos Oliveiras,Brasil,Santa Catarina,Itapema,2024-11-18 19:03:27.020,0.3797962742462198,74,391,Tabuleiro dos Oliveiras
1263803469330656434,-27.13245384616425,-48.619501374251584,Morretes,Brasil,Santa Catarina,Itapema,2024-11-18 19:05:08.757,1.820367778886823,9,98,Morretes
969451363844464830,-27.098958586631145,-48.61622259020805,Centro,Brasil,Santa Catarina,Itapema,2024-11-18 19:06:06.204,0.31196789550361076,158,738,Centro
1283951524298463459,-27.0880623,-48.6150258,Casa Branca,Brasil,Santa Catarina,Itapema,2024-11-18 19:06:06.204,0.7334173402203806,83,528,Casa Branca
1308106513769492093,-27.113330588469783,-48.611549749895154,Tabuleiro dos Oliveiras,Brasil,Santa Catarina,Itapema,2024-12-16 19:06:15.745,0.2533859522120224,58,581,Tabuleiro dos Oliveiras
1309576728275300387,-27.117998185081166,-48.61403527194777,Morretes,Brasil,Santa Catarina,Itapema,2024-12-16 19:06:26.415,0.6408446176900074,95,728,Morretes
1308037006040980456,-27.1327044777092,-48.60092930495739,Meia Praia,Brasil,Santa Catarina,Itapema,2024-12-16 19:06:25.279,0.3586626523418324,368,1984,Meia Praia (inland)
1310042490915137463,-27.138876624067745,-48.59522044941081,Meia Praia,Brasil,Santa Catarina,Itapema,2024-12-16 19:06:25.279,0.36144158201300447,360,1523,Meia Praia (inland)
1298159312080141485,-27.132568907405133,-48.59706990237271,Meia Praia,Brasil,Santa Catarina,Itapema,2024-12-16 19:06:25.279,0.06302808051612456,330,1889,Meia Praia (beach band)
1306508535936557508,-27.09640772880565,-48.61475994232788,Centro,Brasil,Santa Catarina,Itapema,2024-12-16 19:06:25.279,0.202320254328813,186,772,Centro
1278119768108428371,-27.1357258,-48.5994092,Meia Praia,Brasil,Santa Catarina,Itapema,2024-12-16 19:06:25.279,0.4674462431397649,321,1923,Meia Praia (inland)
1309282730638851817,-27.12045799681256,-48.60780623068848,Meia Praia,Brasil,Santa Catarina,Itapema,2024-12-16 19:06:25.279,0.18340774877440807,259,1160,Meia Praia (beach band)
982602069236081389,-27.125,-48.60300064086914,Meia Praia,Brasil,Santa Catarina,Itapema,2023-10-24 16:56:13.127,0.0008541401921320357,207,1587,Meia Praia (beach band)
952906500922625842,-27.131999969482425,-48.60100173950195,Meia Praia,Brasil,Santa Catarina,Itapema,2023-10-24 16:57:11.524,0.31194758404175255,444,1965,Meia Praia (beach band)
1295814483068338684,-27.11818847959276,-48.60824924360838,Meia Praia,Brasil,Santa Catarina,Itapema,2025-01-06 19:04:06.274,0.11130782278935698,178,931,Meia Praia (beach band)
1321391695290036955,-27.1026,-48.61877,Tabuleiro dos Oliveiras,Brasil,Santa Catarina,Itapema,2025-01-06 19:04:06.274,0.5730271051597811,26,537,Tabuleiro dos Oliveiras
1305723919394214968,-27.13310722965045,-48.60471782025128,Meia Praia,Brasil,Santa Catarina,Itapema,2025-01-06 19:04:06.274,0.6798629667458393,179,1801,Meia Praia (inland)
1316628348930374924,-27.1395,-48.59859,Meia Praia,Brasil,Santa Catarina,Itapema,2025-01-06 19:03:58.354,0.6688850755966385,211,1489,Meia Praia (inland)
52470280,-27.13125,-48.59859,Meia Praia,Brasil,Santa Catarina,Itapema,2025-01-06 19:03:58.720,0.07785303067163518,369,1927,Meia Praia (beach band)
1057298537539146203,-27.12015861787688,-48.609862233769945,Morretes,Brasil,Santa Catarina,Itapema,2025-01-06 19:03:58.720,0.3513665317917356,216,1094,Morretes
1309507261190883248,-27.1270285,-48.6047392,Meia Praia,Brasil,Santa Catarina,Itapema,2025-01-06 19:04:02.257,0.2765571539164116,394,1713,Meia Praia (beach band)
1313086601561598314,-27.12852916467407,-48.602935932576656,Meia Praia,Brasil,Santa Catarina,Itapema,2025-01-06 19:05:34.760,0.24148874220232833,404,1843,Meia Praia (beach band)
1315207320332089099,-27.133170606769948,-48.60197336188048,Meia Praia,Brasil,Santa Catarina,Itapema,2025-01-06 19:05:34.760,0.4704239477341511,268,1949,Meia Praia (inland)
1314795613510146224,-27.1401066,-48.5911643,Meia Praia,Brasil,Santa Catarina,Itapema,2025-01-06 19:05:34.760,0.06835861758494612,232,1140,Meia Praia (beach band)
1317538910104639213,-27.0858848,-48.6118832,Alto Sao Bento,Brasil,Santa Catarina,Itapema,2025-01-06 19:05:42.881,0.4619536727326831,31,414,Alto Sao Bento
1238305351064076526,-27.12586,-48.60309,Meia Praia,Brasil,Santa Catarina,Itapema,2024-09-30 19:09:56.831,0.06844830161981348,264,1661,Meia Praia (beach band)
1208852730792445862,-27.13405,-48.59955,Meia Praia,Brasil,Santa Catarina,Itapema,2024-09-30 19:09:58.181,0.35639457262711804,424,1998,Meia Praia (inland)
549802551493491771,-27.107999801635746,-48.61600112915039,Tabuleiro dos Oliveiras,Brasil,Santa Catarina,Itapema,2024-02-12 19:03:32.542,0.3535269259413005,73,396,Tabuleiro dos Oliveiras
1066890753033004221,-27.13800048828125,-48.595001220703125,Meia Praia,Brasil,Santa Catarina,Itapema,2024-02-12 19:03:16.269,0.28489287387416073,387,1558,Meia Praia (beach band)
1081242440625947235,-27.14291954040528,-48.59029769897461,Meia Praia,Brasil,Santa Catarina,Itapema,2024-02-12 19:03:16.269,0.24873578453947404,171,854,Meia Praia (beach band)
1059689073308729902,-27.1259994506836,-48.604000091552734,Meia Praia,Brasil,Santa Catarina,Itapema,2024-02-12 19:04:09.673,0.1476007397830321,359,1670,Meia Praia (beach band)
1197195878719681680,-27.0931,-48.6133,Centro,Brasil,Santa Catarina,Itapema,2026-04-13 20:58:46.032,0.24789466552948672,240,703,Centro
1254454356021024631,-27.132,-48.6007,Meia Praia,Brasil,Santa Catarina,Itapema,2026-04-06 19:49:17.702,0.2896696685362638,441,1971,Meia Praia (beach band)
769638600726888512,-27.12015,-48.60687,Meia Praia,Brasil,Santa Catarina,Itapema,2024-10-07 19:07:44.291,0.08484236237307957,208,1137,Meia Praia (beach band)
26839303,-27.13544,-48.59686,Meia Praia,Brasil,Santa Catarina,Itapema,2024-10-07 19:41:52.968,0.2526795428723453,412,1801,Meia Praia (beach band)
41703278,-27.10474967956543,-48.614559173583984,Centro,Brasil,Santa Catarina,Itapema,2023-12-18 19:02:12.170,0.15584127594724514,129,473,Centro
23069892,-27.131570816,-48.596408844,Meia Praia,Brasil,Santa Catarina,Itapema,2023-06-26 19:05:36.000,0.06075688760078597,204,1797,Meia Praia (beach band)
38262480,-27.14075,-48.59029,Meia Praia,Brasil,Santa Catarina,Itapema,2024-10-07 19:07:45.158,0.05699007507029776,187,1006,Meia Praia (beach band)
768288843904248283,-27.1060009003,-48.6170005798,Tabuleiro dos Oliveiras,Brasil,Santa Catarina,Itapema,2022-12-06 12:43:34.000,0.4112449986406392,71,414,Tabuleiro dos Oliveiras
770925188639991130,-27.1380004883,-48.5979995728,Meia Praia,Brasil,Santa Catarina,Itapema,2023-01-19 12:18:27.000,0.5211281827902615,312,1645,Meia Praia (inland)
803616124180331594,-27.121000289916992,-48.61399841308594,Morretes,Brasil,Santa Catarina,Itapema,2023-03-02 13:02:00.000,0.7605102066015964,62,892,Morretes
837846012155525926,-27.121000289916992,-48.608001708984375,Meia Praia,Brasil,Santa Catarina,Itapema,2023-03-24 16:53:47.000,0.22561873553654213,269,1191,Meia Praia (beach band)
22963968,-27.132,-48.59912,Meia Praia,Brasil,Santa Catarina,Itapema,2022-12-19 12:44:52.000,0.17263896793314176,429,1982,Meia Praia (beach band)
17020512,-27.13611,-48.59995,Meia Praia,Brasil,Santa Catarina,Itapema,2024-10-07 19:47:47.327,0.5359802865306316,276,1904,Meia Praia (inland)
10812059,-27.09635,-48.61841,Centro,Brasil,Santa Catarina,Itapema,2022-12-19 12:44:52.000,0.5463842656822151,72,719,Centro
763934971339235397,-27.1380004883,-48.5960006714,Meia Praia,Brasil,Santa Catarina,Itapema,2023-01-19 12:18:27.000,0.3635844893894867,373,1593,Meia Praia (inland)
50976657,-27.13086,-48.59919,Meia Praia,Brasil,Santa Catarina,Itapema,2024-10-07 19:42:36.830,0.094465176467964,386,1914,Meia Praia (beach band)
558688446887987054,-27.13337,-48.59999,Meia Praia,Brasil,Santa Catarina,Itapema,2024-10-07 19:42:36.521,0.33849079987674696,426,1992,Meia Praia (beach band)
826789821972806468,-27.13937,-48.5959,Meia Praia,Brasil,Santa Catarina,Itapema,2024-10-07 19:41:52.968,0.4481794041172282,312,1502,Meia Praia (inland)
53164553,-27.136999130249023,-48.59799957275391,Meia Praia,Brasil,Santa Catarina,Itapema,2023-02-08 20:47:08.000,0.45041951166327054,361,1759,Meia Praia (inland)
40298680,-27.09335,-48.61215,Centro,Brasil,Santa Catarina,Itapema,2024-10-07 19:00:44.362,0.14136006129857362,219,701,Centro
21471904,-27.1249008179,-48.6074790955,Meia Praia,Brasil,Santa Catarina,Itapema,2023-06-26 19:12:31.000,0.36260479385538474,298,1546,Meia Praia (inland)
49123621,-27.12809,-48.60407,Meia Praia,Brasil,Santa Catarina,Itapema,2021-10-25 14:40:16.352,0.2985475745840269,416,1799,Meia Praia (beach band)
27109960,-27.13852,-48.59405,Meia Praia,Brasil,Santa Catarina,Itapema,2024-10-07 19:42:44.168,0.24491673499393668,381,1497,Meia Praia (beach band)
739119927990563923,-27.0879806262,-48.6130867526,Alto Sao Bento,Brasil,Santa Catarina,Itapema,2022-11-08 18:24:34.000,0.6135932377981778,88,501,Alto Sao Bento
676769560370165887,-27.136635492,-48.5941619793,Meia Praia,Brasil,Santa Catarina,Itapema,2022-08-15 20:53:40.000,0.12676730622269572,320,1575,Meia Praia (beach band)
18506998,-27.09714,-48.61485,Centro,Brasil,Santa Catarina,Itapema,2024-10-07 19:07:44.291,0.1832137669359002,180,747,Centro
721000003000337530,-27.13382,-48.62049,Morretes,Brasil,Santa Catarina,Itapema,2024-10-07 19:08:06.014,1.986603652209198,3,70,Morretes
1172396251848641184,-27.127360071681267,-48.60535729676485,Meia Praia,Brasil,Santa Catarina,Itapema,2024-12-19 17:34:55.376,0.34722660304528075,376,1714,Meia Praia (beach band)
1129240866521731428,-27.13400077819824,-48.59600067138672,Meia Praia,Brasil,Santa Catarina,Itapema,2024-04-22 19:01:16.411,0.08573789650377532,313,1798,Meia Praia (beach band)
53252171,-27.12878,-48.61488,Morretes,Brasil,Santa Catarina,Itapema,2024-10-07 19:28:26.575,1.2120115497787827,21,610,Morretes
31069793,-27.0846691132,-48.6313705444,Alto Sao Bento,Brasil,Santa Catarina,Itapema,2023-06-26 19:13:35.000,2.0518246551777977,0,16,Alto Sao Bento
8325723,-27.1291,-48.59985,Meia Praia,Brasil,Santa Catarina,Itapema,2021-10-25 14:40:16.352,0.02994330732363678,301,1865,Meia Praia (beach band)
52426754,-27.12289,-48.60754,Meia Praia,Brasil,Santa Catarina,Itapema,2021-10-25 14:40:16.352,0.2604782801769488,326,1423,Meia Praia (beach band)
40749720,-27.1270503998,-48.6163291931,Morretes,Brasil,Santa Catarina,Itapema,2023-06-26 19:05:40.000,1.242514692004485,27,434,Morretes
1010140406140977818,-27.12299919128418,-48.60599899291992,Meia Praia,Brasil,Santa Catarina,Itapema,2023-11-06 19:01:00.771,0.12509399331144938,336,1444,Meia Praia (beach band)
1007429386154806342,-27.106000900268555,-48.61600112915039,Tabuleiro dos Oliveiras,Brasil,Santa Catarina,Itapema,2023-11-06 19:02:12.101,0.31393360626709266,95,425,Tabuleiro dos Oliveiras
1277574920330532540,-27.136703786860732,-48.591835468882095,Meia Praia,Brasil,Santa Catarina,Itapema,2024-11-04 19:03:44.707,0.05221954684671047,190,1418,Meia Praia (beach band)
1275427906090524686,-27.13708935165096,-48.59471362195129,Meia Praia,Brasil,Santa Catarina,Itapema,2024-11-04 19:04:20.706,0.2006502380469831,370,1594,Meia Praia (beach band)
1272762188354823017,-27.13637,-48.60282,Meia Praia,Brasil,Santa Catarina,Itapema,2024-11-04 19:04:20.706,0.7699693822537558,95,1769,Meia Praia (inland)
1268755217310742256,-27.12991,-48.59961,Meia Praia,Brasil,Santa Catarina,Itapema,2024-11-04 19:04:27.496,0.06108514585380653,352,1883,Meia Praia (beach band)
1273109864545308382,-27.129724324118516,-48.60238836673688,Meia Praia,Brasil,Santa Catarina,Itapema,2024-11-04 19:04:27.496,0.2756846155281502,407,1897,Meia Praia (beach band)
1278507948518475714,-27.1356166,-48.5997737,Meia Praia,Brasil,Santa Catarina,Itapema,2024-11-04 19:05:52.393,0.4874460433041994,304,1943,Meia Praia (inland)
1271949799457355450,-27.106,-48.6139,Centro,Brasil,Santa Catarina,Itapema,2024-11-04 19:05:52.915,0.10889380741877451,102,432,Centro
1111626053814730010,-27.097999572753903,-48.6150016784668,Centro,Brasil,Santa Catarina,Itapema,2024-03-18 19:02:52.483,0.19094332693640073,174,740,Centro
1039827290604057739,-27.07999992370605,-48.61299896240234,Sertaozinho,Brasil,Santa Catarina,Itapema,2023-12-18 19:00:48.231,0.16178040218783032,6,113,Sertaozinho
1039739725491516693,-27.13999938964844,-48.59299850463867,Meia Praia,Brasil,Santa Catarina,Itapema,2023-12-18 19:00:39.608,0.2268804705375032,334,1289,Meia Praia (beach band)
1041944788019193143,-27.14200019836425,-48.5890007019043,Meia Praia,Brasil,Santa Catarina,Itapema,2023-12-18 19:00:56.545,0.08941610307119204,161,827,Meia Praia (beach band)
1041429073806880783,-27.1407,-48.59052,Meia Praia,Brasil,Santa Catarina,Itapema,2024-10-07 19:42:01.852,0.06589070680768491,194,1042,Meia Praia (beach band)
1042032092670718662,-27.12800025939941,-48.60499954223633,Meia Praia,Brasil,Santa Catarina,Itapema,2023-12-18 19:00:44.813,0.36421366684679274,393,1770,Meia Praia (inland)
42362968,-27.09032,-48.6114,Centro,Brasil,Santa Catarina,Itapema,2024-10-07 20:14:56.052,0.30566470029568343,81,572,Centro
1153493820067017135,-27.099824140162,-48.616195412234,Centro,Brasil,Santa Catarina,Itapema,2024-08-19 19:17:21.982,0.3092522100480985,164,738,Centro
45928238,-27.116559982299805,-48.612281799316406,Morretes,Brasil,Santa Catarina,Itapema,2023-02-09 15:17:56.000,0.42396822896272035,154,719,Morretes
1039154693965614296,-27.131000518798828,-48.60100173950195,Meia Praia,Brasil,Santa Catarina,Itapema,2023-12-18 19:01:53.545,0.2436983508382835,465,1935,Meia Praia (beach band)
1043521584839255151,-27.1406,-48.59738,Meia Praia,Brasil,Santa Catarina,Itapema,2024-10-07 19:42:36.521,0.6466945326336283,205,1403,Meia Praia (inland)
1041586121627389560,-27.14024543762207,-48.59269714355469,Meia Praia,Brasil,Santa Catarina,Itapema,2023-12-18 19:02:15.978,0.21167424326701823,308,1251,Meia Praia (beach band)
48182966,-27.0939998626709,-48.61299896240234,Centro,Brasil,Santa Catarina,Itapema,2023-12-04 19:01:19.132,0.16244415557894376,236,738,Centro
1033216780889607180,-27.12700080871582,-48.60300064086914,Meia Praia,Brasil,Santa Catarina,Itapema,2023-12-04 19:01:31.742,0.14002868160267398,349,1743,Meia Praia (beach band)
1030401532874842059,-27.12003,-48.60607,Meia Praia,Brasil,Santa Catarina,Itapema,2024-10-07 19:42:44.168,0.007788966289442309,189,1122,Meia Praia (beach band)
1033550764453018366,-27.0946044921875,-48.62516784667969,Casa Branca,Brasil,Santa Catarina,Itapema,2023-12-04 19:02:17.077,1.2430129772257803,7,153,Casa Branca
1028988415727336651,-27.12647,-48.60596,Meia Praia,Brasil,Santa Catarina,Itapema,2024-10-07 19:47:54.710,0.3353482795083657,397,1660,Meia Praia (beach band)
1019030592109059625,-27.13500022888184,-48.59799957275391,Meia Praia,Brasil,Santa Catarina,Itapema,2023-12-04 19:02:17.389,0.308355834232677,421,1892,Meia Praia (beach band)
1031245572964869323,-27.100000381469727,-48.61600112915039,Centro,Brasil,Santa Catarina,Itapema,2023-12-04 19:02:19.120,0.2899873771072351,173,732,Centro
757094479685829275,-27.05973,-48.60235,Ilhota,Brasil,Santa Catarina,Itapema,2024-10-07 19:28:20.453,0.44765982405914695,13,41,Ilhota
757145296838322326,-27.0950202942,-48.6199913025,Varzea,Brasil,Santa Catarina,Itapema,2023-06-26 19:12:30.000,0.7395161611187013,32,672,Varzea
1219584389251803391,-27.121286,-48.608453,Meia Praia,Brasil,Santa Catarina,Itapema,2024-08-19 19:19:18.840,0.2788514001821706,266,1217,Meia Praia (beach band)
1208961418958310878,-27.10182,-48.61413,Centro,Brasil,Santa Catarina,Itapema,2024-10-07 19:58:06.106,0.11081081533699891,159,664,Centro
1221116256456025134,-27.12805,-48.60712,Meia Praia,Brasil,Santa Catarina,Itapema,2024-10-07 19:42:21.374,0.5316214929426237,251,1649,Meia Praia (inland)
1181723518413479765,-27.0929134,-48.6132024,Centro,Brasil,Santa Catarina,Itapema,2024-08-19 19:19:05.478,0.25317114597106954,242,693,Centro
32640607,-27.08815,-48.61466,Casa Branca,Brasil,Santa Catarina,Itapema,2021-10-25 14:40:16.352,0.7006401251010826,88,538,Casa Branca
32970957,-27.08769,-48.61527,Casa Branca,Brasil,Santa Catarina,Itapema,2024-10-07 19:31:55.235,0.7796217718293422,79,507,Casa Branca
15500038,-27.14104,-48.59176,Meia Praia,Brasil,Santa Catarina,Itapema,2021-10-25 14:40:16.352,0.1733525600522941,221,1116,Meia Praia (beach band)
29114516,-27.13934,-48.59179,Meia Praia,Brasil,Santa Catarina,Itapema,2024-10-07 19:17:34.320,0.08685498132512647,279,1256,Meia Praia (beach band)
46407747,-27.14123,-48.5912,Meia Praia,Brasil,Santa Catarina,Itapema,2021-10-25 14:40:16.352,0.15389621807103793,208,1058,Meia Praia (beach band)
30697520,-27.13159,-48.60013,Meia Praia,Brasil,Santa Catarina,Itapema,2024-10-07 19:42:04.184,0.21739254065081154,449,1957,Meia Praia (beach band)
38352359,-27.12851,-48.60123,Meia Praia,Brasil,Santa Catarina,Itapema,2024-10-07 19:42:01.852,0.10408355183615574,327,1845,Meia Praia (beach band)
917248246206573715,-27.12455940246582,-48.60761260986328,Meia Praia,Brasil,Santa Catarina,Itapema,2024-04-08 19:02:04.943,0.35216130232357656,283,1537,Meia Praia (inland)
45843768,-27.141000747680664,-48.59299850463867,Meia Praia,Brasil,Santa Catarina,Itapema,2024-04-08 19:02:04.039,0.2753068547622385,252,1205,Meia Praia (beach band)
21025393,-27.11835,-48.60785,Meia Praia,Brasil,Santa Catarina,Itapema,2024-10-07 19:07:44.291,0.08358385196532683,173,952,Meia Praia (beach band)
31116044,-27.11572,-48.61355,Morretes,Brasil,Santa Catarina,Itapema,2021-10-25 14:40:16.352,0.516941571187306,97,621,Morretes
46936020,-27.11841,-48.60977,Morretes,Brasil,Santa Catarina,Itapema,2024-10-07 19:07:44.291,0.25855228106963063,213,920,Morretes
26895628,-27.13273,-48.59691,Meia Praia,Brasil,Santa Catarina,Itapema,2021-10-25 14:40:16.352,0.06350654668625719,307,1878,Meia Praia (beach band)
28075525,-27.13625,-48.59592,Meia Praia,Brasil,Santa Catarina,Itapema,2024-10-07 19:41:52.968,0.23885868903517082,368,1688,Meia Praia (beach band)
29897264,-27.13501,-48.59857,Meia Praia,Brasil,Santa Catarina,Itapema,2024-10-07 19:47:47.327,0.35252341249653724,407,1919,Meia Praia (inland)
40036539,-27.12459,-48.60741,Meia Praia,Brasil,Santa Catarina,Itapema,2024-10-07 19:42:21.374,0.33765923203168835,300,1535,Meia Praia (beach band)
16730935,-27.13672,-48.60095,Meia Praia,Brasil,Santa Catarina,Itapema,2024-10-07 19:42:01.852,0.6556067638841914,188,1853,Meia Praia (inland)
36557903,-27.09469,-48.61663,Centro,Brasil,Santa Catarina,Itapema,2024-10-07 19:07:44.291,0.44991865953524085,105,742,Centro
29844589,-27.10237,-48.61521,Centro,Brasil,Santa Catarina,Itapema,2021-10-25 14:40:16.352,0.21991588908030896,157,622,Centro
41586617,-27.10045,-48.61519,Centro,Brasil,Santa Catarina,Itapema,2021-10-25 14:40:16.352,0.21106291453971993,180,725,Centro
1230581509934727899,-27.137393143322424,-48.59811541401673,Meia Praia,Brasil,Santa Catarina,Itapema,2024-09-02 19:03:51.822,0.4872569161083699,335,1717,Meia Praia (inland)
1234728757158980090,-27.12547,-48.60636,Meia Praia,Brasil,Santa Catarina,Itapema,2024-09-02 19:03:52.971,0.3060784436166787,388,1612,Meia Praia (beach band)
1225568795560230867,-27.129616496242605,-48.603695333004,Meia Praia,Brasil,Santa Catarina,Itapema,2024-09-02 19:03:52.971,0.37518306753197184,417,1850,Meia Praia (inland)
39742353,-27.1327800751,-48.60131073,Meia Praia,Brasil,Santa Catarina,Itapema,2023-06-26 19:05:39.000,0.3924712417831315,342,1957,Meia Praia (inland)
53143021,-27.132378,-48.597416,Meia Praia,Brasil,Santa Catarina,Itapema,2022-01-11 19:00:58.959,0.07515769727761183,343,1913,Meia Praia (beach band)
47370539,-27.12511,-48.60467,Meia Praia,Brasil,Santa Catarina,Itapema,2024-10-07 19:27:58.761,0.1447149443517505,372,1596,Meia Praia (beach band)
52955273,-27.13823,-48.59799,Meia Praia,Brasil,Santa Catarina,Itapema,2024-10-07 19:17:39.972,0.5359801999667569,294,1611,Meia Praia (inland)
53195241,-27.12357,-48.60636,Meia Praia,Brasil,Santa Catarina,Itapema,2022-01-11 19:12:10.988,0.18769305153291496,355,1489,Meia Praia (beach band)
54121561,-27.13861,-48.59526,Meia Praia,Brasil,Santa Catarina,Itapema,2022-01-11 19:12:10.988,0.34650494344241367,376,1532,Meia Praia (beach band)
44425260,-27.13103,-48.60139,Meia Praia,Brasil,Santa Catarina,Itapema,2024-10-07 19:47:44.648,0.27708912067223435,474,1939,Meia Praia (beach band)
940708826177293135,-27.125,-48.6069984436,Meia Praia,Brasil,Santa Catarina,Itapema,2023-08-14 21:34:12.000,0.3292128984900695,338,1553,Meia Praia (beach band)
16659919,-27.14354,-48.60111,Meia Praia,Brasil,Santa Catarina,Itapema,2021-10-25 14:40:16.352,0.8868519935280003,9,717,Meia Praia (inland)
46107816,-27.06203,-48.59769,Ilhota,Brasil,Santa Catarina,Itapema,2021-10-25 14:40:16.352,0.11845403289976233,9,49,Ilhota
46633406,-27.06417,-48.59495,Ilhota,Brasil,Santa Catarina,Itapema,2021-10-25 14:40:16.352,0.012624813199208983,20,41,Ilhota
47306948,-27.09463,-48.61426,Centro,Brasil,Santa Catarina,Itapema,2024-10-07 19:07:56.566,0.23886222457505396,263,753,Centro
1046519715271612370,-27.08099,-48.61557,Sertaozinho,Brasil,Santa Catarina,Itapema,2024-10-07 19:28:26.575,0.4333380979120551,8,138,Sertaozinho
32155445,-27.13708,-48.59595,Meia Praia,Brasil,Santa Catarina,Itapema,2024-10-07 19:41:52.968,0.297572587587796,382,1629,Meia Praia (beach band)
828082707814771775,-27.13500022888184,-48.59700012207031,Meia Praia,Brasil,Santa Catarina,Itapema,2023-03-02 13:02:00.000,0.23231427873920177,410,1834,Meia Praia (beach band)
628340205412932131,-27.115776,-48.610996,Morretes,Brasil,Santa Catarina,Itapema,2022-07-11 18:11:37.000,0.2747318400199174,163,714,Morretes
626613268590041709,-27.138075,-48.59227,Meia Praia,Brasil,Santa Catarina,Itapema,2022-07-11 18:11:37.000,0.06838674919325469,280,1368,Meia Praia (beach band)
613128893836820705,-27.141479,-48.593758,Meia Praia,Brasil,Santa Catarina,Itapema,2022-07-11 18:11:37.000,0.3661317260681037,217,1211,Meia Praia (inland)
1286915562509742348,-27.094750747579173,-48.61632036256562,Centro,Brasil,Santa Catarina,Itapema,2025-08-04 19:03:42.294,0.41931066528881356,117,746,Centro
53803935,-27.14353,-48.58944,Meia Praia,Brasil,Santa Catarina,Itapema,2022-01-11 15:39:09.073,0.25114307265960356,169,734,Meia Praia (beach band)
53190433,-27.0956,-48.61421,Centro,Brasil,Santa Catarina,Itapema,2024-10-07 19:07:44.291,0.19000933360513525,239,775,Centro
53320899,-27.09679,-48.61487,Centro,Brasil,Santa Catarina,Itapema,2022-01-11 17:08:58.877,0.1951237928583967,186,769,Centro
53903158,-27.1140804291,-48.6089096069,Morretes,Brasil,Santa Catarina,Itapema,2023-06-26 19:11:19.000,0.025219053785795364,66,600,Morretes
38971311,-27.13259,-48.59853,Meia Praia,Brasil,Santa Catarina,Itapema,2021-10-25 14:40:16.352,0.1727240481147291,409,1970,Meia Praia (beach band)
15732070,-27.144,-48.587,Meia Praia,Brasil,Santa Catarina,Itapema,2021-10-25 14:40:16.352,0.021316085071703128,130,550,Meia Praia (beach band)
39197229,-27.1251792908,-48.6062316895,Meia Praia,Brasil,Santa Catarina,Itapema,2023-06-26 19:04:54.000,0.27731260550354436,389,1610,Meia Praia (beach band)
787847078680683474,-27.1060009003,-48.6160011292,Tabuleiro dos Oliveiras,Brasil,Santa Catarina,Itapema,2023-01-19 12:18:27.000,0.3139336118158333,95,425,Tabuleiro dos Oliveiras
784598714032826222,-27.1319999695,-48.6020011902,Meia Praia,Brasil,Santa Catarina,Itapema,2023-01-19 12:18:27.000,0.3884299021519465,380,1938,Meia Praia (inland)
789721918071761297,-27.1240005493,-48.6059989929,Meia Praia,Brasil,Santa Catarina,Itapema,2023-01-19 12:18:27.000,0.18505833496092833,361,1507,Meia Praia (beach band)
963054628265659928,-27.1399993896,-48.5909996033,Meia Praia,Brasil,Santa Catarina,Itapema,2023-09-18 19:06:03.000,0.04830824947967136,228,1134,Meia Praia (beach band)
960841637535061939,-27.1340923309,-48.5986747742,Meia Praia,Brasil,Santa Catarina,Itapema,2023-09-18 19:02:59.000,0.29475264447507915,434,1995,Meia Praia (beach band)
39051477,-27.13168,-48.59845,Meia Praia,Brasil,Santa Catarina,Itapema,2024-10-07 19:42:08.860,0.10014032797416896,382,1959,Meia Praia (beach band)
599368528094352718,-27.136614,-48.596977,Meia Praia,Brasil,Santa Catarina,Itapema,2022-07-11 18:11:37.000,0.34508895970690684,396,1720,Meia Praia (beach band)
778842002947876931,-27.1299991607666,-48.60300064086914,Meia Praia,Brasil,Santa Catarina,Itapema,2023-02-08 15:37:30.000,0.34276858678887695,407,1892,Meia Praia (beach band)
593271297231369439,-27.12067,-48.60756,Meia Praia,Brasil,Santa Catarina,Itapema,2024-10-07 19:27:59.872,0.17167910823724677,253,1179,Meia Praia (beach band)
40814808,-27.1068401337,-48.6160392761,Tabuleiro dos Oliveiras,Brasil,Santa Catarina,Itapema,2023-06-26 19:12:51.000,0.33433414131240174,92,414,Tabuleiro dos Oliveiras
39145712,-27.1154308319,-48.6085090637,Morretes,Brasil,Santa Catarina,Itapema,2023-06-26 19:08:07.000,0.03014868981791801,94,695,Morretes
1262098803619520767,-27.120209713573573,-48.60868155956268,Meia Praia,Brasil,Santa Catarina,Itapema,2024-10-21 19:01:02.732,0.24887306732572714,243,1130,Meia Praia (beach band)
1262383729665263313,-27.13753432713767,-48.59617186256561,Meia Praia,Brasil,Santa Catarina,Itapema,2024-10-21 19:01:21.683,0.3456789921646644,366,1610,Meia Praia (beach band)
52536959,-27.13728,-48.59846,Meia Praia,Brasil,Santa Catarina,Itapema,2021-11-04 16:58:06.799,0.5055012012019513,321,1760,Meia Praia (inland)
1021276108598076840,-27.104999542236328,-48.61299896240234,Centro,Brasil,Santa Catarina,Itapema,2023-11-20 19:01:02.229,0.0011271494067501087,87,449,Centro
1014245162199655907,-27.13800048828125,-48.59199905395508,Meia Praia,Brasil,Santa Catarina,Itapema,2023-11-20 19:01:10.427,0.0409234212377487,263,1351,Meia Praia (beach band)
1011714999685071594,-27.097000122070312,-48.61399841308594,Centro,Brasil,Santa Catarina,Itapema,2023-11-20 19:01:59.738,0.10632102572426273,178,745,Centro
1019756845213291605,-27.10199928283692,-48.61600112915039,Centro,Brasil,Santa Catarina,Itapema,2023-11-20 19:01:02.538,0.29690643480842016,144,628,Centro
1019790042382176128,-27.121000289916992,-48.61800003051758,Morretes,Brasil,Santa Catarina,Itapema,2023-11-20 19:02:22.663,1.122513911962044,32,464,Morretes
1023885231203292759,-27.12700080871582,-48.60499954223633,Meia Praia,Brasil,Santa Catarina,Itapema,2023-11-20 19:02:35.101,0.2946488753890321,393,1706,Meia Praia (beach band)
1005860682746801029,-27.11800003051757,-48.6150016784668,Morretes,Brasil,Santa Catarina,Itapema,2023-11-20 19:01:59.726,0.731201954169575,59,651,Morretes
1293393457367207509,-27.127500294407703,-48.60384243532192,Meia Praia,Brasil,Santa Catarina,Itapema,2024-12-11 17:22:08.335,0.23997656477920068,410,1774,Meia Praia (beach band)
42848487,-27.1347808838,-48.5949211121,Meia Praia,Brasil,Santa Catarina,Itapema,2023-06-26 19:10:57.000,0.058378882889505865,230,1686,Meia Praia (beach band)
52262759,-27.12467,-48.60422,Meia Praia,Brasil,Santa Catarina,Itapema,2024-10-07 19:00:44.362,0.08082895354084492,315,1572,Meia Praia (beach band)
52517585,-27.12715,-48.60129,Meia Praia,Brasil,Santa Catarina,Itapema,2024-10-07 19:07:45.158,0.019404869543439236,225,1745,Meia Praia (beach band)
586021359699432850,-27.130980719970427,-48.59929550439119,Meia Praia,Brasil,Santa Catarina,Itapema,2024-12-16 19:07:53.101,0.11067884512346376,397,1920,Meia Praia (beach band)
1287287626939063617,-27.145807355540622,-48.58965903690469,Meia Praia,Brasil,Santa Catarina,Itapema,2024-12-11 17:22:00.862,0.07361310676309614,87,577,Meia Praia (beach band)
1298562926447923365,-27.13279980120912,-48.59764666613158,Meia Praia,Brasil,Santa Catarina,Itapema,2024-12-16 19:07:53.101,0.12318517141161359,386,1948,Meia Praia (beach band)
1294103150315914686,-27.12899289688548,-48.602188684868,Meia Praia,Brasil,Santa Catarina,Itapema,2024-12-16 19:07:48.599,0.21313931242097653,402,1858,Meia Praia (beach band)
1290750492591348199,-27.12260639404272,-48.60789259843512,Meia Praia,Brasil,Santa Catarina,Itapema,2024-12-16 19:07:48.599,0.2814619491508999,309,1398,Meia Praia (beach band)
1293349860236511246,-27.12231393520922,-48.6064432130387,Meia Praia,Brasil,Santa Catarina,Itapema,2024-12-16 19:06:00.460,0.13600979222943843,305,1386,Meia Praia (beach band)
822673802452481785,-27.14054,-48.59955,Meia Praia,Brasil,Santa Catarina,Itapema,2024-10-07 19:28:27.167,0.8147974332814952,98,1371,Meia Praia (inland)
1316831905020747925,-27.12482039931218,-48.62393293529749,Morretes,Brasil,Santa Catarina,Itapema,2025-01-06 19:20:19.308,1.8316277307719764,10,114,Morretes
1321752049570348832,-27.11981,-48.60691,Meia Praia,Brasil,Santa Catarina,Itapema,2025-01-06 19:20:22.892,0.07226798246991634,196,1109,Meia Praia (beach band)
599113560319545877,-27.13817,-48.59628,Meia Praia,Brasil,Santa Catarina,Itapema,2024-10-07 19:42:44.168,0.3970286804624038,346,1592,Meia Praia (inland)
29055134,-27.1306095123,-48.6033782959,Meia Praia,Brasil,Santa Catarina,Itapema,2023-06-26 19:11:24.000,0.41242670259686964,374,1900,Meia Praia (inland)
1057531933814586873,-27.10386,-48.61332,Centro,Brasil,Santa Catarina,Itapema,2024-10-07 19:42:35.502,0.03361067645969096,119,506,Centro
1053132609735844516,-27.13756,-48.59112,Meia Praia,Brasil,Santa Catarina,Itapema,2024-10-07 19:32:02.125,0.059184420627922694,194,1314,Meia Praia (beach band)
962365194409394436,-27.13793,-48.59967,Meia Praia,Brasil,Santa Catarina,Itapema,2024-10-07 19:28:27.167,0.6439977349383518,241,1743,Meia Praia (inland)
974459023862118567,-27.13404,-48.59686,Meia Praia,Brasil,Santa Catarina,Itapema,2024-10-07 19:47:44.648,0.15325827067707154,366,1857,Meia Praia (beach band)
986091250803335044,-27.08888,-48.6163,Casa Branca,Brasil,Santa Catarina,Itapema,2024-10-07 19:28:20.453,0.7727342045691336,78,552,Casa Branca
1254594428388235935,-27.119298093781197,-48.60825754092139,Meia Praia,Brasil,Santa Catarina,Itapema,2024-10-07 19:58:24.553,0.16643595592457822,223,1050,Meia Praia (beach band)
1233986792217616376,-27.133294965876157,-48.60299125313759,Meia Praia,Brasil,Santa Catarina,Itapema,2024-10-07 19:58:29.955,0.5549179907439385,200,1902,Meia Praia (inland)
1061592792230546703,-27.12288,-48.60791,Meia Praia,Brasil,Santa Catarina,Itapema,2024-10-07 19:41:53.151,0.29434666583032637,306,1420,Meia Praia (beach band)
936332699195593802,-27.12812,-48.60204,Meia Praia,Brasil,Santa Catarina,Itapema,2024-10-07 19:42:01.852,0.1442391672766862,352,1820,Meia Praia (beach band)
980484029651320876,-27.09901,-48.61325,Centro,Brasil,Santa Catarina,Itapema,2024-10-07 19:42:09.970,0.017390297069637156,132,730,Centro
1236383802418159158,-27.10229,-48.61304,Centro,Brasil,Santa Catarina,Itapema,2024-09-30 19:11:59.558,0.01084617789413545,127,619,Centro
813299410711135404,-27.131452,-48.6061084,Meia Praia,Brasil,Santa Catarina,Itapema,2024-09-30 19:11:42.447,0.6879988759204836,202,1741,Meia Praia (inland)
1180630307742034711,-27.132157444607262,-48.60322695225477,Meia Praia,Brasil,Santa Catarina,Itapema,2024-09-30 19:11:59.558,0.4981963307416385,300,1894,Meia Praia (inland)
1186293533585362679,-27.1250095,-48.6058906,Meia Praia,Brasil,Santa Catarina,Itapema,2024-08-19 19:17:39.007,0.23871851911639022,398,1602,Meia Praia (beach band)
888527868742432806,-27.1270008087,-48.6240005493,Morretes,Brasil,Santa Catarina,Itapema,2023-07-31 19:10:40.000,1.9447770809494374,13,108,Morretes
892040904724748513,-27.1280002594,-48.6049995422,Meia Praia,Brasil,Santa Catarina,Itapema,2023-07-31 19:03:35.000,0.3642136640374369,393,1770,Meia Praia (inland)
879719744254656243,-27.0979995728,-48.6139984131,Centro,Brasil,Santa Catarina,Itapema,2023-07-31 19:08:35.000,0.09152125104257586,163,738,Centro
844800658968351642,-27.1430206299,-48.5874023438,Meia Praia,Brasil,Santa Catarina,Itapema,2023-07-31 19:08:57.000,0.06123082962258092,143,621,Meia Praia (beach band)
912678193847993947,-27.1410007477,-48.5950012207,Meia Praia,Brasil,Santa Catarina,Itapema,2023-07-31 19:08:57.000,0.4538375544312928,227,1305,Meia Praia (inland)
839108891025075934,-27.1280002594,-48.6059989929,Meia Praia,Brasil,Santa Catarina,Itapema,2023-04-25 16:25:34.000,0.44156902817162247,322,1721,Meia Praia (inland)
1293400663851682558,-27.1222112,-48.6161871,Morretes,Brasil,Santa Catarina,Itapema,2025-02-17 19:02:43.198,1.0146284967426806,51,703,Morretes
1049417084065072931,-27.11800003051757,-48.61199951171875,Morretes,Brasil,Santa Catarina,Itapema,2024-01-01 19:00:46.177,0.450489367592518,187,819,Morretes
1282087116272475077,-27.0880623,-48.6150258,Casa Branca,Brasil,Santa Catarina,Itapema,2024-11-18 19:03:24.459,0.7334173402203806,83,528,Casa Branca
1287556370209031205,-27.14358754469018,-48.58684904232787,Meia Praia,Brasil,Santa Catarina,Itapema,2024-11-18 19:03:22.515,0.0065058721109671515,125,556,Meia Praia (beach band)
1288631745410289331,-27.095017830295863,-48.61383810329295,Centro,Brasil,Santa Catarina,Itapema,2024-11-18 19:03:39.763,0.18310495952495162,244,758,Centro
1286375776992371752,-27.131711533013508,-48.59851018778371,Meia Praia,Brasil,Santa Catarina,Itapema,2024-11-18 19:03:39.763,0.10672146918897568,390,1962,Meia Praia (beach band)
1286924251843839509,-27.129967110836684,-48.60420763492584,Meia Praia,Brasil,Santa Catarina,Itapema,2024-11-18 19:03:39.763,0.43906561144416345,385,1836,Meia Praia (inland)
1287612441681877437,-27.12266060532308,-48.6066835138928,Meia Praia,Brasil,Santa Catarina,Itapema,2024-11-18 19:03:37.459,0.17248612166050217,332,1405,Meia Praia (beach band)
1281153546154125196,-27.11612495826933,-48.60899604856968,Morretes,Brasil,Santa Catarina,Itapema,2024-11-18 19:06:11.238,0.1005513995331143,136,734,Morretes
1282615576178333475,-27.14214205686605,-48.58941755703064,Meia Praia,Brasil,Santa Catarina,Itapema,2024-11-18 19:06:11.239,0.12698856218419446,172,848,Meia Praia (beach band)
1289222059126849451,-27.12494,-48.60327,Meia Praia,Brasil,Santa Catarina,Itapema,2024-11-18 19:06:11.239,0.019995440219350978,223,1592,Meia Praia (beach band)
1280276766939913444,-27.102142817609483,-48.61355695061439,Centro,Brasil,Santa Catarina,Itapema,2024-11-18 19:08:06.195,0.05574853955921397,142,625,Centro
1288374267745361208,-27.1317305,-48.6121953,Leopoldo Zarling,Brasil,Santa Catarina,Itapema,2024-11-18 19:08:16.383,1.1803219731160852,17,767,Leopoldo Zarling
1057964852411462810,-27.125,-48.62099838256836,Morretes,Brasil,Santa Catarina,Itapema,2024-01-01 19:00:56.946,1.579498857674881,11,169,Morretes
1053019884849497334,-27.132999420166016,-48.5989990234375,Meia Praia,Brasil,Santa Catarina,Itapema,2024-01-01 19:01:13.414,0.23765544182489262,431,1994,Meia Praia (beach band)
1057143386880918828,-27.12668800354004,-48.60620880126953,Meia Praia,Brasil,Santa Catarina,Itapema,2024-01-01 19:01:06.679,0.3693797862413231,361,1662,Meia Praia (inland)
1057161824486456028,-27.13599967956543,-48.59999847412109,Meia Praia,Brasil,Santa Catarina,Itapema,2024-01-01 19:02:42.242,0.5318612524591357,284,1914,Meia Praia (inland)
1055301475132487378,-27.099029541015625,-48.61605072021485,Centro,Brasil,Santa Catarina,Itapema,2024-01-01 19:03:22.117,0.2949201083803079,165,740,Centro
1309581324578515590,-27.096028170818386,-48.6195545643568,Varzea,Brasil,Santa Catarina,Itapema,2024-12-16 19:06:05.258,0.6649338070420404,43,679,Varzea
1306527484021079571,-27.113850726201424,-48.61355501366047,Morretes,Brasil,Santa Catarina,Itapema,2024-12-16 19:06:05.717,0.4540680583076335,43,570,Morretes
1303080996905668831,-27.118473539175547,-48.61580953001976,Morretes,Brasil,Santa Catarina,Itapema,2024-12-16 19:06:01.684,0.8241856226991912,44,615,Morretes
1304420440489036276,-27.11437429170624,-48.61387360056128,Morretes,Brasil,Santa Catarina,Itapema,2024-12-16 19:07:57.822,0.5082294186290162,52,589,Morretes
1303770950784049217,-27.131483,-48.60157,Meia Praia,Brasil,Santa Catarina,Itapema,2024-12-16 19:07:58.676,0.3205503617735228,437,1931,Meia Praia (beach band)
1303694953710431170,-27.1354625,-48.59930259999999,Meia Praia,Brasil,Santa Catarina,Itapema,2024-12-16 19:07:58.676,0.44065456960963834,329,1924,Meia Praia (inland)
1304648120026910544,-27.12295914528737,-48.60838520820345,Meia Praia,Brasil,Santa Catarina,Itapema,2024-12-16 19:07:58.676,0.34118261224331,274,1405,Meia Praia (beach band)
1309702240684831451,-27.09782184284089,-48.6162924193978,Centro,Brasil,Santa Catarina,Itapema,2024-12-16 19:07:56.774,0.3188630687123417,168,739,Centro
1311664447955149186,-27.0966301,-48.6175217,Centro,Brasil,Santa Catarina,Itapema,2024-12-16 19:07:56.774,0.45370764494536164,105,736,Centro
984846668146064982,-27.06100082397461,-48.59999847412109,Ilhota,Brasil,Santa Catarina,Itapema,2023-10-24 16:54:19.614,0.34045535567767704,9,51,Ilhota
994292568172885563,-27.138999938964844,-48.59600067138672,Meia Praia,Brasil,Santa Catarina,Itapema,2023-10-24 16:55:38.401,0.43109094269847625,323,1526,Meia Praia (inland)
983224576066312557,-27.131000518798828,-48.60300064086914,Meia Praia,Brasil,Santa Catarina,Itapema,2023-10-24 16:54:04.765,0.4064584676241531,373,1914,Meia Praia (inland)
973272705231391942,-27.12373352050781,-48.60666275024414,Meia Praia,Brasil,Santa Catarina,Itapema,2023-10-24 16:56:12.196,0.22271789669036932,353,1502,Meia Praia (beach band)
1001366525682248434,-27.13235092163086,-48.605735778808594,Meia Praia,Brasil,Santa Catarina,Itapema,2023-10-24 16:56:10.574,0.7147833312511815,177,1739,Meia Praia (inland)
863210633926045285,-27.13870620727539,-48.591400146484375,Meia Praia,Brasil,Santa Catarina,Itapema,2023-10-24 16:56:31.137,0.021544622902889502,250,1276,Meia Praia (beach band)
985445004274818605,-27.100000381469727,-48.617000579833984,Centro,Brasil,Santa Catarina,Itapema,2023-10-24 16:55:46.486,0.3890314292987615,129,723,Centro
1312148183095765866,-27.1236628996363,-48.60703568905592,Meia Praia,Brasil,Santa Catarina,Itapema,2025-01-06 19:04:35.684,0.25022424449085245,332,1492,Meia Praia (beach band)
1307081277437210476,-27.13122,-48.60517,Meia Praia,Brasil,Santa Catarina,Itapema,2025-01-06 19:04:35.684,0.5968383577622752,255,1799,Meia Praia (inland)
1323329039733622384,-27.14087,-48.59619,Meia Praia,Brasil,Santa Catarina,Itapema,2025-01-06 19:04:23.456,0.5536730883992003,209,1355,Meia Praia (inland)
1313774771710708805,-27.0939717,-48.6318677,Varzea,Brasil,Santa Catarina,Itapema,2025-01-06 19:04:12.240,1.9056362557030555,2,32,Varzea
1323375510168214531,-27.09196,-48.61223,Centro,Brasil,Santa Catarina,Itapema,2025-01-06 19:08:09.860,0.2438902657246105,206,647,Centro
1316907831978027012,-27.14002,-48.59795,Meia Praia,Brasil,Santa Catarina,Itapema,2025-01-06 19:07:54.131,0.6535517376651651,215,1439,Meia Praia (inland)
1315360582920911882,-27.139752888431644,-48.59664069951702,Meia Praia,Brasil,Santa Catarina,Itapema,2025-01-06 19:07:54.131,0.5323391585610975,266,1481,Meia Praia (inland)
1318119519475947447,-27.140365448294837,-48.59713537198687,Meia Praia,Brasil,Santa Catarina,Itapema,2025-01-06 19:07:54.131,0.6126260565002482,223,1430,Meia Praia (inland)
1320977847975808970,-27.12319,-48.60831,Meia Praia,Brasil,Santa Catarina,Itapema,2025-01-06 19:07:54.131,0.34375639911426814,278,1425,Meia Praia (beach band)
1317505783661437142,-27.133107764159845,-48.60223421066796,Meia Praia,Brasil,Santa Catarina,Itapema,2025-01-06 19:07:54.131,0.48503408585327606,254,1935,Meia Praia (inland)
1323103434074226721,-27.13457,-48.60108,Meia Praia,Brasil,Santa Catarina,Itapema,2025-01-06 19:07:54.131,0.5080083589054379,263,1973,Meia Praia (inland)
1314371507074480350,-27.13421443581825,-48.60135716198251,Meia Praia,Brasil,Santa Catarina,Itapema,2025-01-06 19:07:54.131,0.5020961668797461,270,1962,Meia Praia (inland)
1320533330637264303,-27.1441,-48.59013,Meia Praia,Brasil,Santa Catarina,Itapema,2025-01-06 19:07:54.131,0.26009647297990907,147,741,Meia Praia (beach band)
1322388174775746079,-27.1243,-48.60678,Meia Praia,Brasil,Santa Catarina,Itapema,2025-01-06 19:07:54.131,0.26767541126650973,348,1528,Meia Praia (beach band)
1316833704128895795,-27.12517,-48.61823,Morretes,Brasil,Santa Catarina,Itapema,2025-01-06 19:08:08.931,1.3388552973014043,29,271,Morretes
1323262304813246840,-27.12331,-48.61647,Morretes,Brasil,Santa Catarina,Itapema,2025-01-06 19:08:08.931,1.093767271121177,43,651,Morretes
1322470046665746144,-27.082,-48.61398,Sertaozinho,Brasil,Santa Catarina,Itapema,2025-01-06 19:07:57.431,0.3429667742897883,9,172,Sertaozinho
1252350831242327486,-27.093407677589127,-48.614868916984754,Centro,Brasil,Santa Catarina,Itapema,2024-09-30 19:11:58.711,0.3515579741338441,231,719,Centro
1072628338019760295,-27.1259994506836,-48.61100006103516,Morretes,Brasil,Santa Catarina,Itapema,2024-02-12 19:00:40.873,0.7206931801457724,26,1393,Morretes
1069442661178052272,-27.1299991607666,-48.60200119018555,Meia Praia,Brasil,Santa Catarina,Itapema,2024-02-12 19:01:36.622,0.2614967705147959,436,1916,Meia Praia (beach band)
1059720292483100976,-27.12120819091797,-48.60673141479492,Meia Praia,Brasil,Santa Catarina,Itapema,2024-02-12 19:02:30.249,0.11703859011093576,274,1244,Meia Praia (beach band)
1060919690197765692,-27.13880729675293,-48.59673309326172,Meia Praia,Brasil,Santa Catarina,Itapema,2024-02-12 19:02:53.342,0.47575235032179186,309,1541,Meia Praia (inland)
1050048929165275755,-27.13385581970215,-48.607948303222656,Meia Praia,Brasil,Santa Catarina,Itapema,2024-02-12 19:03:15.087,0.9903341923796185,62,1372,Meia Praia (inland)
756343553290237088,-27.091999054,-48.6189994812,Casa Branca,Brasil,Santa Catarina,Itapema,2022-12-06 12:43:34.000,0.7873197349322042,23,642,Casa Branca
42452666,-27.0939998626709,-48.61399841308594,Centro,Brasil,Santa Catarina,Itapema,2024-02-12 19:02:51.605,0.24419192878720083,248,741,Centro
38191694,-27.1297702789,-48.6010818481,Meia Praia,Brasil,Santa Catarina,Itapema,2023-06-26 19:08:13.000,0.1724297124275996,442,1912,Meia Praia (beach band)
29252506,-27.0891,-48.61356,Casa Branca,Brasil,Santa Catarina,Itapema,2024-09-30 19:10:54.358,0.5487847285247746,108,556,Casa Branca
27704027,-27.09789,-48.616,Centro,Brasil,Santa Catarina,Itapema,2024-10-07 19:00:56.552,0.2900485622448484,175,746,Centro
41291609,-27.12157,-48.61048,Morretes,Brasil,Santa Catarina,Itapema,2024-10-07 19:07:49.657,0.4757259800827568,152,1183,Morretes
44192417,-27.13159,-48.60156,Meia Praia,Brasil,Santa Catarina,Itapema,2024-10-07 19:34:42.394,0.3266779144071922,434,1925,Meia Praia (beach band)
764595430991746598,-27.12117,-48.60768,Meia Praia,Brasil,Santa Catarina,Itapema,2024-10-07 19:29:44.123,0.20318821368817006,275,1216,Meia Praia (beach band)
760947613603556887,-27.0871295929,-48.613899231,Alto Sao Bento,Brasil,Santa Catarina,Itapema,2022-12-06 12:43:34.000,0.6961073085854681,80,480,Alto Sao Bento
761359370805598508,-27.10258,-48.61644,Centro,Brasil,Santa Catarina,Itapema,2024-10-07 19:07:49.672,0.3421348689224532,116,567,Centro
753625150680079972,-27.1164245605,-48.6159248352,Morretes,Brasil,Santa Catarina,Itapema,2023-08-14 21:33:30.000,0.7645260243429326,37,551,Morretes
755919144976286654,-27.13104,-48.59792,Meia Praia,Brasil,Santa Catarina,Itapema,2024-10-07 19:41:30.801,0.013776097323689916,312,1882,Meia Praia (beach band)
30254040,-27.09071922302246,-48.61196899414063,Centro,Brasil,Santa Catarina,Itapema,2023-02-08 20:09:52.000,0.31014069517713655,133,597,Centro
54068640,-27.138999938964844,-48.59700012207031,Meia Praia,Brasil,Santa Catarina,Itapema,2023-04-08 16:53:44.000,0.5098031892795616,297,1531,Meia Praia (inland)
46125799,-27.132610321,-48.5995483398,Meia Praia,Brasil,Santa Catarina,Itapema,2023-06-26 19:06:53.000,0.24975370251168,449,2001,Meia Praia (beach band)
39387989,-27.13987922668457,-48.597129821777344,Meia Praia,Brasil,Santa Catarina,Itapema,2023-02-08 20:09:52.000,0.5794572085278716,249,1466,Meia Praia (inland)
754338132668025654,-27.123249054,-48.6074409485,Meia Praia,Brasil,Santa Catarina,Itapema,2023-01-19 12:18:27.000,0.26607582821301534,324,1444,Meia Praia (beach band)
758758164947604865,-27.1369991302,-48.6030006409,Meia Praia,Brasil,Santa Catarina,Itapema,2022-12-06 12:43:34.000,0.8299315938617936,63,1700,Meia Praia (inland)
798475021925579344,-27.12377,-48.61239,Morretes,Brasil,Santa Catarina,Itapema,2024-10-07 19:29:57.806,0.7434580711864515,36,1191,Morretes
780389629228308190,-27.0909996033,-48.6129989624,Centro,Brasil,Santa Catarina,Itapema,2023-01-19 12:18:27.000,0.3699665273245377,183,617,Centro
1031938290013047428,-27.13999938964844,-48.59799957275391,Meia Praia,Brasil,Santa Catarina,Itapema,2023-12-11 19:00:56.853,0.656022443630634,213,1444,Meia Praia (inland)
836836653828097445,-27.131000518798828,-48.5989990234375,Meia Praia,Brasil,Santa Catarina,Itapema,2023-03-24 16:53:47.000,0.0901325235044368,378,1924,Meia Praia (beach band)
811709074422811670,-27.13175,-48.60062,Meia Praia,Brasil,Santa Catarina,Itapema,2024-10-07 19:40:56.731,0.26509654243161995,450,1961,Meia Praia (beach band)
39109062,-27.13907,-48.59437,Meia Praia,Brasil,Santa Catarina,Itapema,2024-10-07 19:35:12.857,0.30411792299338125,389,1458,Meia Praia (beach band)
25109763,-27.1376533099,-48.5928890062,Meia Praia,Brasil,Santa Catarina,Itapema,2022-12-12 15:09:17.000,0.0953365996362924,292,1477,Meia Praia (beach band)
1173260792743932663,-27.14386,-48.58636,Meia Praia,Brasil,Santa Catarina,Itapema,2024-10-07 19:57:53.882,0.04263339999489964,94,504,Meia Praia (beach band)
54344715,-27.09626,-48.61546,Centro,Brasil,Santa Catarina,Itapema,2024-10-07 19:40:52.593,0.2723632719099546,174,765,Centro
54246694,-27.12549,-48.60478,Meia Praia,Brasil,Santa Catarina,Itapema,2024-10-07 19:29:41.644,0.17739152114090195,397,1619,Meia Praia (beach band)
54352601,-27.13149,-48.60127,Meia Praia,Brasil,Santa Catarina,Itapema,2024-10-07 19:40:56.774,0.2965568501678347,445,1920,Meia Praia (beach band)
1165268442212832778,-27.11678761900796,-48.609869685538825,Morretes,Brasil,Santa Catarina,Itapema,2024-12-19 19:35:36.182,0.2066293876590554,184,785,Morretes
746926066559603796,-27.13262,-48.60176,Meia Praia,Brasil,Santa Catarina,Itapema,2024-10-07 19:07:49.687,0.413899593945912,321,1964,Meia Praia (inland)
53841961,-27.13763,-48.59773,Meia Praia,Brasil,Santa Catarina,Itapema,2022-08-15 20:53:40.000,0.47489167567559276,334,1685,Meia Praia (inland)
47385736,-27.05882,-48.60338,Ilhota,Brasil,Santa Catarina,Itapema,2024-10-07 19:30:12.899,0.42657720551032957,9,26,Ilhota
35520112,-27.13269,-48.60625,Meia Praia,Brasil,Santa Catarina,Itapema,2021-10-25 14:40:16.352,0.77818012856083,149,1676,Meia Praia (inland)
51177541,-27.1384,-48.59179,Meia Praia,Brasil,Santa Catarina,Itapema,2024-10-07 19:40:50.231,0.04157805079793037,254,1317,Meia Praia (beach band)
52354467,-27.14266,-48.58799,Meia Praia,Brasil,Santa Catarina,Itapema,2024-10-07 19:40:54.518,0.08701609792832896,147,691,Meia Praia (beach band)
1063718516191302378,-27.098216871741567,-48.61784365028143,Centro,Brasil,Santa Catarina,Itapema,2024-12-19 17:34:55.494,0.47258216695050786,103,723,Centro
949562813539842033,-27.1299991608,-48.6030006409,Meia Praia,Brasil,Santa Catarina,Itapema,2023-08-28 19:03:26.000,0.34276859144278166,407,1892,Meia Praia (beach band)
953508817720867443,-27.1259994507,-48.6170005798,Morretes,Brasil,Santa Catarina,Itapema,2023-08-28 19:03:33.000,1.2595752666805526,28,385,Morretes
1013015809551990146,-27.1259994506836,-48.60699844360352,Meia Praia,Brasil,Santa Catarina,Itapema,2023-11-06 19:02:38.675,0.391382852257386,331,1632,Meia Praia (inland)
1004324051500331631,-27.12215,-48.61143,Morretes,Brasil,Santa Catarina,Itapema,2024-10-07 19:33:35.502,0.5885200477582453,75,1177,Morretes
910815231577364751,-27.12800025939941,-48.60599899291992,Meia Praia,Brasil,Santa Catarina,Itapema,2023-11-06 19:01:01.317,0.4415690297039936,322,1721,Meia Praia (inland)
1272537775161574422,-27.1436971,-48.58786809999999,Meia Praia,Brasil,Santa Catarina,Itapema,2024-11-04 19:05:35.595,0.10788633693745496,157,623,Meia Praia (beach band)
1270459633014415142,-27.13551325696749,-48.5983221084839,Meia Praia,Brasil,Santa Catarina,Itapema,2024-11-04 19:05:42.918,0.3693890394720943,400,1878,Meia Praia (inland)
1268700777743246137,-27.13933314927716,-48.59515223745673,Meia Praia,Brasil,Santa Catarina,Itapema,2024-11-04 19:05:42.918,0.386500968827648,352,1481,Meia Praia (inland)
1268188605720765255,-27.1002802,-48.6147484,Centro,Brasil,Santa Catarina,Itapema,2024-11-04 19:05:42.918,0.1667748491657304,178,732,Centro
1277466598940323678,-27.12699,-48.60658,Meia Praia,Brasil,Santa Catarina,Itapema,2024-11-04 19:05:42.918,0.41881218896528033,339,1658,Meia Praia (inland)
1277624767934070213,-27.12429,-48.60658,Meia Praia,Brasil,Santa Catarina,Itapema,2024-11-04 19:05:47.292,0.25059104088230294,352,1526,Meia Praia (beach band)
1268889705366032062,-27.1262378,-48.6168763,Morretes,Brasil,Santa Catarina,Itapema,2024-11-04 19:06:01.956,1.2579234483430306,30,389,Morretes
1094352618245433600,-27.13828,-48.59301,Meia Praia,Brasil,Santa Catarina,Itapema,2024-10-07 19:40:50.231,0.14471139285660853,325,1417,Meia Praia (beach band)
1097203193949693989,-27.12700080871582,-48.604000091552734,Meia Praia,Brasil,Santa Catarina,Itapema,2024-03-18 19:01:56.966,0.21729964865061133,387,1738,Meia Praia (beach band)
955252501425290239,-27.125,-48.604000091552734,Meia Praia,Brasil,Santa Catarina,Itapema,2024-03-18 19:02:46.656,0.08284270328877984,304,1596,Meia Praia (beach band)
1108135208144452030,-27.06399917602539,-48.595001220703125,Ilhota,Brasil,Santa Catarina,Itapema,2024-03-18 19:01:56.951,0.023316152209092923,20,41,Ilhota
1037004838842410100,-27.12472915649414,-48.60736846923828,Meia Praia,Brasil,Santa Catarina,Itapema,2023-12-18 19:00:48.394,0.342672189057679,312,1545,Meia Praia (beach band)
1156353586623329135,-27.101940155029297,-48.61532211303711,Centro,Brasil,Santa Catarina,Itapema,2024-06-10 19:00:39.308,0.22945609992172405,159,633,Centro
30086402,-27.092309951782227,-48.61774826049805,Casa Branca,Brasil,Santa Catarina,Itapema,2023-02-08 20:47:08.000,0.6606984521747682,33,666,Casa Branca
39814682,-27.124889373779297,-48.60787963867188,Meia Praia,Brasil,Santa Catarina,Itapema,2023-02-09 15:17:56.000,0.39483742771415614,262,1550,Meia Praia (inland)
1014054431960718116,-27.143999099731445,-48.58700180053711,Meia Praia,Brasil,Santa Catarina,Itapema,2023-12-18 19:01:53.136,0.021494749210479194,130,550,Meia Praia (beach band)
1038940330110057251,-27.136573791503903,-48.59624481201172,Meia Praia,Brasil,Santa Catarina,Itapema,2023-12-18 19:02:12.914,0.286528460973418,398,1689,Meia Praia (beach band)
1044027740398185907,-27.11800003051757,-48.61199951171875,Morretes,Brasil,Santa Catarina,Itapema,2023-12-18 19:02:24.810,0.450489367592518,187,819,Morretes
1021763794961945621,-27.12800025939941,-48.60499954223633,Meia Praia,Brasil,Santa Catarina,Itapema,2023-12-18 19:02:12.682,0.36421366684679274,393,1770,Meia Praia (inland)
28071688,-27.12683,-48.60571,Meia Praia,Brasil,Santa Catarina,Itapema,2024-10-07 19:07:49.687,0.33771014427388946,378,1684,Meia Praia (beach band)
1073771138941507010,-27.11927,-48.60847,Meia Praia,Brasil,Santa Catarina,Itapema,2024-10-07 19:40:50.231,0.1840257241750299,235,1048,Meia Praia (beach band)
1087711799677366987,-27.10099983215332,-48.6150016784668,Centro,Brasil,Santa Catarina,Itapema,2024-02-26 19:03:16.758,0.19440284695090532,174,704,Centro
1034253092424551076,-27.1296,-48.60147,Meia Praia,Brasil,Santa Catarina,Itapema,2024-10-07 19:34:42.394,0.192795377534019,435,1902,Meia Praia (beach band)
1031365517462468360,-27.128,-48.60575,Meia Praia,Brasil,Santa Catarina,Itapema,2024-10-07 19:46:45.643,0.422170157739133,344,1733,Meia Praia (inland)
15106253,-27.1308002472,-48.5990982056,Meia Praia,Brasil,Santa Catarina,Itapema,2023-06-26 19:13:42.000,0.08321785230606213,374,1908,Meia Praia (beach band)
47567640,-27.13064,-48.59987,Meia Praia,Brasil,Santa Catarina,Itapema,2021-10-25 14:40:16.352,0.12862860692255726,403,1912,Meia Praia (beach band)
47377244,-27.14198,-48.59266,Meia Praia,Brasil,Santa Catarina,Itapema,2021-10-25 14:40:16.352,0.3101610648679324,184,1104,Meia Praia (beach band)
21078841,-27.12769,-48.60152,Meia Praia,Brasil,Santa Catarina,Itapema,2021-10-25 14:40:16.352,0.07435725247898382,294,1792,Meia Praia (beach band)
29870406,-27.12975,-48.60284,Meia Praia,Brasil,Santa Catarina,Itapema,2021-10-25 14:40:16.352,0.3139208357445562,412,1891,Meia Praia (beach band)
1100991386372756521,-27.14177,-48.59507,Meia Praia,Brasil,Santa Catarina,Itapema,2024-10-07 20:14:44.227,0.49724852355561366,172,1236,Meia Praia (inland)
36452039,-27.12071,-48.60684,Meia Praia,Brasil,Santa Catarina,Itapema,2021-10-25 14:40:16.352,0.10671419258332167,241,1187,Meia Praia (beach band)
46107837,-27.06075,-48.59914,Ilhota,Brasil,Santa Catarina,Itapema,2024-10-07 19:30:12.899,0.25395453515118527,8,51,Ilhota
39810748,-27.13622,-48.59872,Meia Praia,Brasil,Santa Catarina,Itapema,2024-10-07 19:46:45.643,0.45000646256748006,347,1857,Meia Praia (inland)
40635397,-27.13481,-48.59824,Meia Praia,Brasil,Santa Catarina,Itapema,2024-10-07 20:14:44.227,0.31314154921769344,415,1912,Meia Praia (beach band)
41533462,-27.13227,-48.59856,Meia Praia,Brasil,Santa Catarina,Itapema,2024-10-07 19:41:12.390,0.1512165530629545,404,1975,Meia Praia (beach band)
46479624,-27.13575,-48.59617,Meia Praia,Brasil,Santa Catarina,Itapema,2024-10-07 19:40:47.192,0.22236283466010615,367,1728,Meia Praia (beach band)
38998610,-27.14459,-48.60141,Meia Praia,Brasil,Santa Catarina,Itapema,2021-10-25 14:40:16.352,0.8147393415952213,6,494,Meia Praia (inland)
39105862,-27.12979,-48.6083,Meia Praia,Brasil,Santa Catarina,Itapema,2021-10-25 14:40:16.352,0.7439550414425544,102,1554,Meia Praia (inland)
48142165,-27.12313,-48.60534,Meia Praia,Brasil,Santa Catarina,Itapema,2021-10-25 14:40:16.352,0.07681485972713895,312,1461,Meia Praia (beach band)
46970731,-27.13112,-48.60394,Meia Praia,Brasil,Santa Catarina,Itapema,2024-10-07 19:40:56.731,0.4903534041583272,327,1884,Meia Praia (inland)
50795879,-27.13509,-48.59918,Meia Praia,Brasil,Santa Catarina,Itapema,2024-10-07 19:40:56.731,0.4047521311995558,350,1954,Meia Praia (inland)
43601494,-27.09906,-48.61504,Centro,Brasil,Santa Catarina,Itapema,2021-10-25 14:40:16.352,0.19485543458425192,179,747,Centro
1225971691879804463,-27.1210697,-48.60848960000001,Meia Praia,Brasil,Santa Catarina,Itapema,2024-09-02 19:03:40.638,0.27335334003889533,260,1193,Meia Praia (beach band)
1234757378137103445,-27.08701,-48.61264,Alto Sao Bento,Brasil,Santa Catarina,Itapema,2024-10-07 19:41:31.133,0.6071758413286467,72,466,Alto Sao Bento
30951044,-27.08707,-48.61631,Alto Sao Bento,Brasil,Santa Catarina,Itapema,2021-10-25 14:40:16.352,0.8673404851085673,68,469,Alto Sao Bento
42704327,-27.10189,-48.61433,Centro,Brasil,Santa Catarina,Itapema,2024-10-07 19:07:49.672,0.13099184632561184,161,659,Centro
27201205,-27.12546,-48.60328,Meia Praia,Brasil,Santa Catarina,Itapema,2021-10-25 14:40:16.352,0.0546815353796912,255,1633,Meia Praia (beach band)
21426355,-27.12563,-48.60454,Meia Praia,Brasil,Santa Catarina,Itapema,2024-10-07 19:29:41.644,0.16639294658964404,374,1635,Meia Praia (beach band)
27981528,-27.08789,-48.61559,Casa Branca,Brasil,Santa Catarina,Itapema,2024-10-07 19:29:54.319,0.7875481353882465,80,514,Casa Branca
31740594,-27.12664,-48.60598,Meia Praia,Brasil,Santa Catarina,Itapema,2024-10-07 19:29:41.644,0.3477975449744,378,1671,Meia Praia (beach band)
38060727,-27.12486,-48.60425,Meia Praia,Brasil,Santa Catarina,Itapema,2021-10-25 14:40:16.352,0.09465167334584569,327,1585,Meia Praia (beach band)
40666404,-27.08875,-48.61593,Casa Branca,Brasil,Santa Catarina,Itapema,2024-10-07 19:29:54.319,0.753072299643472,82,551,Casa Branca
43379132,-27.1257,-48.60331,Meia Praia,Brasil,Santa Catarina,Itapema,2024-10-07 19:40:56.731,0.07439816790803244,277,1643,Meia Praia (beach band)
53645678,-27.13588,-48.59957,Meia Praia,Brasil,Santa Catarina,Itapema,2024-10-07 19:46:45.643,0.490717858780234,314,1917,Meia Praia (inland)
53105307,-27.1412,-48.5949,Meia Praia,Brasil,Santa Catarina,Itapema,2024-10-07 19:40:56.731,0.45445958603689224,213,1282,Meia Praia (inland)
16644316,-27.13423,-48.5944,Meia Praia,Brasil,Santa Catarina,Itapema,2021-10-25 14:40:16.352,0.02215105339984842,179,1652,Meia Praia (beach band)
1045157338035795486,-27.11923,-48.6104,Morretes,Brasil,Santa Catarina,Itapema,2024-10-07 19:33:35.502,0.35356365793082617,215,977,Morretes
1046398096008427810,-27.08799934387207,-48.6150016784668,Casa Branca,Brasil,Santa Catarina,Itapema,2024-01-01 19:03:45.278,0.7365419155155117,83,520,Casa Branca
29986734,-27.14154,-48.59385,Meia Praia,Brasil,Santa Catarina,Itapema,2021-10-25 14:40:16.352,0.3773336722662426,210,1207,Meia Praia (inland)
40299948,-27.13832,-48.5955,Meia Praia,Brasil,Santa Catarina,Itapema,2024-10-07 19:35:02.869,0.34572072041916424,377,1560,Meia Praia (beach band)
783430732452533853,-27.1259994506836,-48.604000091552734,Meia Praia,Brasil,Santa Catarina,Itapema,2023-03-02 13:02:00.000,0.1476007397830321,359,1670,Meia Praia (beach band)
798631136594423222,-27.1148,-48.61015,Tabuleiro dos Oliveiras,Brasil,Santa Catarina,Itapema,2024-10-07 19:07:49.672,0.16481159491291822,106,647,Tabuleiro dos Oliveiras
803536972183670947,-27.139720916748047,-48.59806823730469,Meia Praia,Brasil,Santa Catarina,Itapema,2023-03-02 13:02:00.000,0.6426351325270881,226,1474,Meia Praia (inland)
552104897649888373,-27.1378,-48.59261,Meia Praia,Brasil,Santa Catarina,Itapema,2024-10-07 19:40:50.231,0.0831406520900691,283,1421,Meia Praia (beach band)
38548630,-27.11461,-48.60837,Morretes,Brasil,Santa Catarina,Itapema,2021-10-25 14:40:16.352,0.011673488233727377,67,633,Morretes
816613605644920543,-27.09456,-48.61248,Centro,Brasil,Santa Catarina,Itapema,2024-10-07 19:00:56.552,0.0828831254837415,209,744,Centro
53240300,-27.1411,-48.59305,Meia Praia,Brasil,Santa Catarina,Itapema,2022-01-11 17:08:58.877,0.2845579716929278,247,1202,Meia Praia (beach band)
53936201,-27.1370506287,-48.5928611755,Meia Praia,Brasil,Santa Catarina,Itapema,2023-06-26 19:05:46.000,0.052252447195329024,256,1492,Meia Praia (beach band)
674566887638611404,-27.1280719,-48.6037175,Meia Praia,Brasil,Santa Catarina,Itapema,2022-08-01 15:25:27.000,0.27010965618360167,425,1808,Meia Praia (beach band)
956676934234107014,-27.1439990997,-48.5880012512,Meia Praia,Brasil,Santa Catarina,Itapema,2023-09-18 19:05:52.000,0.12053860817510119,156,610,Meia Praia (beach band)
22428369,-27.13116,-48.60002,Meia Praia,Brasil,Santa Catarina,Itapema,2024-10-07 19:41:33.310,0.17755848458949175,428,1935,Meia Praia (beach band)
22031263,-27.132,-48.59977,Meia Praia,Brasil,Santa Catarina,Itapema,2024-10-07 19:40:56.731,0.22100254707992353,453,1988,Meia Praia (beach band)
739198477312738969,-27.13826,-48.60263,Meia Praia,Brasil,Santa Catarina,Itapema,2024-10-07 19:29:57.806,0.8932205528508625,59,1599,Meia Praia (inland)
52597268,-27.128639221191406,-48.60728073120117,Meia Praia,Brasil,Santa Catarina,Itapema,2024-02-12 19:00:38.466,0.5850502711814056,230,1648,Meia Praia (inland)
52627650,-27.12237,-48.61066,Morretes,Brasil,Santa Catarina,Itapema,2024-10-07 19:00:56.559,0.5266065397788786,101,1221,Morretes
42013117,-27.12721,-48.60374,Meia Praia,Brasil,Santa Catarina,Itapema,2021-11-04 16:49:43.942,0.21176158431442257,382,1751,Meia Praia (beach band)
1022568413168693137,-27.138999938964844,-48.59400177001953,Meia Praia,Brasil,Santa Catarina,Itapema,2023-11-20 19:01:02.659,0.26776653304284365,389,1436,Meia Praia (beach band)
1023065271121623234,-27.13400077819824,-48.59799957275391,Meia Praia,Brasil,Santa Catarina,Itapema,2023-11-20 19:01:39.168,0.23734538608842734,430,1951,Meia Praia (beach band)
1014537121391808016,-27.09265,-48.61943,Casa Branca,Brasil,Santa Catarina,Itapema,2024-10-07 19:21:44.122,0.7962722128362135,22,642,Casa Branca
1023322932190965616,-27.1201,-48.61306,Morretes,Brasil,Santa Catarina,Itapema,2024-10-07 19:33:35.502,0.6328323314463891,104,904,Morretes
1258884444504804671,-27.126782857378856,-48.60582031402479,Meia Praia,Brasil,Santa Catarina,Itapema,2024-10-21 19:01:06.551,0.343432692353521,380,1675,Meia Praia (beach band)
1249211268837274869,-27.141789868181768,-48.59427444745971,Meia Praia,Brasil,Santa Catarina,Itapema,2024-10-21 19:01:06.551,0.4274789071945011,176,1203,Meia Praia (inland)
1257858606191312796,-27.1274822,-48.6054182,Meia Praia,Brasil,Santa Catarina,Itapema,2024-10-21 19:01:11.718,0.36052856392858595,375,1723,Meia Praia (inland)
1259659982464249183,-27.136649427181595,-48.598419305030426,Meia Praia,Brasil,Santa Catarina,Itapema,2024-10-21 19:01:06.548,0.4575793109465353,348,1812,Meia Praia (inland)
1260829862590826054,-27.12026,-48.61028,Morretes,Brasil,Santa Catarina,Itapema,2024-10-21 19:01:06.548,0.393666886205798,203,1077,Morretes
1258908908552806926,-27.13910082505941,-48.59236156070155,Meia Praia,Brasil,Santa Catarina,Itapema,2024-10-21 19:01:06.548,0.1262610933646469,311,1320,Meia Praia (beach band)
51301217,-27.13153,-48.60304,Meia Praia,Brasil,Santa Catarina,Itapema,2024-10-07 19:40:56.731,0.443207646946691,355,1909,Meia Praia (inland)
1295619045700290262,-27.14073238643451,-48.601082526147366,Meia Praia,Brasil,Santa Catarina,Itapema,2024-12-16 19:06:31.992,0.9484544815307875,45,1270,Meia Praia (inland)
1296646180963052154,-27.08951460211303,-48.61568011343479,Casa Branca,Brasil,Santa Catarina,Itapema,2024-12-16 19:06:16.941,0.6807699986110171,83,589,Casa Branca
1298114543513431789,-27.1204198,-48.6077204,Meia Praia,Brasil,Santa Catarina,Itapema,2024-12-16 19:06:16.562,0.17391238887416768,256,1157,Meia Praia (beach band)
1285806311820946579,-27.13297534127613,-48.60371762009888,Meia Praia,Brasil,Santa Catarina,Itapema,2024-12-16 19:06:37.588,0.5901078383009455,219,1866,Meia Praia (inland)
1294573808914208053,-27.13271,-48.59712,Meia Praia,Brasil,Santa Catarina,Itapema,2024-12-11 17:21:37.685,0.0775154495211454,339,1897,Meia Praia (beach band)
1290151602510667000,-27.116228819854776,-48.61034855246544,Morretes,Brasil,Santa Catarina,Itapema,2024-12-16 19:06:16.562,0.2309124566018097,172,741,Morretes
1292133136651238520,-27.13846,-48.59085,Meia Praia,Brasil,Santa Catarina,Itapema,2024-12-16 19:06:16.562,0.03969526905146245,215,1239,Meia Praia (beach band)
1297215706620685519,-27.091964332680167,-48.6344750225544,Casa Branca,Brasil,Santa Catarina,Itapema,2024-12-16 19:22:24.401,2.2101985751326447,3,20,Casa Branca
1294983267125990606,-27.12715724438078,-48.60484992764477,Meia Praia,Brasil,Santa Catarina,Itapema,2024-12-16 19:05:46.487,0.29418303273781476,398,1719,Meia Praia (beach band)
694063005500099848,-27.13444,-48.59919,Meia Praia,Brasil,Santa Catarina,Itapema,2024-10-07 19:40:56.731,0.3587436587743733,408,1989,Meia Praia (inland)
699403988780642696,-27.1350046681,-48.5946961865,Meia Praia,Brasil,Santa Catarina,Itapema,2022-10-03 13:39:14.000,0.05786139395154486,228,1658,Meia Praia (beach band)
40814978,-27.12392,-48.6092,Meia Praia,Brasil,Santa Catarina,Itapema,2024-10-07 19:41:03.675,0.45562628404481353,170,1434,Meia Praia (inland)
46119574,-27.10264,-48.6141,Centro,Brasil,Santa Catarina,Itapema,2024-10-07 19:41:15.980,0.1103270537464852,155,576,Centro
923059174058516389,-27.12574,-48.60212,Meia Praia,Brasil,Santa Catarina,Itapema,2024-10-07 19:41:18.942,0.01641498989281319,178,1641,Meia Praia (beach band)
1054383289433926274,-27.14016,-48.60039,Meia Praia,Brasil,Santa Catarina,Itapema,2024-10-07 19:29:57.806,0.8553451236603908,77,1405,Meia Praia (inland)
815304864569530906,-27.08904,-48.61713,Casa Branca,Brasil,Santa Catarina,Itapema,2024-10-07 19:29:54.319,0.8260511325366404,65,555,Casa Branca
1046281051880780245,-27.12649,-48.61356,Morretes,Brasil,Santa Catarina,Itapema,2024-10-07 19:29:57.806,0.9687685322158616,25,1067,Morretes
1057962914787354980,-27.13407,-48.59663,Meia Praia,Brasil,Santa Catarina,Itapema,2024-10-07 19:34:41.998,0.1382320210027394,357,1838,Meia Praia (beach band)
1217329665915906267,-27.1277,-48.6037,Meia Praia,Brasil,Santa Catarina,Itapema,2024-10-07 19:41:03.675,0.24295073485496602,409,1789,Meia Praia (beach band)
985042369672942275,-27.12459,-48.60412,Meia Praia,Brasil,Santa Catarina,Itapema,2024-10-07 19:40:52.593,0.06751175620220488,301,1565,Meia Praia (beach band)
1060303363292443230,-27.09672,-48.62558,Varzea,Brasil,Santa Catarina,Itapema,2024-10-07 19:40:52.593,1.2431048980995731,10,151,Varzea
969590132322286465,-27.12949,-48.60206,Meia Praia,Brasil,Santa Catarina,Itapema,2024-10-07 19:40:56.731,0.23415552987427737,404,1882,Meia Praia (beach band)
1171011645823000974,-27.13021,-48.59833,Meia Praia,Brasil,Santa Catarina,Itapema,2024-10-07 19:41:18.942,0.021942976274342274,291,1840,Meia Praia (beach band)
1073738095860409206,-27.12582,-48.60667,Meia Praia,Brasil,Santa Catarina,Itapema,2024-10-07 19:46:17.108,0.35325594351600587,369,1624,Meia Praia (inland)
995677914874740936,-27.07407,-48.61349,Sertaozinho,Brasil,Santa Catarina,Itapema,2024-10-07 19:47:15.685,0.16238092211616906,5,18,Sertaozinho
1064657282412012733,-27.13358,-48.59612,Meia Praia,Brasil,Santa Catarina,Itapema,2024-10-07 20:14:44.227,0.0640495509620575,307,1818,Meia Praia (beach band)
1242885282115776239,-27.12251645460889,-48.60583993457231,Meia Praia,Brasil,Santa Catarina,Itapema,2024-09-30 19:11:23.985,0.08855420342781771,305,1398,Meia Praia (beach band)
1244216647299197138,-27.120397614412006,-48.60678842142639,Meia Praia,Brasil,Santa Catarina,Itapema,2024-09-25 17:56:57.914,0.08978668731364461,229,1163,Meia Praia (beach band)
1241431920371635947,-27.132678041478943,-48.59815519577026,Meia Praia,Brasil,Santa Catarina,Itapema,2024-09-30 19:11:23.985,0.1514532987221291,392,1965,Meia Praia (beach band)
28960506,-27.09769,-48.6137,Centro,Brasil,Santa Catarina,Itapema,2024-10-07 19:07:49.672,0.06275387569749273,148,742,Centro
1194289561715207569,-27.1176873076912,-48.61176351020202,Morretes,Brasil,Santa Catarina,Itapema,2024-08-19 19:17:21.534,0.4168845638750215,191,808,Morretes
1183673550969518157,-27.1337158,-48.6055935,Meia Praia,Brasil,Santa Catarina,Itapema,2024-08-19 19:17:21.534,0.789830173496335,116,1716,Meia Praia (inland)
1187813735726067477,-27.14084058045603,-48.58813175847199,Meia Praia,Brasil,Santa Catarina,Itapema,2024-08-19 19:17:21.534,0.06775220209570489,79,816,Meia Praia (beach band)
1184078920130796920,-27.1166893,-48.6129008,Morretes,Brasil,Santa Catarina,Itapema,2024-08-19 19:17:54.532,0.48648485423621335,146,705,Morretes
1189331897618015345,-27.0936893,-48.6131638,Centro,Brasil,Santa Catarina,Itapema,2024-08-19 19:18:00.247,0.196202185867394,243,727,Centro
1212415662189091963,-27.1180619,-48.6145586,Morretes,Brasil,Santa Catarina,Itapema,2024-08-19 19:18:33.826,0.6920362858770455,78,695,Morretes
1201489814240131016,-27.128551633766097,-48.60543697449848,Meia Praia,Brasil,Santa Catarina,Itapema,2024-08-19 19:18:47.694,0.4366009853901009,376,1779,Meia Praia (inland)
1202112826227726232,-27.12655347017653,-48.606760484069056,Meia Praia,Brasil,Santa Catarina,Itapema,2024-08-15 01:11:51.215,0.4064710162708409,333,1651,Meia Praia (inland)
881204142086821328,-27.1210002899,-48.6090011597,Meia Praia,Brasil,Santa Catarina,Itapema,2023-07-31 19:09:42.000,0.3161818090530893,243,1184,Meia Praia (beach band)
938864231710660230,-27.1439990997,-48.5880012512,Meia Praia,Brasil,Santa Catarina,Itapema,2023-07-31 19:10:47.000,0.12053860817510119,156,610,Meia Praia (beach band)
1321022086036905023,-27.09364,-48.6131,Centro,Brasil,Santa Catarina,Itapema,2025-03-03 19:00:42.761,0.19492607220982078,243,725,Centro
1056410885508086196,-27.082000732421875,-48.61600112915039,Alto Sao Bento,Brasil,Santa Catarina,Itapema,2024-01-01 19:01:13.401,0.5127155300230922,6,162,Alto Sao Bento
827533315826218276,-27.13500022888184,-48.59600067138672,Meia Praia,Brasil,Santa Catarina,Itapema,2024-01-01 19:00:56.249,0.15647094296944372,334,1767,Meia Praia (beach band)
1050436179639408484,-27.1299991607666,-48.60300064086914,Meia Praia,Brasil,Santa Catarina,Itapema,2024-01-01 19:00:47.196,0.34276858678887695,407,1892,Meia Praia (beach band)
1051444662755236628,-27.13381004333496,-48.59881210327149,Meia Praia,Brasil,Santa Catarina,Itapema,2024-01-01 19:02:34.222,0.284124964699777,443,1996,Meia Praia (beach band)
1054265461023254222,-27.12800025939941,-48.60499954223633,Meia Praia,Brasil,Santa Catarina,Itapema,2024-01-01 19:02:42.278,0.36421366684679274,393,1770,Meia Praia (inland)
1057361282873491498,-27.092086791992188,-48.61542892456055,Centro,Brasil,Santa Catarina,Itapema,2024-01-01 19:02:34.375,0.4829195759061017,167,676,Centro
1055164346252405793,-27.13599967956543,-48.59799957275391,Meia Praia,Brasil,Santa Catarina,Itapema,2024-01-01 19:03:39.585,0.37938321246670653,408,1838,Meia Praia (inland)
1055210288032787494,-27.13439559936523,-48.615699768066406,Leopoldo Zarling,Brasil,Santa Catarina,Itapema,2024-01-01 19:03:13.237,1.6367775311113935,9,156,Leopoldo Zarling
1260870179197912734,-27.088153931143,-48.63451194849746,Casa Branca,Brasil,Santa Catarina,Itapema,2024-11-18 19:03:45.705,2.3643734420236795,4,14,Casa Branca
1284017614218114612,-27.13570136856353,-48.613548427820206,Leopoldo Zarling,Brasil,Santa Catarina,Itapema,2024-11-18 19:03:52.504,1.561438726839729,7,224,Leopoldo Zarling
1284726346274976794,-27.13286793096192,-48.60667245180522,Meia Praia,Brasil,Santa Catarina,Itapema,2024-11-18 19:03:18.785,0.8237765830110826,142,1635,Meia Praia (inland)
1287711016779917885,-27.1285926,-48.6081765,Meia Praia,Brasil,Santa Catarina,Itapema,2024-11-18 19:03:18.785,0.6510808507516065,139,1602,Meia Praia (inland)
1286527456481279613,-27.10704369701598,-48.61514628985657,Tabuleiro dos Oliveiras,Brasil,Santa Catarina,Itapema,2024-11-18 19:03:18.785,0.25117917242862947,97,415,Tabuleiro dos Oliveiras
1290181951881707927,-27.141643432553025,-48.59291551982927,Meia Praia,Brasil,Santa Catarina,Itapema,2024-11-18 19:03:38.062,0.30459744043897874,206,1144,Meia Praia (beach band)
1271651870449452940,-27.1322346,-48.60584619999999,Meia Praia,Brasil,Santa Catarina,Itapema,2024-11-18 19:03:38.062,0.7162998044799677,174,1731,Meia Praia (inland)
1285226211884391167,-27.130593780379144,-48.60602754850812,Meia Praia,Brasil,Santa Catarina,Itapema,2024-11-18 19:03:38.062,0.6243739742233407,227,1746,Meia Praia (inland)
1288426896350517271,-27.138477971018037,-48.59410710632801,Meia Praia,Brasil,Santa Catarina,Itapema,2024-11-18 19:03:38.062,0.24674041448418213,379,1504,Meia Praia (beach band)
1281305260723707646,-27.1394564,-48.5983126,Meia Praia,Brasil,Santa Catarina,Itapema,2024-11-18 19:08:14.867,0.6440731631726285,232,1493,Meia Praia (inland)
1304224497885541506,-27.10628655710344,-48.61659217420502,Tabuleiro dos Oliveiras,Brasil,Santa Catarina,Itapema,2024-12-16 19:05:54.302,0.37716458516998946,80,414,Tabuleiro dos Oliveiras
1311167400819391829,-27.14156,-48.59184,Meia Praia,Brasil,Santa Catarina,Itapema,2024-12-16 19:05:57.432,0.22116497606466112,202,1078,Meia Praia (beach band)
1303141680188349098,-27.12244878732672,-48.608836666962254,Meia Praia,Brasil,Santa Catarina,Itapema,2024-12-16 19:05:55.474,0.3618883219885285,262,1325,Meia Praia (inland)
1305851005909610330,-27.13720604110152,-48.60302673796895,Meia Praia,Brasil,Santa Catarina,Itapema,2024-12-16 19:06:31.992,0.8472057780404091,58,1684,Meia Praia (inland)
1294888049767814989,-27.1180619,-48.6145586,Morretes,Brasil,Santa Catarina,Itapema,2024-12-16 19:06:31.992,0.6920362858770455,78,695,Morretes
1307535773934264183,-27.13316661443501,-48.610814586281776,Leopoldo Zarling,Brasil,Santa Catarina,Itapema,2024-12-16 19:06:16.941,1.1735266754805578,26,841,Leopoldo Zarling
1302915484972141963,-27.1317336,-48.6030106,Meia Praia,Brasil,Santa Catarina,Itapema,2024-12-16 19:06:37.588,0.4536727916699702,350,1916,Meia Praia (inland)
1303573690157181526,-27.129047466911103,-48.60265731811524,Meia Praia,Brasil,Santa Catarina,Itapema,2024-12-16 19:06:37.588,0.2544529459426765,404,1853,Meia Praia (beach band)
1302889068864518580,-27.1339374,-48.5970236,Meia Praia,Brasil,Santa Catarina,Itapema,2024-12-16 19:06:37.588,0.1583960646132578,378,1873,Meia Praia (beach band)
1305069739006468111,-27.128930886072578,-48.60657117093795,Meia Praia,Brasil,Santa Catarina,Itapema,2024-12-16 19:06:37.588,0.550493192961836,274,1703,Meia Praia (inland)
1298410358969446170,-27.134231579049796,-48.60264055430889,Meia Praia,Brasil,Santa Catarina,Itapema,2024-12-16 19:06:37.588,0.5983787460857278,168,1887,Meia Praia (inland)
1305688005825332133,-27.119292363254345,-48.611676825439766,Morretes,Brasil,Santa Catarina,Itapema,2024-12-16 19:06:37.588,0.4706351017701723,166,931,Morretes
1310891711408211450,-27.1217766,-48.6086083,Meia Praia,Brasil,Santa Catarina,Itapema,2024-12-16 19:06:37.588,0.3133196166169992,282,1265,Meia Praia (beach band)
1299141322658958069,-27.145496110321503,-48.58907016793513,Meia Praia,Brasil,Santa Catarina,Itapema,2024-12-16 19:06:33.009,0.07276357332970236,109,575,Meia Praia (beach band)
1303037995885447859,-27.140233918952084,-48.59228240450834,Meia Praia,Brasil,Santa Catarina,Itapema,2024-12-16 19:07:33.666,0.17419942114164128,280,1230,Meia Praia (beach band)
1298060332962663411,-27.09345,-48.61282,Centro,Brasil,Santa Catarina,Itapema,2024-12-16 19:07:33.666,0.18656902792117772,239,711,Centro
994303225569719796,-27.12700080871582,-48.604000091552734,Meia Praia,Brasil,Santa Catarina,Itapema,2023-10-24 16:54:12.731,0.21729964865061133,387,1738,Meia Praia (beach band)
988662267344953993,-27.12800025939941,-48.60100173950195,Meia Praia,Brasil,Santa Catarina,Itapema,2023-10-24 16:55:47.118,0.05397193919424794,298,1811,Meia Praia (beach band)
994915642333796667,-27.131000518798828,-48.60499954223633,Meia Praia,Brasil,Santa Catarina,Itapema,2023-10-24 16:54:13.473,0.5691198829743356,284,1808,Meia Praia (inland)
994915784710952535,-27.131000518798828,-48.60499954223633,Meia Praia,Brasil,Santa Catarina,Itapema,2023-10-24 16:54:24.210,0.5691198829743356,284,1808,Meia Praia (inland)
936216057908307884,-27.121000289916992,-48.617000579833984,Morretes,Brasil,Santa Catarina,Itapema,2023-10-24 16:56:13.128,1.0306048829754506,44,569,Morretes
988209846458628227,-27.114999771118164,-48.60900115966797,Morretes,Brasil,Santa Catarina,Itapema,2023-10-24 16:56:11.767,0.061202511040595146,96,671,Morretes
1310761836598013860,-27.1016720189088,-48.632949883089815,Tabuleiro dos Oliveiras,Brasil,Santa Catarina,Itapema,2025-01-06 19:06:07.443,1.9744340263983622,4,16,Tabuleiro dos Oliveiras
1321969665885525873,-27.13924,-48.59505,Meia Praia,Brasil,Santa Catarina,Itapema,2025-01-06 19:06:09.487,0.3723148263212271,353,1495,Meia Praia (inland)
1318155894441200282,-27.121160971198567,-48.608962932235045,Meia Praia,Brasil,Santa Catarina,Itapema,2025-01-06 19:06:09.487,0.3208022428589264,242,1186,Meia Praia (beach band)
1303472761237083371,-27.125033244574546,-48.607022051226366,Meia Praia,Brasil,Santa Catarina,Itapema,2025-01-06 19:06:09.487,0.33318774911631854,329,1555,Meia Praia (beach band)
1320519261645360825,-27.14392,-48.5894,Meia Praia,Brasil,Santa Catarina,Itapema,2025-01-06 19:06:28.932,0.23882417579800078,166,706,Meia Praia (beach band)
1298697184193258929,-27.140622034466848,-48.59667991673233,Meia Praia,Brasil,Santa Catarina,Itapema,2025-01-06 19:06:27.980,0.5853003591990568,227,1389,Meia Praia (inland)
1318373666373260125,-27.1306402,-48.5988105,Meia Praia,Brasil,Santa Catarina,Itapema,2025-01-06 19:06:29.566,0.049598889290863465,353,1891,Meia Praia (beach band)
1314645874904397464,-27.08368,-48.61869,Alto Sao Bento,Brasil,Santa Catarina,Itapema,2025-01-06 19:06:29.566,0.8355878482075907,10,182,Alto Sao Bento
1312957646658225653,-27.090361533284383,-48.60770150048216,Canto da Praia,Brasil,Santa Catarina,Itapema,2025-01-06 19:06:16.760,0.10695260496197309,34,457,Canto da Praia
1318319689668160068,-27.141602964774417,-48.58855928616092,Meia Praia,Brasil,Santa Catarina,Itapema,2025-01-06 19:07:00.574,0.027501631287657254,134,808,Meia Praia (beach band)
1313795256370645827,-27.13431104116238,-48.60734739678444,Meia Praia,Brasil,Santa Catarina,Itapema,2025-01-06 19:08:06.487,0.9703647730146233,67,1419,Meia Praia (inland)
1316053057404845789,-27.103604,-48.6177694,Tabuleiro dos Oliveiras,Brasil,Santa Catarina,Itapema,2025-01-06 19:08:05.593,0.47386936586406725,49,514,Tabuleiro dos Oliveiras
1315102040028552140,-27.1292631,-48.607198,Meia Praia,Brasil,Santa Catarina,Itapema,2025-01-06 19:08:05.593,0.6220818093467758,213,1649,Meia Praia (inland)
1321663743479638993,-27.09646,-48.62033,Varzea,Brasil,Santa Catarina,Itapema,2025-01-06 19:08:05.593,0.7300859354085762,42,642,Varzea
1014765839935821941,-27.14038,-48.59737,Meia Praia,Brasil,Santa Catarina,Itapema,2024-09-30 19:11:13.764,0.6321459113337803,216,1425,Meia Praia (inland)
1252081873768049454,-27.1306531,-48.6015434,Meia Praia,Brasil,Santa Catarina,Itapema,2024-09-30 19:11:23.985,0.26592887829800793,478,1934,Meia Praia (beach band)
1246519122613872366,-27.102541967739143,-48.61376501619816,Centro,Brasil,Santa Catarina,Itapema,2024-09-30 19:11:23.985,0.07731115011617241,154,617,Centro
803403468437987911,-27.12800025939941,-48.617000579833984,Morretes,Brasil,Santa Catarina,Itapema,2024-02-12 19:01:42.202,1.3487888633856253,26,268,Morretes
1062221285605590578,-27.09584045410156,-48.618141174316406,Centro,Brasil,Santa Catarina,Itapema,2024-02-12 19:02:51.058,0.5359901487714748,71,723,Centro
728052516779618527,-27.145000457763672,-48.59000015258789,Meia Praia,Brasil,Santa Catarina,Itapema,2024-02-12 19:02:53.342,0.16832721797741626,113,666,Meia Praia (beach band)
1059617467133711457,-27.11899948120117,-48.61000061035156,Morretes,Brasil,Santa Catarina,Itapema,2024-02-12 19:03:13.858,0.3067118892498053,224,974,Morretes
1061599547963993327,-27.0939998626709,-48.61199951171875,Centro,Brasil,Santa Catarina,Itapema,2024-02-12 19:03:15.785,0.08499841088492234,199,729,Centro
37394362,-27.123390197753903,-48.63605880737305,Sertao do Trombudo,Brasil,Santa Catarina,Itapema,2023-02-09 15:17:56.000,2.899058748504536,0,8,Sertao do Trombudo
46530405,-27.11400032043457,-48.61000061035156,Morretes,Brasil,Santa Catarina,Itapema,2023-02-09 17:50:40.000,0.12754626184491633,83,598,Morretes
37687728,-27.1355304718,-48.6024589539,Meia Praia,Brasil,Santa Catarina,Itapema,2023-06-26 19:07:18.000,0.6811309815559666,138,1857,Meia Praia (inland)
37091958,-27.13882064819336,-48.59709167480469,Meia Praia,Brasil,Santa Catarina,Itapema,2023-02-09 15:17:56.000,0.5050040227592267,300,1541,Meia Praia (inland)
746451645715267085,-27.1308307648,-48.6016616821,Meia Praia,Brasil,Santa Catarina,Itapema,2022-12-06 12:43:34.000,0.2865921024424947,473,1938,Meia Praia (beach band)
765288498172786471,-27.117729187,-48.6134910583,Morretes,Brasil,Santa Catarina,Itapema,2023-06-26 19:14:14.000,0.5799485644437664,129,735,Morretes
759946792186410316,-27.09052,-48.61632,Casa Branca,Brasil,Santa Catarina,Itapema,2024-10-07 19:12:58.039,0.6606165394102328,66,624,Casa Branca
784768505899236022,-27.1270008087,-48.6059989929,Meia Praia,Brasil,Santa Catarina,Itapema,2023-01-19 12:18:27.000,0.3720275488503985,361,1677,Meia Praia (inland)
809618994803892975,-27.131139755249023,-48.60721969604492,Meia Praia,Brasil,Santa Catarina,Itapema,2023-03-02 13:02:00.000,0.7545767807416087,156,1642,Meia Praia (inland)
837547626347040579,-27.12800025939941,-48.60499954223633,Meia Praia,Brasil,Santa Catarina,Itapema,2023-03-24 16:53:47.000,0.36421366684679274,393,1770,Meia Praia (inland)
841215998174695163,-27.131999969482425,-48.59700012207031,Meia Praia,Brasil,Santa Catarina,Itapema,2023-04-08 16:53:44.000,0.021061041436275726,293,1872,Meia Praia (beach band)
601592861131264636,-27.127855,-48.605808,Meia Praia,Brasil,Santa Catarina,Itapema,2022-07-11 18:11:37.000,0.41671799542475896,339,1726,Meia Praia (inland)
41551599,-27.116519928,-48.6085090637,Morretes,Brasil,Santa Catarina,Itapema,2023-06-26 19:11:16.000,0.07024997071706404,119,779,Morretes
557836705402909460,-27.10046,-48.61369,Centro,Brasil,Santa Catarina,Itapema,2024-10-07 19:01:22.140,0.0626985549630753,165,722,Centro
1034033746121638592,-27.140544891357425,-48.59516525268555,Meia Praia,Brasil,Santa Catarina,Itapema,2023-12-11 19:00:56.853,0.4463708001058327,266,1357,Meia Praia (inland)
802357806571870530,-27.13975,-48.5954,Meia Praia,Brasil,Santa Catarina,Itapema,2024-10-07 19:38:29.238,0.428891402620985,312,1450,Meia Praia (inland)
812846736460340062,-27.13599967956543,-48.60100173950195,Meia Praia,Brasil,Santa Catarina,Itapema,2023-04-08 16:53:44.000,0.6080183470935322,226,1908,Meia Praia (inland)
817864674334774461,-27.1174602509,-48.6136016846,Morretes,Brasil,Santa Catarina,Itapema,2023-06-26 19:13:39.000,0.5804410107522868,116,715,Morretes
720383944790760874,-27.104999542236328,-48.61299896240234,Centro,Brasil,Santa Catarina,Itapema,2024-02-12 19:01:24.013,0.0011271494067501087,87,449,Centro
19111244,-27.124000549316406,-48.60499954223633,Meia Praia,Brasil,Santa Catarina,Itapema,2023-02-09 15:17:56.000,0.10332474040634182,338,1524,Meia Praia (beach band)
53133732,-27.13867,-48.59181,Meia Praia,Brasil,Santa Catarina,Itapema,2024-10-07 19:38:36.247,0.056516625794041556,272,1307,Meia Praia (beach band)
46677384,-27.12718,-48.60174,Meia Praia,Brasil,Santa Catarina,Itapema,2024-11-18 19:07:23.132,0.055953441178772205,249,1754,Meia Praia (beach band)
54370587,-27.13932,-48.59769,Meia Praia,Brasil,Santa Catarina,Itapema,2024-10-07 19:39:09.726,0.5858443880247957,263,1508,Meia Praia (inland)
54067586,-27.14567,-48.58924,Meia Praia,Brasil,Santa Catarina,Itapema,2022-03-02 13:09:51.744,0.06494841267501544,98,568,Meia Praia (beach band)
742505084037069302,-27.1335605299,-48.6010312289,Meia Praia,Brasil,Santa Catarina,Itapema,2022-11-08 18:24:34.000,0.42955280701940546,332,1976,Meia Praia (inland)
613221032690703355,-27.14196,-48.58879,Meia Praia,Brasil,Santa Catarina,Itapema,2024-10-07 19:03:06.018,0.07329213053918857,149,800,Meia Praia (beach band)
710148129777546948,-27.1262357,-48.6043975,Meia Praia,Brasil,Santa Catarina,Itapema,2022-10-03 13:39:14.000,0.194896107474455,380,1685,Meia Praia (beach band)
5443557,-27.08924,-48.59807,Canto da Praia,Brasil,Santa Catarina,Itapema,2021-10-25 14:40:16.352,0.6668416444945738,2,27,Canto da Praia
41350901,-27.0987,-48.61503,Centro,Brasil,Santa Catarina,Itapema,2024-10-07 19:01:22.556,0.19406947600111424,175,742,Centro
50480389,-27.12029,-48.6089,Meia Praia,Brasil,Santa Catarina,Itapema,2024-10-07 19:01:22.140,0.2722291234180852,247,1129,Meia Praia (beach band)
51405106,-27.141209,-48.592384,Meia Praia,Brasil,Santa Catarina,Itapema,2021-10-25 14:40:16.352,0.2335429457002009,221,1149,Meia Praia (beach band)
51861410,-27.09874,-48.62054,Varzea,Brasil,Santa Catarina,Itapema,2024-10-07 19:01:22.556,0.7398127701092558,27,649,Varzea
1124052077567202180,-27.11599922180176,-48.608001708984375,Morretes,Brasil,Santa Catarina,Itapema,2024-04-22 19:01:16.327,0.003086051460914484,90,723,Morretes
1130321847856689061,-27.100000381469727,-48.61600112915039,Centro,Brasil,Santa Catarina,Itapema,2024-04-22 19:01:14.985,0.2899873771072351,173,732,Centro
1002178994566123489,-27.10682,-48.61696,Tabuleiro dos Oliveiras,Brasil,Santa Catarina,Itapema,2024-10-07 19:24:19.252,0.42358363414945865,67,397,Tabuleiro dos Oliveiras
1011115904222911872,-27.13500022888184,-48.59999847412109,Meia Praia,Brasil,Santa Catarina,Itapema,2023-11-06 19:01:02.082,0.4598199839134688,319,1973,Meia Praia (inland)
1004353684494328431,-27.10559,-48.61483,Centro,Brasil,Santa Catarina,Itapema,2024-10-07 19:34:43.605,0.1916064048642797,124,442,Centro
1010979576759779598,-27.13521,-48.5973,Meia Praia,Brasil,Santa Catarina,Itapema,2024-10-07 20:14:37.940,0.27003039830148085,428,1840,Meia Praia (beach band)
1274893831604199444,-27.11900322481771,-48.61363258212805,Morretes,Brasil,Santa Catarina,Itapema,2024-11-04 19:04:18.958,0.6402005897086603,107,809,Morretes
1269069420492148422,-27.1206442,-48.6080371,Meia Praia,Brasil,Santa Catarina,Itapema,2024-11-04 19:04:15.312,0.21288977511563917,262,1169,Meia Praia (beach band)
47921866,-27.10716,-48.61731,Tabuleiro dos Oliveiras,Brasil,Santa Catarina,Itapema,2024-11-04 19:05:23.081,0.46442242868353095,66,382,Tabuleiro dos Oliveiras
1277863717185313641,-27.127904341256265,-48.6065723374486,Meia Praia,Brasil,Santa Catarina,Itapema,2024-11-04 19:05:52.996,0.4790661233964396,290,1670,Meia Praia (inland)
1268082071847685551,-27.12996680393732,-48.60692538321018,Meia Praia,Brasil,Santa Catarina,Itapema,2024-11-04 19:05:53.007,0.650115299723954,203,1688,Meia Praia (inland)
1268008861497073326,-27.1344314768172,-48.607690982319646,Meia Praia,Brasil,Santa Catarina,Itapema,2024-11-04 19:05:52.979,1.0059960743838139,54,1350,Meia Praia (inland)
1094357489158599823,-27.10099983215332,-48.6150016784668,Centro,Brasil,Santa Catarina,Itapema,2024-03-18 19:01:15.506,0.19440284695090532,174,704,Centro
1088677585197194975,-27.13782,-48.59719,Meia Praia,Brasil,Santa Catarina,Itapema,2024-10-07 19:42:55.705,0.4451200798874598,346,1622,Meia Praia (inland)
1094272561864520505,-27.13155,-48.59685,Meia Praia,Brasil,Santa Catarina,Itapema,2024-10-07 19:38:53.850,0.03099834467706506,252,1824,Meia Praia (beach band)
1042620911141302538,-27.13056373596192,-48.60342025756836,Meia Praia,Brasil,Santa Catarina,Itapema,2023-12-18 19:00:48.035,0.4127778612297294,374,1898,Meia Praia (inland)
893568015283925281,-27.128999710083008,-48.60300064086914,Meia Praia,Brasil,Santa Catarina,Itapema,2023-12-18 19:00:48.035,0.27926376034801687,420,1847,Meia Praia (beach band)
1036307863666955691,-27.12503,-48.60568,Meia Praia,Brasil,Santa Catarina,Itapema,2024-10-07 19:38:54.911,0.22300855173032957,404,1600,Meia Praia (beach band)
1150663639430720811,-27.09924697875977,-48.66191482543945,Areal,Brasil,Santa Catarina,Itapema,2024-05-20 19:01:05.486,4.839968144822655,2,3,Areal
685453809891549636,-27.1438299104,-48.5885442048,Meia Praia,Brasil,Santa Catarina,Itapema,2022-08-15 20:53:40.000,0.17437623974486927,163,663,Meia Praia (beach band)
1043550848245840713,-27.09431,-48.61668,Centro,Brasil,Santa Catarina,Itapema,2024-10-07 19:12:58.039,0.47187493469908054,101,735,Centro
1041532890691006495,-27.13800048828125,-48.59299850463867,Meia Praia,Brasil,Santa Catarina,Itapema,2023-12-18 19:00:48.980,0.12761907483996499,316,1448,Meia Praia (beach band)
42427771,-27.09242,-48.61554,Centro,Brasil,Santa Catarina,Itapema,2024-10-07 19:12:58.039,0.46846919036816476,175,679,Centro
1038373281586080429,-27.13139915466309,-48.59684371948242,Meia Praia,Brasil,Santa Catarina,Itapema,2023-12-18 19:01:54.204,0.04078568275781258,230,1820,Meia Praia (beach band)
1040557526311926033,-27.11400032043457,-48.61000061035156,Morretes,Brasil,Santa Catarina,Itapema,2023-12-18 19:01:54.204,0.12754626184491633,83,598,Morretes
1082746592587689161,-27.10756492614746,-48.6148796081543,Tabuleiro dos Oliveiras,Brasil,Santa Catarina,Itapema,2024-02-26 19:02:18.202,0.23550935891610325,92,422,Tabuleiro dos Oliveiras
1092843074590526105,-27.1259994506836,-48.604000091552734,Meia Praia,Brasil,Santa Catarina,Itapema,2024-02-26 19:02:18.218,0.1476007397830321,359,1670,Meia Praia (beach band)
1034921048830735500,-27.13088,-48.60632,Meia Praia,Brasil,Santa Catarina,Itapema,2024-10-07 19:38:36.634,0.6668676788535367,205,1723,Meia Praia (inland)
1026336457624553804,-27.12943649291992,-48.60376739501953,Meia Praia,Brasil,Santa Catarina,Itapema,2023-12-04 19:02:36.560,0.36896421853124506,424,1847,Meia Praia (inland)
1034687416607074951,-27.12700080871582,-48.60599899291992,Meia Praia,Brasil,Santa Catarina,Itapema,2023-12-04 19:02:21.735,0.3720275514863809,361,1677,Meia Praia (inland)
23214098,-27.1290893555,-48.5998191833,Meia Praia,Brasil,Santa Catarina,Itapema,2023-06-26 19:07:14.000,0.026667802841052,297,1863,Meia Praia (beach band)
1068291825776382789,-27.12512,-48.60602,Meia Praia,Brasil,Santa Catarina,Itapema,2024-10-07 19:34:10.119,0.2562621560610389,397,1609,Meia Praia (beach band)
798418210975890259,-27.13314,-48.60109,Meia Praia,Brasil,Santa Catarina,Itapema,2024-10-07 19:38:33.242,0.4028817063551227,338,1988,Meia Praia (inland)
31115702,-27.13937,-48.59383,Meia Praia,Brasil,Santa Catarina,Itapema,2024-10-07 19:34:08.649,0.27052528064383335,384,1386,Meia Praia (beach band)
20740151,-27.13196,-48.59937,Meia Praia,Brasil,Santa Catarina,Itapema,2021-10-25 14:40:16.352,0.1881874512693039,436,1984,Meia Praia (beach band)
47117373,-27.13014,-48.59957,Meia Praia,Brasil,Santa Catarina,Itapema,2021-10-25 14:40:16.352,0.07255684691406805,357,1880,Meia Praia (beach band)
15754075,-27.13747,-48.59243,Meia Praia,Brasil,Santa Catarina,Itapema,2021-10-25 14:40:16.352,0.046438307788929684,260,1439,Meia Praia (beach band)
22421606,-27.11525,-48.61363,Morretes,Brasil,Santa Catarina,Itapema,2024-10-07 19:01:22.140,0.5106832789966993,81,606,Morretes
22421937,-27.116,-48.61396,Morretes,Brasil,Santa Catarina,Itapema,2021-10-25 14:40:16.352,0.564288546966111,89,621,Morretes
30855028,-27.10211,-48.61466,Centro,Brasil,Santa Catarina,Itapema,2021-10-25 14:40:16.352,0.16445905786124485,161,631,Centro
47195399,-27.10361,-48.61433,Centro,Brasil,Santa Catarina,Itapema,2024-10-07 19:38:53.322,0.13303446975743508,148,528,Centro
39059902,-27.1259,-48.60931,Meia Praia,Brasil,Santa Catarina,Itapema,2024-10-07 19:03:06.001,0.5750659497516877,110,1495,Meia Praia (inland)
41532894,-27.12496,-48.60491,Meia Praia,Brasil,Santa Catarina,Itapema,2021-10-25 14:40:16.352,0.15509606281134866,390,1584,Meia Praia (beach band)
1230676911873998807,-27.134533142031643,-48.59530075396726,Meia Praia,Brasil,Santa Catarina,Itapema,2024-09-02 19:03:40.117,0.06992192104638262,256,1727,Meia Praia (beach band)
1230649714487579642,-27.141081387180662,-48.592024470639046,Meia Praia,Brasil,Santa Catarina,Itapema,2024-09-02 19:03:39.641,0.1964413794512498,218,1128,Meia Praia (beach band)
30962064,-27.11142,-48.6106,Morretes,Brasil,Santa Catarina,Itapema,2024-10-07 19:30:13.631,0.06524779123953474,30,498,Morretes
43468529,-27.10512,-48.6136,Centro,Brasil,Santa Catarina,Itapema,2021-10-25 14:40:16.352,0.06214072631656314,100,451,Centro
31481283,-27.12449,-48.6041,Meia Praia,Brasil,Santa Catarina,Itapema,2021-10-25 14:40:16.352,0.05928035211076097,291,1563,Meia Praia (beach band)
31984654,-27.1379,-48.60037,Meia Praia,Brasil,Santa Catarina,Itapema,2022-01-11 19:06:34.950,0.6953449155220639,190,1753,Meia Praia (inland)
53445765,-27.13015,-48.60173,Meia Praia,Brasil,Santa Catarina,Itapema,2024-10-07 19:38:32.952,0.24908254694316392,460,1910,Meia Praia (beach band)
1318358305368197236,-27.13953,-48.60156,Meia Praia,Brasil,Santa Catarina,Itapema,2025-02-17 19:02:33.635,0.901871656991058,62,1462,Meia Praia (inland)
39589039,-27.1415195465,-48.5961799622,Meia Praia,Brasil,Santa Catarina,Itapema,2023-06-26 19:11:11.000,0.5841458901393196,169,1293,Meia Praia (inland)
6569062,-27.14416,-48.58828,Meia Praia,Brasil,Santa Catarina,Itapema,2024-10-07 19:30:49.918,0.1482290476573018,158,625,Meia Praia (beach band)
30332330,-27.09807,-48.61547,Centro,Brasil,Santa Catarina,Itapema,2021-10-25 14:40:16.352,0.23748115681703652,179,741,Centro
47783121,-27.09734,-48.61534,Centro,Brasil,Santa Catarina,Itapema,2021-10-25 14:40:16.352,0.22632874867158867,180,752,Centro
41143904,-27.09709,-48.61863,Tabuleiro dos Oliveiras,Brasil,Santa Catarina,Itapema,2021-10-25 14:40:16.352,0.5534242542697478,64,702,Tabuleiro dos Oliveiras
1045916135727198441,-27.13656616210937,-48.59341430664063,Meia Praia,Brasil,Santa Catarina,Itapema,2024-01-01 19:03:13.523,0.06302757319455196,270,1552,Meia Praia (beach band)
1046376716927714308,-27.121000289916992,-48.61399841308594,Morretes,Brasil,Santa Catarina,Itapema,2024-01-01 19:01:11.487,0.7605102066015964,62,892,Morretes
1046548115446024729,-27.12800025939941,-48.604000091552734,Meia Praia,Brasil,Santa Catarina,Itapema,2024-01-01 19:03:39.585,0.2868931840862775,422,1795,Meia Praia (beach band)
46918524,-27.13929,-48.59672,Meia Praia,Brasil,Santa Catarina,Itapema,2025-01-06 19:01:31.845,0.5073965044621057,288,1509,Meia Praia (inland)
16762897,-27.0957794189,-48.6143989563,Centro,Brasil,Santa Catarina,Itapema,2023-06-26 19:07:16.000,0.19874369708785322,218,778,Centro
807898347637042057,-27.11599922180176,-48.60900115966797,Morretes,Brasil,Santa Catarina,Itapema,2023-03-02 13:02:00.000,0.09689753025009179,134,726,Morretes
30910938,-27.12907,-48.60141,Meia Praia,Brasil,Santa Catarina,Itapema,2021-10-25 14:40:16.352,0.15462500130324164,375,1877,Meia Praia (beach band)
26026295,-27.12726,-48.60148,Meia Praia,Brasil,Santa Catarina,Itapema,2024-10-07 19:01:22.556,0.04077036355988397,239,1753,Meia Praia (beach band)
45822839,-27.14504,-48.5876,Meia Praia,Brasil,Santa Catarina,Itapema,2024-10-07 19:38:31.601,0.04101454943882902,119,515,Meia Praia (beach band)
806702099486447309,-27.13599967956543,-48.595001220703125,Meia Praia,Brasil,Santa Catarina,Itapema,2023-03-02 13:02:00.000,0.14978691462455035,326,1629,Meia Praia (beach band)
557386903732882183,-27.13484,-48.59793,Meia Praia,Brasil,Santa Catarina,Itapema,2024-10-07 20:14:37.940,0.29166496720097473,418,1890,Meia Praia (beach band)
54020562,-27.08848,-48.61129,Centro,Brasil,Santa Catarina,Itapema,2024-10-07 19:30:06.838,0.4712046697523185,56,503,Centro
54078098,-27.10289,-48.61318,Centro,Brasil,Santa Catarina,Itapema,2024-10-07 19:01:22.140,0.02153856211001916,135,557,Centro
54167570,-27.139,-48.59015,Meia Praia,Brasil,Santa Catarina,Itapema,2024-10-07 19:01:23.344,0.07687656452831342,158,1109,Meia Praia (beach band)
790711871601179238,-27.1289997101,-48.6049995422,Meia Praia,Brasil,Santa Catarina,Itapema,2023-01-19 12:18:27.000,0.4337954227536608,398,1796,Meia Praia (inland)
763760555124711556,-27.12611,-48.60854,Meia Praia,Brasil,Santa Catarina,Itapema,2024-10-07 19:01:22.140,0.5249728929075319,184,1550,Meia Praia (inland)
790641967285368720,-27.13918,-48.59878,Meia Praia,Brasil,Santa Catarina,Itapema,2024-10-07 19:13:01.194,0.6622234404546004,214,1516,Meia Praia (inland)
791363554378785195,-27.1339,-48.59736,Meia Praia,Brasil,Santa Catarina,Itapema,2024-10-07 19:34:08.649,0.18154256545749006,400,1895,Meia Praia (beach band)
1313064371372817918,-27.0936893,-48.6131638,Centro,Brasil,Santa Catarina,Itapema,2025-04-21 19:01:14.111,0.196202185867394,243,727,Centro
46415530,-27.10795021057129,-48.61382293701172,Tabuleiro dos Oliveiras,Brasil,Santa Catarina,Itapema,2023-10-24 16:54:21.858,0.14489129388655544,64,428,Tabuleiro dos Oliveiras
963200943747370218,-27.0900001526,-48.6059989929,Canto da Praia,Brasil,Santa Catarina,Itapema,2023-09-18 19:05:45.000,0.053471826857179536,19,387,Canto da Praia
966471403166364931,-27.1280002594,-48.6030006409,Meia Praia,Brasil,Santa Catarina,Itapema,2023-09-18 19:02:50.000,0.20964618019504078,401,1812,Meia Praia (beach band)
963906476261332664,-27.138999939,-48.5929985046,Meia Praia,Brasil,Santa Catarina,Itapema,2023-09-18 19:02:56.000,0.17859761307887367,359,1362,Meia Praia (beach band)
39721922,-27.13319,-48.61213,Leopoldo Zarling,Brasil,Santa Catarina,Itapema,2024-10-07 19:38:33.706,1.27684188230221,18,591,Leopoldo Zarling
44895797,-27.12884,-48.60094,Meia Praia,Brasil,Santa Catarina,Itapema,2024-10-07 19:38:32.952,0.10196008558378783,343,1866,Meia Praia (beach band)
52929834,-27.12302,-48.60476,Meia Praia,Brasil,Santa Catarina,Itapema,2024-10-07 19:12:50.953,0.02510302466639729,266,1442,Meia Praia (beach band)
46719903,-27.13472,-48.60362,Meia Praia,Brasil,Santa Catarina,Itapema,2021-11-04 16:49:43.942,0.707102180027239,105,1823,Meia Praia (inland)
53008127,-27.131344,-48.601601,Meia Praia,Brasil,Santa Catarina,Itapema,2021-11-04 16:58:06.799,0.3143270913852382,461,1941,Meia Praia (beach band)
51602971,-27.06503,-48.59512,Ilhota,Brasil,Santa Catarina,Itapema,2024-10-07 19:12:58.159,0.05915044527703612,26,41,Ilhota
47332563,-27.06772,-48.59683,Ilhota,Brasil,Santa Catarina,Itapema,2021-10-25 14:40:16.352,0.053511839477690275,14,36,Ilhota
1261073229588827579,-27.130827944448136,-48.60528018325567,Meia Praia,Brasil,Santa Catarina,Itapema,2024-10-21 19:01:12.414,0.5809288044781961,266,1813,Meia Praia (inland)
1265175646256453272,-27.129973,-48.60702,Meia Praia,Brasil,Santa Catarina,Itapema,2024-10-21 19:01:12.414,0.6578350745609618,199,1684,Meia Praia (inland)
1264562560195071226,-27.1436318,-48.5873888,Meia Praia,Brasil,Santa Catarina,Itapema,2024-10-21 19:01:15.212,0.05995018437608599,145,594,Meia Praia (beach band)
1257341245626158111,-27.136665,-48.59443659999999,Meia Praia,Brasil,Santa Catarina,Itapema,2024-10-21 19:01:13.959,0.15032232259604045,336,1587,Meia Praia (beach band)
1261754620394990554,-27.13811069064437,-48.59258666794637,Meia Praia,Brasil,Santa Catarina,Itapema,2024-10-21 19:01:13.959,0.09878587311037881,293,1385,Meia Praia (beach band)
1264430504073638439,-27.13483,-48.60726,Meia Praia,Brasil,Santa Catarina,Itapema,2025-01-06 19:01:31.645,0.996222526276883,52,1377,Meia Praia (inland)
30493854,-27.13426,-48.59919,Meia Praia,Brasil,Santa Catarina,Itapema,2021-10-25 14:40:16.352,0.3451166389693495,427,1999,Meia Praia (beach band)
28739877,-27.12822,-48.60346,Meia Praia,Brasil,Santa Catarina,Itapema,2021-10-25 14:40:16.352,0.2605132687491517,418,1818,Meia Praia (beach band)
1298263687321438249,-27.139942047574166,-48.59184566885233,Meia Praia,Brasil,Santa Catarina,Itapema,2024-12-16 19:04:05.671,0.1212950199404735,264,1220,Meia Praia (beach band)
1298639034259987704,-27.12863344689209,-48.61707376723167,Morretes,Brasil,Santa Catarina,Itapema,2024-12-16 19:04:07.601,1.3884929391275505,24,241,Morretes
1294455678599538877,-27.123541565474305,-48.61591631886371,Morretes,Brasil,Santa Catarina,Itapema,2024-12-16 19:04:07.601,1.055914607045174,44,737,Morretes
1292943434213927466,-27.13217054039592,-48.60508683940444,Meia Praia,Brasil,Santa Catarina,Itapema,2024-12-16 19:04:05.671,0.6504287932560613,203,1809,Meia Praia (inland)
1295949026927608659,-27.1253841,-48.6072741,Meia Praia,Brasil,Santa Catarina,Itapema,2024-12-16 19:04:05.671,0.3759170784168729,306,1570,Meia Praia (inland)
1295160701752430552,-27.08920708611476,-48.61292805255064,Centro,Brasil,Santa Catarina,Itapema,2024-12-16 19:04:19.457,0.49752768258722474,101,552,Centro
1300181335701342835,-27.107022066026584,-48.6196444183588,Tabuleiro dos Oliveiras,Brasil,Santa Catarina,Itapema,2024-12-16 19:04:12.651,0.6893547910879504,30,345,Tabuleiro dos Oliveiras
1297226475865304273,-27.129524601777504,-48.59964553266764,Meia Praia,Brasil,Santa Catarina,Itapema,2024-12-16 19:03:47.426,0.040886099884689844,329,1872,Meia Praia (beach band)
1298678967964045507,-27.128502312272005,-48.60533148050308,Meia Praia,Brasil,Santa Catarina,Itapema,2024-12-16 19:04:05.671,0.42495436083509963,378,1780,Meia Praia (inland)
1287797580550004400,-27.11925002177877,-48.61048400402069,Morretes,Brasil,Santa Catarina,Itapema,2024-12-16 19:04:05.671,0.3620045995903579,212,977,Morretes
1300311449989355136,-27.126669506740942,-48.60148552550722,Meia Praia,Brasil,Santa Catarina,Itapema,2024-12-16 19:03:56.125,0.010072505222898511,194,1714,Meia Praia (beach band)
1193414131980072087,-27.09306,-48.61326,Centro,Brasil,Santa Catarina,Itapema,2025-09-22 19:01:06.318,0.24734683181542166,240,702,Centro
1273261171500755755,-27.127405795916992,-48.60317557564968,Meia Praia,Brasil,Santa Catarina,Itapema,2024-11-04 19:19:54.141,0.18175793641405055,387,1769,Meia Praia (beach band)
1269002689013489472,-27.138187402593843,-48.59174225341386,Meia Praia,Brasil,Santa Catarina,Itapema,2024-11-04 19:19:54.141,0.02863711296100286,246,1332,Meia Praia (beach band)
1273217497778761783,-27.134326106996088,-48.596284453021816,Meia Praia,Brasil,Santa Catarina,Itapema,2024-11-04 19:19:54.141,0.1296259979597584,338,1812,Meia Praia (beach band)
913632017573912703,-27.12894,-48.60759,Meia Praia,Brasil,Santa Catarina,Itapema,2024-10-07 19:01:22.140,0.6298661320083402,194,1630,Meia Praia (inland)
1054353526536060455,-27.12641,-48.60747,Meia Praia,Brasil,Santa Catarina,Itapema,2024-10-07 19:16:57.262,0.4557801206413634,267,1636,Meia Praia (inland)
982683513469295024,-27.09649,-48.6126,Centro,Brasil,Santa Catarina,Itapema,2024-10-07 19:38:33.242,0.012371993878111038,129,758,Centro
1254232203932052126,-27.13884,-48.59339,Meia Praia,Brasil,Santa Catarina,Itapema,2024-10-07 19:54:21.775,0.2054240201441687,373,1394,Meia Praia (beach band)
1254484147811810402,-27.13084853300296,-48.60531069338322,Meia Praia,Brasil,Santa Catarina,Itapema,2024-10-07 19:54:21.775,0.5847211582292912,266,1811,Meia Praia (inland)
1229942592150628971,-27.1411519,-48.5944802,Meia Praia,Brasil,Santa Catarina,Itapema,2024-10-07 19:54:18.676,0.4147559230915298,245,1271,Meia Praia (inland)
1254497855495646035,-27.093280979127687,-48.61609229535863,Centro,Brasil,Santa Catarina,Itapema,2024-10-07 19:54:19.600,0.46594394896599595,170,712,Centro
1213820110443745185,-27.1442,-48.58869,Meia Praia,Brasil,Santa Catarina,Itapema,2024-10-07 19:34:36.457,0.17551214739763046,163,642,Meia Praia (beach band)
1068324036682185254,-27.13971,-48.59147,Meia Praia,Brasil,Santa Catarina,Itapema,2024-10-07 19:38:36.247,0.07624903679965739,250,1208,Meia Praia (beach band)
1057473437993563177,-27.10096,-48.61677,Centro,Brasil,Santa Catarina,Itapema,2024-10-07 19:38:26.587,0.36937860601185935,134,698,Centro
1201692203719874406,-27.12468,-48.60657,Meia Praia,Brasil,Santa Catarina,Itapema,2024-10-07 19:38:54.911,0.2743217658117169,364,1550,Meia Praia (beach band)
1244321708155572987,-27.104966,-48.6190118,Tabuleiro dos Oliveiras,Brasil,Santa Catarina,Itapema,2024-09-30 19:10:15.543,0.5970011177527668,38,441,Tabuleiro dos Oliveiras
1237182629065742198,-27.1232952,-48.6068199,Meia Praia,Brasil,Santa Catarina,Itapema,2024-09-30 19:10:25.203,0.2120526488337249,346,1446,Meia Praia (beach band)
1241963775870811556,-27.141047766322487,-48.594546653330326,Meia Praia,Brasil,Santa Catarina,Itapema,2024-09-30 19:10:13.431,0.4155589344077449,251,1285,Meia Praia (inland)
775408609937031728,-27.11554,-48.61389,Morretes,Brasil,Santa Catarina,Itapema,2024-10-07 20:14:37.940,0.5440667598358369,81,610,Morretes
1219440451890811691,-27.1232169,-48.6053887,Meia Praia,Brasil,Santa Catarina,Itapema,2024-08-19 19:16:22.902,0.08590274910967405,317,1465,Meia Praia (beach band)
1218829864222330185,-27.1224,-48.60581,Meia Praia,Brasil,Santa Catarina,Itapema,2024-08-19 19:16:22.902,0.08138374639479354,301,1387,Meia Praia (beach band)
1182043782165637473,-27.0936893,-48.6131638,Centro,Brasil,Santa Catarina,Itapema,2024-08-19 19:16:07.791,0.196202185867394,243,727,Centro
1182018398755268829,-27.0936893,-48.6131638,Centro,Brasil,Santa Catarina,Itapema,2024-08-19 19:16:07.791,0.196202185867394,243,727,Centro
1219655958873769070,-27.09231,-48.61455,Centro,Brasil,Santa Catarina,Itapema,2024-09-30 19:10:13.431,0.39937024076812233,206,681,Centro
1203140233522044896,-27.09271779999998,-48.61344441534421,Centro,Brasil,Santa Catarina,Itapema,2024-08-19 19:16:36.199,0.2855555144815237,244,688,Centro
913929715874853789,-27.1359996796,-48.5989990234,Meia Praia,Brasil,Santa Catarina,Itapema,2023-07-31 19:08:31.000,0.4555934039338818,337,1874,Meia Praia (inland)
916052715744473224,-27.1210002899,-48.608001709,Meia Praia,Brasil,Santa Catarina,Itapema,2023-07-31 19:09:04.000,0.2256187362117357,269,1191,Meia Praia (beach band)
892662939259281401,-27.1299991608,-48.6030006409,Meia Praia,Brasil,Santa Catarina,Itapema,2023-07-31 19:09:22.000,0.34276859144278166,407,1892,Meia Praia (beach band)
908830571966859122,-27.1215991974,-48.6064605713,Meia Praia,Brasil,Santa Catarina,Itapema,2023-07-31 19:09:22.000,0.1082018782744692,286,1301,Meia Praia (beach band)
900757690500508426,-27.1420001984,-48.5880012512,Meia Praia,Brasil,Santa Catarina,Itapema,2023-07-31 19:09:37.000,0.0290402238207169,135,726,Meia Praia (beach band)
972445456500197200,-27.1420001984,-48.5970001221,Meia Praia,Brasil,Santa Catarina,Itapema,2023-09-18 19:05:57.000,0.680634879223607,129,1238,Meia Praia (inland)
24561061,-27.107000351,-48.6129989624,Centro,Brasil,Santa Catarina,Itapema,2023-09-18 19:06:00.000,0.041566126601110906,62,425,Centro
1283145087738297626,-27.13288,-48.60196,Meia Praia,Brasil,Santa Catarina,Itapema,2024-12-16 19:04:05.289,0.4478766591168053,283,1953,Meia Praia (inland)
1279816466116163356,-27.090596882754483,-48.612115962407714,Centro,Brasil,Santa Catarina,Itapema,2024-11-18 19:03:18.753,0.3300793806363112,130,599,Centro
1278411303068620572,-27.14048617165741,-48.59323007342233,Meia Praia,Brasil,Santa Catarina,Itapema,2024-11-18 19:03:31.347,0.27089511619264117,320,1265,Meia Praia (beach band)
1283595242224047629,-27.141086112565542,-48.594686169697056,Meia Praia,Brasil,Santa Catarina,Itapema,2024-11-18 19:03:31.347,0.42985522672375304,243,1285,Meia Praia (inland)
1286265881818788094,-27.13959,-48.59872,Meia Praia,Brasil,Santa Catarina,Itapema,2024-11-18 19:03:42.467,0.6852050481545531,194,1482,Meia Praia (inland)
1279100959475752460,-27.13493514634579,-48.59544217586517,Meia Praia,Brasil,Santa Catarina,Itapema,2024-11-18 19:08:04.773,0.10940662593193934,282,1716,Meia Praia (beach band)
1048753098917846841,-27.14371681213379,-48.60284805297852,Meia Praia,Brasil,Santa Catarina,Itapema,2024-01-01 19:01:12.343,0.9833794623103947,5,486,Meia Praia (inland)
1049492899701774782,-27.132999420166016,-48.61399841308594,Leopoldo Zarling,Brasil,Santa Catarina,Itapema,2024-01-01 19:03:12.539,1.4080643410329277,11,347,Leopoldo Zarling
1052942227246615615,-27.13500022888184,-48.604000091552734,Meia Praia,Brasil,Santa Catarina,Itapema,2024-01-01 19:02:42.432,0.7559369738323503,98,1775,Meia Praia (inland)
1056570271629206534,-27.131999969482425,-48.60599899291992,Meia Praia,Brasil,Santa Catarina,Itapema,2024-01-01 19:02:49.732,0.71386302976259,185,1723,Meia Praia (inland)
1306033116658241534,-27.08804331886715,-48.61867278814316,Casa Branca,Brasil,Santa Catarina,Itapema,2024-12-16 19:04:07.601,1.0147909036410638,20,489,Casa Branca
1303904813387687115,-27.121426820281897,-48.617825704346814,Morretes,Brasil,Santa Catarina,Itapema,2024-12-16 19:04:07.601,1.1244480897236246,31,484,Morretes
1301379564444588820,-27.118469779120083,-48.61009675886079,Morretes,Brasil,Santa Catarina,Itapema,2024-12-16 19:04:19.457,0.2908251348181052,215,920,Morretes
1306097236294644480,-27.14280594926904,-48.58926458927154,Meia Praia,Brasil,Santa Catarina,Itapema,2024-12-16 19:04:19.457,0.17656942615093693,174,777,Meia Praia (beach band)
1310776606010734623,-27.092262216969356,-48.61169937998056,Centro,Brasil,Santa Catarina,Itapema,2024-12-16 19:04:12.651,0.18188387184041488,204,648,Centro
1311034965460525209,-27.101027132170756,-48.61547120141933,Centro,Brasil,Santa Catarina,Itapema,2024-12-16 19:04:12.651,0.24095079242000078,169,704,Centro
1304403734260231676,-27.1071015,-48.6171918,Tabuleiro dos Oliveiras,Brasil,Santa Catarina,Itapema,2024-12-16 19:04:12.651,0.451738838350089,66,384,Tabuleiro dos Oliveiras
1303875579914032798,-27.1061242,-48.6167692,Tabuleiro dos Oliveiras,Brasil,Santa Catarina,Itapema,2024-12-16 19:04:12.651,0.39123503571593765,74,415,Tabuleiro dos Oliveiras
1310863651304083661,-27.13234,-48.59933,Meia Praia,Brasil,Santa Catarina,Itapema,2024-12-16 19:04:16.332,0.21351493034481786,431,2003,Meia Praia (beach band)
857399330666911489,-27.134543082947737,-48.601472452282906,Meia Praia,Brasil,Santa Catarina,Itapema,2024-12-16 19:04:16.332,0.5350197681520027,237,1950,Meia Praia (inland)
1285469358606844167,-27.13361,-48.60002,Meia Praia,Brasil,Santa Catarina,Itapema,2024-12-16 19:04:16.332,0.3585383834203436,412,2003,Meia Praia (inland)
1306685327731040168,-27.1356413,-48.5993765,Meia Praia,Brasil,Santa Catarina,Itapema,2024-12-16 19:04:16.332,0.45890295331538766,329,1924,Meia Praia (inland)
1306603752778852557,-27.120590193220444,-48.60664442181587,Meia Praia,Brasil,Santa Catarina,Itapema,2024-12-16 19:04:13.535,0.08430089526758289,228,1175,Meia Praia (beach band)
1308704983598175481,-27.084486895074296,-48.62263753273325,Alto Sao Bento,Brasil,Santa Catarina,Itapema,2024-12-16 19:05:30.184,1.2258460016973738,10,127,Alto Sao Bento
998600982912211659,-27.127626419067383,-48.62752532958984,Sertao do Trombudo,Brasil,Santa Catarina,Itapema,2023-10-24 16:56:30.598,2.2889343362770322,4,42,Sertao do Trombudo
1001457436010199624,-27.13800048828125,-48.59600067138672,Meia Praia,Brasil,Santa Catarina,Itapema,2023-10-24 16:56:27.589,0.36358448707117513,373,1593,Meia Praia (inland)
1313887191033564319,-27.1408564,-48.5984033,Meia Praia,Brasil,Santa Catarina,Itapema,2025-01-06 19:01:31.845,0.745670525797668,137,1343,Meia Praia (inland)
1322058610737864863,-27.09495,-48.6142,Centro,Brasil,Santa Catarina,Itapema,2025-01-06 19:01:31.845,0.21859190752183463,257,760,Centro
1318064312179983511,-27.0927395,-48.6133933,Centro,Brasil,Santa Catarina,Itapema,2025-01-06 19:01:31.845,0.2801512211881518,242,689,Centro
1315419697636240888,-27.1355235,-48.5940603,Meia Praia,Brasil,Santa Catarina,Itapema,2025-01-06 19:01:31.845,0.045141853387717666,251,1587,Meia Praia (beach band)
1313125057162293363,-27.137615477059043,-48.59872232996908,Meia Praia,Brasil,Santa Catarina,Itapema,2025-01-06 19:01:31.845,0.5494253158449482,297,1731,Meia Praia (inland)
1228293905005296104,-27.11766,-48.61129,Morretes,Brasil,Santa Catarina,Itapema,2025-01-06 19:01:31.845,0.3715927865682703,193,818,Morretes
1315383023701906919,-27.1179739,-48.611579,Morretes,Brasil,Santa Catarina,Itapema,2025-01-06 19:01:31.845,0.41017600839041457,191,828,Morretes
1319602504096489356,-27.139589379213763,-48.5930042225054,Meia Praia,Brasil,Santa Catarina,Itapema,2025-01-06 19:01:33.430,0.20728493645421414,347,1324,Meia Praia (beach band)
1311026076722834123,-27.12937322505833,-48.59976052327879,Meia Praia,Brasil,Santa Catarina,Itapema,2025-01-06 19:01:33.430,0.03943043506022932,327,1877,Meia Praia (beach band)
1318301175494168704,-27.14095,-48.58797,Meia Praia,Brasil,Santa Catarina,Itapema,2025-01-06 19:01:37.290,0.06583478202543148,74,792,Meia Praia (beach band)
1321156671231129227,-27.12289,-48.61056,Morretes,Brasil,Santa Catarina,Itapema,2025-01-06 19:01:37.290,0.5388131802458844,92,1259,Morretes
1317451954002590597,-27.1220252,-48.6116108,Morretes,Brasil,Santa Catarina,Itapema,2025-01-06 19:01:37.290,0.5985662725996812,74,1161,Morretes
777361963604505120,-27.09679,-48.62049,Varzea,Brasil,Santa Catarina,Itapema,2025-01-06 19:01:37.290,0.7403392634528518,41,639,Varzea
1304967004078627456,-27.116416112859284,-48.61199761811214,Morretes,Brasil,Santa Catarina,Itapema,2025-01-06 19:06:37.633,0.391979478186444,159,714,Morretes
1248508282032800302,-27.063625411543164,-48.59638555706912,Ilhota,Brasil,Santa Catarina,Itapema,2024-09-30 19:10:12.397,0.06814632707776011,19,47,Ilhota
1251590675610309191,-27.13299243266464,-48.59894377650404,Meia Praia,Brasil,Santa Catarina,Itapema,2024-09-30 19:10:24.581,0.23303028773023074,424,1990,Meia Praia (beach band)
1079128911247438973,-27.08799934387207,-48.6150016784668,Casa Branca,Brasil,Santa Catarina,Itapema,2024-02-12 19:02:40.004,0.7365419155155117,83,520,Casa Branca
34540951,-27.12384,-48.60459,Meia Praia,Brasil,Santa Catarina,Itapema,2024-10-07 20:25:59.666,0.05954721112519168,296,1518,Meia Praia (beach band)
24171739,-27.1299991607666,-48.5989990234375,Meia Praia,Brasil,Santa Catarina,Itapema,2023-02-09 15:17:56.000,0.02078348582834654,322,1854,Meia Praia (beach band)
760964672507631048,-27.13281,-48.59974,Meia Praia,Brasil,Santa Catarina,Itapema,2024-10-07 20:12:11.205,0.27854937243232686,437,1998,Meia Praia (beach band)
764692834916104045,-27.12187,-48.61757,Morretes,Brasil,Santa Catarina,Itapema,2024-10-07 20:09:56.690,1.12105043708445,42,499,Morretes
755847660472987641,-27.1439990997,-48.5887184143,Meia Praia,Brasil,Santa Catarina,Itapema,2022-12-06 12:43:34.000,0.1916083725908049,163,663,Meia Praia (beach band)
769776969258262223,-27.1340007782,-48.5999984741,Meia Praia,Brasil,Santa Catarina,Itapema,2023-01-19 12:18:27.000,0.3860031612278292,393,2002,Meia Praia (inland)
714413334110733158,-27.1329994202,-48.5979995728,Meia Praia,Brasil,Santa Catarina,Itapema,2022-12-06 12:43:34.000,0.16371625262452247,413,1967,Meia Praia (beach band)
42097509,-27.100570678710938,-48.61660003662109,Centro,Brasil,Santa Catarina,Itapema,2023-02-09 15:17:56.000,0.3512362827377264,143,715,Centro
797261187302809924,-27.09499931335449,-48.61299896240234,Centro,Brasil,Santa Catarina,Itapema,2023-03-02 13:02:00.000,0.1078190834652467,230,760,Centro
810817897123849056,-27.13800048828125,-48.59799957275391,Meia Praia,Brasil,Santa Catarina,Itapema,2023-03-02 13:02:00.000,0.521128177881264,312,1645,Meia Praia (inland)
825382552172715801,-27.114999771118164,-48.61199951171875,Morretes,Brasil,Santa Catarina,Itapema,2023-03-02 13:02:00.000,0.3474731197408539,112,630,Morretes
826617189908528565,-27.12800025939941,-48.60499954223633,Meia Praia,Brasil,Santa Catarina,Itapema,2023-03-02 13:02:00.000,0.36421366684679274,393,1770,Meia Praia (inland)
42240176,-27.13583946228028,-48.59616088867188,Meia Praia,Brasil,Santa Catarina,Itapema,2023-02-09 17:29:35.000,0.22796151786813276,369,1724,Meia Praia (beach band)
31974419,-27.0906600952,-48.6137199402,Centro,Brasil,Santa Catarina,Itapema,2023-06-26 19:14:49.000,0.4492962911697665,144,620,Centro
44554623,-27.13170051574707,-48.60237121582031,Meia Praia,Brasil,Santa Catarina,Itapema,2023-02-08 21:34:52.000,0.399594028775388,372,1934,Meia Praia (inland)
749344853179480854,-27.1300106049,-48.6015014648,Meia Praia,Brasil,Santa Catarina,Itapema,2023-01-19 12:18:27.000,0.22166297910651048,454,1919,Meia Praia (beach band)
753566944813003124,-27.1009998322,-48.6139984131,Centro,Brasil,Santa Catarina,Itapema,2022-12-06 12:43:34.000,0.09498076556392201,166,702,Centro
667497066181493943,-27.1199632,-48.6079369,Meia Praia,Brasil,Santa Catarina,Itapema,2022-08-01 11:50:02.000,0.17086871390111086,236,1112,Meia Praia (beach band)
648522985326081489,-27.1358699799,-48.5973014832,Meia Praia,Brasil,Santa Catarina,Itapema,2023-06-26 19:16:42.000,0.31699941342485605,426,1807,Meia Praia (beach band)
45527458,-27.1354408264,-48.5973815918,Meia Praia,Brasil,Santa Catarina,Itapema,2023-06-26 19:16:41.000,0.2925620339615649,426,1837,Meia Praia (beach band)
721932162870590418,-27.14200019836425,-48.59400177001953,Meia Praia,Brasil,Santa Catarina,Itapema,2023-12-11 19:00:56.753,0.4158213311914617,173,1167,Meia Praia (inland)
734774611454860165,-27.13800048828125,-48.59299850463867,Meia Praia,Brasil,Santa Catarina,Itapema,2023-03-02 13:02:00.000,0.12761907483996499,316,1448,Meia Praia (beach band)
794947375713324843,-27.12800025939941,-48.60300064086914,Meia Praia,Brasil,Santa Catarina,Itapema,2023-03-02 13:02:00.000,0.20964617779704287,401,1812,Meia Praia (beach band)
19789678,-27.13727,-48.59695,Meia Praia,Brasil,Santa Catarina,Itapema,2024-10-07 20:11:28.824,0.38914586239130267,372,1669,Meia Praia (inland)
20432864,-27.1356201171875,-48.59539031982422,Meia Praia,Brasil,Santa Catarina,Itapema,2023-02-09 15:17:56.000,0.15364111128679755,314,1684,Meia Praia (beach band)
25165914,-27.13756,-48.59238,Meia Praia,Brasil,Santa Catarina,Itapema,2024-10-07 20:10:04.074,0.050327903120256,263,1424,Meia Praia (beach band)
674665840109609741,-27.1188635664,-48.6117198318,Morretes,Brasil,Santa Catarina,Itapema,2022-08-01 15:25:27.000,0.45625034237731643,176,893,Morretes
707087342579493959,-27.1017391066,-48.6143437028,Centro,Brasil,Santa Catarina,Itapema,2022-10-03 13:39:14.000,0.13214005505939863,162,664,Centro
694313018923554703,-27.14393,-48.58896,Meia Praia,Brasil,Santa Catarina,Itapema,2024-10-07 20:11:34.447,0.214736874504531,165,678,Meia Praia (beach band)
54235622,-27.08634,-48.61463,Alto Sao Bento,Brasil,Santa Catarina,Itapema,2024-10-07 20:25:17.809,0.6862467095091408,71,453,Alto Sao Bento
38946788,-27.1261005402,-48.6167106628,Morretes,Brasil,Santa Catarina,Itapema,2023-06-26 19:15:18.000,1.2370027011695426,32,434,Morretes
29365238,-27.09068,-48.61905,Casa Branca,Brasil,Santa Catarina,Itapema,2021-10-25 14:40:16.352,0.8641199433703783,26,595,Casa Branca
22682127,-27.11811,-48.61737,Morretes,Brasil,Santa Catarina,Itapema,2021-10-25 14:40:16.352,0.9567634950514882,23,489,Morretes
35934720,-27.08966,-48.60553,Canto da Praia,Brasil,Santa Catarina,Itapema,2024-10-07 20:11:37.684,0.06109034720673829,18,347,Canto da Praia
51403736,-27.12699,-48.60573,Meia Praia,Brasil,Santa Catarina,Itapema,2024-10-07 20:25:59.666,0.3502767827694829,380,1683,Meia Praia (inland)
1836680,-27.1005992889,-48.6130714417,Centro,Brasil,Santa Catarina,Itapema,2023-06-26 19:14:29.000,0.0017372926360826803,134,716,Centro
21828399,-27.10036,-48.61715,Centro,Brasil,Santa Catarina,Itapema,2024-10-07 20:11:56.710,0.4049225621880273,115,716,Centro
45711835,-27.12329,-48.60572,Meia Praia,Brasil,Santa Catarina,Itapema,2024-10-07 19:36:50.942,0.11839624226595302,332,1469,Meia Praia (beach band)
1025356251415331533,-27.115753428001188,-48.611738942563534,Morretes,Brasil,Santa Catarina,Itapema,2024-12-19 17:34:32.645,0.3447789249334123,155,682,Morretes
1062396271225190263,-27.12916,-48.61446,Morretes,Brasil,Santa Catarina,Itapema,2024-12-19 17:34:32.645,1.201144966476183,18,650,Morretes
956604432039220915,-27.13379,-48.60299,Meia Praia,Brasil,Santa Catarina,Itapema,2024-10-07 20:10:02.572,0.5915331656610546,178,1886,Meia Praia (inland)
953770908066855065,-27.1289997101,-48.6059989929,Meia Praia,Brasil,Santa Catarina,Itapema,2023-08-28 19:03:12.000,0.5111312515247619,323,1758,Meia Praia (inland)
1130433234974669219,-27.123845221935,-48.607161863763,Meia Praia,Brasil,Santa Catarina,Itapema,2024-08-19 19:01:23.939,0.2711034500159345,321,1494,Meia Praia (beach band)
1011452323460746831,-27.131999969482425,-48.604000091552734,Meia Praia,Brasil,Santa Catarina,Itapema,2023-11-06 19:01:13.300,0.5511335738924918,279,1873,Meia Praia (inland)
988333738103213635,-27.136999130249023,-48.595001220703125,Meia Praia,Brasil,Santa Catarina,Itapema,2023-11-06 19:02:05.310,0.2172369171505543,375,1598,Meia Praia (beach band)
1004910078575857573,-27.121999740600582,-48.60599899291992,Meia Praia,Brasil,Santa Catarina,Itapema,2023-11-06 19:01:58.045,0.08242595022563952,292,1348,Meia Praia (beach band)
1002785860497857801,-27.13800048828125,-48.59299850463867,Meia Praia,Brasil,Santa Catarina,Itapema,2023-11-06 19:02:03.036,0.12761907483996499,316,1448,Meia Praia (beach band)
1278434239537717744,-27.1389966,-48.59317129999999,Meia Praia,Brasil,Santa Catarina,Itapema,2024-11-04 19:01:39.383,0.1935136721123304,366,1373,Meia Praia (beach band)
1278402651447247510,-27.093113439355363,-48.61279645767211,Centro,Brasil,Santa Catarina,Itapema,2024-11-04 19:01:40.798,0.20789329526431577,229,700,Centro
1268778966288823537,-27.14308485541857,-48.58594772482967,Meia Praia,Brasil,Santa Catarina,Itapema,2024-11-04 19:01:42.503,0.08349882763341349,78,517,Meia Praia (beach band)
1102350809508113139,-27.11368,-48.60893,Morretes,Brasil,Santa Catarina,Itapema,2024-10-07 19:44:57.371,0.016099415366853585,51,578,Morretes
45673726,-27.13954,-48.59297,Meia Praia,Brasil,Santa Catarina,Itapema,2024-10-07 19:45:29.617,0.20191412565057815,351,1325,Meia Praia (beach band)
1152837678284548308,-27.066394805908203,-48.59516525268555,Ilhota,Brasil,Santa Catarina,Itapema,2024-05-20 19:01:22.272,0.07402545495856609,25,37,Ilhota
1167553427166603926,-27.13561630249023,-48.59977340698242,Meia Praia,Brasil,Santa Catarina,Itapema,2024-06-10 19:01:23.153,0.48740250697559684,304,1943,Meia Praia (inland)
31169655,-27.13388,-48.59679,Meia Praia,Brasil,Santa Catarina,Itapema,2024-10-07 20:11:56.710,0.13716892685188328,353,1856,Meia Praia (beach band)
1043599286749467076,-27.12791,-48.62253,Morretes,Brasil,Santa Catarina,Itapema,2024-10-07 20:12:10.888,1.8473399275878126,6,116,Morretes
31167122,-27.12486,-48.6083,Meia Praia,Brasil,Santa Catarina,Itapema,2024-10-07 20:11:46.428,0.427502882492617,220,1526,Meia Praia (inland)
1033984637023835889,-27.10638427734375,-48.61657333374024,Tabuleiro dos Oliveiras,Brasil,Santa Catarina,Itapema,2023-12-18 19:03:02.329,0.37716732814766135,80,413,Tabuleiro dos Oliveiras
1083633025910461931,-27.13802146911621,-48.59752655029297,Meia Praia,Brasil,Santa Catarina,Itapema,2024-02-26 19:00:57.068,0.485249121883181,326,1621,Meia Praia (inland)
1090096975026452849,-27.1299991607666,-48.60300064086914,Meia Praia,Brasil,Santa Catarina,Itapema,2024-02-26 19:00:52.484,0.34276858678887695,407,1892,Meia Praia (beach band)
990551042161332765,-27.08908,-48.60961,Centro,Brasil,Santa Catarina,Itapema,2024-10-07 20:25:17.809,0.32713123627152696,40,481,Centro
565022702671968934,-27.1308193207,-48.6066207886,Meia Praia,Brasil,Santa Catarina,Itapema,2022-11-29 02:09:46.000,0.6858437223077178,192,1710,Meia Praia (inland)
693024169316156606,-27.1371247,-48.594679,Meia Praia,Brasil,Santa Catarina,Itapema,2022-11-08 18:24:34.000,0.2003626443105528,369,1594,Meia Praia (beach band)
39837003,-27.08794,-48.61404,Casa Branca,Brasil,Santa Catarina,Itapema,2024-10-07 19:37:01.565,0.6763824857345929,88,512,Casa Branca
46939505,-27.092611,-48.613708,Centro,Brasil,Santa Catarina,Itapema,2021-10-25 14:40:16.352,0.3131781841838671,237,682,Centro
19034009,-27.12927,-48.60254,Meia Praia,Brasil,Santa Catarina,Itapema,2024-10-07 19:55:25.386,0.25903733788016897,412,1874,Meia Praia (beach band)
41082289,-27.13137,-48.59889,Meia Praia,Brasil,Santa Catarina,Itapema,2021-10-25 14:40:16.352,0.10956853506944782,394,1939,Meia Praia (beach band)
32585103,-27.13984,-48.59174,Meia Praia,Brasil,Santa Catarina,Itapema,2021-10-25 14:40:16.352,0.10666105119814613,260,1218,Meia Praia (beach band)
43712530,-27.14229,-48.58914,Meia Praia,Brasil,Santa Catarina,Itapema,2024-10-07 20:10:00.731,0.12319932696498131,162,816,Meia Praia (beach band)
24353133,-27.12942,-48.60158,Meia Praia,Brasil,Santa Catarina,Itapema,2021-10-25 14:40:16.352,0.1904078564496897,409,1896,Meia Praia (beach band)
17294276,-27.13113,-48.59911,Meia Praia,Brasil,Santa Catarina,Itapema,2024-10-07 19:59:57.401,0.10821023679805253,396,1937,Meia Praia (beach band)
22810332,-27.12723,-48.602,Meia Praia,Brasil,Santa Catarina,Itapema,2021-10-25 14:40:16.352,0.07863743771109216,272,1764,Meia Praia (beach band)
45184991,-27.12501,-48.60569,Meia Praia,Brasil,Santa Catarina,Itapema,2024-10-07 20:10:40.930,0.22261930268727737,406,1602,Meia Praia (beach band)
53656846,-27.08743,-48.61068,Alto Sao Bento,Brasil,Santa Catarina,Itapema,2024-10-07 20:11:20.768,0.5392006172556173,31,459,Alto Sao Bento
789912809555624056,-27.10027,-48.61493,Centro,Brasil,Santa Catarina,Itapema,2024-10-07 20:10:19.343,0.1846964533276064,178,732,Centro
558719049557411759,-27.09435,-48.61337,Centro,Brasil,Santa Catarina,Itapema,2024-10-07 20:10:03.333,0.1711113662817096,243,745,Centro
50493874,-27.14364,-48.58918,Meia Praia,Brasil,Santa Catarina,Itapema,2024-10-07 20:11:34.447,0.23739255650325347,169,714,Meia Praia (beach band)
31971404,-27.14381,-48.58846,Meia Praia,Brasil,Santa Catarina,Itapema,2024-10-07 20:11:34.447,0.16600361214228107,163,658,Meia Praia (beach band)
40678671,-27.14334,-48.58847,Meia Praia,Brasil,Santa Catarina,Itapema,2024-10-07 19:45:23.451,0.16712438643116873,168,684,Meia Praia (beach band)
16792099,-27.11601,-48.61399,Morretes,Brasil,Santa Catarina,Itapema,2021-10-25 14:40:16.352,0.5674533707451102,88,620,Morretes
31020529,-27.11986,-48.60823,Meia Praia,Brasil,Santa Catarina,Itapema,2021-10-25 14:40:16.352,0.19191599179989235,240,1102,Meia Praia (beach band)
29008738,-27.12544,-48.60338,Meia Praia,Brasil,Santa Catarina,Itapema,2024-10-07 20:11:25.483,0.06226854627658445,258,1627,Meia Praia (beach band)
30269941,-27.12839,-48.60452,Meia Praia,Brasil,Santa Catarina,Itapema,2021-10-25 14:40:16.352,0.35422500708880617,410,1802,Meia Praia (inland)
40583828,-27.13601,-48.5988,Meia Praia,Brasil,Santa Catarina,Itapema,2021-10-25 14:40:16.352,0.44129430740957,353,1874,Meia Praia (inland)
47891397,-27.13258,-48.60086,Meia Praia,Brasil,Santa Catarina,Itapema,2021-10-25 14:40:16.352,0.3444635383248555,400,1980,Meia Praia (beach band)
21608050,-27.10237,-48.61513,Centro,Brasil,Santa Catarina,Itapema,2021-10-25 14:40:16.352,0.21198895828513395,156,623,Centro
46598066,-27.09461,-48.61287,Centro,Brasil,Santa Catarina,Itapema,2021-10-25 14:40:16.352,0.11409311581077623,220,749,Centro
48941838,-27.09509,-48.6124,Centro,Brasil,Santa Catarina,Itapema,2021-10-25 14:40:16.352,0.05037963843646863,204,758,Centro
17570590,-27.13766,-48.59209,Meia Praia,Brasil,Santa Catarina,Itapema,2024-10-07 19:45:29.617,0.03322776359041956,256,1376,Meia Praia (beach band)
21699605,-27.0960693359,-48.6196708679,Varzea,Brasil,Santa Catarina,Itapema,2023-09-18 19:04:36.000,0.6751362015767204,41,667,Varzea
32592683,-27.11100006103516,-48.61100006103516,Morretes,Brasil,Santa Catarina,Itapema,2023-03-02 13:02:00.000,0.07546962779077909,23,482,Morretes
813090046454458015,-27.13191,-48.64368,Sertao do Trombudo,Brasil,Santa Catarina,Itapema,2024-10-07 20:09:27.459,3.939215377276966,0,4,Sertao do Trombudo
536767025073932298,-27.12989,-48.61235,Morretes,Brasil,Santa Catarina,Itapema,2024-10-07 20:09:57.163,1.0732923309522309,10,953,Morretes
1046631065184778556,-27.12724,-48.60443,Meia Praia,Brasil,Santa Catarina,Itapema,2024-10-07 20:11:50.030,0.2673187749461942,405,1742,Meia Praia (beach band)
1048469765267504827,-27.116579055786133,-48.63271713256836,Sertao do Trombudo,Brasil,Santa Catarina,Itapema,2024-01-01 19:03:11.855,2.247003240730556,0,7,Sertao do Trombudo
29761442,-27.13813,-48.59385,Meia Praia,Brasil,Santa Catarina,Itapema,2021-10-25 14:40:16.352,0.2028565816733291,360,1509,Meia Praia (beach band)
53643568,-27.13755,-48.59968,Meia Praia,Brasil,Santa Catarina,Itapema,2022-01-11 19:06:34.950,0.6177277594111503,255,1783,Meia Praia (inland)
1231120871509362920,-27.1300089,-48.5996414,Meia Praia,Brasil,Santa Catarina,Itapema,2024-09-02 19:00:46.618,0.070255458424054,356,1879,Meia Praia (beach band)
1231082100384078450,-27.1201111,-48.6086797,Meia Praia,Brasil,Santa Catarina,Itapema,2024-09-02 19:00:46.618,0.24394405613396483,249,1118,Meia Praia (beach band)
1223218190223719061,-27.121804514719216,-48.60663199259034,Meia Praia,Brasil,Santa Catarina,Itapema,2024-09-02 19:00:42.401,0.13235737472548,305,1317,Meia Praia (beach band)
39642773,-27.14226,-48.59491,Meia Praia,Brasil,Santa Catarina,Itapema,2024-10-07 20:11:16.493,0.5078775562219368,127,1187,Meia Praia (inland)
39685785,-27.14,-48.592,Meia Praia,Brasil,Santa Catarina,Itapema,2021-10-25 14:40:16.352,0.13778626145846168,278,1229,Meia Praia (beach band)
1188323084225041810,-27.09306,-48.61326,Centro,Brasil,Santa Catarina,Itapema,2025-09-22 19:19:13.505,0.24734683181542166,240,702,Centro
53626390,-27.11461,-48.60964,Morretes,Brasil,Santa Catarina,Itapema,2022-01-11 17:14:34.893,0.11064010437845824,99,630,Morretes
771730426994820566,-27.1180000305,-48.6100006104,Morretes,Brasil,Santa Catarina,Itapema,2023-01-19 12:18:27.000,0.26350011321824035,223,884,Morretes
783879004243392314,-27.125,-48.6030006409,Meia Praia,Brasil,Santa Catarina,Itapema,2023-01-19 12:18:27.000,0.0008541432498532231,207,1587,Meia Praia (beach band)
783176147049485295,-27.1350002289,-48.5970001221,Meia Praia,Brasil,Santa Catarina,Itapema,2023-01-19 12:18:27.000,0.2323142822773872,410,1834,Meia Praia (beach band)
787606557854537606,-27.1329994202,-48.5989990234,Meia Praia,Brasil,Santa Catarina,Itapema,2023-01-19 12:18:27.000,0.23765544149853196,431,1994,Meia Praia (beach band)
797722066235281360,-27.142999649,-48.5880012512,Meia Praia,Brasil,Santa Catarina,Itapema,2023-01-19 12:18:27.000,0.11760645038803554,156,676,Meia Praia (beach band)
675242237586865339,-27.1178901266,-48.6103804037,Morretes,Brasil,Santa Catarina,Itapema,2022-08-15 20:53:40.000,0.29496850759782783,208,864,Morretes
577333685681759877,-27.13742,-48.59424,Meia Praia,Brasil,Santa Catarina,Itapema,2024-10-07 19:55:09.443,0.18564515678304763,358,1559,Meia Praia (beach band)
580589381711973141,-27.12061,-48.60943,Morretes,Brasil,Santa Catarina,Itapema,2022-07-11 18:11:37.000,0.3352304097030342,222,1150,Morretes
22347879,-27.06739,-48.59626,Ilhota,Brasil,Santa Catarina,Itapema,2021-10-25 14:40:16.352,0.0685991215015641,18,36,Ilhota
30519162,-27.09379,-48.60215,Canto da Praia,Brasil,Santa Catarina,Itapema,2021-10-25 14:40:16.352,0.5056627279546159,2,82,Canto da Praia
46604700,-27.06739,-48.59626,Ilhota,Brasil,Santa Catarina,Itapema,2021-10-25 14:40:16.352,0.0685991215015641,18,36,Ilhota
1261679737070113049,-27.115551990125823,-48.611446246504784,Morretes,Brasil,Santa Catarina,Itapema,2024-10-21 19:03:24.556,0.3108090736302525,153,677,Morretes
1260060540672540465,-27.125432727365943,-48.60668767243624,Meia Praia,Brasil,Santa Catarina,Itapema,2024-10-21 19:03:25.430,0.33056558752328796,365,1620,Meia Praia (beach band)
1267369332645574239,-27.12833,-48.61544,Morretes,Brasil,Santa Catarina,Itapema,2024-10-21 19:03:24.200,1.2314165354510573,26,498,Morretes
957950897214975049,-27.13021,-48.60758,Meia Praia,Brasil,Santa Catarina,Itapema,2024-10-07 20:11:41.562,0.7175507805846789,157,1623,Meia Praia (inland)
40429589,-27.12799,-48.60125,Meia Praia,Brasil,Santa Catarina,Itapema,2024-10-07 20:11:46.428,0.07268265759336034,306,1810,Meia Praia (beach band)
1145617872827607513,-27.1229415,-48.6123481,Morretes,Brasil,Santa Catarina,Itapema,2024-12-16 19:10:19.389,0.7055565594016037,42,1164,Morretes
1296486250925136982,-27.130459098828048,-48.59875245758455,Meia Praia,Brasil,Santa Catarina,Itapema,2024-12-11 17:27:09.670,0.033073919463818,346,1873,Meia Praia (beach band)
1297898752326109320,-27.12710922617632,-48.60529395200184,Meia Praia,Brasil,Santa Catarina,Itapema,2024-12-16 19:03:25.083,0.3250752865873607,383,1701,Meia Praia (beach band)
1298618981190984695,-27.0989065,-48.61807899999999,Centro,Brasil,Santa Catarina,Itapema,2024-12-16 19:03:38.488,0.4960104549797327,75,719,Centro
1297798923844211366,-27.107792245127072,-48.61928169660608,Tabuleiro dos Oliveiras,Brasil,Santa Catarina,Itapema,2024-12-16 19:03:35.342,0.6693088774507155,31,329,Tabuleiro dos Oliveiras
1295050448286805032,-27.130361,-48.604845,Meia Praia,Brasil,Santa Catarina,Itapema,2024-12-16 19:03:37.311,0.5159348218386413,341,1817,Meia Praia (inland)
41634696,-27.0827,-48.60887,Sertaozinho,Brasil,Santa Catarina,Itapema,2021-11-04 15:00:42.444,0.019744754123660443,4,170,Sertaozinho
52965209,-27.12915,-48.606754,Meia Praia,Brasil,Santa Catarina,Itapema,2021-11-04 15:51:02.709,0.5800078383695828,256,1692,Meia Praia (inland)
1014418701938150991,-27.09615,-48.61383,Centro,Brasil,Santa Catarina,Itapema,2024-10-07 20:12:11.205,0.130151008217622,215,774,Centro
1021213325133142438,-27.13988,-48.5923,Meia Praia,Brasil,Santa Catarina,Itapema,2024-10-07 20:11:28.824,0.1586969106156894,300,1251,Meia Praia (beach band)
1015005266575396818,-27.121000289916992,-48.61600112915039,Morretes,Brasil,Santa Catarina,Itapema,2023-11-20 19:02:26.243,0.9394464387587342,47,719,Morretes
1191386301072209798,-27.09306,-48.61326,Centro,Brasil,Santa Catarina,Itapema,2025-09-22 19:19:13.505,0.24734683181542166,240,702,Centro
705946468067026302,-27.14038,-48.59706,Meia Praia,Brasil,Santa Catarina,Itapema,2024-10-07 20:10:18.607,0.6074244043153654,230,1427,Meia Praia (inland)
709245197514952702,-27.13688,-48.59212,Meia Praia,Brasil,Santa Catarina,Itapema,2024-10-07 19:37:01.565,0.018155245764303957,210,1446,Meia Praia (beach band)
552215309820921425,-27.12857,-48.59923,Meia Praia,Brasil,Santa Catarina,Itapema,2022-07-11 18:11:37.000,0.05538111458036925,205,1808,Meia Praia (beach band)
612245203931813020,-27.12744,-48.60161,Meia Praia,Brasil,Santa Catarina,Itapema,2024-10-07 20:12:01.652,0.0642607321869152,262,1773,Meia Praia (beach band)
1062640898662664328,-27.12916,-48.60655,Meia Praia,Brasil,Santa Catarina,Itapema,2024-10-07 19:55:25.386,0.5647914692000496,270,1709,Meia Praia (inland)
1216732772582825156,-27.13972,-48.59211,Meia Praia,Brasil,Santa Catarina,Itapema,2024-10-07 19:55:48.443,0.13381887976738085,281,1250,Meia Praia (beach band)
1055716308181774403,-27.13418,-48.59897,Meia Praia,Brasil,Santa Catarina,Itapema,2024-10-07 20:11:56.710,0.32300135794482543,434,1998,Meia Praia (beach band)
36554147,-27.128,-48.60407,Meia Praia,Brasil,Santa Catarina,Itapema,2024-10-07 20:11:46.428,0.2923377172474248,413,1794,Meia Praia (beach band)
1211530236998935415,-27.1436,-48.58943,Meia Praia,Brasil,Santa Catarina,Itapema,2024-10-07 20:11:47.829,0.2565471423477489,170,728,Meia Praia (beach band)
1236318558548844431,-27.12389118608387,-48.60568821430206,Meia Praia,Brasil,Santa Catarina,Itapema,2024-09-30 19:03:57.009,0.15279562331807658,356,1507,Meia Praia (beach band)
1057222458172567781,-27.12677,-48.60642,Meia Praia,Brasil,Santa Catarina,Itapema,2024-10-07 20:11:50.030,0.3918094224155803,348,1656,Meia Praia (inland)
991884110410981530,-27.1227,-48.6094,Morretes,Brasil,Santa Catarina,Itapema,2024-10-07 20:11:25.483,0.4241955810269004,192,1325,Morretes
1208757710030861160,-27.09231,-48.61455,Centro,Brasil,Santa Catarina,Itapema,2024-09-30 19:03:57.389,0.39937024076812233,206,681,Centro
1202208549414487818,-27.14316339309424,-48.58757089823485,Meia Praia,Brasil,Santa Catarina,Itapema,2024-08-19 19:03:19.538,0.07799776408100678,151,629,Meia Praia (beach band)
2951220,-27.107192634368975,-48.61494767563308,Tabuleiro dos Oliveiras,Brasil,Santa Catarina,Itapema,2024-08-19 19:03:19.538,0.23474166998579538,98,416,Tabuleiro dos Oliveiras
1217470918331727563,-27.11539,-48.60889,Morretes,Brasil,Santa Catarina,Itapema,2024-08-19 19:03:19.538,0.06352404996153653,100,691,Morretes
1213004624007730769,-27.1422655,-48.59556099999999,Meia Praia,Brasil,Santa Catarina,Itapema,2024-08-19 19:03:20.128,0.5650970065780876,131,1208,Meia Praia (inland)
1202150668882366518,-27.133308371256888,-48.59655503248362,Meia Praia,Brasil,Santa Catarina,Itapema,2024-08-19 19:03:12.634,0.07839858294714071,317,1847,Meia Praia (beach band)
1219327432735332574,-27.1234919,-48.6051688,Meia Praia,Brasil,Santa Catarina,Itapema,2024-08-19 19:03:20.106,0.08538595406181088,322,1481,Meia Praia (beach band)
869545552419189156,-27.1180000305,-48.6100006104,Morretes,Brasil,Santa Catarina,Itapema,2023-07-31 19:07:25.000,0.26350011321824035,223,884,Morretes
892626164290483045,-27.1329994202,-48.5970001221,Meia Praia,Brasil,Santa Catarina,Itapema,2023-07-31 19:05:13.000,0.0902285916548821,334,1896,Meia Praia (beach band)
873260132509992833,-27.1159992218,-48.6119995117,Morretes,Brasil,Santa Catarina,Itapema,2023-07-31 19:07:28.000,0.37702598554400546,155,693,Morretes
937816682872398000,-27.0949993134,-48.6150016785,Centro,Brasil,Santa Catarina,Itapema,2023-07-31 19:08:03.000,0.28878139701465433,236,761,Centro
885573307899615788,-27.1369991302,-48.5929985046,Meia Praia,Brasil,Santa Catarina,Itapema,2023-07-31 19:08:10.000,0.06033271258707713,269,1499,Meia Praia (beach band)
845839014903182951,-27.1340007782,-48.6090011597,Meia Praia,Brasil,Santa Catarina,Itapema,2023-04-25 16:25:44.000,1.0852441924100946,47,1081,Meia Praia (inland)
848423588447759206,-27.0890007019,-48.6160011292,Casa Branca,Brasil,Santa Catarina,Itapema,2023-04-25 16:25:58.000,0.7412312319823511,81,560,Casa Branca
45988760,-27.12143,-48.60889,Meia Praia,Brasil,Santa Catarina,Itapema,2021-10-25 14:40:16.352,0.32502809137296956,249,1217,Meia Praia (beach band)
1055976456049597702,-27.097900390625,-48.62303161621094,Varzea,Brasil,Santa Catarina,Itapema,2024-01-01 19:03:04.793,0.9867603259299281,19,410,Varzea
1053030252161966865,-27.09245109558105,-48.61885833740234,Casa Branca,Brasil,Santa Catarina,Itapema,2024-01-01 19:03:12.161,0.7537884384737349,26,653,Casa Branca
1056705534360824584,-27.13400077819824,-48.61100006103516,Leopoldo Zarling,Brasil,Santa Catarina,Itapema,2024-01-01 19:03:11.795,1.245954378822462,25,691,Leopoldo Zarling
798366093737390500,-27.131000518798828,-48.5989990234375,Meia Praia,Brasil,Santa Catarina,Itapema,2024-01-01 19:03:12.180,0.0901325235044368,378,1924,Meia Praia (beach band)
51583825,-27.131999969482425,-48.59999847412109,Meia Praia,Brasil,Santa Catarina,Itapema,2024-01-01 19:03:12.180,0.23759068193698324,456,1988,Meia Praia (beach band)
1054385333060053857,-27.134706497192383,-48.597354888916016,Meia Praia,Brasil,Santa Catarina,Itapema,2024-01-01 19:02:08.647,0.23843623548586712,419,1865,Meia Praia (beach band)
1289338795775178059,-27.12144483924375,-48.6102245002985,Morretes,Brasil,Santa Catarina,Itapema,2024-11-18 19:03:18.725,0.44683481983245094,177,1182,Morretes
1285538056394050628,-27.09476710983974,-48.612753219776806,Centro,Brasil,Santa Catarina,Itapema,2024-11-18 19:03:31.401,0.09673049233668478,214,753,Centro
1284893098577004696,-27.131036218468783,-48.60484097152949,Meia Praia,Brasil,Santa Catarina,Itapema,2024-11-18 19:10:26.066,0.5583749550189713,281,1825,Meia Praia (inland)
1289077469312907283,-27.092845514248385,-48.65255775662231,Lameiro,Brasil,Santa Catarina,Itapema,2024-11-18 19:10:27.340,3.948328744286067,2,7,Lameiro
1287046665405488954,-27.1349772266055,-48.6017618762033,Meia Praia,Brasil,Santa Catarina,Itapema,2024-11-18 19:10:05.199,0.5885929291748218,202,1918,Meia Praia (inland)
1074770986427430541,-27.133539935595003,-48.60157907009125,Meia Praia,Brasil,Santa Catarina,Itapema,2024-11-18 19:10:05.199,0.4686474760825525,289,1963,Meia Praia (inland)
1281818291072548406,-27.1081564,-48.6141766,Tabuleiro dos Oliveiras,Brasil,Santa Catarina,Itapema,2024-11-18 19:10:05.199,0.18573589731992926,63,423,Tabuleiro dos Oliveiras
1289225384262190911,-27.09388592044165,-48.61571201979165,Centro,Brasil,Santa Catarina,Itapema,2024-11-18 19:10:34.033,0.40387108504669506,207,730,Centro
1288682883041408249,-27.06048135909888,-48.59742271836807,Ilhota,Brasil,Santa Catarina,Itapema,2024-11-18 19:10:29.989,0.08248160511005062,9,49,Ilhota
1269673046236940316,-27.10938581963992,-48.61464999186365,Tabuleiro dos Oliveiras,Brasil,Santa Catarina,Itapema,2024-11-18 19:10:32.983,0.2928485022037141,45,452,Tabuleiro dos Oliveiras
1288295676440566087,-27.144105293221344,-48.58894553035498,Meia Praia,Brasil,Santa Catarina,Itapema,2024-11-18 19:10:26.044,0.19730988534761906,162,666,Meia Praia (beach band)
1279886461171365732,-27.117075133126527,-48.612086959183216,Morretes,Brasil,Santa Catarina,Itapema,2024-11-18 19:10:26.044,0.42455628215777197,185,749,Morretes
985757801553012255,-27.13599967956543,-48.59799957275391,Meia Praia,Brasil,Santa Catarina,Itapema,2023-10-24 16:54:37.978,0.37938321246670653,408,1838,Meia Praia (inland)
997025680479822274,-27.12477684020996,-48.60634994506836,Meia Praia,Brasil,Santa Catarina,Itapema,2023-10-24 16:55:31.896,0.2620927904394475,370,1565,Meia Praia (beach band)
986229069752783413,-27.126604080200195,-48.60184097290039,Meia Praia,Brasil,Santa Catarina,Itapema,2023-10-24 16:55:51.433,0.025206497607830725,214,1693,Meia Praia (beach band)
997720726898572990,-27.128999710083008,-48.60200119018555,Meia Praia,Brasil,Santa Catarina,Itapema,2023-10-24 16:56:32.587,0.1979131462163884,383,1863,Meia Praia (beach band)
994076973483968863,-27.13892364501953,-48.59180068969727,Meia Praia,Brasil,Santa Catarina,Itapema,2023-10-24 16:56:01.544,0.0680277817949525,275,1296,Meia Praia (beach band)
1311201273743600960,-27.12802100373668,-48.60705278813839,Meia Praia,Brasil,Santa Catarina,Itapema,2024-12-16 19:03:35.342,0.5244377209512303,256,1651,Meia Praia (inland)
1304612026867668918,-27.094458717534287,-48.6124721989536,Centro,Brasil,Santa Catarina,Itapema,2024-12-16 19:03:35.342,0.08943403424487494,209,742,Centro
1310090738538206669,-27.10678437594667,-48.61646851179,Tabuleiro dos Oliveiras,Brasil,Santa Catarina,Itapema,2024-12-16 19:03:35.342,0.374904220042363,83,408,Tabuleiro dos Oliveiras
1310100237992945017,-27.1323619,-48.597889,Meia Praia,Brasil,Santa Catarina,Itapema,2024-12-16 19:03:45.668,0.10903683072500406,370,1943,Meia Praia (beach band)
1296983037723953398,-27.119451248865783,-48.61168490731565,Morretes,Brasil,Santa Catarina,Itapema,2024-12-16 19:03:38.464,0.47871286438496985,162,932,Morretes
1305978523883110707,-27.14395719772963,-48.58880850321587,Meia Praia,Brasil,Santa Catarina,Itapema,2024-12-16 19:03:38.464,0.20059261923739125,165,666,Meia Praia (beach band)
1302405242803159421,-27.0919153,-48.6348983,Casa Branca,Brasil,Santa Catarina,Itapema,2024-12-16 19:03:46.064,2.2520451014691134,3,18,Casa Branca
1307555899919242332,-27.0828698,-48.6139859,Alto Sao Bento,Brasil,Santa Catarina,Itapema,2024-12-16 19:03:46.827,0.4019268528725746,12,195,Alto Sao Bento
1304430172341094678,-27.1320401,-48.60073209999999,Meia Praia,Brasil,Santa Catarina,Itapema,2024-12-16 19:03:37.311,0.295056515230103,439,1972,Meia Praia (beach band)
1308053812320540684,-27.13190548187429,-48.601533372849374,Meia Praia,Brasil,Santa Catarina,Itapema,2024-12-16 19:03:37.311,0.34487963564871443,411,1933,Meia Praia (beach band)
1305843824199247411,-27.137132051934024,-48.5977203771472,Meia Praia,Brasil,Santa Catarina,Itapema,2024-12-16 19:03:37.311,0.43857676153535874,371,1720,Meia Praia (inland)
1309957278392046161,-27.12762831611163,-48.60327623784542,Meia Praia,Brasil,Santa Catarina,Itapema,2024-12-16 19:03:37.311,0.20531085705611998,404,1790,Meia Praia (beach band)
1308171203618991870,-27.1286098,-48.605196,Meia Praia,Brasil,Santa Catarina,Itapema,2024-12-16 19:03:37.311,0.4218306285968787,394,1786,Meia Praia (inland)
1310742028524584660,-27.091448340504783,-48.61095307659146,Centro,Brasil,Santa Catarina,Itapema,2024-12-16 19:10:19.389,0.1812548001529085,126,598,Centro
1322703402005159802,-27.13277,-48.59865,Meia Praia,Brasil,Santa Catarina,Itapema,2025-01-06 19:01:12.046,0.19482355266297233,418,1975,Meia Praia (beach band)
1313119053126491902,-27.1276039,-48.6052271,Meia Praia,Brasil,Santa Catarina,Itapema,2025-01-06 19:01:12.046,0.3541461216422645,382,1736,Meia Praia (inland)
1321706007508798489,-27.084,-48.62025,Alto Sao Bento,Brasil,Santa Catarina,Itapema,2025-01-06 19:01:11.795,0.9888049515953536,14,156,Alto Sao Bento
1313642429435228003,-27.136721487264506,-48.597748540341854,Meia Praia,Brasil,Santa Catarina,Itapema,2025-01-06 19:01:12.143,0.4115722783693338,370,1766,Meia Praia (inland)
1310298092659359080,-27.0963188,-48.6147268,Centro,Brasil,Santa Catarina,Itapema,2025-01-06 19:01:12.143,0.20352072594035914,184,773,Centro
1299279663008925083,-27.13612333514816,-48.59807215477261,Meia Praia,Brasil,Santa Catarina,Itapema,2025-01-06 19:01:12.143,0.3938055887259007,388,1836,Meia Praia (inland)
1316769837283910391,-27.134962061435708,-48.60042972300303,Meia Praia,Brasil,Santa Catarina,Itapema,2025-01-06 19:01:12.143,0.4888724234191567,291,1978,Meia Praia (inland)
1320948683801077576,-27.14387,-48.58945,Meia Praia,Brasil,Santa Catarina,Itapema,2025-01-06 19:01:12.143,0.24609437727277797,167,716,Meia Praia (beach band)
1059678777841332955,-27.1225,-48.62599,Morretes,Brasil,Santa Catarina,Itapema,2025-01-06 19:01:11.928,1.9245223040876331,3,76,Morretes
1315033876195918218,-27.127789053843173,-48.6126759308347,Morretes,Brasil,Santa Catarina,Itapema,2025-01-06 19:01:11.928,0.9692477336656502,21,1150,Morretes
1290732349260769308,-27.12728716932165,-48.61208961364051,Morretes,Brasil,Santa Catarina,Itapema,2025-01-06 19:01:11.928,0.8897781814675942,18,1251,Morretes
1279094794706661796,-27.13037530374989,-48.60822223126888,Meia Praia,Brasil,Santa Catarina,Itapema,2025-01-06 19:01:17.223,0.7787058933544343,115,1545,Meia Praia (inland)
1317628952865329668,-27.1277094,-48.6078193,Meia Praia,Brasil,Santa Catarina,Itapema,2025-01-06 19:01:17.223,0.5653259317377427,219,1633,Meia Praia (inland)
1316258631420873788,-27.14492,-48.58909,Meia Praia,Brasil,Santa Catarina,Itapema,2025-01-06 19:08:41.802,0.1292639845443001,141,621,Meia Praia (beach band)
1314370720286994140,-27.141863349707325,-48.59407573956874,Meia Praia,Brasil,Santa Catarina,Itapema,2025-01-06 19:08:37.486,0.41419517600096134,177,1185,Meia Praia (inland)
1322650018711665934,-27.12096,-48.60854,Meia Praia,Brasil,Santa Catarina,Itapema,2025-01-06 19:08:37.486,0.273293124452843,252,1183,Meia Praia (beach band)
1245615230822962833,-27.12002,-48.60851,Meia Praia,Brasil,Santa Catarina,Itapema,2024-09-30 19:03:57.721,0.22444416240716578,248,1116,Meia Praia (beach band)
1248621643570122645,-27.12971075944262,-48.60355211185796,Meia Praia,Brasil,Santa Catarina,Itapema,2024-09-30 19:05:18.279,0.3692990891025123,411,1859,Meia Praia (inland)
1248089779912826997,-27.1014717,-48.6152458,Centro,Brasil,Santa Catarina,Itapema,2024-09-30 19:05:18.279,0.22012348543395796,161,680,Centro
1063105649097848850,-27.13599967956543,-48.60699844360352,Meia Praia,Brasil,Santa Catarina,Itapema,2024-02-12 19:01:23.481,1.0525559685165453,34,1243,Meia Praia (inland)
1023309988162338565,-27.13800048828125,-48.59700012207031,Meia Praia,Brasil,Santa Catarina,Itapema,2024-02-12 19:01:54.059,0.44233911045486224,352,1604,Meia Praia (inland)
1026595190867060935,-27.10400009155273,-48.61600112915039,Centro,Brasil,Santa Catarina,Itapema,2024-02-12 19:02:14.540,0.29863618676810083,122,508,Centro
1070895497744991848,-27.093111038208008,-48.61512756347656,Centro,Brasil,Santa Catarina,Itapema,2024-02-12 19:02:52.428,0.3906540627898926,207,711,Centro
1078340136924118349,-27.141000747680664,-48.595001220703125,Meia Praia,Brasil,Santa Catarina,Itapema,2024-02-12 19:02:52.428,0.4538375537578447,227,1305,Meia Praia (inland)
1061046394693913896,-27.138999938964844,-48.59600067138672,Meia Praia,Brasil,Santa Catarina,Itapema,2024-02-12 19:04:23.446,0.43109094269847625,323,1526,Meia Praia (inland)
1064312269850558226,-27.13400077819824,-48.5989990234375,Meia Praia,Brasil,Santa Catarina,Itapema,2024-02-12 19:04:23.446,0.3119285924898961,445,2000,Meia Praia (beach band)
1058193595817353204,-27.107999801635746,-48.61399841308594,Tabuleiro dos Oliveiras,Brasil,Santa Catarina,Itapema,2024-02-12 19:04:20.244,0.1630011405327666,69,426,Tabuleiro dos Oliveiras
51023939,-27.11616,-48.61054,Morretes,Brasil,Santa Catarina,Itapema,2025-10-20 19:04:43.084,0.2462077690983232,175,739,Morretes
1208718899534488031,-27.09306,-48.61326,Centro,Brasil,Santa Catarina,Itapema,2025-11-03 19:01:14.599,0.24734683181542166,240,702,Centro
791275721976210246,-27.138999939,-48.5970001221,Meia Praia,Brasil,Santa Catarina,Itapema,2023-01-19 12:18:27.000,0.509803194000812,297,1531,Meia Praia (inland)
750727216214250664,-27.08904,-48.61602,Casa Branca,Brasil,Santa Catarina,Itapema,2024-10-07 19:14:08.567,0.7399377214812485,81,559,Casa Branca
766788707373767791,-27.1329994202,-48.5979995728,Meia Praia,Brasil,Santa Catarina,Itapema,2022-12-06 12:43:34.000,0.16371625262452247,413,1967,Meia Praia (beach band)
39050046,-27.11352,-48.61104,Tabuleiro dos Oliveiras,Brasil,Santa Catarina,Itapema,2024-10-07 19:14:48.705,0.21227712196218398,74,586,Tabuleiro dos Oliveiras
39176080,-27.12627,-48.60611,Meia Praia,Brasil,Santa Catarina,Itapema,2024-10-07 19:22:28.336,0.33521910983385383,375,1652,Meia Praia (beach band)
36136004,-27.12119,-48.60843,Meia Praia,Brasil,Santa Catarina,Itapema,2024-10-07 19:35:43.569,0.2729645320074848,272,1209,Meia Praia (beach band)
769616108652112172,-27.1236896515,-48.6049194336,Meia Praia,Brasil,Santa Catarina,Itapema,2022-12-06 12:43:34.000,0.07783640606102336,314,1493,Meia Praia (beach band)
10239823,-27.1394290924,-48.5959815979,Meia Praia,Brasil,Santa Catarina,Itapema,2023-06-26 19:18:00.000,0.4585888023994631,308,1502,Meia Praia (inland)
809931632986462060,-27.1259994506836,-48.61199951171875,Morretes,Brasil,Santa Catarina,Itapema,2023-03-02 13:02:00.000,0.8066626826850505,19,1298,Morretes
834645644371228115,-27.099000930786133,-48.6150016784668,Centro,Brasil,Santa Catarina,Itapema,2023-03-02 13:02:00.000,0.19094334912632238,180,745,Centro
799207818293090675,-27.10457,-48.61503,Centro,Brasil,Santa Catarina,Itapema,2024-10-07 19:36:00.582,0.20242630476377657,130,481,Centro
809946874989632205,-27.12912,-48.64156,Sertao do Trombudo,Brasil,Santa Catarina,Itapema,2024-10-07 19:06:17.707,3.6261246474285103,0,3,Sertao do Trombudo
552771331403575384,-27.13017,-48.60823,Meia Praia,Brasil,Santa Catarina,Itapema,2022-07-11 18:11:37.000,0.765074066737991,108,1545,Meia Praia (inland)
53448627,-27.14387,-48.58931,Meia Praia,Brasil,Santa Catarina,Itapema,2024-10-07 19:35:24.074,0.23937116952898654,169,706,Meia Praia (beach band)
22901902,-27.14200019836425,-48.5890007019043,Meia Praia,Brasil,Santa Catarina,Itapema,2023-02-09 17:29:35.000,0.08941610307119204,161,827,Meia Praia (beach band)
40192468,-27.1269397736,-48.6068916321,Meia Praia,Brasil,Santa Catarina,Itapema,2023-06-26 19:14:55.000,0.44124364553451795,321,1654,Meia Praia (inland)
784836681288428817,-27.09131,-48.61837,Casa Branca,Brasil,Santa Catarina,Itapema,2024-10-07 19:07:49.459,0.7693831062161,29,636,Casa Branca
802047490248101970,-27.14005,-48.59588,Meia Praia,Brasil,Santa Catarina,Itapema,2024-10-07 20:14:28.062,0.4861980976888427,275,1436,Meia Praia (inland)
26718564,-27.12713,-48.60496,Meia Praia,Brasil,Santa Catarina,Itapema,2022-12-19 12:44:52.000,0.30054414851718975,389,1716,Meia Praia (beach band)
31083925,-27.14027,-48.59576,Meia Praia,Brasil,Santa Catarina,Itapema,2024-11-18 19:10:18.913,0.48612674497111064,263,1406,Meia Praia (inland)
28948953,-27.1238193512,-48.6053009033,Meia Praia,Brasil,Santa Catarina,Itapema,2023-06-26 19:14:59.000,0.11627360111708183,345,1511,Meia Praia (beach band)
53175731,-27.13184928894043,-48.59804916381836,Meia Praia,Brasil,Santa Catarina,Itapema,2023-02-09 15:17:56.000,0.08241971691188098,357,1938,Meia Praia (beach band)
1233428779577247122,-27.12307728320228,-48.60501004863488,Meia Praia,Brasil,Santa Catarina,Itapema,2024-10-21 19:16:53.180,0.04648964014052902,292,1451,Meia Praia (beach band)
1258033050318022499,-27.128808459802165,-48.60208936035633,Meia Praia,Brasil,Santa Catarina,Itapema,2024-10-21 19:16:56.072,0.1929536230811487,378,1850,Meia Praia (beach band)
1267655586354072570,-27.130375,-48.6034867,Meia Praia,Brasil,Santa Catarina,Itapema,2024-10-21 19:16:57.534,0.40634628072183654,382,1889,Meia Praia (inland)
1254489827996538747,-27.1314043,-48.60345909999999,Meia Praia,Brasil,Santa Catarina,Itapema,2024-10-21 19:16:57.534,0.46926445829009006,340,1898,Meia Praia (inland)
21843744,-27.1003303528,-48.6145401001,Centro,Brasil,Santa Catarina,Itapema,2023-06-26 19:17:54.000,0.14661337209508873,177,730,Centro
48145255,-27.12819,-48.60244,Meia Praia,Brasil,Santa Catarina,Itapema,2021-10-25 14:40:16.352,0.17951498555521173,376,1836,Meia Praia (beach band)
17220254,-27.12947,-48.60119,Meia Praia,Brasil,Santa Catarina,Itapema,2021-10-25 14:40:16.352,0.16183931030190335,417,1894,Meia Praia (beach band)
47729401,-27.1346,-48.59583,Meia Praia,Brasil,Santa Catarina,Itapema,2024-10-07 19:36:11.677,0.11470309425218886,306,1771,Meia Praia (beach band)
47765127,-27.13176,-48.60467,Meia Praia,Brasil,Santa Catarina,Itapema,2024-10-07 19:35:59.610,0.5904775538402439,252,1842,Meia Praia (inland)
1171049670344322120,-27.13838195800781,-48.595645904541016,Meia Praia,Brasil,Santa Catarina,Itapema,2024-06-17 19:01:39.566,0.3613665550640903,367,1558,Meia Praia (inland)
53061946,-27.12977,-48.60203,Meia Praia,Brasil,Santa Catarina,Itapema,2022-11-08 18:24:34.000,0.24948365786660917,417,1908,Meia Praia (beach band)
734707774394612996,-27.11862,-48.60651,Meia Praia,Brasil,Santa Catarina,Itapema,2024-10-07 19:14:51.290,0.025060514712004156,120,987,Meia Praia (beach band)
719569644077465274,-27.11766,-48.61114,Morretes,Brasil,Santa Catarina,Itapema,2024-10-07 19:14:59.237,0.3575285514015293,196,828,Morretes
53962478,-27.11119,-48.61182,Tabuleiro dos Oliveiras,Brasil,Santa Catarina,Itapema,2024-10-07 19:14:48.705,0.15622297721987452,22,499,Tabuleiro dos Oliveiras
53280294,-27.138096,-48.592327,Meia Praia,Brasil,Santa Catarina,Itapema,2022-03-02 14:00:27.221,0.07448556121337775,284,1371,Meia Praia (beach band)
52772728,-27.13974,-48.59279,Meia Praia,Brasil,Santa Catarina,Itapema,2024-10-07 19:35:26.555,0.19547802503831624,324,1300,Meia Praia (beach band)
52365560,-27.13252639770508,-48.60519790649414,Meia Praia,Brasil,Santa Catarina,Itapema,2024-10-07 19:14:59.237,0.6820599737864149,189,1790,Meia Praia (inland)
31505119,-27.14063,-48.59041,Meia Praia,Brasil,Santa Catarina,Itapema,2024-10-07 19:08:10.725,0.053710994769893,193,1041,Meia Praia (beach band)
17434239,-27.12725,-48.59946,Meia Praia,Brasil,Santa Catarina,Itapema,2024-10-07 19:36:04.342,0.12036635720490815,99,1721,Meia Praia (beach band)
1062395236913376015,-27.1194992,-48.6112395,Morretes,Brasil,Santa Catarina,Itapema,2024-12-19 17:36:49.025,0.4414696616990739,174,963,Morretes
1126166296928293159,-27.11992,-48.61394,Morretes,Brasil,Santa Catarina,Itapema,2024-10-07 19:40:14.484,0.7044496577162142,77,849,Morretes
1123351596385651099,-27.131999969482425,-48.5989990234375,Meia Praia,Brasil,Santa Catarina,Itapema,2024-04-22 19:01:53.298,0.1636559743906185,426,1983,Meia Praia (beach band)
1126828984504048053,-27.1259994506836,-48.60200119018555,Meia Praia,Brasil,Santa Catarina,Itapema,2024-04-22 19:01:48.046,0.008913412655219206,187,1659,Meia Praia (beach band)
4758094,-27.09222,-48.61034,Centro,Brasil,Santa Catarina,Itapema,2024-10-07 19:35:37.007,0.0795540991729497,85,612,Centro
30711160,-27.09625,-48.6151,Centro,Brasil,Santa Catarina,Itapema,2024-10-07 19:38:07.474,0.24030566371400164,179,774,Centro
1138471071714027004,-27.12596,-48.60804,Meia Praia,Brasil,Santa Catarina,Itapema,2024-10-07 19:36:04.342,0.47447750421010626,221,1566,Meia Praia (inland)
1134157206541148942,-27.1259994506836,-48.60300064086914,Meia Praia,Brasil,Santa Catarina,Itapema,2024-05-06 19:01:36.025,0.07027698939766205,284,1681,Meia Praia (beach band)
1269042919844042025,-27.13619,-48.59794,Meia Praia,Brasil,Santa Catarina,Itapema,2024-11-04 19:01:25.745,0.3883920290016231,389,1827,Meia Praia (inland)
1268959934613271899,-27.13761215193665,-48.59597845119558,Meia Praia,Brasil,Santa Catarina,Itapema,2024-11-04 19:01:25.745,0.3356197450350683,387,1604,Meia Praia (beach band)
1274634755881062241,-27.128950705874708,-48.60260736197234,Meia Praia,Brasil,Santa Catarina,Itapema,2024-11-04 19:01:25.745,0.24450312112877748,411,1851,Meia Praia (beach band)
1278968671813436244,-27.12216222348809,-48.618227541446686,Morretes,Brasil,Santa Catarina,Itapema,2024-11-04 19:03:22.993,1.1938589017495316,36,406,Morretes
1099861730076178991,-27.13999938964844,-48.59299850463867,Meia Praia,Brasil,Santa Catarina,Itapema,2024-03-18 19:02:18.382,0.2268804705375032,334,1289,Meia Praia (beach band)
1008079515072728451,-27.1200008392334,-48.60599899291992,Meia Praia,Brasil,Santa Catarina,Itapema,2023-11-06 19:01:12.496,9.342345447294072e-05,181,1114,Meia Praia (beach band)
1010960424222368050,-27.13605,-48.59424,Meia Praia,Brasil,Santa Catarina,Itapema,2024-10-07 19:35:26.555,0.09352323521454096,288,1592,Meia Praia (beach band)
791311171339807347,-27.09136962890625,-48.60668182373047,Canto da Praia,Brasil,Santa Catarina,Itapema,2023-11-06 19:02:03.291,0.04294535395896556,22,444,Canto da Praia
1012336445612155115,-27.13046,-48.60075,Meia Praia,Brasil,Santa Catarina,Itapema,2024-10-07 19:36:04.342,0.18921389001122152,452,1930,Meia Praia (beach band)
16350860,-27.11882,-48.6081,Meia Praia,Brasil,Santa Catarina,Itapema,2024-10-07 20:14:26.953,0.12936347951599836,205,996,Meia Praia (beach band)
28160414,-27.10505,-48.61448,Centro,Brasil,Santa Catarina,Itapema,2024-10-07 19:28:53.824,0.14799928650090136,125,463,Centro
30122734,-27.11487,-48.61488,Morretes,Brasil,Santa Catarina,Itapema,2024-10-07 19:08:09.634,0.6189781592552986,32,567,Morretes
15523493,-27.129932403564453,-48.59961318969727,Meia Praia,Brasil,Santa Catarina,Itapema,2024-05-20 19:01:15.942,0.0627830293090253,353,1882,Meia Praia (beach band)
1161796266594364332,-27.093202590942383,-48.613243103027344,Centro,Brasil,Santa Catarina,Itapema,2024-06-10 19:01:15.759,0.2363312651041539,236,710,Centro
1162356825585869936,-27.132980346679688,-48.5956916809082,Meia Praia,Brasil,Santa Catarina,Itapema,2024-06-10 19:01:25.136,0.013012217319784166,229,1774,Meia Praia (beach band)
1162368192513120905,-27.1184139251709,-48.61820983886719,Morretes,Brasil,Santa Catarina,Itapema,2024-06-10 19:01:16.211,1.0465241128097214,16,418,Morretes
1158718375039431597,-27.14052963256836,-48.59505081176758,Meia Praia,Brasil,Santa Catarina,Itapema,2024-06-10 19:01:16.211,0.4354341059981832,269,1350,Meia Praia (inland)
31103520,-27.134,-48.59555,Meia Praia,Brasil,Santa Catarina,Itapema,2021-10-25 14:40:16.352,0.0520325800736241,260,1774,Meia Praia (beach band)
41266951,-27.13328,-48.5977,Meia Praia,Brasil,Santa Catarina,Itapema,2021-10-25 14:40:16.352,0.1628501127760084,391,1947,Meia Praia (beach band)
45002455,-27.134,-48.5981,Meia Praia,Brasil,Santa Catarina,Itapema,2021-10-25 14:40:16.352,0.2448804406041236,427,1954,Meia Praia (beach band)
1121118876733525321,-27.12374,-48.60835,Meia Praia,Brasil,Santa Catarina,Itapema,2024-09-30 19:02:52.028,0.3701923298690832,258,1451,Meia Praia (inland)
1125970477826966385,-27.117000579833984,-48.61100006103516,Morretes,Brasil,Santa Catarina,Itapema,2024-04-08 19:01:18.864,0.32021361774713286,200,777,Morretes
1122906973373442872,-27.107999801635746,-48.61399841308594,Tabuleiro dos Oliveiras,Brasil,Santa Catarina,Itapema,2024-04-08 19:01:58.471,0.1630011405327666,69,426,Tabuleiro dos Oliveiras
1117463021543380307,-27.13400077819824,-48.60200119018555,Meia Praia,Brasil,Santa Catarina,Itapema,2024-04-08 19:02:23.198,0.53392385793552,223,1928,Meia Praia (inland)
1039107969139777241,-27.100000381469727,-48.6150016784668,Centro,Brasil,Santa Catarina,Itapema,2023-12-18 19:02:31.718,0.19094332573601028,177,738,Centro
1036477378135768805,-27.09199905395508,-48.61199951171875,Centro,Brasil,Santa Catarina,Itapema,2023-12-18 19:02:32.538,0.22316119132640527,202,647,Centro
1040763172222042178,-27.13400077819824,-48.5989990234375,Meia Praia,Brasil,Santa Catarina,Itapema,2023-12-18 19:02:31.867,0.3119285924898961,445,2000,Meia Praia (beach band)
1038507931322981252,-27.136999130249023,-48.59799957275391,Meia Praia,Brasil,Santa Catarina,Itapema,2023-12-18 19:03:02.218,0.45041951166327054,361,1759,Meia Praia (inland)
760638778072787581,-27.12294,-48.61317,Morretes,Brasil,Santa Catarina,Itapema,2024-10-07 19:14:51.290,0.7812374013409354,38,1096,Morretes
986245345084467584,-27.136999130249023,-48.59999847412109,Meia Praia,Brasil,Santa Catarina,Itapema,2023-12-04 19:02:39.218,0.6029166964744271,250,1831,Meia Praia (inland)
742184034257552693,-27.09868,-48.61621,Centro,Brasil,Santa Catarina,Itapema,2024-10-07 20:15:11.327,0.31081376984439785,173,741,Centro
46298558,-27.139169693,-48.5935783386,Meia Praia,Brasil,Santa Catarina,Itapema,2023-01-19 12:18:27.000,0.23819981870182738,385,1386,Meia Praia (beach band)
46731696,-27.1229991913,-48.6049995422,Meia Praia,Brasil,Santa Catarina,Itapema,2023-01-19 12:18:27.000,0.040359438318209026,284,1442,Meia Praia (beach band)
47195870,-27.1067,-48.61405,Centro,Brasil,Santa Catarina,Itapema,2024-10-07 20:14:26.953,0.1377013602217224,99,425,Centro
766477433167060017,-27.13397,-48.60189,Meia Praia,Brasil,Santa Catarina,Itapema,2024-10-07 19:14:30.759,0.5234531728577347,238,1933,Meia Praia (inland)
29816615,-27.09138,-48.61445,Centro,Brasil,Santa Catarina,Itapema,2021-10-25 14:40:16.352,0.45610180773274367,186,653,Centro
47885829,-27.092176,-48.613792,Centro,Brasil,Santa Catarina,Itapema,2021-10-25 14:40:16.352,0.34992895966777293,218,673,Centro
32740819,-27.1401100159,-48.592628479,Meia Praia,Brasil,Santa Catarina,Itapema,2023-06-26 19:15:31.000,0.1991524027901726,310,1262,Meia Praia (beach band)
22245880,-27.14078,-48.59027,Meia Praia,Brasil,Santa Catarina,Itapema,2024-10-07 19:14:28.178,0.057951010504435095,186,1000,Meia Praia (beach band)
37708447,-27.13962,-48.59076,Meia Praia,Brasil,Santa Catarina,Itapema,2024-10-21 19:01:29.317,0.008687992427659386,214,1134,Meia Praia (beach band)
38879639,-27.12969,-48.60165,Meia Praia,Brasil,Santa Catarina,Itapema,2021-10-25 14:40:16.352,0.2131545882460598,436,1902,Meia Praia (beach band)
47269826,-27.14242,-48.58943,Meia Praia,Brasil,Santa Catarina,Itapema,2021-10-25 14:40:16.352,0.15261012673388424,172,833,Meia Praia (beach band)
30916169,-27.11939,-48.60528,Meia Praia,Brasil,Santa Catarina,Itapema,2024-10-07 19:14:51.290,0.09402068051022332,103,1057,Meia Praia (beach band)
47442612,-27.12052,-48.60888,Meia Praia,Brasil,Santa Catarina,Itapema,2024-10-07 19:35:43.569,0.28174599864258193,244,1151,Meia Praia (beach band)
16177778,-27.12398,-48.6075,Meia Praia,Brasil,Santa Catarina,Itapema,2021-10-25 14:40:16.352,0.30760143122479194,312,1493,Meia Praia (beach band)
23343001,-27.12475,-48.60604,Meia Praia,Brasil,Santa Catarina,Itapema,2021-10-25 14:40:16.352,0.23486635933939937,380,1577,Meia Praia (beach band)
37487828,-27.13755,-48.59893,Meia Praia,Brasil,Santa Catarina,Itapema,2024-10-07 19:36:00.582,0.5606095303529639,293,1746,Meia Praia (inland)
39972515,-27.1346,-48.59988,Meia Praia,Brasil,Santa Catarina,Itapema,2021-10-25 14:40:16.352,0.42152588863883694,367,1993,Meia Praia (inland)
40153336,-27.13143,-48.60001,Meia Praia,Brasil,Santa Catarina,Itapema,2024-10-07 19:51:53.146,0.19640375184029313,440,1953,Meia Praia (beach band)
32087372,-27.10046,-48.61613,Centro,Brasil,Santa Catarina,Itapema,2024-10-07 19:14:59.237,0.30421542194462864,161,719,Centro
36632832,-27.1354503632,-48.5957489014,Meia Praia,Brasil,Santa Catarina,Itapema,2023-06-26 19:14:46.000,0.1691013294283389,325,1716,Meia Praia (beach band)
22739656,-27.1299991607666,-48.5989990234375,Meia Praia,Brasil,Santa Catarina,Itapema,2024-01-01 19:02:23.404,0.02078348582834654,322,1854,Meia Praia (beach band)
11044577,-27.09914,-48.61549,Centro,Brasil,Santa Catarina,Itapema,2024-10-07 19:14:59.237,0.23942842837260128,179,747,Centro
21695053,-27.131,-48.602,Meia Praia,Brasil,Santa Catarina,Itapema,2021-10-25 14:40:16.352,0.32494809066121044,456,1943,Meia Praia (beach band)
44153810,-27.08712,-48.61605,Alto Sao Bento,Brasil,Santa Catarina,Itapema,2024-10-07 19:14:08.567,0.8502849866899178,69,473,Alto Sao Bento
17512358,-27.13432,-48.59556,Meia Praia,Brasil,Santa Catarina,Itapema,2024-10-07 19:15:00.080,0.07521123997284723,266,1758,Meia Praia (beach band)
31972121,-27.13233,-48.60051,Meia Praia,Brasil,Santa Catarina,Itapema,2021-10-25 14:40:16.352,0.30000261427747943,432,1998,Meia Praia (beach band)
39197724,-27.123,-48.606,Meia Praia,Brasil,Santa Catarina,Itapema,2021-10-25 14:40:16.352,0.1252264276308947,335,1444,Meia Praia (beach band)
560128678283668498,-27.1284,-48.60554,Meia Praia,Brasil,Santa Catarina,Itapema,2022-07-11 18:11:37.000,0.4338094080098531,348,1764,Meia Praia (inland)
40834982,-27.09976,-48.61814,Centro,Brasil,Santa Catarina,Itapema,2021-10-25 14:40:16.352,0.5019659943948155,65,711,Centro
1024067179174522246,-27.132999420166016,-48.61399841308594,Leopoldo Zarling,Brasil,Santa Catarina,Itapema,2024-01-01 19:02:50.515,1.4080643410329277,11,347,Leopoldo Zarling
1047723626454445067,-27.1341,-48.59745,Meia Praia,Brasil,Santa Catarina,Itapema,2024-10-07 19:51:53.146,0.20261007150082644,410,1899,Meia Praia (beach band)
28932247,-27.14033,-48.59733,Meia Praia,Brasil,Santa Catarina,Itapema,2024-10-07 19:08:10.725,0.6256512293439875,218,1434,Meia Praia (inland)
4334911,-27.14004,-48.59732,Meia Praia,Brasil,Santa Catarina,Itapema,2024-10-07 19:38:04.144,0.6052484886946987,231,1453,Meia Praia (inland)
53235128,-27.13134,-48.6062,Meia Praia,Brasil,Santa Catarina,Itapema,2022-01-11 19:06:34.950,0.6882728164241807,202,1739,Meia Praia (inland)
53458717,-27.13854,-48.59464,Meia Praia,Brasil,Santa Catarina,Itapema,2024-10-07 19:51:52.430,0.29285447597736697,382,1518,Meia Praia (beach band)
53722008,-27.13299,-48.59837,Meia Praia,Brasil,Santa Catarina,Itapema,2022-01-11 19:06:34.950,0.1905552154982079,411,1974,Meia Praia (beach band)
32234626,-27.141569,-48.594418,Meia Praia,Brasil,Santa Catarina,Itapema,2022-01-11 19:12:10.988,0.4294737761211206,196,1227,Meia Praia (inland)
53133078,-27.126171,-48.607101,Meia Praia,Brasil,Santa Catarina,Itapema,2022-01-11 19:12:10.988,0.41064503540419683,310,1638,Meia Praia (inland)
53893648,-27.13708,-48.59322,Meia Praia,Brasil,Santa Catarina,Itapema,2024-10-07 19:51:01.746,0.08242962439566985,286,1509,Meia Praia (beach band)
1227459805499079330,-27.1293068,-48.6009113,Meia Praia,Brasil,Santa Catarina,Itapema,2024-09-02 19:01:01.325,0.1288550037161886,392,1885,Meia Praia (beach band)
1224838484756175094,-27.12588241417054,-48.60394611954689,Meia Praia,Brasil,Santa Catarina,Itapema,2024-09-02 19:01:01.325,0.13566785773653053,339,1660,Meia Praia (beach band)
1234084273027568746,-27.09231,-48.61455,Centro,Brasil,Santa Catarina,Itapema,2024-09-30 19:03:13.166,0.39937024076812233,206,681,Centro
1232764608318047784,-27.13752,-48.59713,Meia Praia,Brasil,Santa Catarina,Itapema,2024-10-07 20:14:28.062,0.42016704172651465,361,1659,Meia Praia (inland)
1229859382554577590,-27.10650902629138,-48.61923135817051,Tabuleiro dos Oliveiras,Brasil,Santa Catarina,Itapema,2024-09-02 19:01:02.146,0.6388769302525296,44,369,Tabuleiro dos Oliveiras
37153670,-27.122,-48.607,Meia Praia,Brasil,Santa Catarina,Itapema,2021-10-25 14:40:16.352,0.17424082012493222,316,1332,Meia Praia (beach band)
20014261,-27.13,-48.603,Meia Praia,Brasil,Santa Catarina,Itapema,2021-10-25 14:40:16.352,0.3427716538092481,407,1892,Meia Praia (beach band)
817856745947831093,-27.117000579833984,-48.61000061035156,Morretes,Brasil,Santa Catarina,Itapema,2023-03-02 13:02:00.000,0.22685516096748767,193,800,Morretes
53904296,-27.12314,-48.61546,Morretes,Brasil,Santa Catarina,Itapema,2024-10-07 19:14:10.465,0.9955948999235518,44,813,Morretes
53599319,-27.12046,-48.60783,Meia Praia,Brasil,Santa Catarina,Itapema,2024-10-07 19:14:59.237,0.18565776444425477,260,1160,Meia Praia (beach band)
53659639,-27.064905,-48.594986,Ilhota,Brasil,Santa Catarina,Itapema,2022-01-11 14:00:44.815,0.04147838875065092,23,41,Ilhota
53280496,-27.0991,-48.61369,Centro,Brasil,Santa Catarina,Itapema,2024-10-07 19:14:59.237,0.06196608013053387,150,743,Centro
780872235421635957,-27.1318,-48.60299,Meia Praia,Brasil,Santa Catarina,Itapema,2024-10-07 19:36:04.342,0.456288944602508,348,1912,Meia Praia (inland)
785784636475143410,-27.1390094757,-48.6036300659,Meia Praia,Brasil,Santa Catarina,Itapema,2023-01-19 12:18:27.000,1.0227512710631246,24,1284,Meia Praia (inland)
754375397775403281,-27.12255,-48.60682,Meia Praia,Brasil,Santa Catarina,Itapema,2024-10-07 19:22:28.336,0.1802657296372387,333,1399,Meia Praia (beach band)
784933344932137170,-27.1329994202,-48.6040000916,Meia Praia,Brasil,Santa Catarina,Itapema,2023-01-19 12:18:27.000,0.6146288714739925,208,1847,Meia Praia (inland)
674574208902012105,-27.12917,-48.60287,Meia Praia,Brasil,Santa Catarina,Itapema,2024-10-07 19:36:04.342,0.27955816767839037,413,1856,Meia Praia (beach band)
1100720037663116812,-27.100000381469727,-48.617000579833984,Centro,Brasil,Santa Catarina,Itapema,2024-03-04 19:00:37.717,0.3890314292987615,129,723,Centro
580407424598756855,-27.13282,-48.59775,Meia Praia,Brasil,Santa Catarina,Itapema,2022-07-11 18:11:37.000,0.1320168537412228,391,1954,Meia Praia (beach band)
31702785,-27.10552,-48.61996,Tabuleiro dos Oliveiras,Brasil,Santa Catarina,Itapema,2024-10-07 19:36:11.677,0.6933748556438891,23,393,Tabuleiro dos Oliveiras
1242114642313213767,-27.0880623,-48.6150258,Casa Branca,Brasil,Santa Catarina,Itapema,2024-10-21 19:01:29.745,0.7334173402203806,83,528,Casa Branca
958573890829458760,-27.10125,-48.61512,Centro,Brasil,Santa Catarina,Itapema,2024-10-07 19:38:07.618,0.20689511952929934,170,697,Centro
42589028,-27.13012,-48.60067,Meia Praia,Brasil,Santa Catarina,Itapema,2024-10-07 19:38:07.618,0.16122730082716727,439,1924,Meia Praia (beach band)
45328516,-27.12893,-48.59882,Meia Praia,Brasil,Santa Catarina,Itapema,2024-10-07 19:51:24.642,0.06604634486220627,196,1788,Meia Praia (beach band)
51384806,-27.140750885,-48.5960197449,Meia Praia,Brasil,Santa Catarina,Itapema,2023-06-26 19:14:49.000,0.5326548454164282,217,1369,Meia Praia (inland)
1291260491712535142,-27.137368742915825,-48.5956966392341,Meia Praia,Brasil,Santa Catarina,Itapema,2024-12-16 19:03:27.784,0.29705366102584646,403,1606,Meia Praia (beach band)
1291430353539550065,-27.1294723,-48.60621099999999,Meia Praia,Brasil,Santa Catarina,Itapema,2024-12-16 19:03:27.784,0.5604381484284962,279,1741,Meia Praia (inland)
1292909799334927222,-27.13874902393487,-48.59481914964951,Meia Praia,Brasil,Santa Catarina,Itapema,2024-12-16 19:03:09.653,0.32098109072924796,377,1514,Meia Praia (beach band)
569254356071404463,-27.1011839784648,-48.6130556130472,Centro,Brasil,Santa Catarina,Itapema,2024-12-16 19:03:09.653,0.002865348711691211,129,693,Centro
1298119593659415664,-27.11953,-48.60752,Meia Praia,Brasil,Santa Catarina,Itapema,2024-12-16 19:03:09.653,0.1126698663548255,209,1079,Meia Praia (beach band)
1235684940858034080,-27.11548972523211,-48.61349488102603,Morretes,Brasil,Santa Catarina,Itapema,2024-12-16 19:03:27.136,0.5049054488099493,92,621,Morretes
1295166056999070487,-27.12303,-48.60642,Meia Praia,Brasil,Santa Catarina,Itapema,2024-12-16 19:03:09.658,0.16336738479200633,342,1438,Meia Praia (beach band)
1282165291618985724,-27.127029031763342,-48.60487344516288,Meia Praia,Brasil,Santa Catarina,Itapema,2024-12-16 19:03:09.658,0.2867738970932418,386,1712,Meia Praia (beach band)
37183669,-27.0886001587,-48.61536026,Casa Branca,Brasil,Santa Catarina,Itapema,2023-06-26 19:15:06.000,0.7192654877834095,89,551,Casa Branca
52670832,-27.131212,-48.598259,Meia Praia,Brasil,Santa Catarina,Itapema,2021-11-04 16:49:43.942,0.05226282841921707,345,1909,Meia Praia (beach band)
52530322,-27.141527,-48.594387,Meia Praia,Brasil,Santa Catarina,Itapema,2021-11-04 16:58:06.799,0.4246087704726231,199,1229,Meia Praia (inland)
52650644,-27.13848,-48.59684,Meia Praia,Brasil,Santa Catarina,Itapema,2024-10-07 19:54:07.816,0.4621105002888201,330,1577,Meia Praia (inland)
1014396911178096370,-27.14074,-48.59332,Meia Praia,Brasil,Santa Catarina,Itapema,2024-10-07 19:54:13.683,0.291197531046694,287,1248,Meia Praia (beach band)
1018784133881099782,-27.136999130249023,-48.59299850463867,Meia Praia,Brasil,Santa Catarina,Itapema,2023-11-20 19:02:14.442,0.06033271919795832,269,1499,Meia Praia (beach band)
52214716,-27.13719,-48.59333,Meia Praia,Brasil,Santa Catarina,Itapema,2021-10-25 14:40:16.352,0.09869354765922779,296,1511,Meia Praia (beach band)
22322959,-27.12719,-48.60143,Meia Praia,Brasil,Santa Catarina,Itapema,2021-10-25 14:40:16.352,0.03180984903150144,235,1749,Meia Praia (beach band)
39629644,-27.1368,-48.6008,Meia Praia,Brasil,Santa Catarina,Itapema,2024-10-07 20:14:26.953,0.6499121708773377,199,1836,Meia Praia (inland)
715713871870273384,-27.13892,-48.5976,Meia Praia,Brasil,Santa Catarina,Itapema,2024-10-07 19:51:52.430,0.5517993442649154,290,1540,Meia Praia (inland)
721754693718811881,-27.13163,-48.59986,Meia Praia,Brasil,Santa Catarina,Itapema,2022-10-03 13:39:14.000,0.19999819048699255,447,1970,Meia Praia (beach band)
743290246112415428,-27.11781,-48.60957,Morretes,Brasil,Santa Catarina,Itapema,2024-10-07 19:14:48.705,0.21625830516856756,210,878,Morretes
41790103,-27.1328392029,-48.6026496887,Meia Praia,Brasil,Santa Catarina,Itapema,2022-11-30 19:45:22.000,0.4962309101062558,254,1925,Meia Praia (inland)
970349784670686464,-27.12853,-48.6053,Meia Praia,Brasil,Santa Catarina,Itapema,2024-10-07 19:35:43.569,0.424347019256989,382,1787,Meia Praia (inland)
977653453697214511,-27.11771,-48.61461,Morretes,Brasil,Santa Catarina,Itapema,2024-10-07 19:36:04.342,0.6839474799158878,82,663,Morretes
764594935323413891,-27.12153,-48.60547,Meia Praia,Brasil,Santa Catarina,Itapema,2024-10-07 19:36:11.677,0.017207661861661522,236,1285,Meia Praia (beach band)
1078261284424187966,-27.09969,-48.6164,Centro,Brasil,Santa Catarina,Itapema,2024-10-07 19:36:11.677,0.32966714676872816,154,739,Centro
1199587121851873718,-27.08439,-48.62232,Alto Sao Bento,Brasil,Santa Catarina,Itapema,2024-10-07 19:45:32.791,1.1927182839440138,11,133,Alto Sao Bento
1203075817950465589,-27.09712,-48.61363,Centro,Brasil,Santa Catarina,Itapema,2024-10-07 19:45:35.340,0.06765275295945587,157,743,Centro
973211284957140427,-27.14234,-48.58934,Meia Praia,Brasil,Santa Catarina,Itapema,2024-10-07 19:14:28.178,0.1400266658451771,170,831,Meia Praia (beach band)
1182188163181410725,-27.09358809595095,-48.613163866102695,Centro,Brasil,Santa Catarina,Itapema,2024-08-19 19:03:28.789,0.20349484674226298,243,724,Centro
1198703061430420363,-27.0936893,-48.6131638,Centro,Brasil,Santa Catarina,Itapema,2024-08-19 19:03:29.896,0.196202185867394,243,727,Centro
1181933658424522281,-27.0936893,-48.6131638,Centro,Brasil,Santa Catarina,Itapema,2024-08-19 19:03:29.896,0.196202185867394,243,727,Centro
1182028381058524086,-27.0936893,-48.6131638,Centro,Brasil,Santa Catarina,Itapema,2024-08-19 19:03:29.896,0.196202185867394,243,727,Centro
1195858349379362032,-27.09854461417615,-48.61469339579344,Centro,Brasil,Santa Catarina,Itapema,2024-08-19 19:03:34.245,0.16051143274335186,170,744,Centro
1220219125770707254,-27.122474647835688,-48.60587663948536,Meia Praia,Brasil,Santa Catarina,Itapema,2024-08-19 19:03:40.998,0.0902213276913825,310,1389,Meia Praia (beach band)
1204292898244183231,-27.135924499581968,-48.59589236929033,Meia Praia,Brasil,Santa Catarina,Itapema,2024-08-19 19:03:40.998,0.21380401405589963,353,1707,Meia Praia (beach band)
1211516641845060963,-27.134849515183895,-48.60314951275311,Meia Praia,Brasil,Santa Catarina,Itapema,2024-08-19 19:03:38.653,0.6817485620412815,117,1852,Meia Praia (inland)
1197798435674435665,-27.1319848,-48.59773819999999,Meia Praia,Brasil,Santa Catarina,Itapema,2024-08-19 19:03:33.190,0.06934311993882361,350,1928,Meia Praia (beach band)
899100455740535590,-27.137840271,-48.5929412842,Meia Praia,Brasil,Santa Catarina,Itapema,2023-07-31 19:07:00.000,0.11174819648722958,302,1465,Meia Praia (beach band)
787195284335262595,-27.1340007782,-48.5970001221,Meia Praia,Brasil,Santa Catarina,Itapema,2023-07-31 19:06:44.000,0.16143870306244534,393,1871,Meia Praia (beach band)
774893767784499277,-27.1340007782,-48.5960006714,Meia Praia,Brasil,Santa Catarina,Itapema,2023-07-31 19:07:09.000,0.08573789772905083,313,1798,Meia Praia (beach band)
885372132705223062,-27.1319999695,-48.5999984741,Meia Praia,Brasil,Santa Catarina,Itapema,2023-07-31 19:08:02.000,0.23759068164292868,456,1988,Meia Praia (beach band)
915332897455058900,-27.1331520081,-48.5971374512,Meia Praia,Brasil,Santa Catarina,Itapema,2023-06-26 19:17:34.000,0.1118840470066417,348,1908,Meia Praia (beach band)
848559008656826842,-27.142999649,-48.5911903381,Meia Praia,Brasil,Santa Catarina,Itapema,2023-04-25 16:25:57.000,0.3093540590081276,142,900,Meia Praia (beach band)
1320994692912931266,-27.09365,-48.61308,Centro,Brasil,Santa Catarina,Itapema,2025-02-17 19:05:00.376,0.19270453063588638,242,725,Centro
972543924881751162,-27.130657196,-48.6059875488,Meia Praia,Brasil,Santa Catarina,Itapema,2023-09-18 19:04:07.000,0.6256355142677154,225,1756,Meia Praia (inland)
1056714372479342999,-27.121000289916992,-48.60599899291992,Meia Praia,Brasil,Santa Catarina,Itapema,2024-01-01 19:02:12.752,0.041731240883651266,246,1220,Meia Praia (beach band)
1056827534457537585,-27.125,-48.6150016784668,Morretes,Brasil,Santa Catarina,Itapema,2024-01-01 19:02:10.286,1.0344331347291547,38,865,Morretes
1056026073236053549,-27.080331802368164,-48.621543884277344,Alto Sao Bento,Brasil,Santa Catarina,Itapema,2024-01-01 19:02:54.985,1.0013484576237515,3,46,Alto Sao Bento
1053425333694349352,-27.094850540161133,-48.61999130249024,Varzea,Brasil,Santa Catarina,Itapema,2024-01-01 19:02:50.515,0.7464939544443155,28,669,Varzea
1056033191024087899,-27.1259994506836,-48.608001708984375,Meia Praia,Brasil,Santa Catarina,Itapema,2024-01-01 19:02:13.284,0.4737842984258314,231,1578,Meia Praia (inland)
1050641697385417050,-27.10011,-48.61764,Centro,Brasil,Santa Catarina,Itapema,2024-10-07 20:15:11.327,0.4525626919090331,100,722,Centro
1288272518691593314,-27.136568504109498,-48.59196007069286,Meia Praia,Brasil,Santa Catarina,Itapema,2024-11-18 19:10:24.161,0.051958705619834684,187,1438,Meia Praia (beach band)
1285613084580667244,-27.110992462484877,-48.61237787939718,Tabuleiro dos Oliveiras,Brasil,Santa Catarina,Itapema,2024-11-18 19:10:22.760,0.1927157581168431,21,496,Tabuleiro dos Oliveiras
1290111097559807016,-27.091339760435584,-48.60975252931167,Centro,Brasil,Santa Catarina,Itapema,2024-11-18 19:10:22.760,0.12030017024214154,65,571,Centro
1282728206199802019,-27.13753098284116,-48.59927441213196,Meia Praia,Brasil,Santa Catarina,Itapema,2024-11-18 19:10:18.913,0.5854571688577952,274,1767,Meia Praia (inland)
1282721810691437355,-27.13928206063875,-48.59157388270077,Meia Praia,Brasil,Santa Catarina,Itapema,2024-11-18 19:10:18.913,0.06486389329650666,268,1246,Meia Praia (beach band)
1284184965610419280,-27.13770251843808,-48.59765136558197,Meia Praia,Brasil,Santa Catarina,Itapema,2024-11-18 19:10:18.913,0.47367101362184094,328,1664,Meia Praia (inland)
1280800255220890348,-27.13839889191252,-48.59835711179871,Meia Praia,Brasil,Santa Catarina,Itapema,2024-11-18 19:10:18.913,0.576230442294991,280,1607,Meia Praia (inland)
1284878849418731692,-27.136637619858828,-48.59517603548172,Meia Praia,Brasil,Santa Catarina,Itapema,2024-11-18 19:10:18.913,0.20696658078662786,368,1609,Meia Praia (beach band)
1281374746325498940,-27.136057987446605,-48.59788165108379,Meia Praia,Brasil,Santa Catarina,Itapema,2024-11-18 19:10:18.913,0.37474779942117337,404,1830,Meia Praia (inland)
1285127411265723715,-27.13055309661184,-48.60605856633594,Meia Praia,Brasil,Santa Catarina,Itapema,2024-11-18 19:10:18.913,0.6238558620714263,230,1743,Meia Praia (inland)
1258552591163936031,-27.08744,-48.6344,Alto Sao Bento,Brasil,Santa Catarina,Itapema,2024-11-18 19:10:22.722,2.3869902300947055,4,13,Alto Sao Bento
1283530072752672965,-27.1218224,-48.62875649999999,Sertao do Trombudo,Brasil,Santa Catarina,Itapema,2024-11-18 19:10:22.722,2.1582960165936176,3,34,Sertao do Trombudo
999226382307972271,-27.11599922180176,-48.61199951171875,Morretes,Brasil,Santa Catarina,Itapema,2023-10-24 16:54:28.812,0.377025987377355,155,693,Morretes
1000145696139286782,-27.10400009155273,-48.61299896240234,Centro,Brasil,Santa Catarina,Itapema,2023-10-24 16:55:50.526,0.0011260430293208818,110,493,Centro
1298568311925401424,-27.1243574,-48.6038911,Meia Praia,Brasil,Santa Catarina,Itapema,2024-12-16 19:03:27.798,0.03389717848807674,248,1552,Meia Praia (beach band)
1307603230219075204,-27.0879714,-48.613134,Alto Sao Bento,Brasil,Santa Catarina,Itapema,2024-12-16 19:03:27.798,0.6172228615176051,88,500,Alto Sao Bento
1310174559824916300,-27.133717954416436,-48.60769786933151,Meia Praia,Brasil,Santa Catarina,Itapema,2024-12-16 19:03:26.834,0.961193075414673,71,1448,Meia Praia (inland)
1311544699481300377,-27.14041627374873,-48.59289736745911,Meia Praia,Brasil,Santa Catarina,Itapema,2024-12-16 19:03:27.830,0.23804423376341566,307,1252,Meia Praia (beach band)
1306861475702551090,-27.12692049057656,-48.60483215455156,Meia Praia,Brasil,Santa Catarina,Itapema,2024-12-16 19:03:27.830,0.27604648470339455,387,1707,Meia Praia (beach band)
1310948023336116283,-27.1318216,-48.6192989,Morretes,Brasil,Santa Catarina,Itapema,2024-12-16 19:10:42.901,1.764340156568771,9,109,Morretes
1289906058578499330,-27.13905855963953,-48.600045768799525,Meia Praia,Brasil,Santa Catarina,Itapema,2025-01-06 19:00:55.695,0.7529078549084937,137,1561,Meia Praia (inland)
1320237323905564772,-27.08573,-48.60991,Alto Sao Bento,Brasil,Santa Catarina,Itapema,2025-01-06 19:00:55.695,0.3434240196272654,12,367,Alto Sao Bento
1314387592587159598,-27.10768437397041,-48.61475604359167,Tabuleiro dos Oliveiras,Brasil,Santa Catarina,Itapema,2025-01-06 19:00:55.695,0.22600625538910032,87,421,Tabuleiro dos Oliveiras
1320401171074397678,-27.13597,-48.59475,Meia Praia,Brasil,Santa Catarina,Itapema,2025-01-06 19:00:43.342,0.12837664383561426,311,1617,Meia Praia (beach band)
1320244297875951003,-27.08904,-48.61447,Casa Branca,Brasil,Santa Catarina,Itapema,2025-01-06 19:00:43.342,0.6198792070046772,104,563,Casa Branca
1312442053889876195,-27.089752212422063,-48.607421927154064,Canto da Praia,Brasil,Santa Catarina,Itapema,2025-01-06 19:00:54.450,0.15172623620265216,35,427,Canto da Praia
1308111035777092645,-27.13023,-48.59908,Meia Praia,Brasil,Santa Catarina,Itapema,2025-01-06 19:00:43.520,0.03854142205532194,338,1869,Meia Praia (beach band)
1315850768550074764,-27.13443688529968,-48.6030980508322,Meia Praia,Brasil,Santa Catarina,Itapema,2025-01-06 19:00:43.582,0.6473916601913264,139,1851,Meia Praia (inland)
1320637026365387734,-27.12919,-48.6027,Meia Praia,Brasil,Santa Catarina,Itapema,2025-01-06 19:00:43.582,0.2668827952428634,405,1860,Meia Praia (beach band)
1321642761318234538,-27.11908,-48.60929,Morretes,Brasil,Santa Catarina,Itapema,2025-01-06 19:00:43.582,0.24777226606635094,232,1000,Morretes
1309452425296796883,-27.1166603,-48.6122038,Morretes,Brasil,Santa Catarina,Itapema,2025-01-06 19:00:43.582,0.4202079944153832,163,725,Morretes
1313034607802481095,-27.13238,-48.60686,Meia Praia,Brasil,Santa Catarina,Itapema,2025-01-06 19:00:43.582,0.8080500195280255,149,1657,Meia Praia (inland)
1302832759972608416,-27.1256704618305,-48.60460186556133,Meia Praia,Brasil,Santa Catarina,Itapema,2025-01-06 19:00:43.582,0.1739931313434213,382,1639,Meia Praia (beach band)
996293079045974004,-27.143543243408203,-48.589542388916016,Meia Praia,Brasil,Santa Catarina,Itapema,2023-10-24 16:56:41.371,0.25887641624891267,171,744,Meia Praia (beach band)
1304433283397417052,-27.113736804032143,-48.6097962586441,Morretes,Brasil,Santa Catarina,Itapema,2024-12-16 19:03:09.670,0.10041841415973299,73,581,Morretes
1307414210396035125,-27.09202,-48.61228,Centro,Brasil,Santa Catarina,Itapema,2024-12-16 19:03:27.136,0.24337582420558215,208,647,Centro
1305305832378400323,-27.12108,-48.60999,Morretes,Brasil,Santa Catarina,Itapema,2024-12-16 19:03:27.136,0.40803918109590603,196,1166,Morretes
1307872333003011643,-27.11437163054106,-48.61341368996513,Morretes,Brasil,Santa Catarina,Itapema,2024-12-16 19:03:27.136,0.4642510692805782,57,594,Morretes
1270349748357946766,-27.13942,-48.59641,Meia Praia,Brasil,Santa Catarina,Itapema,2024-12-16 19:03:27.784,0.4917037535117002,289,1512,Meia Praia (inland)
1308238916550577232,-27.139954269489003,-48.59509415924549,Meia Praia,Brasil,Santa Catarina,Itapema,2024-12-16 19:03:27.784,0.4114630992553534,311,1408,Meia Praia (inland)
1308089212728893994,-27.064924,-48.595565,Ilhota,Brasil,Santa Catarina,Itapema,2024-12-16 19:03:27.874,0.08732655224203402,25,41,Ilhota
1321724828933253635,-27.14079,-48.63706,Sertao do Trombudo,Brasil,Santa Catarina,Itapema,2025-01-06 19:05:42.107,3.7833439097171033,1,6,Sertao do Trombudo
1245608341070665271,-27.12417,-48.60713,Meia Praia,Brasil,Santa Catarina,Itapema,2024-09-30 19:03:18.074,0.28845992102089635,320,1524,Meia Praia (beach band)
1242002119123644781,-27.139737,-48.5912519,Meia Praia,Brasil,Santa Catarina,Itapema,2024-09-30 19:03:18.074,0.05914451307001367,232,1178,Meia Praia (beach band)
1242981323241444070,-27.09235,-48.61071,Centro,Brasil,Santa Catarina,Itapema,2024-09-30 19:03:11.064,0.09971534987451221,166,630,Centro
1248593272247115513,-27.09173,-48.61075,Centro,Brasil,Santa Catarina,Itapema,2024-09-30 19:03:28.314,0.1450683869243193,123,601,Centro
1245817805597724403,-27.11777,-48.61278,Morretes,Brasil,Santa Catarina,Itapema,2024-09-30 19:03:23.015,0.5149739009181091,162,769,Morretes
1242713378625026725,-27.09231,-48.61455,Centro,Brasil,Santa Catarina,Itapema,2024-09-30 19:03:13.166,0.39937024076812233,206,681,Centro
1249371220066552412,-27.0936893,-48.6131638,Centro,Brasil,Santa Catarina,Itapema,2024-09-30 19:03:29.159,0.196202185867394,243,727,Centro
1072015156382793000,-27.12716484069824,-48.61097717285156,Morretes,Brasil,Santa Catarina,Itapema,2024-02-12 19:01:22.917,0.7907712335378302,24,1383,Morretes
1053078341808957766,-27.11800003051757,-48.61100006103516,Morretes,Brasil,Santa Catarina,Itapema,2024-02-12 19:01:23.395,0.35703310838730734,204,857,Morretes
1081099742146958736,-27.136999130249023,-48.59400177001953,Meia Praia,Brasil,Santa Catarina,Itapema,2024-02-12 19:02:54.925,0.13860454067177777,339,1567,Meia Praia (beach band)
1021587725727377074,-27.14299964904785,-48.5880012512207,Meia Praia,Brasil,Santa Catarina,Itapema,2024-02-12 19:03:48.526,0.11760645576032229,156,676,Meia Praia (beach band)
1063686845680809516,-27.124000549316406,-48.608001708984375,Meia Praia,Brasil,Santa Catarina,Itapema,2024-02-12 19:04:20.217,0.35255930572246724,280,1485,Meia Praia (inland)
1258886924686320546,-27.1378808,-48.5938728,Meia Praia,Brasil,Santa Catarina,Itapema,2026-02-16 20:27:35.231,0.18797843950108437,332,1516,Meia Praia (beach band)
32007988,-27.1023807526,-48.6149101257,Centro,Brasil,Santa Catarina,Itapema,2023-06-26 19:15:33.000,0.19018550992822467,155,622,Centro
31308787,-27.093839645385746,-48.61082077026367,Centro,Brasil,Santa Catarina,Itapema,2023-02-09 15:17:56.000,0.009779236249844874,158,694,Centro
44165129,-27.13029,-48.59891,Meia Praia,Brasil,Santa Catarina,Itapema,2024-10-07 19:54:27.325,0.03333878875631277,334,1869,Meia Praia (beach band)
22307401,-27.13537,-48.59646,Meia Praia,Brasil,Santa Catarina,Itapema,2024-10-07 20:07:14.163,0.21747198534402115,395,1773,Meia Praia (beach band)
33366949,-27.12574958801269,-48.60678863525391,Meia Praia,Brasil,Santa Catarina,Itapema,2023-02-09 15:17:56.000,0.35863296149509394,338,1622,Meia Praia (inland)
52358821,-27.09022,-48.60523,Canto da Praia,Brasil,Santa Catarina,Itapema,2024-10-07 20:00:10.505,0.010286744872171022,18,331,Canto da Praia
773080154193323911,-27.12549018859864,-48.607818603515625,Meia Praia,Brasil,Santa Catarina,Itapema,2023-03-02 13:02:00.000,0.4270939065795956,252,1557,Meia Praia (inland)
811053746893495263,-27.13011,-48.60021,Meia Praia,Brasil,Santa Catarina,Itapema,2024-10-07 20:07:41.721,0.12311821682866314,417,1909,Meia Praia (beach band)
824505899246109397,-27.12800025939941,-48.60499954223633,Meia Praia,Brasil,Santa Catarina,Itapema,2023-03-02 13:02:00.000,0.36421366684679274,393,1770,Meia Praia (inland)
826079934498070369,-27.131000518798828,-48.607540130615234,Meia Praia,Brasil,Santa Catarina,Itapema,2023-03-02 13:02:00.000,0.7695935009375457,148,1597,Meia Praia (inland)
827032525024041844,-27.093000411987305,-48.61199951171875,Centro,Brasil,Santa Catarina,Itapema,2023-03-02 13:02:00.000,0.15389169651005755,214,682,Centro
796481545034280714,-27.097000122070312,-48.61399841308594,Centro,Brasil,Santa Catarina,Itapema,2023-03-02 13:02:00.000,0.10632102572426273,178,745,Centro
664454396350780979,-27.130279541,-48.6036300659,Meia Praia,Brasil,Santa Catarina,Itapema,2023-06-26 19:16:08.000,0.41177541305490833,389,1877,Meia Praia (inland)
46372862,-27.14168,-48.58968,Meia Praia,Brasil,Santa Catarina,Itapema,2024-10-07 20:15:51.997,0.10209060535494244,177,897,Meia Praia (beach band)
787545869098587310,-27.1100006104,-48.611000061,Morretes,Brasil,Santa Catarina,Itapema,2023-01-19 12:18:27.000,0.02173500430202756,19,466,Morretes
772706520794806760,-27.0970001221,-48.6279983521,Varzea,Brasil,Santa Catarina,Itapema,2023-01-19 12:18:27.000,1.4804009434281766,5,65,Varzea
801271167231006592,-27.141000747680664,-48.59600067138672,Meia Praia,Brasil,Santa Catarina,Itapema,2023-03-02 13:02:00.000,0.5430784355289132,207,1331,Meia Praia (inland)
818736543411409913,-27.11124,-48.61119,Morretes,Brasil,Santa Catarina,Itapema,2024-10-07 19:31:00.376,0.10494733392862073,23,485,Morretes
834894088253940194,-27.099000930786133,-48.6150016784668,Centro,Brasil,Santa Catarina,Itapema,2023-03-02 13:02:00.000,0.19094334912632238,180,745,Centro
31816034,-27.11876,-48.60863,Meia Praia,Brasil,Santa Catarina,Itapema,2022-12-19 12:44:52.000,0.17329895002187526,226,983,Meia Praia (beach band)
723730363541361267,-27.1337582,-48.6039535,Meia Praia,Brasil,Santa Catarina,Itapema,2022-11-08 18:24:34.000,0.6610070143855744,156,1847,Meia Praia (inland)
730644723519092285,-27.13235,-48.60756,Meia Praia,Brasil,Santa Catarina,Itapema,2024-10-07 19:55:00.676,0.8631588522545461,120,1571,Meia Praia (inland)
732572931172602640,-27.08693,-48.61496,Alto Sao Bento,Brasil,Santa Catarina,Itapema,2022-11-08 18:24:34.000,0.7539571996048388,79,472,Alto Sao Bento
721143022842232721,-27.12386,-48.60724,Meia Praia,Brasil,Santa Catarina,Itapema,2024-10-07 20:00:44.954,0.2786106917343102,319,1496,Meia Praia (beach band)
724766767716860996,-27.1266061,-48.6068708,Meia Praia,Brasil,Santa Catarina,Itapema,2022-10-03 13:39:14.000,0.4188424602577562,328,1649,Meia Praia (inland)
30500731,-27.13093,-48.60091,Meia Praia,Brasil,Santa Catarina,Itapema,2024-09-30 19:07:57.765,0.23179647679276966,463,1933,Meia Praia (beach band)
52813149,-27.13072,-48.60135,Meia Praia,Brasil,Santa Catarina,Itapema,2022-03-02 15:41:41.205,0.2541554936785725,469,1933,Meia Praia (beach band)
40112253,-27.12511,-48.60729,Meia Praia,Brasil,Santa Catarina,Itapema,2021-10-25 14:40:16.352,0.36017638737610225,303,1545,Meia Praia (inland)
23023313,-27.11599922180176,-48.60900115966797,Morretes,Brasil,Santa Catarina,Itapema,2023-02-09 15:17:56.000,0.09689753025009179,134,726,Morretes
35769555,-27.12401,-48.60702,Meia Praia,Brasil,Santa Catarina,Itapema,2021-10-25 14:40:16.352,0.2693802573940932,335,1513,Meia Praia (beach band)
53899162,-27.14542,-48.5879,Meia Praia,Brasil,Santa Catarina,Itapema,2022-05-20 00:37:30.416,0.02018481847731734,111,501,Meia Praia (beach band)
38638326,-27.13142,-48.60489,Meia Praia,Brasil,Santa Catarina,Itapema,2021-10-25 14:40:16.352,0.586729092635027,263,1824,Meia Praia (inland)
47031775,-27.14129066467285,-48.5886116027832,Meia Praia,Brasil,Santa Catarina,Itapema,2023-12-18 19:03:01.868,0.013039285295744423,126,835,Meia Praia (beach band)
45531969,-27.13751983642578,-48.59339904785156,Meia Praia,Brasil,Santa Catarina,Itapema,2023-02-09 15:17:56.000,0.1261905497370381,312,1507,Meia Praia (beach band)
1074026483494102863,-27.1338,-48.59628,Meia Praia,Brasil,Santa Catarina,Itapema,2024-12-19 17:36:49.669,0.09246941280207387,326,1823,Meia Praia (beach band)
955055671222076395,-27.1319999695,-48.5989990234,Meia Praia,Brasil,Santa Catarina,Itapema,2023-08-28 19:01:55.000,0.1636559729974765,426,1983,Meia Praia (beach band)
28342148,-27.12847,-48.60701,Meia Praia,Brasil,Santa Catarina,Itapema,2024-10-07 19:54:27.325,0.5523151160019754,245,1663,Meia Praia (inland)
47441628,-27.1270132429135,-48.6058594731618,Meia Praia,Brasil,Santa Catarina,Itapema,2021-10-25 14:40:16.352,0.36190349354466994,360,1680,Meia Praia (inland)
35767789,-27.08728,-48.61539,Alto Sao Bento,Brasil,Santa Catarina,Itapema,2024-10-07 20:00:16.330,0.8116949718025851,77,488,Alto Sao Bento
29484679,-27.09843,-48.61373,Centro,Brasil,Santa Catarina,Itapema,2021-10-25 14:40:16.352,0.06500774414473177,148,735,Centro
1010164576908019973,-27.13117,-48.59914,Meia Praia,Brasil,Santa Catarina,Itapema,2024-10-07 19:59:04.256,0.11351952129399052,398,1941,Meia Praia (beach band)
1273992109121182190,-27.13210327653471,-48.60168387774252,Meia Praia,Brasil,Santa Catarina,Itapema,2024-11-04 19:01:38.070,0.37027280695110376,389,1938,Meia Praia (inland)
1274733643327589564,-27.08971,-48.61073,Centro,Brasil,Santa Catarina,Itapema,2024-11-04 19:01:38.329,0.3249978251781252,72,528,Centro
1277484156057727375,-27.06412170930244,-48.59441532200495,Ilhota,Brasil,Santa Catarina,Itapema,2024-11-04 19:01:44.178,0.0579244689188047,20,41,Ilhota
1268333949441747573,-27.1372906,-48.5948854,Meia Praia,Brasil,Santa Catarina,Itapema,2024-11-04 19:03:08.533,0.2278775994156339,381,1597,Meia Praia (beach band)
1267962646968311018,-27.13489,-48.59867,Meia Praia,Brasil,Santa Catarina,Itapema,2024-11-04 19:03:08.533,0.351773775281628,400,1947,Meia Praia (inland)
1272690338912432550,-27.1258683,-48.6071317,Meia Praia,Brasil,Santa Catarina,Itapema,2024-11-04 19:03:08.533,0.3943172876563217,308,1631,Meia Praia (inland)
1276929799418519035,-27.11923151900986,-48.60637219191209,Meia Praia,Brasil,Santa Catarina,Itapema,2024-11-04 19:03:20.087,0.007661078484763522,148,1049,Meia Praia (beach band)
1106810253351847214,-27.13743,-48.59495,Meia Praia,Brasil,Santa Catarina,Itapema,2024-10-07 20:07:14.163,0.24259276527013285,379,1589,Meia Praia (beach band)
1111132089439811745,-27.104999542236328,-48.61299896240234,Centro,Brasil,Santa Catarina,Itapema,2024-03-18 19:02:17.039,0.0011271494067501087,87,449,Centro
1096326559739134649,-27.14115,-48.59448,Meia Praia,Brasil,Santa Catarina,Itapema,2025-01-06 19:00:57.933,0.41464984635940666,246,1271,Meia Praia (inland)
49458831,-27.121999740600582,-48.60599899291992,Meia Praia,Brasil,Santa Catarina,Itapema,2023-02-09 15:17:56.000,0.08242595022563952,292,1348,Meia Praia (beach band)
1158693871328965376,-27.13280487060547,-48.59808349609375,Meia Praia,Brasil,Santa Catarina,Itapema,2024-06-10 19:01:16.061,0.15589705854809754,393,1965,Meia Praia (beach band)
1145938005186269294,-27.10162,-48.61528,Centro,Brasil,Santa Catarina,Itapema,2024-10-07 20:23:35.255,0.224070865773805,165,665,Centro
48699117,-27.13706,-48.59403,Meia Praia,Brasil,Santa Catarina,Itapema,2024-10-07 20:07:14.163,0.1451386875266516,334,1569,Meia Praia (beach band)
29989615,-27.1353607178,-48.5956115723,Meia Praia,Brasil,Santa Catarina,Itapema,2023-09-18 19:03:00.000,0.15238549328867665,315,1708,Meia Praia (beach band)
28784429,-27.1349,-48.59873,Meia Praia,Brasil,Santa Catarina,Itapema,2024-10-07 20:07:58.147,0.3569831669491609,396,1949,Meia Praia (inland)
40246675,-27.13311,-48.5991,Meia Praia,Brasil,Santa Catarina,Itapema,2024-10-07 20:08:27.658,0.25329622719160755,433,1995,Meia Praia (beach band)
30771626,-27.10068,-48.61559,Centro,Brasil,Santa Catarina,Itapema,2021-10-25 14:40:16.352,0.2514785475653792,169,714,Centro
47330953,-27.1022605896,-48.6149902344,Centro,Brasil,Santa Catarina,Itapema,2023-06-26 19:15:46.000,0.19753537094569135,158,623,Centro
1026113758934446617,-27.136999130249023,-48.59999847412109,Meia Praia,Brasil,Santa Catarina,Itapema,2023-12-18 19:01:13.848,0.6029166964744271,250,1831,Meia Praia (inland)
1044284479378168960,-27.14243,-48.5888,Meia Praia,Brasil,Santa Catarina,Itapema,2024-10-07 20:22:31.977,0.11510993757705087,163,762,Meia Praia (beach band)
1028459735528308500,-27.13500022888184,-48.59799957275391,Meia Praia,Brasil,Santa Catarina,Itapema,2023-12-18 19:02:33.754,0.308355834232677,421,1892,Meia Praia (beach band)
1041978576015060383,-27.104999542236328,-48.61899948120117,Tabuleiro dos Oliveiras,Brasil,Santa Catarina,Itapema,2023-12-18 19:03:01.944,0.5957683477255997,39,438,Tabuleiro dos Oliveiras
1044302629857332421,-27.1200008392334,-48.60900115966797,Meia Praia,Brasil,Santa Catarina,Itapema,2023-12-18 19:02:34.022,0.26711272132020575,244,1105,Meia Praia (beach band)
53498029,-27.13493,-48.59441,Meia Praia,Brasil,Santa Catarina,Itapema,2024-10-07 19:59:09.278,0.03012958678944756,218,1625,Meia Praia (beach band)
1034210399986340352,-27.13599967956543,-48.59999847412109,Meia Praia,Brasil,Santa Catarina,Itapema,2023-12-04 19:02:12.283,0.5318612524591357,284,1914,Meia Praia (inland)
1030670260579878428,-27.138999938964844,-48.59299850463867,Meia Praia,Brasil,Santa Catarina,Itapema,2023-12-04 19:02:39.978,0.17859761516897824,359,1362,Meia Praia (beach band)
1028108003887861879,-27.1377,-48.59293,Meia Praia,Brasil,Santa Catarina,Itapema,2024-10-07 20:07:14.163,0.10155951941327408,296,1477,Meia Praia (beach band)
800161522701036278,-27.14353,-48.5902,Meia Praia,Brasil,Santa Catarina,Itapema,2024-10-07 20:22:31.977,0.2966525911617182,161,795,Meia Praia (beach band)
47712788,-27.13193,-48.59815,Meia Praia,Brasil,Santa Catarina,Itapema,2024-10-07 20:23:35.255,0.09582052021200871,369,1947,Meia Praia (beach band)
9985986,-27.14522,-48.5905,Meia Praia,Brasil,Santa Catarina,Itapema,2024-10-07 20:16:02.724,0.17319034752258383,95,669,Meia Praia (beach band)
38327538,-27.09986,-48.65855,Areal,Brasil,Santa Catarina,Itapema,2024-10-07 19:58:19.142,4.506521150952037,2,4,Areal
46329896,-27.13063,-48.6007,Meia Praia,Brasil,Santa Catarina,Itapema,2024-10-07 20:08:50.057,0.19556068711211966,454,1935,Meia Praia (beach band)
49241635,-27.13227,-48.59881,Meia Praia,Brasil,Santa Catarina,Itapema,2021-10-25 14:40:16.352,0.16984085885598568,413,1975,Meia Praia (beach band)
9784227,-27.14155,-48.59225,Meia Praia,Brasil,Santa Catarina,Itapema,2024-10-07 20:07:18.227,0.24760527917946334,209,1110,Meia Praia (beach band)
27338000,-27.12883,-48.60248,Meia Praia,Brasil,Santa Catarina,Itapema,2021-10-25 14:40:16.352,0.22630495713101578,401,1848,Meia Praia (beach band)
703527486074504582,-27.1405906677,-48.5980682373,Meia Praia,Brasil,Santa Catarina,Itapema,2023-06-26 19:17:50.000,0.70134170778711,169,1373,Meia Praia (inland)
31430342,-27.13026,-48.60684,Meia Praia,Brasil,Santa Catarina,Itapema,2024-10-07 20:00:44.954,0.6638945801359608,197,1682,Meia Praia (inland)
40969000,-27.11429,-48.60839,Morretes,Brasil,Santa Catarina,Itapema,2024-10-07 19:31:00.376,0.01993504341150025,61,612,Morretes
24755374,-27.12106,-48.60785,Meia Praia,Brasil,Santa Catarina,Itapema,2021-10-25 14:40:16.352,0.21407264492456868,267,1198,Meia Praia (beach band)
8838629,-27.11535,-48.60848,Morretes,Brasil,Santa Catarina,Itapema,2021-10-25 14:40:16.352,0.02549748371673555,91,691,Morretes
41132407,-27.12793,-48.60719,Meia Praia,Brasil,Santa Catarina,Itapema,2021-10-25 14:40:16.352,0.5286325476533321,252,1644,Meia Praia (inland)
38452816,-27.13101,-48.60837,Meia Praia,Brasil,Santa Catarina,Itapema,2021-10-25 14:40:16.352,0.8344099897492863,99,1507,Meia Praia (inland)
50113452,-27.13093,-48.6067,Meia Praia,Brasil,Santa Catarina,Itapema,2024-10-07 20:00:44.954,0.6996575164500058,183,1708,Meia Praia (inland)
46690986,-27.13369,-48.60201,Meia Praia,Brasil,Santa Catarina,Itapema,2021-10-25 14:40:16.352,0.5115829643861135,235,1930,Meia Praia (inland)
46926553,-27.1010303497,-48.6149406433,Centro,Brasil,Santa Catarina,Itapema,2023-06-26 19:16:09.000,0.18838465126843312,174,703,Centro
41147466,-27.13412,-48.59637,Meia Praia,Brasil,Santa Catarina,Itapema,2024-10-07 20:07:58.147,0.12152098791012773,347,1817,Meia Praia (beach band)
813114083905510288,-27.128999710083008,-48.60100173950195,Meia Praia,Brasil,Santa Catarina,Itapema,2023-03-02 13:02:00.000,0.11655593112177337,373,1877,Meia Praia (beach band)
37568514,-27.066110611,-48.5952911377,Ilhota,Brasil,Santa Catarina,Itapema,2023-06-26 19:14:54.000,0.08706870098534811,27,38,Ilhota
32020999,-27.10202,-48.61435,Centro,Brasil,Santa Catarina,Itapema,2024-10-07 20:12:48.224,0.13330061352492947,157,636,Centro
7908433,-27.09616,-48.61541,Centro,Brasil,Santa Catarina,Itapema,2021-10-25 14:40:16.352,0.2723380587707497,172,767,Centro
1048559390878502236,-27.1413,-48.59086,Meia Praia,Brasil,Santa Catarina,Itapema,2024-10-07 20:07:18.227,0.14020273724931706,197,1028,Meia Praia (beach band)
46088002,-27.1375,-48.59726,Meia Praia,Brasil,Santa Catarina,Itapema,2021-10-25 14:40:16.352,0.42906943223327554,361,1666,Meia Praia (inland)
33801856,-27.13756,-48.59627,Meia Praia,Brasil,Santa Catarina,Itapema,2021-10-25 14:40:16.352,0.3550877647318652,367,1611,Meia Praia (inland)
41409542,-27.13975,-48.5969,Meia Praia,Brasil,Santa Catarina,Itapema,2024-10-07 20:07:58.147,0.55258788807546,253,1485,Meia Praia (inland)
53673395,-27.13672,-48.60108,Meia Praia,Brasil,Santa Catarina,Itapema,2022-01-11 19:06:34.950,0.665644003243429,178,1849,Meia Praia (inland)
1229995452750240854,-27.11672,-48.61097,Morretes,Brasil,Santa Catarina,Itapema,2024-10-07 20:07:55.249,0.30701968214956915,191,747,Morretes
22581739,-27.1402397156,-48.5920906067,Meia Praia,Brasil,Santa Catarina,Itapema,2023-06-26 19:16:53.000,0.15730192697464646,272,1215,Meia Praia (beach band)
45780750,-27.12946,-48.60173,Meia Praia,Brasil,Santa Catarina,Itapema,2021-10-25 14:40:16.352,0.20506395899254526,405,1896,Meia Praia (beach band)
45923984,-27.08799934387207,-48.604000091552734,Canto da Praia,Brasil,Santa Catarina,Itapema,2024-03-25 19:00:41.738,0.06688900212420633,11,143,Canto da Praia
33385884,-27.13974,-48.59996,Meia Praia,Brasil,Santa Catarina,Itapema,2024-10-07 20:00:18.770,0.7930067804805033,115,1468,Meia Praia (inland)
794991238720374410,-27.14009094238281,-48.59294891357422,Meia Praia,Brasil,Santa Catarina,Itapema,2023-03-02 13:02:00.000,0.22663928292434218,324,1284,Meia Praia (beach band)
806655793264388558,-27.09766960144043,-48.61973190307617,Varzea,Brasil,Santa Catarina,Itapema,2023-03-02 13:02:00.000,0.6597469321751476,51,678,Varzea
53863922,-27.09508,-48.62342,Varzea,Brasil,Santa Catarina,Itapema,2022-01-11 17:14:34.893,1.0620970838269272,11,338,Varzea
53918137,-27.13368,-48.59851,Meia Praia,Brasil,Santa Catarina,Itapema,2022-01-11 19:06:34.950,0.251879412951608,446,1990,Meia Praia (beach band)
31359070,-27.101190567,-48.6152000427,Centro,Brasil,Santa Catarina,Itapema,2023-09-18 19:04:02.000,0.214754914218551,172,697,Centro
760907484373197006,-27.1359996796,-48.5989990234,Meia Praia,Brasil,Santa Catarina,Itapema,2023-01-19 12:18:27.000,0.4555934039338818,337,1874,Meia Praia (inland)
673826204715344716,-27.13078,-48.59923,Meia Praia,Brasil,Santa Catarina,Itapema,2022-08-01 15:25:27.000,0.09056570431782271,384,1909,Meia Praia (beach band)
1260309948363472212,-27.1389826,-48.5933886,Meia Praia,Brasil,Santa Catarina,Itapema,2024-10-21 19:01:27.231,0.21223806073550866,373,1387,Meia Praia (beach band)
1258166269614896715,-27.142207735966934,-48.5950527373177,Meia Praia,Brasil,Santa Catarina,Itapema,2024-10-21 19:01:27.231,0.5174237311761878,135,1195,Meia Praia (inland)
52757508,-27.09516,-48.61318,Centro,Brasil,Santa Catarina,Itapema,2024-10-21 19:01:27.231,0.11680181420091024,234,762,Centro
1226143239624076857,-27.1411458,-48.5941375,Meia Praia,Brasil,Santa Catarina,Itapema,2024-10-21 19:01:24.935,0.38383679015712174,242,1258,Meia Praia (inland)
968763887161579636,-27.1399993896,-48.5970001221,Meia Praia,Brasil,Santa Catarina,Itapema,2023-09-18 19:04:13.000,0.5773000893725981,243,1467,Meia Praia (inland)
1294887704959781657,-27.1320235,-48.5999078,Meia Praia,Brasil,Santa Catarina,Itapema,2024-12-16 19:01:24.264,0.23265952062839795,446,1993,Meia Praia (beach band)
32249282,-27.09383,-48.61362,Centro,Brasil,Santa Catarina,Itapema,2024-12-16 19:01:24.264,0.2220447739141472,246,733,Centro
1297971406994937553,-27.11866488599786,-48.615872271179306,Morretes,Brasil,Santa Catarina,Itapema,2024-12-16 19:01:33.933,0.8370978043874197,47,620,Morretes
1295724966320075965,-27.108982379167237,-48.61513645761441,Tabuleiro dos Oliveiras,Brasil,Santa Catarina,Itapema,2024-12-16 19:01:24.465,0.310970015938965,52,430,Tabuleiro dos Oliveiras
1293790445530578814,-27.1376274,-48.6015557,Meia Praia,Brasil,Santa Catarina,Itapema,2024-12-16 19:11:12.785,0.7662893603650627,115,1756,Meia Praia (inland)
1293423265067963095,-27.131051654079336,-48.60658578785255,Meia Praia,Brasil,Santa Catarina,Itapema,2024-12-16 19:10:43.629,0.6993904370514228,185,1698,Meia Praia (inland)
1297423528519458578,-27.1355232,-48.5969029,Meia Praia,Brasil,Santa Catarina,Itapema,2024-12-16 19:01:24.158,0.2618795812861272,407,1799,Meia Praia (beach band)
38345388,-27.09709,-48.61392,Centro,Brasil,Santa Catarina,Itapema,2024-10-07 20:00:44.954,0.09525403054136282,166,748,Centro
1018012011695779860,-27.11794,-48.6245,Morretes,Brasil,Santa Catarina,Itapema,2024-10-07 20:00:11.391,1.6199204377861007,0,76,Morretes
51302806,-27.1404800415,-48.5999717712,Meia Praia,Brasil,Santa Catarina,Itapema,2023-06-26 19:17:26.000,0.8439579314649778,93,1367,Meia Praia (inland)
27718978,-27.13281,-48.59774,Meia Praia,Brasil,Santa Catarina,Itapema,2021-10-25 14:40:16.352,0.13053127506992176,390,1952,Meia Praia (beach band)
1051619621188294429,-27.132999420166016,-48.60599899291992,Meia Praia,Brasil,Santa Catarina,Itapema,2024-01-08 19:00:46.063,0.7772906733067301,143,1683,Meia Praia (inland)
1075327663234880571,-27.14391,-48.58657,Meia Praia,Brasil,Santa Catarina,Itapema,2024-10-07 19:59:35.973,0.023535234699144286,107,527,Meia Praia (beach band)
1061436825270212073,-27.140253823903,-48.591838403661,Meia Praia,Brasil,Santa Catarina,Itapema,2024-08-19 19:00:39.258,0.13577940512387737,255,1188,Meia Praia (beach band)
1193491060115853150,-27.140470225982323,-48.59403189473748,Meia Praia,Brasil,Santa Catarina,Itapema,2024-08-19 19:00:57.421,0.3417345273174268,318,1306,Meia Praia (beach band)
1211041583203981859,-27.121225120147898,-48.619832927539065,Morretes,Brasil,Santa Catarina,Itapema,2024-08-19 19:00:52.592,1.3017761431588792,19,301,Morretes
1202791616864975880,-27.13246,-48.59702,Meia Praia,Brasil,Santa Catarina,Itapema,2024-08-19 19:00:57.445,0.051723606564635836,312,1894,Meia Praia (beach band)
1220240494709674428,-27.1363087,-48.6009885,Meia Praia,Brasil,Santa Catarina,Itapema,2024-08-19 19:00:57.445,0.62944209593053,210,1879,Meia Praia (inland)
1220979237786390131,-27.1390872336896,-48.59106380492449,Meia Praia,Brasil,Santa Catarina,Itapema,2024-08-19 19:01:07.315,0.011526531246763274,233,1217,Meia Praia (beach band)
39745810,-27.1388312285142,-48.59243340790272,Meia Praia,Brasil,Santa Catarina,Itapema,2024-08-19 19:01:07.315,0.1196889819243544,309,1337,Meia Praia (beach band)
1206687841875201841,-27.12505,-48.60816,Meia Praia,Brasil,Santa Catarina,Itapema,2024-10-07 20:07:41.721,0.42787590690191385,224,1548,Meia Praia (inland)
1211529202735017123,-27.14526,-48.58773,Meia Praia,Brasil,Santa Catarina,Itapema,2024-10-07 20:08:13.208,0.026643893171668744,114,503,Meia Praia (beach band)
1203715541918813976,-27.14297,-48.58679,Meia Praia,Brasil,Santa Catarina,Itapema,2024-10-07 20:08:58.103,0.0033776263338555824,118,578,Meia Praia (beach band)
1186374250100288090,-27.1249084,-48.6121765,Morretes,Brasil,Santa Catarina,Itapema,2024-08-19 19:00:55.345,0.770395101377299,24,1235,Morretes
1192836728602105901,-27.09231,-48.61455,Centro,Brasil,Santa Catarina,Itapema,2024-09-30 19:07:37.731,0.39937024076812233,206,681,Centro
1183418487997408853,-27.09361767336776,-48.61308421982116,Centro,Brasil,Santa Catarina,Itapema,2024-08-19 19:00:55.925,0.19542261325409346,242,726,Centro
816548646366675642,-27.0900001526,-48.6129989624,Centro,Brasil,Santa Catarina,Itapema,2023-04-25 16:24:45.000,0.4395895216212357,127,584,Centro
859653300578357102,-27.1170005798,-48.6119995117,Morretes,Brasil,Santa Catarina,Itapema,2023-04-25 16:24:46.000,0.4136435812585379,186,745,Morretes
46017736,-27.13871,-48.59833,Meia Praia,Brasil,Santa Catarina,Itapema,2021-10-25 14:40:16.352,0.5951071902627664,261,1571,Meia Praia (inland)
975513700167378294,-27.1200008392,-48.6069984436,Meia Praia,Brasil,Santa Catarina,Itapema,2023-09-18 19:03:29.000,0.08912211860894749,206,1122,Meia Praia (beach band)
976232490273870209,-27.091999054,-48.6160011292,Centro,Brasil,Santa Catarina,Itapema,2023-09-18 19:04:12.000,0.5333756176742276,115,665,Centro
1049981729833754496,-27.12800025939941,-48.60499954223633,Meia Praia,Brasil,Santa Catarina,Itapema,2024-01-01 19:01:51.740,0.36421366684679274,393,1770,Meia Praia (inland)
1049228438693811811,-27.12236,-48.60661,Meia Praia,Brasil,Santa Catarina,Itapema,2024-10-07 20:08:58.103,0.15317903965988475,312,1384,Meia Praia (beach band)
1052316377617207925,-27.09687805175781,-48.61676788330078,Centro,Brasil,Santa Catarina,Itapema,2024-01-01 19:02:13.261,0.374691975275568,143,738,Centro
1053625763515857065,-27.13400077819824,-48.59700012207031,Meia Praia,Brasil,Santa Catarina,Itapema,2024-01-01 19:03:12.237,0.16143870079751624,393,1871,Meia Praia (beach band)
1051607598322255002,-27.130895614624023,-48.60496139526367,Meia Praia,Brasil,Santa Catarina,Itapema,2024-01-01 19:03:12.161,0.5592521425692965,288,1821,Meia Praia (inland)
1057921303854839296,-27.13576,-48.59704,Meia Praia,Brasil,Santa Catarina,Itapema,2024-10-07 20:07:14.163,0.2895023646062109,409,1798,Meia Praia (beach band)
1057414783406807449,-27.131000518798828,-48.604000091552734,Meia Praia,Brasil,Santa Catarina,Itapema,2024-01-01 19:03:01.399,0.4878385523785652,340,1884,Meia Praia (inland)
790752171303746450,-27.131479263305664,-48.60348892211914,Meia Praia,Brasil,Santa Catarina,Itapema,2024-01-01 19:03:12.406,0.47647955166106554,333,1898,Meia Praia (inland)
1287957791965762724,-27.144071793306768,-48.58749458941038,Meia Praia,Brasil,Santa Catarina,Itapema,2024-11-18 19:03:18.677,0.07078178924897817,147,573,Meia Praia (beach band)
1286333977654822712,-27.145101694696397,-48.58900607349015,Meia Praia,Brasil,Santa Catarina,Itapema,2024-11-18 19:03:18.677,0.10770123274695458,129,607,Meia Praia (beach band)
1282577030741754149,-27.0927395,-48.6133933,Centro,Brasil,Santa Catarina,Itapema,2024-11-18 19:05:21.707,0.2801512211881518,242,689,Centro
1283616910460903126,-27.127697549212765,-48.60169339925051,Meia Praia,Brasil,Santa Catarina,Itapema,2024-11-18 19:10:15.785,0.08748350171244021,297,1796,Meia Praia (beach band)
1285235358681702483,-27.13156720382417,-48.6059910109363,Meia Praia,Brasil,Santa Catarina,Itapema,2024-11-18 19:10:15.785,0.6857266639225162,202,1747,Meia Praia (inland)
997104127337676238,-27.13400077819824,-48.5989990234375,Meia Praia,Brasil,Santa Catarina,Itapema,2023-10-24 16:55:53.600,0.3119285924898961,445,2000,Meia Praia (beach band)
986229867966040844,-27.132539749145508,-48.59907150268555,Meia Praia,Brasil,Santa Catarina,Itapema,2023-10-24 16:55:51.735,0.20939843184736942,435,1991,Meia Praia (beach band)
994796114784603337,-27.141000747680664,-48.59299850463867,Meia Praia,Brasil,Santa Catarina,Itapema,2023-10-24 16:56:42.172,0.2753068547622385,252,1205,Meia Praia (beach band)
987151159217066177,-27.121999740600582,-48.608001708984375,Meia Praia,Brasil,Santa Catarina,Itapema,2023-10-24 16:55:31.837,0.26667874008675496,304,1301,Meia Praia (beach band)
1311436396574665693,-27.13948824024848,-48.600344248116016,Meia Praia,Brasil,Santa Catarina,Itapema,2024-12-16 19:11:12.785,0.8062174198883386,107,1506,Meia Praia (inland)
1297995073731505987,-27.13902121204342,-48.59554504841003,Meia Praia,Brasil,Santa Catarina,Itapema,2024-12-16 19:11:01.094,0.39665101166137884,356,1517,Meia Praia (inland)
1310723768119397365,-27.1431052,-48.5904155,Meia Praia,Brasil,Santa Catarina,Itapema,2024-12-16 19:11:11.075,0.2721281021659632,167,840,Meia Praia (beach band)
1320244674220704469,-27.10343,-48.62063,Tabuleiro dos Oliveiras,Brasil,Santa Catarina,Itapema,2025-01-06 19:01:11.741,0.7573576585491172,12,479,Tabuleiro dos Oliveiras
1318315111310867765,-27.11573671091331,-48.61086688935757,Morretes,Brasil,Santa Catarina,Itapema,2025-01-06 19:01:11.741,0.26121092884877656,161,711,Morretes
1318010396571352908,-27.10690094265113,-48.61704159629516,Tabuleiro dos Oliveiras,Brasil,Santa Catarina,Itapema,2025-01-06 19:01:11.741,0.43309601978244083,68,392,Tabuleiro dos Oliveiras
1310775099463005440,-27.1243171,-48.6176252,Morretes,Brasil,Santa Catarina,Itapema,2025-01-06 19:01:01.638,1.2459675420929008,37,384,Morretes
1313724251824326300,-27.12203654240438,-48.60567009259033,Meia Praia,Brasil,Santa Catarina,Itapema,2025-01-06 19:00:58.705,0.053678961268911606,274,1347,Meia Praia (beach band)
1313701095515926984,-27.1334257,-48.5977981,Meia Praia,Brasil,Santa Catarina,Itapema,2025-01-06 19:00:58.705,0.18051274998531525,407,1958,Meia Praia (beach band)
1319027999133085311,-27.1213303,-48.6082733,Meia Praia,Brasil,Santa Catarina,Itapema,2025-01-06 19:00:58.705,0.26416422864799316,278,1222,Meia Praia (beach band)
1313728949277754767,-27.1208621,-48.6099477,Morretes,Brasil,Santa Catarina,Itapema,2025-01-06 19:00:58.705,0.3936860091677323,193,1153,Morretes
995676380390590060,-27.073692321777344,-48.61230850219727,Sertaozinho,Brasil,Santa Catarina,Itapema,2023-10-24 16:55:56.421,0.04626512189143137,4,15,Sertaozinho
1001382352686700814,-27.12299919128418,-48.608001708984375,Meia Praia,Brasil,Santa Catarina,Itapema,2023-10-24 16:56:01.212,0.3074790559636429,307,1423,Meia Praia (beach band)
1306722429222577526,-27.1228615,-48.6062629,Meia Praia,Brasil,Santa Catarina,Itapema,2024-12-16 19:01:34.042,0.14162617003774158,332,1425,Meia Praia (beach band)
1302366739912091646,-27.127333475835712,-48.60816925764084,Meia Praia,Brasil,Santa Catarina,Itapema,2024-12-16 19:01:34.007,0.5706648675769593,183,1620,Meia Praia (inland)
1303160184992468256,-27.139451,-48.5992594,Meia Praia,Brasil,Santa Catarina,Itapema,2024-12-16 19:01:34.007,0.7183344200576781,173,1500,Meia Praia (inland)
1298470822445005971,-27.08949251347737,-48.61564625054598,Casa Branca,Brasil,Santa Catarina,Itapema,2024-12-16 19:01:24.465,0.6797145958662891,84,590,Casa Branca
1316676139187881178,-27.09560821267652,-48.6320626129928,Varzea,Brasil,Santa Catarina,Itapema,2025-01-06 19:07:48.328,1.8946747005673568,2,34,Varzea
1322652053185668743,-27.13792,-48.59712,Meia Praia,Brasil,Santa Catarina,Itapema,2025-01-06 19:08:12.867,0.4465262060875284,344,1612,Meia Praia (inland)
1313097441898276704,-27.1041335,-48.6138477,Centro,Brasil,Santa Catarina,Itapema,2025-01-06 19:08:12.867,0.08555547919310146,127,495,Centro
1322385498684680916,-27.12703,-48.60474,Meia Praia,Brasil,Santa Catarina,Itapema,2025-01-06 19:08:12.899,0.2767264906963529,394,1713,Meia Praia (beach band)
1316679578115494337,-27.08441355010041,-48.62281858832058,Alto Sao Bento,Brasil,Santa Catarina,Itapema,2025-01-06 19:08:12.899,1.2389925726933255,8,125,Alto Sao Bento
1058556636299366889,-27.1283,-48.60559,Meia Praia,Brasil,Santa Catarina,Itapema,2024-10-07 20:07:23.707,0.4308259834675938,342,1757,Meia Praia (inland)
1058615618692011551,-27.12668,-48.60546,Meia Praia,Brasil,Santa Catarina,Itapema,2024-10-07 20:07:50.062,0.3078822720574154,381,1686,Meia Praia (beach band)
1245758147203199538,-27.13691,-48.60039,Meia Praia,Brasil,Santa Catarina,Itapema,2024-10-07 20:08:58.369,0.6264946620152547,220,1838,Meia Praia (inland)
1253418790143840292,-27.1084379,-48.6157511,Tabuleiro dos Oliveiras,Brasil,Santa Catarina,Itapema,2024-10-07 20:08:58.369,0.34246535858964827,69,403,Tabuleiro dos Oliveiras
1081929057858455873,-27.14272,-48.59057,Meia Praia,Brasil,Santa Catarina,Itapema,2024-10-07 20:08:57.837,0.24741732464602914,170,882,Meia Praia (beach band)
1240553834723755861,-27.11777,-48.60731,Meia Praia,Brasil,Santa Catarina,Itapema,2024-09-30 19:07:55.861,0.010056498923507823,132,893,Meia Praia (beach band)
1236346204565200349,-27.0961515,-48.6174715,Centro,Brasil,Santa Catarina,Itapema,2024-09-30 19:07:38.171,0.4621260287801887,97,738,Centro
1059695717144462622,-27.09499931335449,-48.61600112915039,Centro,Brasil,Santa Catarina,Itapema,2024-02-12 19:02:05.174,0.3789137777097682,135,753,Centro
1059261654377576396,-27.13500022888184,-48.60699844360352,Meia Praia,Brasil,Santa Catarina,Itapema,2024-02-12 19:01:13.473,0.9857162439824922,53,1408,Meia Praia (inland)
1061660313612584393,-27.099998474121097,-48.614994049072266,Centro,Brasil,Santa Catarina,Itapema,2024-02-12 19:02:54.321,0.19018733539515173,177,737,Centro
1059271401855678406,-27.121999740600582,-48.60599899291992,Meia Praia,Brasil,Santa Catarina,Itapema,2024-02-12 19:02:14.747,0.08242595022563952,292,1348,Meia Praia (beach band)
837646263953285868,-27.1264,-48.60495,Meia Praia,Brasil,Santa Catarina,Itapema,2026-04-06 19:05:05.780,0.2488720195134917,396,1675,Meia Praia (beach band)
753462768477570402,-27.12417,-48.607852,Meia Praia,Brasil,Santa Catarina,Itapema,2026-02-16 19:38:00.492,0.3483866809504169,276,1501,Meia Praia (beach band)
1207335703563012811,-27.09306,-48.61326,Centro,Brasil,Santa Catarina,Itapema,2025-11-03 19:04:23.542,0.24734683181542166,240,702,Centro
40289385,-27.08592987060547,-48.62060928344727,Alto Sao Bento,Brasil,Santa Catarina,Itapema,2023-02-09 15:17:56.000,1.131081924105519,9,202,Alto Sao Bento
41869708,-27.129159927368164,-48.60340118408203,Meia Praia,Brasil,Santa Catarina,Itapema,2023-02-09 15:17:56.000,0.32142124701577757,433,1847,Meia Praia (beach band)
755690841665214982,-27.10363,-48.61324,Centro,Brasil,Santa Catarina,Itapema,2024-10-07 19:53:37.505,0.025234421325298965,122,519,Centro
779826083156013709,-27.1350002289,-48.5999984741,Meia Praia,Brasil,Santa Catarina,Itapema,2023-01-19 12:18:27.000,0.4598199837476473,319,1973,Meia Praia (inland)
782734966853311782,-27.13400077819824,-48.60200119018555,Meia Praia,Brasil,Santa Catarina,Itapema,2023-02-09 15:17:56.000,0.53392385793552,223,1928,Meia Praia (inland)
745572996552080346,-27.0965900421,-48.6162490845,Centro,Brasil,Santa Catarina,Itapema,2022-12-06 12:43:34.000,0.3320671881640624,164,758,Centro
769389251553220948,-27.1242408752,-48.6053314209,Meia Praia,Brasil,Santa Catarina,Itapema,2022-12-06 12:43:34.000,0.1453971294124865,360,1554,Meia Praia (beach band)
815359504472587443,-27.13859,-48.59718,Meia Praia,Brasil,Santa Catarina,Itapema,2024-10-07 20:05:48.622,0.4964499105837822,315,1570,Meia Praia (inland)
816133717795107883,-27.14204978942871,-48.5890998840332,Meia Praia,Brasil,Santa Catarina,Itapema,2023-03-02 13:02:00.000,0.10014054771732206,166,833,Meia Praia (beach band)
15517506,-27.122549057,-48.6035690308,Meia Praia,Brasil,Santa Catarina,Itapema,2022-11-29 02:09:46.000,0.10570004343312944,132,1378,Meia Praia (beach band)
558481029019897262,-27.12021,-48.62132,Morretes,Brasil,Santa Catarina,Itapema,2022-07-11 18:11:37.000,1.4034683626530213,5,205,Morretes
41057391,-27.1279392242,-48.6073303223,Meia Praia,Brasil,Santa Catarina,Itapema,2023-06-26 19:15:31.000,0.5402652795078663,247,1642,Meia Praia (inland)
46036384,-27.11811,-48.60932,Morretes,Brasil,Santa Catarina,Itapema,2024-10-07 19:53:31.747,0.20426052433343955,207,902,Morretes
21454457,-27.13150978088379,-48.604339599609375,Meia Praia,Brasil,Santa Catarina,Itapema,2023-02-08 21:34:52.000,0.5477852038612598,278,1862,Meia Praia (inland)
38693604,-27.13587951660156,-48.59550857543945,Meia Praia,Brasil,Santa Catarina,Itapema,2023-02-08 21:34:52.000,0.1809576190760809,340,1679,Meia Praia (beach band)
798609957167332367,-27.1280002594,-48.6049995422,Meia Praia,Brasil,Santa Catarina,Itapema,2023-01-19 12:18:27.000,0.3642136640374369,393,1770,Meia Praia (inland)
755046728170332800,-27.138999939,-48.591999054,Meia Praia,Brasil,Santa Catarina,Itapema,2022-12-06 12:43:34.000,0.089257796365342,283,1302,Meia Praia (beach band)
771134836709283777,-27.13671,-48.59669,Meia Praia,Brasil,Santa Catarina,Itapema,2024-10-07 19:58:41.325,0.3299984412577789,387,1706,Meia Praia (beach band)
805931746930977423,-27.1366996765,-48.5951004028,Meia Praia,Brasil,Santa Catarina,Itapema,2023-09-18 19:03:02.000,0.20484288886747715,364,1612,Meia Praia (beach band)
822365439954007216,-27.13599967956543,-48.5989990234375,Meia Praia,Brasil,Santa Catarina,Itapema,2023-03-02 13:02:00.000,0.4555934043594409,337,1874,Meia Praia (inland)
31084342,-27.1397399902,-48.5957984924,Meia Praia,Brasil,Santa Catarina,Itapema,2022-11-28 11:33:01.000,0.46395288315355915,314,1468,Meia Praia (inland)
22223346,-27.13279914855957,-48.59666061401367,Meia Praia,Brasil,Santa Catarina,Itapema,2023-02-09 15:17:56.000,0.051284055596120454,291,1859,Meia Praia (beach band)
1173300984346827182,-27.098033905029297,-48.61426162719727,Centro,Brasil,Santa Catarina,Itapema,2024-06-17 19:01:23.489,0.11766590694801903,163,738,Centro
741851754120319750,-27.1190269,-48.6135036,Morretes,Brasil,Santa Catarina,Itapema,2022-11-08 18:24:34.000,0.6289232932137246,109,819,Morretes
738997212246318088,-27.1382834,-48.5983548,Meia Praia,Brasil,Santa Catarina,Itapema,2022-11-08 18:24:34.000,0.5681926032947644,283,1621,Meia Praia (inland)
46769078,-27.1331,-48.59806,Meia Praia,Brasil,Santa Catarina,Itapema,2022-08-15 20:53:40.000,0.17576695775803128,421,1971,Meia Praia (beach band)
721635424816164605,-27.1440118,-48.5887433,Meia Praia,Brasil,Santa Catarina,Itapema,2022-10-03 13:39:14.000,0.19407892701907922,163,664,Meia Praia (beach band)
41711386,-27.1169109344,-48.6086616516,Morretes,Brasil,Santa Catarina,Itapema,2023-06-26 19:17:07.000,0.09819701112983817,140,810,Morretes
40225576,-27.13104,-48.60568,Meia Praia,Brasil,Santa Catarina,Itapema,2021-10-25 14:40:16.352,0.6269066564628175,244,1768,Meia Praia (inland)
1063807278503566143,-27.09824,-48.61373,Centro,Brasil,Santa Catarina,Itapema,2024-12-19 17:34:36.744,0.06507442891367567,151,736,Centro
1063631850360870442,-27.09446010505128,-48.61433942142638,Centro,Brasil,Santa Catarina,Itapema,2024-12-19 17:34:33.530,0.2535884651845142,259,747,Centro
18505349,-27.10681,-48.61325,Centro,Brasil,Santa Catarina,Itapema,2024-10-07 20:05:22.499,0.06240947290924451,72,430,Centro
38616586,-27.125280380249023,-48.60651016235352,Meia Praia,Brasil,Santa Catarina,Itapema,2023-02-09 15:17:56.000,0.30658045970298947,384,1613,Meia Praia (beach band)
944913407874781242,-27.11744,-48.60889,Morretes,Brasil,Santa Catarina,Itapema,2024-10-07 20:06:59.359,0.13904310561088928,170,862,Morretes
1270500625990390992,-27.1243171,-48.6176252,Morretes,Brasil,Santa Catarina,Itapema,2024-11-04 19:01:25.121,1.2459675420929008,37,384,Morretes
1275408256366937393,-27.13102471442018,-48.60542711891021,Meia Praia,Brasil,Santa Catarina,Itapema,2024-11-04 19:01:25.317,0.6054329003915792,253,1791,Meia Praia (inland)
1277103969415516416,-27.11553019987141,-48.61099295318127,Morretes,Brasil,Santa Catarina,Itapema,2024-11-04 19:01:25.187,0.2670735250595719,157,683,Morretes
1275479435641237202,-27.12515,-48.60649,Meia Praia,Brasil,Santa Catarina,Itapema,2024-11-04 19:01:25.187,0.2968105802193299,373,1611,Meia Praia (beach band)
1275739733166585174,-27.129909441575723,-48.60585644909569,Meia Praia,Brasil,Santa Catarina,Itapema,2024-11-04 19:01:25.187,0.5634245830721047,293,1761,Meia Praia (inland)
53474976,-27.13449,-48.59419,Meia Praia,Brasil,Santa Catarina,Itapema,2024-11-04 19:01:23.818,0.018486277361656037,174,1617,Meia Praia (beach band)
1088583802794691728,-27.13064,-48.59881,Meia Praia,Brasil,Santa Catarina,Itapema,2024-11-04 19:01:23.818,0.04954515502289355,353,1891,Meia Praia (beach band)
1105718342831359474,-27.13378,-48.59793,Meia Praia,Brasil,Santa Catarina,Itapema,2024-10-07 20:05:48.622,0.21645378968252685,423,1952,Meia Praia (beach band)
1005318923013871091,-27.13500022888184,-48.595001220703125,Meia Praia,Brasil,Santa Catarina,Itapema,2023-11-06 19:01:58.624,0.08007998124586058,254,1690,Meia Praia (beach band)
1008029204257210230,-27.12741,-48.62193,Morretes,Brasil,Santa Catarina,Itapema,2024-10-07 19:52:42.175,1.7715722202298332,10,127,Morretes
37148632,-27.13108,-48.60001,Meia Praia,Brasil,Santa Catarina,Itapema,2024-11-04 19:01:25.412,0.1705515204303833,426,1931,Meia Praia (beach band)
1270200031368317954,-27.13114220429011,-48.60189042307276,Meia Praia,Brasil,Santa Catarina,Itapema,2024-11-04 19:01:25.412,0.3251096346371137,455,1946,Meia Praia (beach band)
1154338348449938646,-27.12344,-48.60488,Meia Praia,Brasil,Santa Catarina,Itapema,2024-10-07 20:05:52.948,0.05838705888480103,301,1477,Meia Praia (beach band)
39610744,-27.13576,-48.59872,Meia Praia,Brasil,Santa Catarina,Itapema,2024-10-07 20:05:52.769,0.4173005838922421,365,1877,Meia Praia (inland)
21295667,-27.13691,-48.59562,Meia Praia,Brasil,Santa Catarina,Itapema,2024-10-07 20:05:13.536,0.2603074705407709,389,1625,Meia Praia (beach band)
21324331,-27.13354,-48.59698,Meia Praia,Brasil,Santa Catarina,Itapema,2021-10-25 14:40:16.352,0.12677938834782224,352,1877,Meia Praia (beach band)
1044515710705238828,-27.093000411987305,-48.61199951171875,Centro,Brasil,Santa Catarina,Itapema,2024-01-01 19:02:50.483,0.15389169651005755,214,682,Centro
1036973657081137421,-27.132999420166016,-48.60699844360352,Meia Praia,Brasil,Santa Catarina,Itapema,2023-12-18 19:02:34.489,0.8586355644374132,122,1588,Meia Praia (inland)
1033202997223117530,-27.131999969482425,-48.59799957275391,Meia Praia,Brasil,Santa Catarina,Itapema,2023-12-18 19:02:34.813,0.09018044030604526,369,1939,Meia Praia (beach band)
1045238168872550971,-27.1363,-48.59914,Meia Praia,Brasil,Santa Catarina,Itapema,2024-10-07 20:05:52.769,0.48789269273335356,331,1862,Meia Praia (inland)
1031288144043810073,-27.126359939575195,-48.613189697265625,Morretes,Brasil,Santa Catarina,Itapema,2023-12-18 19:03:02.333,0.929583616898729,21,1128,Morretes
1091935794941863945,-27.114999771118164,-48.61100006103516,Tabuleiro dos Oliveiras,Brasil,Santa Catarina,Itapema,2024-02-26 19:00:57.218,0.2519304848923995,131,649,Tabuleiro dos Oliveiras
1029680548639860402,-27.13800048828125,-48.59299850463867,Meia Praia,Brasil,Santa Catarina,Itapema,2023-12-04 19:01:37.995,0.12761907483996499,316,1448,Meia Praia (beach band)
40438783,-27.08669,-48.61506,Alto Sao Bento,Brasil,Santa Catarina,Itapema,2024-10-07 19:52:47.255,0.7439266086156394,76,462,Alto Sao Bento
1033307362565448159,-27.12294006347656,-48.60768127441406,Meia Praia,Brasil,Santa Catarina,Itapema,2023-12-04 19:02:49.187,0.2755459191926257,321,1425,Meia Praia (beach band)
1030981527494824971,-27.11899948120117,-48.61600112915039,Morretes,Brasil,Santa Catarina,Itapema,2024-02-12 19:02:12.999,0.8614773939004916,49,621,Morretes
40209404,-27.09006,-48.61213,Centro,Brasil,Santa Catarina,Itapema,2021-10-25 14:40:16.352,0.3739751042112991,98,573,Centro
30271062,-27.1336,-48.59922,Meia Praia,Brasil,Santa Catarina,Itapema,2024-10-07 20:06:42.684,0.29847085194566475,445,2007,Meia Praia (beach band)
21547223,-27.13899,-48.59177,Meia Praia,Brasil,Santa Catarina,Itapema,2021-10-25 14:40:16.352,0.06876139835364747,273,1289,Meia Praia (beach band)
27022969,-27.13995,-48.59131,Meia Praia,Brasil,Santa Catarina,Itapema,2021-10-25 14:40:16.352,0.07399124939455666,238,1161,Meia Praia (beach band)
47000276,-27.13907,-48.59049,Meia Praia,Brasil,Santa Catarina,Itapema,2021-10-25 14:40:16.352,0.04243260552096468,201,1147,Meia Praia (beach band)
41926345,-27.13769,-48.59163,Meia Praia,Brasil,Santa Catarina,Itapema,2024-10-07 20:05:13.536,0.012453979353980014,230,1340,Meia Praia (beach band)
552083532240233859,-27.1394,-48.59439,Meia Praia,Brasil,Santa Catarina,Itapema,2024-10-07 20:05:48.622,0.3218065631601617,377,1430,Meia Praia (beach band)
22047595,-27.1144,-48.60876,Morretes,Brasil,Santa Catarina,Itapema,2021-10-25 14:40:16.352,0.02093554687417054,69,616,Morretes
41664387,-27.12346,-48.60769,Meia Praia,Brasil,Santa Catarina,Itapema,2024-10-07 19:53:37.505,0.29778036639515654,315,1451,Meia Praia (beach band)
31069380,-27.12714,-48.60851,Meia Praia,Brasil,Santa Catarina,Itapema,2024-10-07 19:52:54.516,0.5865422568712911,148,1576,Meia Praia (inland)
41420865,-27.13076,-48.6046,Meia Praia,Brasil,Santa Catarina,Itapema,2021-10-25 14:40:16.352,0.5213505537566012,319,1843,Meia Praia (inland)
46710652,-27.12696,-48.60653,Meia Praia,Brasil,Santa Catarina,Itapema,2021-10-25 14:40:16.352,0.41283930807816166,344,1658,Meia Praia (inland)
48088712,-27.12608,-48.60439,Meia Praia,Brasil,Santa Catarina,Itapema,2021-10-25 14:40:16.352,0.1834307566212518,378,1672,Meia Praia (beach band)
12916558,-27.13453,-48.5981,Meia Praia,Brasil,Santa Catarina,Itapema,2024-10-07 20:05:48.622,0.2828598155702486,433,1931,Meia Praia (beach band)
17034886,-27.13589,-48.60302,Meia Praia,Brasil,Santa Catarina,Itapema,2021-10-25 14:40:16.352,0.7492102067686961,97,1782,Meia Praia (inland)
46415101,-27.10361,-48.61404,Centro,Brasil,Santa Catarina,Itapema,2024-10-07 20:06:40.035,0.1042971912068967,138,524,Centro
27852364,-27.10099983215332,-48.6150016784668,Centro,Brasil,Santa Catarina,Itapema,2024-04-01 19:00:43.917,0.19440284695090532,174,704,Centro
31284638,-27.09808,-48.61508,Centro,Brasil,Santa Catarina,Itapema,2021-10-25 14:40:16.352,0.19890433313151953,176,742,Centro
3263701,-27.13068,-48.59912,Meia Praia,Brasil,Santa Catarina,Itapema,2021-10-25 14:40:16.352,0.07498532801371305,379,1905,Meia Praia (beach band)
807362268619601978,-27.124799728393555,-48.6067008972168,Meia Praia,Brasil,Santa Catarina,Itapema,2023-03-02 13:02:00.000,0.2923662893488363,363,1556,Meia Praia (beach band)
16105751,-27.10033,-48.61512,Centro,Brasil,Santa Catarina,Itapema,2024-10-07 19:53:44.514,0.2038749765836531,179,729,Centro
48094294,-27.09901,-48.61781,Centro,Brasil,Santa Catarina,Itapema,2024-10-07 19:53:44.514,0.46924506316509834,95,722,Centro
46724379,-27.13789,-48.59593,Meia Praia,Brasil,Santa Catarina,Itapema,2024-10-07 20:05:48.622,0.35055712900503505,379,1598,Meia Praia (inland)
32552871,-27.13801,-48.59438,Meia Praia,Brasil,Santa Catarina,Itapema,2024-10-07 19:59:32.326,0.23674658239651117,381,1530,Meia Praia (beach band)
53717416,-27.1319999695,-48.5999984741,Meia Praia,Brasil,Santa Catarina,Itapema,2023-09-18 19:04:06.000,0.23759068164292868,456,1988,Meia Praia (beach band)
53885902,-27.11578,-48.61069,Morretes,Brasil,Santa Catarina,Itapema,2024-10-07 19:14:31.820,0.2462871243888086,162,712,Morretes
54033938,-27.13671,-48.59839,Meia Praia,Brasil,Santa Catarina,Itapema,2024-10-07 20:05:52.769,0.4597588741697273,342,1806,Meia Praia (inland)
47085905,-27.1312599182,-48.6036186218,Meia Praia,Brasil,Santa Catarina,Itapema,2023-06-26 19:15:32.000,0.4731044324858715,339,1893,Meia Praia (inland)
1077396104359577731,-27.135293493467504,-48.59442494809628,Meia Praia,Brasil,Santa Catarina,Itapema,2024-09-02 19:00:48.758,0.05673380615771108,235,1616,Meia Praia (beach band)
1225953904981320094,-27.122770954094413,-48.60552080699311,Meia Praia,Brasil,Santa Catarina,Itapema,2024-12-16 19:03:09.699,0.07155710704467357,309,1435,Meia Praia (beach band)
22400948,-27.127,-48.613,Morretes,Brasil,Santa Catarina,Itapema,2021-10-25 14:40:16.352,0.947893471290815,24,1136,Morretes
42625075,-27.12701,-48.60411,Meia Praia,Brasil,Santa Catarina,Itapema,2024-10-07 20:05:52.948,0.22659281016823857,390,1735,Meia Praia (beach band)
45910811,-27.1027,-48.61449,Centro,Brasil,Santa Catarina,Itapema,2024-10-07 20:05:22.499,0.14930115379115105,157,574,Centro
822407242041109663,-27.11709976196289,-48.61043167114258,Morretes,Brasil,Santa Catarina,Itapema,2023-03-02 13:02:00.000,0.2708913222309401,204,804,Morretes
807368706778426558,-27.131999969482425,-48.60300064086914,Meia Praia,Brasil,Santa Catarina,Itapema,2023-03-02 13:02:00.000,0.46977683979661333,331,1907,Meia Praia (inland)
818048500029963765,-27.13884,-48.58984,Meia Praia,Brasil,Santa Catarina,Itapema,2024-10-07 19:53:02.869,0.11173653656453346,133,1082,Meia Praia (beach band)
24084027,-27.14162,-48.59073,Meia Praia,Brasil,Santa Catarina,Itapema,2024-12-16 19:03:09.712,0.16032024310503365,183,988,Meia Praia (beach band)
22927807,-27.13986,-48.59069,Meia Praia,Brasil,Santa Catarina,Itapema,2024-12-16 19:03:39.057,0.013931430320692955,205,1111,Meia Praia (beach band)
54196670,-27.09647,-48.6154,Centro,Brasil,Santa Catarina,Itapema,2022-01-11 17:14:34.893,0.2572044890509256,182,766,Centro
791313913845076166,-27.1240005493,-48.6040000916,Meia Praia,Brasil,Santa Catarina,Itapema,2023-01-19 12:18:27.000,0.02437266667589404,252,1523,Meia Praia (beach band)
781419662620839834,-27.0905303955,-48.61951828,Casa Branca,Brasil,Santa Catarina,Itapema,2023-06-26 19:16:39.000,0.9120225402869012,25,576,Casa Branca
782548209247570691,-27.13207,-48.60261,Meia Praia,Brasil,Santa Catarina,Itapema,2024-10-07 20:05:48.429,0.4424277399405304,347,1929,Meia Praia (inland)
794996321339600522,-27.13696,-48.59683,Meia Praia,Brasil,Santa Catarina,Itapema,2024-10-07 20:05:13.536,0.35870676123749723,388,1696,Meia Praia (inland)
800942299109284552,-27.1229991913,-48.611000061,Morretes,Brasil,Santa Catarina,Itapema,2023-01-19 12:18:27.000,0.583778118228897,61,1234,Morretes
681894806923375678,-27.13073,-48.59938,Meia Praia,Brasil,Santa Catarina,Itapema,2024-10-07 20:06:51.738,0.09809916838010856,392,1905,Meia Praia (beach band)
45675384,-27.1296100616,-48.6000785828,Meia Praia,Brasil,Santa Catarina,Itapema,2023-06-26 19:14:47.000,0.08017620913434896,385,1891,Meia Praia (beach band)
755031430628890275,-27.13049,-48.60205,Meia Praia,Brasil,Santa Catarina,Itapema,2024-10-07 20:05:48.429,0.2965404206480994,461,1918,Meia Praia (beach band)
1263661422266747978,-27.09604026131033,-48.61220210169984,Centro,Brasil,Santa Catarina,Itapema,2024-10-21 19:03:45.693,0.011880550337255885,150,749,Centro
1265161823691467042,-27.0936893,-48.6131638,Centro,Brasil,Santa Catarina,Itapema,2024-10-21 19:03:43.741,0.196202185867394,243,727,Centro
1252195463712989125,-27.141181424722816,-48.59401322901249,Meia Praia,Brasil,Santa Catarina,Itapema,2024-10-21 19:03:49.141,0.3745753967156654,235,1246,Meia Praia (inland)
808211827218517461,-27.0990390778,-48.6153831482,Centro,Brasil,Santa Catarina,Itapema,2023-09-18 19:03:30.000,0.2287877555725828,178,745,Centro
964387515572774783,-27.1079998016,-48.6170005798,Tabuleiro dos Oliveiras,Brasil,Santa Catarina,Itapema,2023-09-18 19:04:09.000,0.45103919803527404,71,373,Tabuleiro dos Oliveiras
958920935969700508,-27.1369991302,-48.591999054,Meia Praia,Brasil,Santa Catarina,Itapema,2023-09-18 19:04:20.000,0.02352428436172884,211,1431,Meia Praia (beach band)
963771154258225093,-27.1320705414,-48.6016654968,Meia Praia,Brasil,Santa Catarina,Itapema,2023-09-18 19:04:20.000,0.3665612133699908,392,1938,Meia Praia (inland)
31543199,-27.13332,-48.59783,Meia Praia,Brasil,Santa Catarina,Itapema,2024-10-07 20:05:48.622,0.1752355344653585,408,1964,Meia Praia (beach band)
1295149514360772183,-27.1253260577628,-48.60522240454401,Meia Praia,Brasil,Santa Catarina,Itapema,2024-12-16 19:03:09.699,0.20394089210722943,411,1609,Meia Praia (beach band)
1300301067010145368,-27.12018255643006,-48.61005652695894,Morretes,Brasil,Santa Catarina,Itapema,2024-12-16 19:03:09.699,0.36993954775101945,208,1075,Morretes
1291472677278074629,-27.11773,-48.61259,Morretes,Brasil,Santa Catarina,Itapema,2024-12-16 19:03:35.678,0.49575638389454507,180,775,Morretes
31511990,-27.08377,-48.61115,Sertaozinho,Brasil,Santa Catarina,Itapema,2021-11-04 15:00:42.444,0.2381632802828894,15,238,Sertaozinho
52758042,-27.14416,-48.58964,Meia Praia,Brasil,Santa Catarina,Itapema,2024-10-07 20:05:05.472,0.22918599791672137,158,698,Meia Praia (beach band)
32990586,-27.13829,-48.5921,Meia Praia,Brasil,Santa Catarina,Itapema,2021-11-04 15:51:02.709,0.06383515578687578,271,1348,Meia Praia (beach band)
53122209,-27.11831,-48.60751,Meia Praia,Brasil,Santa Catarina,Itapema,2024-10-07 19:53:31.747,0.05264628282091007,153,954,Meia Praia (beach band)
53124941,-27.12103,-48.6082,Meia Praia,Brasil,Santa Catarina,Itapema,2024-10-07 19:36:15.597,0.2450237125281409,265,1190,Meia Praia (beach band)
40675590,-27.12522,-48.60517,Meia Praia,Brasil,Santa Catarina,Itapema,2024-10-07 19:58:30.856,0.1927491096733332,394,1603,Meia Praia (beach band)
22448318,-27.13534,-48.59584,Meia Praia,Brasil,Santa Catarina,Itapema,2022-12-19 12:44:52.000,0.16781046440265368,331,1722,Meia Praia (beach band)
883930877150990341,-27.12634,-48.60241,Meia Praia,Brasil,Santa Catarina,Itapema,2024-10-07 19:56:38.188,0.0493056095675981,242,1685,Meia Praia (beach band)
31891659,-27.09766,-48.62072,Varzea,Brasil,Santa Catarina,Itapema,2024-10-07 19:53:44.514,0.7576497883359753,32,627,Varzea
995680028058206783,-27.0757,-48.6142,Sertaozinho,Brasil,Santa Catarina,Itapema,2024-10-07 20:06:49.179,0.2328200530550906,5,28,Sertaozinho
1236175341590201699,-27.13419,-48.59629,Meia Praia,Brasil,Santa Catarina,Itapema,2024-09-30 19:07:46.284,0.12120958284318581,342,1809,Meia Praia (beach band)
1197133735305151438,-27.1216,-48.61671,Morretes,Brasil,Santa Catarina,Itapema,2024-09-25 18:16:02.880,1.0311603721688198,49,623,Morretes
991285268208008087,-27.13167,-48.6002,Meia Praia,Brasil,Santa Catarina,Itapema,2024-10-07 20:06:51.738,0.22846722884591064,450,1954,Meia Praia (beach band)
991946075811076825,-27.13563,-48.60091,Meia Praia,Brasil,Santa Catarina,Itapema,2024-10-07 20:05:52.769,0.5738337225013204,245,1933,Meia Praia (inland)
1074579695311638969,-27.09871,-48.61456,Centro,Brasil,Santa Catarina,Itapema,2024-10-07 20:06:51.738,0.1475142713114858,168,746,Centro
986217694270946924,-27.12037,-48.60774,Meia Praia,Brasil,Santa Catarina,Itapema,2024-10-07 20:05:48.622,0.1733146868365046,254,1155,Meia Praia (beach band)
1121034481241380853,-27.12921517262228,-48.60020577907562,Meia Praia,Brasil,Santa Catarina,Itapema,2024-09-30 19:07:59.230,0.06633937542574544,350,1872,Meia Praia (beach band)
758092376605605790,-27.13786,-48.5945,Meia Praia,Brasil,Santa Catarina,Itapema,2024-10-07 20:05:48.622,0.23585221481565677,382,1555,Meia Praia (beach band)
1201614499255585122,-27.0956216,-48.61630539999999,Centro,Brasil,Santa Catarina,Itapema,2024-09-30 19:07:46.284,0.3778609413766679,137,763,Centro
1066297179791641849,-27.12127,-48.60578,Meia Praia,Brasil,Santa Catarina,Itapema,2024-10-07 20:05:22.499,0.032169667196458626,247,1249,Meia Praia (beach band)
1190799156046065792,-27.13002,-48.61669,Morretes,Brasil,Santa Catarina,Itapema,2024-10-07 20:08:07.800,1.437843093285484,20,224,Morretes
1182694533857824250,-27.12627,-48.60756,Meia Praia,Brasil,Santa Catarina,Itapema,2024-10-07 20:05:52.948,0.45433685815570113,268,1630,Meia Praia (inland)
1178901329731775839,-27.12538,-48.60365,Meia Praia,Brasil,Santa Catarina,Itapema,2024-10-07 20:05:48.622,0.07772433101690368,289,1624,Meia Praia (beach band)
1189332946247734534,-27.1383769,-48.60127670000001,Meia Praia,Brasil,Santa Catarina,Itapema,2024-08-19 19:01:07.165,0.7982764890137635,105,1682,Meia Praia (inland)
1183396764840650494,-27.1280903,-48.60116,Meia Praia,Brasil,Santa Catarina,Itapema,2024-08-19 19:01:11.280,0.07244353981090883,309,1821,Meia Praia (beach band)
1213193646257958999,-27.14091877796616,-48.591791092296695,Meia Praia,Brasil,Santa Catarina,Itapema,2024-08-19 19:01:12.114,0.1670725512783028,222,1124,Meia Praia (beach band)
1184152596221501552,-27.0936893,-48.6131638,Centro,Brasil,Santa Catarina,Itapema,2024-08-19 19:01:12.816,0.196202185867394,243,727,Centro
1202808115752579073,-27.12741,-48.60507,Meia Praia,Brasil,Santa Catarina,Itapema,2024-08-19 19:01:20.753,0.3285319358856746,389,1730,Meia Praia (beach band)
1218223664268792610,-27.126932,-48.6041944,Meia Praia,Brasil,Santa Catarina,Itapema,2024-08-19 19:01:17.047,0.22763698687975936,388,1730,Meia Praia (beach band)
1213258423467625050,-27.1293275,-48.6065327,Meia Praia,Brasil,Santa Catarina,Itapema,2024-08-19 19:01:17.047,0.5752766855513649,262,1719,Meia Praia (inland)
930375721985185754,-27.1319999695,-48.6119995117,Jardim Praiamar,Brasil,Santa Catarina,Itapema,2023-07-31 19:06:18.000,1.1838963828262037,19,774,Jardim Praiamar
927428318431949202,-27.1252880096,-48.6045951843,Meia Praia,Brasil,Santa Catarina,Itapema,2023-07-31 19:06:56.000,0.14987774790837813,361,1612,Meia Praia (beach band)
46098049,-27.0936508179,-48.6127815247,Centro,Brasil,Santa Catarina,Itapema,2023-06-26 19:14:44.000,0.16921699206469132,238,718,Centro
854324725717354272,-27.1399993896,-48.591999054,Meia Praia,Brasil,Santa Catarina,Itapema,2023-04-25 16:25:39.000,0.13767132730505935,278,1228,Meia Praia (beach band)
835592468124655281,-27.1229991913,-48.6049995422,Meia Praia,Brasil,Santa Catarina,Itapema,2023-04-25 16:25:45.000,0.040359438318209026,284,1442,Meia Praia (beach band)
1053008149558341270,-27.131999969482425,-48.59799957275391,Meia Praia,Brasil,Santa Catarina,Itapema,2024-01-01 19:02:12.631,0.09018044030604526,369,1939,Meia Praia (beach band)
1049326819777203032,-27.12700080871582,-48.60300064086914,Meia Praia,Brasil,Santa Catarina,Itapema,2024-01-01 19:02:23.404,0.14002868160267398,349,1743,Meia Praia (beach band)
1055734074895960762,-27.09219551086425,-48.61109924316406,Centro,Brasil,Santa Catarina,Itapema,2024-01-01 19:03:11.768,0.13967365143082533,179,634,Centro
1057137469420115073,-27.117000579833984,-48.61000061035156,Morretes,Brasil,Santa Catarina,Itapema,2024-01-01 19:02:55.169,0.22685516096748767,193,800,Morretes
1049768725414253564,-27.141401290893555,-48.59367752075195,Meia Praia,Brasil,Santa Catarina,Itapema,2024-01-01 19:03:11.966,0.3551423460621131,223,1211,Meia Praia (inland)
978244263452010977,-27.1219997406,-48.6069984436,Meia Praia,Brasil,Santa Catarina,Itapema,2023-09-18 19:03:27.000,0.17408729905326675,316,1332,Meia Praia (beach band)
1282082825192778625,-27.10681182148004,-48.616651966853006,Tabuleiro dos Oliveiras,Brasil,Santa Catarina,Itapema,2024-11-18 19:03:30.085,0.3933387254520389,82,404,Tabuleiro dos Oliveiras
1286849144880860521,-27.128417564626147,-48.604670986533165,Meia Praia,Brasil,Santa Catarina,Itapema,2024-11-18 19:05:43.531,0.3678854144404111,414,1802,Meia Praia (inland)
1284886308350762835,-27.09480363453618,-48.61367256392313,Centro,Brasil,Santa Catarina,Itapema,2024-11-18 19:05:43.531,0.17777393525778692,256,755,Centro
1284747495879515579,-27.10308857655136,-48.6157666811081,Centro,Brasil,Santa Catarina,Itapema,2024-11-18 19:10:11.539,0.275579199875865,138,554,Centro
1280516098114627587,-27.134631153594327,-48.60869171534424,Meia Praia,Brasil,Santa Catarina,Itapema,2024-11-18 19:10:11.539,1.1000751945361813,44,1059,Meia Praia (inland)
1285210356898297607,-27.13201,-48.60535,Meia Praia,Brasil,Santa Catarina,Itapema,2024-11-18 19:10:36.036,0.6616387698550089,204,1783,Meia Praia (inland)
1282585098065467787,-27.0936893,-48.6131638,Centro,Brasil,Santa Catarina,Itapema,2024-11-18 19:10:36.036,0.196202185867394,243,727,Centro
1288058186413244472,-27.0944306,-48.6148603,Centro,Brasil,Santa Catarina,Itapema,2024-11-18 19:10:36.036,0.3020432665701615,242,746,Centro
1287895051782414068,-27.11955231539134,-48.62874039811632,Sertao do Trombudo,Brasil,Santa Catarina,Itapema,2024-11-18 19:10:41.124,2.0732014952838824,2,23,Sertao do Trombudo
1284704260167117937,-27.143889507632736,-48.588096969847264,Meia Praia,Brasil,Santa Catarina,Itapema,2024-11-18 19:10:34.228,0.13040536046254647,160,628,Meia Praia (beach band)
999204416549665212,-27.12800025939941,-48.60200119018555,Meia Praia,Brasil,Santa Catarina,Itapema,2023-10-24 16:55:50.526,0.13260112173998403,348,1814,Meia Praia (beach band)
1308750692678694887,-27.13144608062785,-48.599343283001225,Meia Praia,Brasil,Santa Catarina,Itapema,2024-12-16 19:10:50.294,0.14819002035689033,428,1961,Meia Praia (beach band)
1309735537588066969,-27.1337872851952,-48.59793067983992,Meia Praia,Brasil,Santa Catarina,Itapema,2024-12-16 19:10:38.867,0.21700033429323376,423,1952,Meia Praia (beach band)
1302893810172527030,-27.12157856547981,-48.60723237709991,Meia Praia,Brasil,Santa Catarina,Itapema,2024-12-16 19:10:38.867,0.17835589949386513,302,1270,Meia Praia (beach band)
1317427472349939673,-27.095210346014373,-48.61430816352368,Centro,Brasil,Santa Catarina,Itapema,2025-01-06 19:01:27.919,0.21636625273829108,244,768,Centro
1312900333833141726,-27.119360137263524,-48.61041560769081,Morretes,Brasil,Santa Catarina,Itapema,2025-01-06 19:01:27.919,0.36143778873190857,211,983,Morretes
1292799934684684325,-27.1150303,-48.61228939999999,Morretes,Brasil,Santa Catarina,Itapema,2025-01-06 19:01:30.622,0.37613447057015575,97,628,Morretes
1316630486457857640,-27.13244212832288,-48.613149458614565,Leopoldo Zarling,Brasil,Santa Catarina,Itapema,2025-01-06 19:01:30.378,1.303621767618531,15,505,Leopoldo Zarling
1316268483085782889,-27.119318800373403,-48.60671059983834,Meia Praia,Brasil,Santa Catarina,Itapema,2025-01-06 19:01:30.953,0.029818463190867655,167,1059,Meia Praia (beach band)
1313285672926322461,-27.14501552419048,-48.5892516374588,Meia Praia,Brasil,Santa Catarina,Itapema,2025-01-06 19:01:30.953,0.12707817637675536,132,621,Meia Praia (beach band)
1312462472768874352,-27.135419857960645,-48.60544271477105,Meia Praia,Brasil,Santa Catarina,Itapema,2025-01-06 19:01:30.953,0.8937287672595008,55,1623,Meia Praia (inland)
1310082782435203083,-27.126848374659133,-48.61405426094489,Morretes,Brasil,Santa Catarina,Itapema,2025-01-06 19:01:30.415,1.0308240995279443,26,948,Morretes
1319790591329298676,-27.12561,-48.6136,Morretes,Brasil,Santa Catarina,Itapema,2025-01-06 19:01:30.415,0.9304301579016894,22,1084,Morretes
986407426689940399,-27.120302200317383,-48.6092529296875,Meia Praia,Brasil,Santa Catarina,Itapema,2023-10-24 16:55:31.674,0.3044446831530976,229,1124,Meia Praia (beach band)
1300065513439125772,-27.1370727,-48.5973366,Meia Praia,Brasil,Santa Catarina,Itapema,2024-12-16 19:03:30.546,0.40515052401143314,381,1709,Meia Praia (inland)
1310198838605428702,-27.1196623,-48.6083621,Meia Praia,Brasil,Santa Catarina,Itapema,2024-12-16 19:03:30.546,0.1939150901664732,238,1090,Meia Praia (beach band)
1301654152186584161,-27.0880623,-48.6150258,Casa Branca,Brasil,Santa Catarina,Itapema,2024-12-16 19:03:30.546,0.7334173402203806,83,528,Casa Branca
1305130414883751759,-27.1172278,-48.6119926,Morretes,Brasil,Santa Catarina,Itapema,2024-12-16 19:03:30.546,0.42135967831897086,189,764,Morretes
1311955859629341439,-27.143360907332685,-48.59022594988346,Meia Praia,Brasil,Santa Catarina,Itapema,2024-12-16 19:03:30.546,0.28346796624899984,167,814,Meia Praia (beach band)
1302839171498608412,-27.1262318,-48.6071576,Meia Praia,Brasil,Santa Catarina,Itapema,2024-12-16 19:03:35.678,0.41901144003795626,305,1639,Meia Praia (inland)
1309361779453704730,-27.13914422387005,-48.600685562151696,Meia Praia,Brasil,Santa Catarina,Itapema,2024-12-16 19:03:35.678,0.8078428277920908,114,1552,Meia Praia (inland)
1317289846953500028,-27.1220252,-48.6116108,Morretes,Brasil,Santa Catarina,Itapema,2025-01-06 19:08:38.813,0.5985662725996812,74,1161,Morretes
1254225649735122492,-27.12513,-48.6056,Meia Praia,Brasil,Santa Catarina,Itapema,2024-10-07 20:08:43.798,0.2223500924467854,405,1597,Meia Praia (beach band)
1250588718856817262,-27.1252578,-48.60446040000001,Meia Praia,Brasil,Santa Catarina,Itapema,2024-10-07 20:08:43.798,0.13673461878284487,355,1612,Meia Praia (beach band)
1094478094459566805,-27.119823218496656,-48.601575443582696,Meia Praia,Brasil,Santa Catarina,Itapema,2024-10-07 20:08:42.116,0.41480608622051673,0,915,Meia Praia (inland)
1248668269359700392,-27.12696608296729,-48.60560197581564,Meia Praia,Brasil,Santa Catarina,Itapema,2024-09-30 19:07:39.577,0.33881787302313887,378,1684,Meia Praia (beach band)
1075393181592380782,-27.131999969482425,-48.59799957275391,Meia Praia,Brasil,Santa Catarina,Itapema,2024-02-12 19:02:13.759,0.09018044030604526,369,1939,Meia Praia (beach band)
1063147119591984114,-27.097999572753903,-48.617000579833984,Centro,Brasil,Santa Catarina,Itapema,2024-02-12 19:02:13.759,0.38903142988747075,138,733,Centro
1081079396935173040,-27.088600158691406,-48.61460876464844,Casa Branca,Brasil,Santa Catarina,Itapema,2024-02-12 19:02:55.111,0.6623851270186112,93,548,Casa Branca
1065134681003546502,-27.136999130249023,-48.59600067138672,Meia Praia,Brasil,Santa Catarina,Itapema,2024-02-12 19:02:54.186,0.29599496177537793,385,1635,Meia Praia (beach band)
1066560801522010915,-27.12299919128418,-48.608001708984375,Meia Praia,Brasil,Santa Catarina,Itapema,2024-02-12 19:04:20.202,0.3074790559636429,307,1423,Meia Praia (beach band)
40960741,-27.1320334,-48.6044236,Meia Praia,Brasil,Santa Catarina,Itapema,2025-12-22 19:06:17.811,0.5877245771355706,252,1844,Meia Praia (inland)
812862069113721900,-27.1256791,-48.6027913,Meia Praia,Brasil,Santa Catarina,Itapema,2025-12-22 19:06:35.755,0.03480700483278168,229,1651,Meia Praia (beach band)
753461577197808016,-27.141,-48.58987,Meia Praia,Brasil,Santa Catarina,Itapema,2024-10-07 19:03:29.091,0.05318794343322801,167,961,Meia Praia (beach band)
771579861882586110,-27.1289691925,-48.602771759,Meia Praia,Brasil,Santa Catarina,Itapema,2023-01-19 12:18:27.000,0.25875167030114343,413,1851,Meia Praia (beach band)
23068512,-27.128999710083008,-48.60300064086914,Meia Praia,Brasil,Santa Catarina,Itapema,2023-02-09 17:29:35.000,0.27926376034801687,420,1847,Meia Praia (beach band)
16454119,-27.1309604645,-48.6067695618,Meia Praia,Brasil,Santa Catarina,Itapema,2023-06-26 19:02:44.000,0.7071596402992916,181,1699,Meia Praia (inland)
37749402,-27.1281890869,-48.6013412476,Meia Praia,Brasil,Santa Catarina,Itapema,2023-06-26 19:03:35.000,0.09344229282327508,319,1829,Meia Praia (beach band)
29341170,-27.08897,-48.61601,Casa Branca,Brasil,Santa Catarina,Itapema,2024-10-07 19:05:51.389,0.7440718426888836,81,558,Casa Branca
41335739,-27.1343002319,-48.6087188721,Meia Praia,Brasil,Santa Catarina,Itapema,2023-06-26 19:03:38.000,1.0812849002836702,46,1108,Meia Praia (inland)
54365625,-27.0600700378,-48.599521637,Ilhota,Brasil,Santa Catarina,Itapema,2022-12-06 12:43:34.000,0.25645093603071145,11,51,Ilhota
826063757882656916,-27.12700080871582,-48.604000091552734,Meia Praia,Brasil,Santa Catarina,Itapema,2023-03-02 13:02:00.000,0.21729964865061133,387,1738,Meia Praia (beach band)
805221578629069164,-27.09499931335449,-48.61299896240234,Centro,Brasil,Santa Catarina,Itapema,2023-03-02 13:02:00.000,0.1078190834652467,230,760,Centro
833187023897306300,-27.13747978210449,-48.59273147583008,Meia Praia,Brasil,Santa Catarina,Itapema,2023-03-02 13:02:00.000,0.07201097303156552,282,1474,Meia Praia (beach band)
809367412763646767,-27.0958995819,-48.614238739,Centro,Brasil,Santa Catarina,Itapema,2023-06-26 19:11:36.000,0.17855349340382337,220,774,Centro
812231708820863156,-27.138999938964844,-48.59099960327149,Meia Praia,Brasil,Santa Catarina,Itapema,2023-03-02 13:02:00.000,0.00015274954594840664,233,1216,Meia Praia (beach band)
26873476,-27.13500022888184,-48.59799957275391,Meia Praia,Brasil,Santa Catarina,Itapema,2024-02-12 19:01:52.466,0.308355834232677,421,1892,Meia Praia (beach band)
772400737801615781,-27.1259994507,-48.6030006409,Meia Praia,Brasil,Santa Catarina,Itapema,2023-01-19 12:18:27.000,0.07027699292071767,284,1681,Meia Praia (beach band)
746562870945906511,-27.12869,-48.60374,Meia Praia,Brasil,Santa Catarina,Itapema,2024-10-07 19:08:36.131,0.3150219522004753,436,1828,Meia Praia (beach band)
42527360,-27.1268501282,-48.606300354,Meia Praia,Brasil,Santa Catarina,Itapema,2022-11-29 02:09:46.000,0.38717448884431405,353,1664,Meia Praia (inland)
42362925,-27.1343002319336,-48.601539611816406,Meia Praia,Brasil,Santa Catarina,Itapema,2023-02-09 15:17:56.000,0.5219524573462234,246,1950,Meia Praia (inland)
21605595,-27.0971508026,-48.6188392639,Varzea,Brasil,Santa Catarina,Itapema,2023-06-26 19:09:17.000,0.5734266846976865,61,691,Varzea
49824103,-27.1299991607666,-48.60300064086914,Meia Praia,Brasil,Santa Catarina,Itapema,2024-02-12 19:04:34.238,0.34276858678887695,407,1892,Meia Praia (beach band)
31541759,-27.13205,-48.60409,Meia Praia,Brasil,Santa Catarina,Itapema,2021-10-25 14:40:16.352,0.561631554063167,267,1863,Meia Praia (inland)
742766344121956195,-27.12795,-48.61756,Morretes,Brasil,Santa Catarina,Itapema,2022-11-08 18:24:34.000,1.3956985977332241,23,220,Morretes
747114691595591344,-27.112048,-48.610663,Morretes,Brasil,Santa Catarina,Itapema,2022-11-08 18:24:34.000,0.10539552329901435,36,526,Morretes
747912914608461204,-27.09359,-48.61337,Centro,Brasil,Santa Catarina,Itapema,2024-10-07 19:14:47.062,0.21907636823310142,243,725,Centro
737760644809418314,-27.141327327,-48.5999757797,Meia Praia,Brasil,Santa Catarina,Itapema,2022-11-08 18:24:34.000,0.9013807422786452,67,1218,Meia Praia (inland)
747853702865716845,-27.1398182,-48.5949537,Meia Praia,Brasil,Santa Catarina,Itapema,2022-11-08 18:24:34.000,0.3924212726867478,328,1413,Meia Praia (inland)
733873082801364150,-27.1242,-48.61594,Morretes,Brasil,Santa Catarina,Itapema,2022-11-08 18:24:34.000,1.088084413754469,40,714,Morretes
679166677359467385,-27.13449,-48.59377,Meia Praia,Brasil,Santa Catarina,Itapema,2022-08-15 20:53:40.000,0.050592702118265206,155,1583,Meia Praia (beach band)
41011569,-27.1393203735,-48.5968093872,Meia Praia,Brasil,Santa Catarina,Itapema,2023-06-26 19:17:12.000,0.5165489995146961,286,1506,Meia Praia (inland)
719355891470345652,-27.1386,-48.59121,Meia Praia,Brasil,Santa Catarina,Itapema,2024-10-07 19:45:29.617,0.0008324661575898062,237,1267,Meia Praia (beach band)
52305543,-27.12302,-48.60678,Meia Praia,Brasil,Santa Catarina,Itapema,2021-10-25 14:40:16.352,0.19579181551935806,342,1429,Meia Praia (beach band)
43441094,-27.0887,-48.60968,Centro,Brasil,Santa Catarina,Itapema,2021-10-25 14:40:16.352,0.36731535620301586,31,465,Centro
1005970354089765680,-27.12323951721192,-48.6151008605957,Morretes,Brasil,Santa Catarina,Itapema,2023-11-06 19:00:42.100,0.9685457950396512,42,865,Morretes
1008683031872853246,-27.11899948120117,-48.61199951171875,Morretes,Brasil,Santa Catarina,Itapema,2023-11-06 19:01:55.692,0.4875600909816803,171,887,Morretes
1009298477241490681,-27.11501693725586,-48.60880279541016,Morretes,Brasil,Santa Catarina,Itapema,2023-11-06 19:01:28.664,0.043495117965557745,86,669,Morretes
1274231902997199249,-27.10616163010804,-48.616742603480816,Tabuleiro dos Oliveiras,Brasil,Santa Catarina,Itapema,2024-11-04 19:03:24.547,0.3893003324032108,73,416,Tabuleiro dos Oliveiras
1271708243637328092,-27.127307552493683,-48.60306836664677,Meia Praia,Brasil,Santa Catarina,Itapema,2024-11-04 19:03:24.547,0.16666469262121306,377,1761,Meia Praia (beach band)
1277671971539993475,-27.093072951538467,-48.613264231104765,Centro,Brasil,Santa Catarina,Itapema,2024-11-04 19:03:24.799,0.2468157917412474,241,701,Centro
1269654654426524175,-27.093226453769297,-48.61429035377552,Centro,Brasil,Santa Catarina,Itapema,2024-11-04 19:03:24.391,0.3156351576736628,244,716,Centro
1260289196704371121,-27.1250646,-48.6070631,Meia Praia,Brasil,Santa Catarina,Itapema,2024-11-04 19:03:24.391,0.33850201982497785,322,1557,Meia Praia (beach band)
39664483,-27.09739,-48.61386,Centro,Brasil,Santa Catarina,Itapema,2024-11-04 19:03:23.038,0.08124079215979904,159,746,Centro
1273337047695459816,-27.137335757537063,-48.59274971743024,Meia Praia,Brasil,Santa Catarina,Itapema,2024-11-04 19:03:43.602,0.06251340015915187,272,1483,Meia Praia (beach band)
1272413241539554099,-27.1347505,-48.5956533,Meia Praia,Brasil,Santa Catarina,Itapema,2024-11-04 19:03:44.466,0.1123906504646627,292,1754,Meia Praia (beach band)
1078220658917372961,-27.13592,-48.59776,Meia Praia,Brasil,Santa Catarina,Itapema,2024-12-19 17:35:21.213,0.3556270787907873,420,1830,Meia Praia (inland)
905876922972974570,-27.125,-48.6040000916,Meia Praia,Brasil,Santa Catarina,Itapema,2023-08-28 19:03:05.000,0.08284270723853933,304,1596,Meia Praia (beach band)
949894318851817927,-27.1311893463,-48.5998878479,Meia Praia,Brasil,Santa Catarina,Itapema,2023-08-28 19:03:00.000,0.1693914351808232,426,1942,Meia Praia (beach band)
1128102078162234879,-27.091693878173828,-48.61201858520508,Centro,Brasil,Santa Catarina,Itapema,2024-04-22 19:00:57.168,0.24588469578254846,194,628,Centro
1133364897470780635,-27.098329544067383,-48.613956451416016,Centro,Brasil,Santa Catarina,Itapema,2024-04-22 19:00:56.709,0.08771425897027442,156,740,Centro
1165429298213741062,-27.13515853881836,-48.59507751464844,Meia Praia,Brasil,Santa Catarina,Itapema,2024-06-10 19:01:53.013,0.09673193680294993,255,1685,Meia Praia (beach band)
50047341,-27.13452339172364,-48.596866607666016,Meia Praia,Brasil,Santa Catarina,Itapema,2024-06-10 19:01:24.519,0.18813445454001423,388,1835,Meia Praia (beach band)
1163772289534164479,-27.11058616638184,-48.61211013793945,Tabuleiro dos Oliveiras,Brasil,Santa Catarina,Itapema,2024-06-10 19:02:03.993,0.14701613142898828,20,499,Tabuleiro dos Oliveiras
40989500,-27.13499,-48.59914,Meia Praia,Brasil,Santa Catarina,Itapema,2024-10-07 19:55:25.386,0.3947099001759499,357,1959,Meia Praia (inland)
47254288,-27.13393,-48.59852,Meia Praia,Brasil,Santa Catarina,Itapema,2021-10-25 14:40:16.352,0.27143757836275134,432,1987,Meia Praia (beach band)
41746198,-27.13955,-48.59443,Meia Praia,Brasil,Santa Catarina,Itapema,2021-10-25 14:40:16.352,0.3326202390268195,370,1411,Meia Praia (beach band)
1107502562777712197,-27.11475372314453,-48.61124420166016,Tabuleiro dos Oliveiras,Brasil,Santa Catarina,Itapema,2024-03-18 19:02:29.380,0.26820303508528626,121,630,Tabuleiro dos Oliveiras
1040801115492293354,-27.121000289916992,-48.61600112915039,Morretes,Brasil,Santa Catarina,Itapema,2023-12-18 19:01:34.074,0.9394464387587342,47,719,Morretes
41478160,-27.132890701293945,-48.60046005249024,Meia Praia,Brasil,Santa Catarina,Itapema,2023-12-18 19:01:33.960,0.3378609198672066,408,1996,Meia Praia (beach band)
1036329392471661752,-27.09391,-48.61446,Centro,Brasil,Santa Catarina,Itapema,2024-10-07 19:45:01.444,0.28971103871132264,245,736,Centro
1035696928420988226,-27.12077140808105,-48.6074447631836,Meia Praia,Brasil,Santa Catarina,Itapema,2023-12-18 19:01:47.458,0.16485833988203286,263,1181,Meia Praia (beach band)
1044131048966503361,-27.13385,-48.59985,Meia Praia,Brasil,Santa Catarina,Itapema,2024-10-07 19:08:36.131,0.3637706306675423,413,2002,Meia Praia (inland)
1043391376387909694,-27.125,-48.604000091552734,Meia Praia,Brasil,Santa Catarina,Itapema,2024-02-12 19:04:00.649,0.08284270328877984,304,1596,Meia Praia (beach band)
1085437829031467755,-27.09687,-48.6148,Centro,Brasil,Santa Catarina,Itapema,2024-10-07 19:55:26.106,0.18561617729840607,186,763,Centro
1084894176510731700,-27.12700080871582,-48.60599899291992,Meia Praia,Brasil,Santa Catarina,Itapema,2024-02-26 19:01:50.274,0.3720275514863809,361,1677,Meia Praia (inland)
1085348408933830146,-27.13412,-48.60146,Meia Praia,Brasil,Santa Catarina,Itapema,2024-10-07 19:55:25.386,0.5028639293570372,274,1961,Meia Praia (inland)
27704457,-27.128019332885746,-48.60279083251953,Meia Praia,Brasil,Santa Catarina,Itapema,2023-12-04 19:01:00.146,0.19502543394709057,391,1813,Meia Praia (beach band)
1028828653788779501,-27.083999633789062,-48.61899948120117,Alto Sao Bento,Brasil,Santa Catarina,Itapema,2023-12-04 19:01:00.138,0.8799076739344714,11,182,Alto Sao Bento
1029757990422384211,-27.13999938964844,-48.59099960327149,Meia Praia,Brasil,Santa Catarina,Itapema,2023-12-04 19:00:56.535,0.04830824944824621,228,1134,Meia Praia (beach band)
29891621,-27.128900528,-48.6053390503,Meia Praia,Brasil,Santa Catarina,Itapema,2023-06-26 19:14:05.000,0.4531479264742797,385,1780,Meia Praia (inland)
41003097,-27.09909,-48.61519,Centro,Brasil,Santa Catarina,Itapema,2025-01-06 19:08:36.144,0.20984500476729612,181,750,Centro
21385106,-27.14011,-48.59773,Meia Praia,Brasil,Santa Catarina,Itapema,2024-10-07 19:14:47.062,0.6422352263900262,217,1434,Meia Praia (inland)
53341411,-27.13174,-48.59981,Meia Praia,Brasil,Santa Catarina,Itapema,2024-10-07 19:55:25.386,0.20473478446161175,451,1980,Meia Praia (beach band)
762192750283483456,-27.1245994568,-48.6078186035,Meia Praia,Brasil,Santa Catarina,Itapema,2022-12-06 12:43:34.000,0.37168514006050907,271,1527,Meia Praia (inland)
1218887739806247772,-27.12408752140501,-48.60672656446695,Meia Praia,Brasil,Santa Catarina,Itapema,2024-08-19 19:20:04.070,0.2500267220057779,346,1520,Meia Praia (beach band)
946451380352813662,-27.1407814026,-48.5916404724,Meia Praia,Brasil,Santa Catarina,Itapema,2023-08-14 21:34:10.000,0.14593820217811235,228,1125,Meia Praia (beach band)
42588365,-27.12993,-48.60141,Meia Praia,Brasil,Santa Catarina,Itapema,2024-10-07 19:19:33.653,0.209017457036909,452,1918,Meia Praia (beach band)
47855833,-27.12889,-48.60281,Meia Praia,Brasil,Santa Catarina,Itapema,2024-10-07 19:55:25.386,0.2567916263401591,404,1844,Meia Praia (beach band)
12359589,-27.13502,-48.5939,Meia Praia,Brasil,Santa Catarina,Itapema,2024-10-07 19:24:29.283,0.00606317573933555,196,1591,Meia Praia (beach band)
37494985,-27.13897,-48.59139,Meia Praia,Brasil,Santa Catarina,Itapema,2025-02-10 19:04:28.425,0.033605306659053556,255,1249,Meia Praia (beach band)
38852725,-27.12819,-48.60244,Meia Praia,Brasil,Santa Catarina,Itapema,2021-10-25 14:40:16.352,0.17951498555521173,376,1836,Meia Praia (beach band)
31278015,-27.12911,-48.60287,Meia Praia,Brasil,Santa Catarina,Itapema,2021-10-25 14:40:16.352,0.2759392088655613,411,1856,Meia Praia (beach band)
43030317,-27.09172,-48.61358,Centro,Brasil,Santa Catarina,Itapema,2024-10-07 19:03:29.091,0.36500533578760724,206,651,Centro
35912580,-27.1269,-48.60522,Meia Praia,Brasil,Santa Catarina,Itapema,2025-01-06 19:11:08.638,0.30457272686320797,383,1702,Meia Praia (beach band)
38432798,-27.1249,-48.60621,Meia Praia,Brasil,Santa Catarina,Itapema,2021-10-25 14:40:16.352,0.2581370189448208,381,1592,Meia Praia (beach band)
39420557,-27.13242,-48.60324,Meia Praia,Brasil,Santa Catarina,Itapema,2024-10-07 19:55:48.443,0.5159410298207804,285,1902,Meia Praia (inland)
46811251,-27.1257400513,-48.6069412231,Meia Praia,Brasil,Santa Catarina,Itapema,2023-06-26 19:04:37.000,0.3706575899728475,326,1627,Meia Praia (inland)
16527828,-27.12126,-48.60656,Meia Praia,Brasil,Santa Catarina,Itapema,2021-10-25 14:40:16.352,0.10380613030922567,276,1250,Meia Praia (beach band)
36032020,-27.11728,-48.60799,Meia Praia,Brasil,Santa Catarina,Itapema,2021-10-25 14:40:16.352,0.049551800875564246,124,857,Meia Praia (beach band)
41888100,-27.12243,-48.60522,Meia Praia,Brasil,Santa Catarina,Itapema,2024-10-07 19:19:11.494,0.02882409706164682,261,1399,Meia Praia (beach band)
42788291,-27.12104,-48.60725,Meia Praia,Brasil,Santa Catarina,Itapema,2024-10-07 19:36:50.942,0.15820304016279838,271,1212,Meia Praia (beach band)
48848529,-27.13125,-48.60243,Meia Praia,Brasil,Santa Catarina,Itapema,2021-10-25 14:40:16.352,0.37584323565706107,410,1937,Meia Praia (inland)
39526710,-27.1314,-48.60219,Meia Praia,Brasil,Santa Catarina,Itapema,2021-10-25 14:40:16.352,0.36583332834203636,413,1941,Meia Praia (inland)
45382246,-27.10677,-48.61386,Centro,Brasil,Santa Catarina,Itapema,2024-10-07 19:37:01.565,0.12030339237682681,92,426,Centro
42423653,-27.12876,-48.60249,Meia Praia,Brasil,Santa Catarina,Itapema,2024-10-07 19:08:36.131,0.22248331898241278,402,1847,Meia Praia (beach band)
52596621,-27.13582,-48.59379,Meia Praia,Brasil,Santa Catarina,Itapema,2022-01-11 19:06:34.950,0.042212202824041034,248,1564,Meia Praia (beach band)
53592128,-27.1349,-48.5972,Meia Praia,Brasil,Santa Catarina,Itapema,2024-10-07 19:59:57.401,0.24048397994396642,421,1848,Meia Praia (beach band)
53694042,-27.13404,-48.59891,Meia Praia,Brasil,Santa Catarina,Itapema,2022-01-11 19:06:34.950,0.3081073535034381,439,1997,Meia Praia (beach band)
53715659,-27.13843,-48.59317,Meia Praia,Brasil,Santa Catarina,Itapema,2024-10-07 19:19:22.176,0.1658939720257197,342,1418,Meia Praia (beach band)
53402429,-27.12714,-48.6062,Meia Praia,Brasil,Santa Catarina,Itapema,2022-01-11 19:12:10.988,0.3972595514095536,343,1678,Meia Praia (inland)
53441120,-27.1419,-48.59548,Meia Praia,Brasil,Santa Catarina,Itapema,2022-01-11 19:12:10.988,0.5401189107338104,156,1236,Meia Praia (inland)
18356021,-27.12937,-48.60182,Meia Praia,Brasil,Santa Catarina,Itapema,2024-10-07 19:55:48.899,0.20702254811721968,398,1882,Meia Praia (beach band)
53921179,-27.12961,-48.602673,Meia Praia,Brasil,Santa Catarina,Itapema,2022-01-11 20:41:47.698,0.2915557280763616,421,1886,Meia Praia (beach band)
1223099174702506799,-27.12167193530009,-48.605496771633625,Meia Praia,Brasil,Santa Catarina,Itapema,2024-09-02 19:03:32.277,0.022271403636582716,255,1305,Meia Praia (beach band)
1230592260568390825,-27.11642,-48.61021,Morretes,Brasil,Santa Catarina,Itapema,2024-10-07 20:00:02.871,0.22496843629777963,188,749,Morretes
1226473458721297844,-27.1164,-48.61209,Morretes,Brasil,Santa Catarina,Itapema,2024-10-07 19:24:29.737,0.3999809170030788,153,715,Morretes
1211542656704552749,-27.1367919753025,-48.60020381639404,Meia Praia,Brasil,Santa Catarina,Itapema,2024-09-02 19:03:32.503,0.6038793127802956,239,1850,Meia Praia (inland)
1216188241525756368,-27.1006189,-48.61412439999999,Centro,Brasil,Santa Catarina,Itapema,2024-09-02 19:03:32.503,0.10610292715553005,175,719,Centro
1030192901291028628,-27.131000518798828,-48.60599899291992,Meia Praia,Brasil,Santa Catarina,Itapema,2023-12-04 19:03:09.016,0.6504170952930107,217,1757,Meia Praia (inland)
52938019,-27.09452,-48.61286,Centro,Brasil,Santa Catarina,Itapema,2024-10-07 19:45:01.444,0.11738572282830902,235,745,Centro
1031191506375669051,-27.13443,-48.59979,Meia Praia,Brasil,Santa Catarina,Itapema,2024-10-07 19:55:25.386,0.40212023316769085,384,2001,Meia Praia (inland)
971928731932576105,-27.12938,-48.60682,Meia Praia,Brasil,Santa Catarina,Itapema,2024-10-07 19:55:09.767,0.6009832297392463,239,1690,Meia Praia (inland)
1028215269299330056,-27.131999969482425,-48.59999847412109,Meia Praia,Brasil,Santa Catarina,Itapema,2023-12-04 19:03:09.588,0.23759068193698324,456,1988,Meia Praia (beach band)
794707921952592251,-27.13487,-48.6051,Meia Praia,Brasil,Santa Catarina,Itapema,2024-10-07 19:37:01.565,0.8276499220788475,80,1682,Meia Praia (inland)
813767688131518415,-27.11445,-48.61036,Tabuleiro dos Oliveiras,Brasil,Santa Catarina,Itapema,2024-10-07 19:14:46.763,0.1746464110623637,104,625,Tabuleiro dos Oliveiras
819022663873541571,-27.124000549316406,-48.61600112915039,Morretes,Brasil,Santa Catarina,Itapema,2023-03-02 13:02:00.000,1.0855404540421787,40,711,Morretes
40885488,-27.13577,-48.60229,Meia Praia,Brasil,Santa Catarina,Itapema,2024-10-07 19:14:47.062,0.6863846879440937,139,1857,Meia Praia (inland)
41769298,-27.1307,-48.59803,Meia Praia,Brasil,Santa Catarina,Itapema,2024-10-07 19:37:01.565,0.011863326767631816,310,1851,Meia Praia (beach band)
47847374,-27.13413,-48.59885,Meia Praia,Brasil,Santa Catarina,Itapema,2021-10-25 14:40:16.352,0.3105367686451651,441,1996,Meia Praia (beach band)
15024197,-27.10046,-48.61441,Centro,Brasil,Santa Catarina,Itapema,2024-12-16 19:10:08.577,0.13385942902474032,182,726,Centro
21734892,-27.09705,-48.61401,Centro,Brasil,Santa Catarina,Itapema,2021-10-25 14:40:16.352,0.10518421217096295,171,745,Centro
27582707,-27.09782,-48.61588,Centro,Brasil,Santa Catarina,Itapema,2024-10-07 19:55:09.767,0.2779925737608127,177,745,Centro
31740181,-27.1363506317,-48.6038703918,Meia Praia,Brasil,Santa Catarina,Itapema,2022-11-29 02:09:46.000,0.8463553032267618,62,1700,Meia Praia (inland)
16428654,-27.14512,-48.58928,Meia Praia,Brasil,Santa Catarina,Itapema,2021-10-25 14:40:16.352,0.11876234199186878,123,617,Meia Praia (beach band)
11508986,-27.09954,-48.61661,Centro,Brasil,Santa Catarina,Itapema,2024-10-07 19:03:28.961,0.3503892214470751,146,739,Centro
42709234,-27.09704,-48.61589,Centro,Brasil,Santa Catarina,Itapema,2021-10-25 14:40:16.352,0.2858549060821561,176,743,Centro
1036119511987614049,-27.13400077819824,-48.61100006103516,Leopoldo Zarling,Brasil,Santa Catarina,Itapema,2024-01-01 19:03:22.737,1.245954378822462,25,691,Leopoldo Zarling
1050857413300266721,-27.13800048828125,-48.59600067138672,Meia Praia,Brasil,Santa Catarina,Itapema,2024-01-01 19:03:31.294,0.36358448707117513,373,1593,Meia Praia (inland)
41470273,-27.13865,-48.59335,Meia Praia,Brasil,Santa Catarina,Itapema,2021-10-25 14:40:16.352,0.1929698270953295,362,1414,Meia Praia (beach band)
50243281,-27.12536,-48.60665,Meia Praia,Brasil,Santa Catarina,Itapema,2021-10-25 14:40:16.352,0.32303016518779354,368,1615,Meia Praia (beach band)
742262889162653132,-27.0809402466,-48.6135787964,Sertaozinho,Brasil,Santa Catarina,Itapema,2023-06-26 19:16:26.000,0.24522440176880292,9,140,Sertaozinho
839184834439414765,-27.13449,-48.60569,Meia Praia,Brasil,Santa Catarina,Itapema,2024-10-07 19:05:51.389,0.8470396748456623,89,1647,Meia Praia (inland)
578087513685013480,-27.12844,-48.60079,Meia Praia,Brasil,Santa Catarina,Itapema,2022-07-11 18:11:37.000,0.06485500049128252,307,1833,Meia Praia (beach band)
1231939254045564459,-27.12528,-48.6184,Morretes,Brasil,Santa Catarina,Itapema,2024-10-07 20:06:36.232,1.359010169384347,28,251,Morretes
54005716,-27.0917,-48.64525,none,Brasil,Santa Catarina,Itapema,2024-10-07 19:37:04.506,3.255448179875846,1,7,none
46755580,-27.0897,-48.61935,Casa Branca,Brasil,Santa Catarina,Itapema,2022-01-11 17:03:22.725,0.9524196953430305,21,546,Casa Branca
42716006,-27.115961,-48.609123,Morretes,Brasil,Santa Catarina,Itapema,2022-01-11 17:14:34.893,0.1064714916466533,136,724,Morretes
53607249,-27.11747,-48.61296,Morretes,Brasil,Santa Catarina,Itapema,2024-10-07 19:14:46.763,0.5208195799353686,159,735,Morretes
54081600,-27.09646,-48.61563,Centro,Brasil,Santa Catarina,Itapema,2022-01-11 17:14:34.893,0.2786366761209485,178,765,Centro
22383070,-27.137,-48.599,Meia Praia,Brasil,Santa Catarina,Itapema,2021-10-25 14:40:16.352,0.5267807742936403,304,1808,Meia Praia (inland)
39363955,-27.13961,-48.59398,Meia Praia,Brasil,Santa Catarina,Itapema,2021-10-25 14:40:16.352,0.29540242682861795,375,1379,Meia Praia (beach band)
39950678,-27.12035,-48.61195,Morretes,Brasil,Santa Catarina,Itapema,2021-10-25 14:40:16.352,0.5464062778902847,123,987,Morretes
40154354,-27.09941,-48.6189,Tabuleiro dos Oliveiras,Brasil,Santa Catarina,Itapema,2021-10-25 14:40:16.352,0.577262169541566,45,701,Tabuleiro dos Oliveiras
36522641,-27.14185,-48.59712,Meia Praia,Brasil,Santa Catarina,Itapema,2024-10-07 19:59:46.594,0.6840165887765531,134,1261,Meia Praia (inland)
802883982943734959,-27.1001796722,-48.6161384583,Centro,Brasil,Santa Catarina,Itapema,2023-06-26 19:16:26.000,0.3042546141718773,163,730,Centro
52488813,-27.13605,-48.59401,Meia Praia,Brasil,Santa Catarina,Itapema,2024-10-07 19:45:29.617,0.07527258328600654,273,1576,Meia Praia (beach band)
41396290,-27.13671,-48.60456,Meia Praia,Brasil,Santa Catarina,Itapema,2021-10-25 14:40:16.352,0.9238786564724758,39,1593,Meia Praia (inland)
40224344,-27.12964,-48.59832,Meia Praia,Brasil,Santa Catarina,Itapema,2021-10-25 14:40:16.352,0.06139149259794534,234,1796,Meia Praia (beach band)
42807186,-27.1373,-48.59989,Meia Praia,Brasil,Santa Catarina,Itapema,2024-10-07 19:05:51.389,0.6159899436913456,257,1807,Meia Praia (inland)
566707730118397749,-27.1314601898,-48.5998191833,Meia Praia,Brasil,Santa Catarina,Itapema,2023-06-26 19:09:23.000,0.1844371340516147,448,1964,Meia Praia (beach band)
1285021258116609716,-27.10610028999113,-48.62067236560668,Tabuleiro dos Oliveiras,Brasil,Santa Catarina,Itapema,2024-12-16 19:08:42.401,0.7713357022335274,18,355,Tabuleiro dos Oliveiras
1292800313128383230,-27.13646210782128,-48.59930014784098,Meia Praia,Brasil,Santa Catarina,Itapema,2024-12-16 19:08:30.192,0.5115302931439016,312,1852,Meia Praia (inland)
22231120,-27.06739,-48.59644,Ilhota,Brasil,Santa Catarina,Itapema,2021-10-25 14:40:16.352,0.07328873414399624,16,36,Ilhota
1257997974424903579,-27.1295873,-48.6016158,Meia Praia,Brasil,Santa Catarina,Itapema,2024-10-21 19:00:57.321,0.2039969436613018,425,1906,Meia Praia (beach band)
1264422313924262574,-27.13410237852208,-48.598420433700085,Meia Praia,Brasil,Santa Catarina,Itapema,2024-10-21 19:00:57.321,0.2766039816029877,433,1970,Meia Praia (beach band)
16270332,-27.08918,-48.60961,Centro,Brasil,Santa Catarina,Itapema,2024-10-07 19:05:51.389,0.31763678533633904,41,485,Centro
52884842,-27.13071,-48.60049,Meia Praia,Brasil,Santa Catarina,Itapema,2024-10-07 19:55:26.106,0.18355767799521572,452,1927,Meia Praia (beach band)
1013945065014511988,-27.124000549316406,-48.604000091552734,Meia Praia,Brasil,Santa Catarina,Itapema,2023-11-20 19:01:17.737,0.024372666469565426,252,1523,Meia Praia (beach band)
1018254817862621451,-27.1299991607666,-48.60300064086914,Meia Praia,Brasil,Santa Catarina,Itapema,2023-11-20 19:01:32.533,0.34276858678887695,407,1892,Meia Praia (beach band)
52472131,-27.1355,-48.59625,Meia Praia,Brasil,Santa Catarina,Itapema,2021-10-25 14:40:16.352,0.2108497986397123,376,1745,Meia Praia (beach band)
1298560254233402601,-27.098746666263303,-48.613263349101736,Centro,Brasil,Santa Catarina,Itapema,2024-12-16 19:08:30.192,0.01959843248109958,126,734,Centro
1293564285008286134,-27.131806048263535,-48.59854348003864,Meia Praia,Brasil,Santa Catarina,Itapema,2024-12-16 19:08:31.089,0.11624077483099506,399,1963,Meia Praia (beach band)
1293444541792116751,-27.118427104647072,-48.607022305786,Meia Praia,Brasil,Santa Catarina,Itapema,2024-12-16 19:10:19.389,0.014146620658791959,130,967,Meia Praia (beach band)
1294180665754421372,-27.13849,-48.59786,Meia Praia,Brasil,Santa Catarina,Itapema,2024-12-16 19:10:08.577,0.543224218538692,301,1588,Meia Praia (inland)
1290786375482543244,-27.13283247856024,-48.598271906375885,Meia Praia,Brasil,Santa Catarina,Itapema,2024-12-16 19:10:08.660,0.17147697444465887,403,1973,Meia Praia (beach band)
1300621791729361500,-27.131630308592428,-48.60043544322252,Meia Praia,Brasil,Santa Catarina,Itapema,2024-12-16 19:10:08.577,0.24254590163302864,449,1957,Meia Praia (beach band)
29078899,-27.13626,-48.59841,Meia Praia,Brasil,Santa Catarina,Itapema,2022-12-15 13:26:06.000,0.42917336592360295,372,1842,Meia Praia (inland)
667324814851452653,-27.14419,-48.58928,Meia Praia,Brasil,Santa Catarina,Itapema,2024-10-07 19:19:18.022,0.20679652727516198,160,679,Meia Praia (beach band)
789278316021379910,-27.12125,-48.60746,Meia Praia,Brasil,Santa Catarina,Itapema,2024-10-07 19:55:09.767,0.18590033828079885,278,1232,Meia Praia (beach band)
995667875936233192,-27.0765,-48.61447,Sertaozinho,Brasil,Santa Catarina,Itapema,2024-10-07 19:24:35.518,0.25954919581226704,3,35,Sertaozinho
1212360832616514334,-27.13496,-48.59591,Meia Praia,Brasil,Santa Catarina,Itapema,2024-10-07 19:24:30.715,0.1465413388331552,318,1762,Meia Praia (beach band)
1057917779583184658,-27.10493,-48.61914,Tabuleiro dos Oliveiras,Brasil,Santa Catarina,Itapema,2024-10-07 19:55:25.386,0.6097433409479294,33,439,Tabuleiro dos Oliveiras
1218884949697936191,-27.12516,-48.60667,Meia Praia,Brasil,Santa Catarina,Itapema,2024-10-07 19:55:48.443,0.31211517434619096,373,1587,Meia Praia (beach band)
1054996940106707859,-27.13307,-48.60554,Meia Praia,Brasil,Santa Catarina,Itapema,2024-10-07 19:45:01.930,0.7444486267249831,158,1738,Meia Praia (inland)
1147139259539364839,-27.1338,-48.59794,Meia Praia,Brasil,Santa Catarina,Itapema,2024-10-07 19:08:36.916,0.21859567066812532,424,1953,Meia Praia (beach band)
1055816960029746165,-27.12629,-48.61185,Morretes,Brasil,Santa Catarina,Itapema,2024-10-07 19:08:36.131,0.809530681335124,19,1318,Morretes
1069659858321218617,-27.13377,-48.61763,Leopoldo Zarling,Brasil,Santa Catarina,Itapema,2024-10-07 19:05:59.616,1.748530929430126,6,100,Leopoldo Zarling
1236367599770739400,-27.0929134,-48.6132024,Centro,Brasil,Santa Catarina,Itapema,2024-09-30 19:05:44.929,0.25317114597106954,242,693,Centro
1234840430009435266,-27.1031,-48.61485,Centro,Brasil,Santa Catarina,Itapema,2024-09-30 19:06:07.581,0.18489644126083504,148,555,Centro
1180542460797069093,-27.1355622,-48.5959671,Meia Praia,Brasil,Santa Catarina,Itapema,2024-08-19 19:03:49.911,0.19342245495816485,349,1724,Meia Praia (beach band)
1207940918769840398,-27.09231,-48.61455,Centro,Brasil,Santa Catarina,Itapema,2024-09-30 19:05:44.929,0.39937024076812233,206,681,Centro
1194961001253133253,-27.144738679663888,-48.58869709074497,Meia Praia,Brasil,Santa Catarina,Itapema,2024-08-19 19:03:54.945,0.12579047523093045,146,611,Meia Praia (beach band)
1197779971496056408,-27.129717051238245,-48.60228683799505,Meia Praia,Brasil,Santa Catarina,Itapema,2024-08-19 19:03:54.945,0.26679109714078586,406,1896,Meia Praia (beach band)
1207383031689344642,-27.09322094307923,-48.61239424327908,Centro,Brasil,Santa Catarina,Itapema,2024-08-19 19:04:19.963,0.1690490272720696,223,700,Centro
914342944500490787,-27.1319999695,-48.5999984741,Meia Praia,Brasil,Santa Catarina,Itapema,2023-07-31 19:12:41.000,0.23759068164292868,456,1988,Meia Praia (beach band)
869504505210568410,-27.0939998627,-48.6129989624,Centro,Brasil,Santa Catarina,Itapema,2023-07-31 19:06:35.000,0.16244415318970407,236,738,Centro
894058910721203586,-27.1420001984,-48.5979995728,Meia Praia,Brasil,Santa Catarina,Itapema,2023-07-31 19:08:00.000,0.7697617659320037,94,1222,Meia Praia (inland)
28958016,-27.09806,-48.61498,Centro,Brasil,Santa Catarina,Itapema,2021-10-25 14:40:16.352,0.18891312929857254,175,740,Centro
975582815327685318,-27.0949993134,-48.6150016785,Centro,Brasil,Santa Catarina,Itapema,2023-09-18 19:05:14.000,0.28878139701465433,236,761,Centro
1048747479672054315,-27.09835433959961,-48.62068176269531,Varzea,Brasil,Santa Catarina,Itapema,2024-01-01 19:01:53.255,0.753848224069108,31,641,Varzea
1286433061620564612,-27.12109190693146,-48.60785742406086,Meia Praia,Brasil,Santa Catarina,Itapema,2024-11-18 19:01:24.621,0.21600471202662389,270,1199,Meia Praia (beach band)
1288292864752049749,-27.098777204212677,-48.61393845026247,Centro,Brasil,Santa Catarina,Itapema,2024-11-18 19:03:31.401,0.08561662722605377,155,740,Centro
1279731808250758754,-27.13253916785577,-48.60381569713354,Meia Praia,Brasil,Santa Catarina,Itapema,2024-11-18 19:03:31.401,0.5703602744701194,255,1868,Meia Praia (inland)
1288267680714721244,-27.13708318098908,-48.59564931198516,Meia Praia,Brasil,Santa Catarina,Itapema,2024-11-18 19:03:31.401,0.27397535702450704,392,1615,Meia Praia (beach band)
1285247632121491635,-27.131092,-48.6049085,Meia Praia,Brasil,Santa Catarina,Itapema,2024-11-18 19:03:31.401,0.5674071546728651,280,1823,Meia Praia (inland)
985716714802993034,-27.121999740600582,-48.61199951171875,Morretes,Brasil,Santa Catarina,Itapema,2023-10-24 16:55:25.226,0.6319572859414044,64,1136,Morretes
1052990902614730585,-27.1259994506836,-48.60599899291992,Meia Praia,Brasil,Santa Catarina,Itapema,2024-01-01 19:03:23.380,0.3093118770785082,410,1645,Meia Praia (beach band)
1290129225803180140,-27.0965448,-48.6175933,Centro,Brasil,Santa Catarina,Itapema,2024-11-18 19:01:19.522,0.46270131842772877,98,733,Centro
978095320445301654,-27.13599967956543,-48.5989990234375,Meia Praia,Brasil,Santa Catarina,Itapema,2023-10-24 16:54:12.185,0.4555934043594409,337,1874,Meia Praia (inland)
982856823235292051,-27.124000549316406,-48.604000091552734,Meia Praia,Brasil,Santa Catarina,Itapema,2023-10-24 16:57:33.236,0.024372666469565426,252,1523,Meia Praia (beach band)
984264382270692556,-27.1200008392334,-48.608001708984375,Meia Praia,Brasil,Santa Catarina,Itapema,2023-10-24 16:57:02.033,0.17852490718685585,237,1115,Meia Praia (beach band)
999239312611492112,-27.0904598236084,-48.61199951171875,Centro,Brasil,Santa Catarina,Itapema,2023-10-24 16:57:02.033,0.33242403911398677,116,591,Centro
984219379080127366,-27.141000747680664,-48.59299850463867,Meia Praia,Brasil,Santa Catarina,Itapema,2023-10-24 16:57:38.269,0.2753068547622385,252,1205,Meia Praia (beach band)
1306556941639987984,-27.13228097625119,-48.60145985928872,Meia Praia,Brasil,Santa Catarina,Itapema,2024-12-16 19:08:35.260,0.36676049691212886,396,1964,Meia Praia (inland)
1304431241953712436,-27.138829448555736,-48.5962575674057,Meia Praia,Brasil,Santa Catarina,Itapema,2024-12-16 19:08:35.260,0.4397932947814306,315,1536,Meia Praia (inland)
1303193506330312884,-27.141527,-48.594387,Meia Praia,Brasil,Santa Catarina,Itapema,2024-12-16 19:08:35.260,0.4246087704726231,199,1229,Meia Praia (inland)
1305411348950813553,-27.133691087221404,-48.61324982894005,Leopoldo Zarling,Brasil,Santa Catarina,Itapema,2024-12-16 19:08:31.923,1.3983185041294643,18,367,Leopoldo Zarling
1303091650236798544,-27.1239723,-48.6178477,Morretes,Brasil,Santa Catarina,Itapema,2024-12-16 19:08:31.923,1.2488159711145803,38,366,Morretes
1309020875992364221,-27.083672769325567,-48.61300757997497,Sertaozinho,Brasil,Santa Catarina,Itapema,2024-12-16 19:09:06.355,0.37825624689875104,14,259,Sertaozinho
1303827409239579310,-27.14260272211145,-48.5917010715073,Meia Praia,Brasil,Santa Catarina,Itapema,2024-12-16 19:10:19.389,0.30502784404079764,158,978,Meia Praia (beach band)
1304511705946860008,-27.136804195613195,-48.59779031534423,Meia Praia,Brasil,Santa Catarina,Itapema,2024-12-16 19:10:22.292,0.4206002382129461,370,1760,Meia Praia (inland)
1303122595112715726,-27.129366316864445,-48.599374971097085,Meia Praia,Brasil,Santa Catarina,Itapema,2024-12-16 19:10:22.292,0.012237725408085296,288,1857,Meia Praia (beach band)
1308003456066797841,-27.11854187545432,-48.61238468438387,Morretes,Brasil,Santa Catarina,Itapema,2024-12-16 19:10:22.292,0.5064224073394641,164,846,Morretes
1305082121510545689,-27.143384606164016,-48.588111692654486,Meia Praia,Brasil,Santa Catarina,Itapema,2024-12-16 19:10:22.292,0.1314943144343222,158,658,Meia Praia (beach band)
1236158616387181504,-27.11656156192832,-48.60940005630255,Morretes,Brasil,Santa Catarina,Itapema,2024-10-07 20:07:55.741,0.15478689580863428,168,767,Morretes
1248656038257883783,-27.09798186664082,-48.61439143949679,Centro,Brasil,Santa Catarina,Itapema,2024-09-30 19:06:07.581,0.13048517575526364,167,741,Centro
1315162730820536163,-27.14360965531635,-48.589397732799824,Meia Praia,Brasil,Santa Catarina,Itapema,2025-01-06 19:08:37.889,0.25540947245078666,170,723,Meia Praia (beach band)
1313869883300164343,-27.115247853012,-48.6132243592802,Morretes,Brasil,Santa Catarina,Itapema,2025-01-06 19:08:41.802,0.4718982466604892,92,618,Morretes
1321186521312194375,-27.08704,-48.59799,Ilhota,Brasil,Santa Catarina,Itapema,2025-01-06 19:08:33.959,0.6553690632279503,1,25,Ilhota
1297766503358555668,-27.1347505,-48.5956533,Meia Praia,Brasil,Santa Catarina,Itapema,2025-01-06 19:08:37.486,0.1123906504646627,292,1754,Meia Praia (beach band)
1313618372976960047,-27.1318648,-48.5994918,Meia Praia,Brasil,Santa Catarina,Itapema,2025-01-06 19:11:23.699,0.19036855214138257,443,1985,Meia Praia (beach band)
1315233656046324612,-27.12178710857717,-48.60688242814226,Meia Praia,Brasil,Santa Catarina,Itapema,2025-01-06 19:11:23.699,0.15492161525009163,304,1309,Meia Praia (beach band)
1320251945059711672,-27.1215,-48.60814,Meia Praia,Brasil,Santa Catarina,Itapema,2025-01-06 19:11:23.699,0.25880616673273205,290,1248,Meia Praia (beach band)
1312949509621922876,-27.1176601,-48.6112927,Morretes,Brasil,Santa Catarina,Itapema,2025-01-06 19:11:23.699,0.3718500461171889,193,818,Morretes
1318022005386763892,-27.128675587252943,-48.604379084219325,Meia Praia,Brasil,Santa Catarina,Itapema,2025-01-06 19:11:23.699,0.36325389064232366,418,1812,Meia Praia (inland)
1317468256413703561,-27.12371783982455,-48.60740045676258,Meia Praia,Brasil,Santa Catarina,Itapema,2025-01-06 19:11:23.699,0.2852077276471592,325,1479,Meia Praia (beach band)
1313997746250290772,-27.11994830903816,-48.61149787902832,Morretes,Brasil,Santa Catarina,Itapema,2025-01-06 19:11:23.699,0.4864702378288479,154,982,Morretes
1313081625949535881,-27.12628,-48.60495,Meia Praia,Brasil,Santa Catarina,Itapema,2025-01-06 19:11:23.699,0.24073215219654875,396,1676,Meia Praia (beach band)
1321076728123766231,-27.1382,-48.60019,Meia Praia,Brasil,Santa Catarina,Itapema,2025-01-06 19:11:31.980,0.7028413519051899,190,1724,Meia Praia (inland)
1320624753089882960,-27.12011,-48.60662,Meia Praia,Brasil,Santa Catarina,Itapema,2025-01-06 19:11:31.980,0.061241133730045236,203,1133,Meia Praia (beach band)
1250643283082134693,-27.13747,-48.59168,Meia Praia,Brasil,Santa Catarina,Itapema,2024-09-30 19:06:07.325,0.01657489640416442,224,1346,Meia Praia (beach band)
1248514191377483703,-27.08942,-48.6092985,Centro,Brasil,Santa Catarina,Itapema,2024-09-30 19:05:46.529,0.2788825542771245,40,481,Centro
1252125533407651217,-27.13103952183417,-48.606592827323226,Meia Praia,Brasil,Santa Catarina,Itapema,2024-09-30 19:05:46.529,0.6991151954964837,186,1698,Meia Praia (inland)
1242896115291721538,-27.10610224046624,-48.61671544611454,Tabuleiro dos Oliveiras,Brasil,Santa Catarina,Itapema,2024-09-30 19:05:46.529,0.3855208780792549,77,416,Tabuleiro dos Oliveiras
983864829707648186,-27.140119552612305,-48.59360885620117,Meia Praia,Brasil,Santa Catarina,Itapema,2024-02-12 19:00:46.958,0.28690312552158304,347,1311,Meia Praia (beach band)
1059514414382062471,-27.14200019836425,-48.59700012207031,Meia Praia,Brasil,Santa Catarina,Itapema,2024-02-12 19:01:06.784,0.6806348748681517,129,1238,Meia Praia (inland)
1058009712463559090,-27.136999130249023,-48.59799957275391,Meia Praia,Brasil,Santa Catarina,Itapema,2024-02-12 19:00:56.781,0.45041951166327054,361,1759,Meia Praia (inland)
813754730744989168,-27.1299991607666,-48.60300064086914,Meia Praia,Brasil,Santa Catarina,Itapema,2024-02-12 19:01:55.075,0.34276858678887695,407,1892,Meia Praia (beach band)
1079155643925534801,-27.13500022888184,-48.60300064086914,Meia Praia,Brasil,Santa Catarina,Itapema,2024-02-12 19:01:54.646,0.6819753289542101,131,1844,Meia Praia (inland)
1063936355834013905,-27.1359806060791,-48.609619140625,Meia Praia,Brasil,Santa Catarina,Itapema,2024-02-12 19:04:20.268,1.261303983765753,21,630,Meia Praia (inland)
1079736098275808115,-27.14299964904785,-48.58700180053711,Meia Praia,Brasil,Santa Catarina,Itapema,2024-02-12 19:04:35.398,0.02149455108400131,127,594,Meia Praia (beach band)
1067320906990424780,-27.10099983215332,-48.61600112915039,Centro,Brasil,Santa Catarina,Itapema,2024-02-12 19:04:20.053,0.2934468996318654,160,703,Centro
615047829578571459,-27.099179607205063,-48.614418027002216,Centro,Brasil,Santa Catarina,Itapema,2026-04-20 19:17:04.979,0.13312369989068024,172,756,Centro
1233973103621276698,-27.09306,-48.61326,Centro,Brasil,Santa Catarina,Itapema,2025-10-06 19:01:22.482,0.24734683181542166,240,702,Centro
46222390,-27.1259994506836,-48.604000091552734,Meia Praia,Brasil,Santa Catarina,Itapema,2023-02-08 17:26:24.000,0.1476007397830321,359,1670,Meia Praia (beach band)
21632405,-27.13204,-48.6004,Meia Praia,Brasil,Santa Catarina,Itapema,2024-10-07 19:56:03.317,0.27027181351523094,448,1981,Meia Praia (beach band)
756997201912524343,-27.12545,-48.60509,Meia Praia,Brasil,Santa Catarina,Itapema,2024-10-07 19:36:15.597,0.20045279611701716,416,1618,Meia Praia (beach band)
761791400447949684,-27.0900001526,-48.6160011292,Casa Branca,Brasil,Santa Catarina,Itapema,2022-12-06 12:43:34.000,0.6719439932527769,92,601,Casa Branca
776868780194110778,-27.138999939,-48.5970001221,Meia Praia,Brasil,Santa Catarina,Itapema,2023-01-19 12:18:27.000,0.509803194000812,297,1531,Meia Praia (inland)
766164030583614114,-27.12532,-48.60498,Meia Praia,Brasil,Santa Catarina,Itapema,2024-10-07 19:36:15.597,0.18323809223150933,402,1607,Meia Praia (beach band)
1238321506456103932,-27.0936893,-48.6131638,Centro,Brasil,Santa Catarina,Itapema,2024-09-30 19:21:48.795,0.196202185867394,243,727,Centro
1237872426515152443,-27.14296,-48.58795,Meia Praia,Brasil,Santa Catarina,Itapema,2024-09-30 19:21:48.795,0.1109506316584372,153,674,Meia Praia (beach band)
45757663,-27.107,-48.61354,Centro,Brasil,Santa Catarina,Itapema,2024-10-07 19:36:21.030,0.09381812219608804,77,427,Centro
808019784306489945,-27.125,-48.60699844360352,Meia Praia,Brasil,Santa Catarina,Itapema,2023-03-02 13:02:00.000,0.32921289878455284,338,1553,Meia Praia (beach band)
821574780923920105,-27.13653,-48.59887,Meia Praia,Brasil,Santa Catarina,Itapema,2024-10-07 19:19:55.083,0.4834876160760183,330,1844,Meia Praia (inland)
824716714835061158,-27.13715934753418,-48.59415054321289,Meia Praia,Brasil,Santa Catarina,Itapema,2023-03-02 13:02:00.000,0.16141258506683728,343,1573,Meia Praia (beach band)
775920674199312840,-27.1350002289,-48.5950012207,Meia Praia,Brasil,Santa Catarina,Itapema,2023-01-19 12:18:27.000,0.08007998211376752,254,1690,Meia Praia (beach band)
773292563863688188,-27.1319999695,-48.6020011902,Meia Praia,Brasil,Santa Catarina,Itapema,2023-01-19 12:18:27.000,0.3884299021519465,380,1938,Meia Praia (inland)
751396284745576875,-27.0979995728,-48.6300010681,Varzea,Brasil,Santa Catarina,Itapema,2022-12-06 12:43:34.000,1.6773601764000245,3,43,Varzea
547139090369238833,-27.1439990997,-48.5880012512,Meia Praia,Brasil,Santa Catarina,Itapema,2022-11-29 02:09:46.000,0.12053860817510119,156,610,Meia Praia (beach band)
47099466,-27.141300201416016,-48.5954704284668,Meia Praia,Brasil,Santa Catarina,Itapema,2023-02-09 15:17:56.000,0.510332916159003,202,1295,Meia Praia (inland)
618943952389206201,-27.138018,-48.592251,Meia Praia,Brasil,Santa Catarina,Itapema,2022-07-11 18:11:37.000,0.06404512180831518,279,1368,Meia Praia (beach band)
604521043281534642,-27.097000122070312,-48.61399841308594,Centro,Brasil,Santa Catarina,Itapema,2023-02-09 15:17:56.000,0.10632102572426273,178,745,Centro
781285266903281162,-27.13599967956543,-48.59600067138672,Meia Praia,Brasil,Santa Catarina,Itapema,2023-02-08 14:56:52.000,0.22736777750422232,368,1710,Meia Praia (beach band)
52672896,-27.1072953,-48.619772,Tabuleiro dos Oliveiras,Brasil,Santa Catarina,Itapema,2022-11-08 18:24:34.000,0.7071783904222599,25,336,Tabuleiro dos Oliveiras
22983456,-27.1303596497,-48.6177902222,Morretes,Brasil,Santa Catarina,Itapema,2023-06-26 19:17:13.000,1.5493771833890493,15,158,Morretes
730553947980169722,-27.0956,-48.61182,Centro,Brasil,Santa Catarina,Itapema,2022-11-08 18:24:34.000,0.02873836180242506,142,757,Centro
53063710,-27.12533,-48.61323,Morretes,Brasil,Santa Catarina,Itapema,2022-11-08 18:24:34.000,0.8847268879500892,26,1131,Morretes
54245203,-27.13743,-48.59675,Meia Praia,Brasil,Santa Catarina,Itapema,2024-10-07 19:56:18.088,0.38422070672162495,370,1641,Meia Praia (inland)
54121960,-27.09694,-48.61604,Centro,Brasil,Santa Catarina,Itapema,2022-03-02 14:00:27.221,0.302885489757594,170,745,Centro
40486178,-27.08715,-48.61395,Alto Sao Bento,Brasil,Santa Catarina,Itapema,2021-10-25 14:40:16.352,0.7011205719859745,81,480,Alto Sao Bento
38980085,-27.14055,-48.59169,Meia Praia,Brasil,Santa Catarina,Itapema,2021-10-25 14:40:16.352,0.13658122038572473,231,1147,Meia Praia (beach band)
52582961,-27.09293,-48.61177,Centro,Brasil,Santa Catarina,Itapema,2024-10-07 19:14:32.476,0.1412310657191197,205,672,Centro
52059007,-27.09535,-48.6131,Centro,Brasil,Santa Catarina,Itapema,2024-10-07 19:00:44.389,0.10129620054877939,234,767,Centro
52469454,-27.12354,-48.60522,Meia Praia,Brasil,Santa Catarina,Itapema,2021-10-25 14:40:16.352,0.09271684186331229,331,1484,Meia Praia (beach band)
1269694477126575844,-27.13685809997993,-48.59876122643144,Meia Praia,Brasil,Santa Catarina,Itapema,2024-11-04 19:01:37.275,0.49847487780807453,321,1805,Meia Praia (inland)
1272502770404015005,-27.10356783317314,-48.61402167588721,Centro,Brasil,Santa Catarina,Itapema,2024-11-04 19:01:37.275,0.10253790167004,138,524,Centro
1274876170500024261,-27.117366028043502,-48.61138319589392,Morretes,Brasil,Santa Catarina,Itapema,2024-11-04 19:01:36.203,0.3695357333298664,204,793,Morretes
1274015792781197810,-27.12875326521218,-48.60072981566191,Meia Praia,Brasil,Santa Catarina,Itapema,2024-11-04 19:01:37.197,0.0790685928014953,332,1858,Meia Praia (beach band)
1279044461346354503,-27.12706107273684,-48.60741086304188,Meia Praia,Brasil,Santa Catarina,Itapema,2024-11-04 19:01:37.197,0.491332791252568,280,1653,Meia Praia (inland)
1273421997466579072,-27.1373422,-48.5978257,Meia Praia,Brasil,Santa Catarina,Itapema,2024-11-04 19:04:02.123,0.46174414326773905,355,1712,Meia Praia (inland)
1008731134339437868,-27.132556915283203,-48.60992813110352,Jardim Praiamar,Brasil,Santa Catarina,Itapema,2023-11-06 19:00:42.559,1.0625282952581785,41,1069,Jardim Praiamar
1006575359946525255,-27.127939224243164,-48.6048583984375,Meia Praia,Brasil,Santa Catarina,Itapema,2023-11-06 19:00:42.352,0.34900553788233557,403,1774,Meia Praia (beach band)
37208458,-27.09597,-48.61216,Centro,Brasil,Santa Catarina,Itapema,2024-10-07 19:00:44.389,0.015538081899189492,148,752,Centro
1133932269450120171,-27.12800025939941,-48.60300064086914,Meia Praia,Brasil,Santa Catarina,Itapema,2024-05-06 19:01:53.610,0.20964617779704287,401,1812,Meia Praia (beach band)
40576710,-27.12091,-48.60825,Meia Praia,Brasil,Santa Catarina,Itapema,2024-10-07 19:36:15.597,0.24498979270813004,267,1179,Meia Praia (beach band)
1154498316026129420,-27.12791,-48.59975,Meia Praia,Brasil,Santa Catarina,Itapema,2024-10-07 19:56:38.188,0.054545315846489445,177,1774,Meia Praia (beach band)
1154469108917092944,-27.1279,-48.59991,Meia Praia,Brasil,Santa Catarina,Itapema,2024-10-07 19:56:38.188,0.043651810015144114,193,1777,Meia Praia (beach band)
46072703,-27.131759643554688,-48.600318908691406,Meia Praia,Brasil,Santa Catarina,Itapema,2024-05-20 19:01:05.287,0.24389957177403931,451,1956,Meia Praia (beach band)
1160156338263528718,-27.1312198638916,-48.604618072509766,Meia Praia,Brasil,Santa Catarina,Itapema,2024-06-10 19:02:01.809,0.551885338768665,288,1844,Meia Praia (inland)
40759616,-27.1358699799,-48.597858429,Meia Praia,Brasil,Santa Catarina,Itapema,2023-06-26 19:09:16.000,0.35938628824730884,419,1836,Meia Praia (inland)
1109565255724228892,-27.13422,-48.59613,Meia Praia,Brasil,Santa Catarina,Itapema,2024-10-07 19:56:43.644,0.11029514729446498,321,1803,Meia Praia (beach band)
1040784559215923309,-27.13999938964844,-48.59299850463867,Meia Praia,Brasil,Santa Catarina,Itapema,2023-12-18 19:01:13.792,0.2268804705375032,334,1289,Meia Praia (beach band)
1041940042061951082,-27.09778,-48.61812,Centro,Brasil,Santa Catarina,Itapema,2024-10-07 19:19:45.991,0.49996923163267004,84,717,Centro
53154219,-27.1395,-48.59329,Meia Praia,Brasil,Santa Catarina,Itapema,2024-10-07 19:59:36.852,0.22843511437682532,361,1344,Meia Praia (beach band)
1022315492979262752,-27.13559,-48.60129,Meia Praia,Brasil,Santa Catarina,Itapema,2024-10-07 19:59:23.444,0.5989900408611741,215,1930,Meia Praia (inland)
1039235354309448898,-27.090999603271484,-48.61299896240234,Centro,Brasil,Santa Catarina,Itapema,2023-12-18 19:01:41.362,0.3699665294202667,183,617,Centro
1044298410289154930,-27.119733810424805,-48.60772705078125,Meia Praia,Brasil,Santa Catarina,Itapema,2023-12-18 19:01:42.552,0.1406262118892407,219,1094,Meia Praia (beach band)
53226144,-27.13336,-48.59538,Meia Praia,Brasil,Santa Catarina,Itapema,2024-10-07 19:12:19.280,0.008099794447109584,220,1766,Meia Praia (beach band)
1030509452142976566,-27.089000701904297,-48.61600112915039,Casa Branca,Brasil,Santa Catarina,Itapema,2023-12-04 19:00:56.673,0.7412312278659717,81,560,Casa Branca
52417933,-27.120899200439453,-48.60821914672852,Meia Praia,Brasil,Santa Catarina,Itapema,2023-02-09 15:17:56.000,0.24170796204695194,269,1178,Meia Praia (beach band)
38818200,-27.128829956054688,-48.59984970092773,Meia Praia,Brasil,Santa Catarina,Itapema,2023-02-09 15:17:56.000,0.012748044565127428,271,1853,Meia Praia (beach band)
16804726,-27.12669,-48.60705,Meia Praia,Brasil,Santa Catarina,Itapema,2024-10-07 19:36:34.036,0.43873846410493184,314,1654,Meia Praia (inland)
39603639,-27.1187801361,-48.6060905457,Meia Praia,Brasil,Santa Catarina,Itapema,2023-06-26 19:10:17.000,0.051814525753897146,108,996,Meia Praia (beach band)
28979932,-27.13087,-48.60528,Meia Praia,Brasil,Santa Catarina,Itapema,2024-10-07 19:14:32.476,0.5836429441936266,267,1806,Meia Praia (inland)
28771646,-27.1252994537,-48.6086997986,Meia Praia,Brasil,Santa Catarina,Itapema,2023-06-26 19:03:02.000,0.48759304351465016,184,1524,Meia Praia (inland)
40560834,-27.0914,-48.61215,Centro,Brasil,Santa Catarina,Itapema,2021-10-25 14:40:16.352,0.2763638889472338,190,616,Centro
10982940,-27.14,-48.59169,Meia Praia,Brasil,Santa Catarina,Itapema,2021-10-25 14:40:16.352,0.1099770450178676,256,1201,Meia Praia (beach band)
32600458,-27.13826,-48.59214,Meia Praia,Brasil,Santa Catarina,Itapema,2021-10-25 14:40:16.352,0.06574770706688032,271,1350,Meia Praia (beach band)
39583346,-27.12876,-48.60354,Meia Praia,Brasil,Santa Catarina,Itapema,2021-10-25 14:40:16.352,0.3043162700787475,424,1832,Meia Praia (beach band)
19766116,-27.12791,-48.60211,Meia Praia,Brasil,Santa Catarina,Itapema,2024-10-07 19:56:46.910,0.13464121843129076,350,1817,Meia Praia (beach band)
15980108,-27.11931,-48.60673,Meia Praia,Brasil,Santa Catarina,Itapema,2021-10-25 14:40:16.352,0.031155180760789363,164,1059,Meia Praia (beach band)
47173935,-27.12363,-48.60726,Meia Praia,Brasil,Santa Catarina,Itapema,2024-10-07 19:56:18.088,0.2683514675156048,332,1476,Meia Praia (beach band)
40342798,-27.12416,-48.6064,Meia Praia,Brasil,Santa Catarina,Itapema,2024-10-07 19:18:17.512,0.22768558530872782,354,1519,Meia Praia (beach band)
22367379,-27.13191,-48.60578,Meia Praia,Brasil,Santa Catarina,Itapema,2024-10-07 19:14:32.476,0.6902920137739049,193,1750,Meia Praia (inland)
41677540,-27.13012,-48.60628,Meia Praia,Brasil,Santa Catarina,Itapema,2021-10-25 14:40:16.352,0.6109019401428254,243,1737,Meia Praia (inland)
1226369560634486253,-27.1369,-48.59985,Meia Praia,Brasil,Santa Catarina,Itapema,2024-10-07 19:59:36.852,0.5845363360444253,256,1834,Meia Praia (inland)
40920962,-27.13055,-48.60281,Meia Praia,Brasil,Santa Catarina,Itapema,2021-10-25 14:40:16.352,0.3624062931655746,402,1910,Meia Praia (inland)
40787998,-27.12765,-48.60131,Meia Praia,Brasil,Santa Catarina,Itapema,2021-10-25 14:40:16.352,0.0551198907645859,274,1784,Meia Praia (beach band)
54047391,-27.13219,-48.59846,Meia Praia,Brasil,Santa Catarina,Itapema,2024-10-07 19:36:21.030,0.13790307097655646,394,1976,Meia Praia (beach band)
1026697334948678769,-27.11947250366211,-48.61488723754883,Morretes,Brasil,Santa Catarina,Itapema,2023-12-04 19:03:05.697,0.7747177648087372,60,759,Morretes
1310412582994767869,-27.12988,-48.6039,Meia Praia,Brasil,Santa Catarina,Itapema,2025-01-20 19:01:30.170,0.4083570457883786,398,1849,Meia Praia (inland)
821939538006222871,-27.11945,-48.61135,Morretes,Brasil,Santa Catarina,Itapema,2024-10-07 19:00:44.234,0.44892038619033653,171,956,Morretes
29649494,-27.1005496979,-48.6130981445,Centro,Brasil,Santa Catarina,Itapema,2023-06-26 19:04:39.000,0.00711021154417282,132,716,Centro
35251479,-27.09795,-48.61473,Centro,Brasil,Santa Catarina,Itapema,2024-10-07 19:14:32.476,0.1641148087367465,167,741,Centro
40158005,-27.0943393707,-48.6136512756,Centro,Brasil,Santa Catarina,Itapema,2023-06-26 19:05:32.000,0.19716222363809882,250,745,Centro
47052262,-27.09841,-48.61409,Centro,Brasil,Santa Catarina,Itapema,2021-10-25 14:40:16.352,0.10060352121610523,160,741,Centro
684137520256598843,-27.10356,-48.61221,Centro,Brasil,Santa Catarina,Itapema,2024-10-07 19:00:44.234,0.0771875291320174,89,506,Centro
47782568,-27.09575,-48.61663,Centro,Brasil,Santa Catarina,Itapema,2024-10-07 19:14:32.476,0.4012991056834135,130,756,Centro
1046625655653490260,-27.13808,-48.5985,Meia Praia,Brasil,Santa Catarina,Itapema,2024-10-21 19:00:47.433,0.5654365982086351,285,1648,Meia Praia (inland)
30922946,-27.14261,-48.59479,Meia Praia,Brasil,Santa Catarina,Itapema,2024-10-07 19:56:24.337,0.5183728532810912,108,1145,Meia Praia (inland)
48042920,-27.06401,-48.59454,Ilhota,Brasil,Santa Catarina,Itapema,2021-10-25 14:40:16.352,0.056776565707980876,20,41,Ilhota
45480718,-27.1280923167239,-48.6044189786553,Meia Praia,Brasil,Santa Catarina,Itapema,2021-10-25 14:40:16.352,0.3258026225449021,412,1798,Meia Praia (beach band)
45799853,-27.13037,-48.60314,Meia Praia,Brasil,Santa Catarina,Itapema,2021-10-25 14:40:16.352,0.37764101924917926,379,1900,Meia Praia (inland)
818022189335953041,-27.13800048828125,-48.59600067138672,Meia Praia,Brasil,Santa Catarina,Itapema,2023-03-02 13:02:00.000,0.36358448707117513,373,1593,Meia Praia (inland)
894985131313802009,-27.1320209503,-48.600151062,Meia Praia,Brasil,Santa Catarina,Itapema,2023-06-05 19:01:05.000,0.25066912319859025,452,1990,Meia Praia (beach band)
656283634467375980,-27.1298704333,-48.6006701365,Meia Praia,Brasil,Santa Catarina,Itapema,2022-07-11 18:11:37.000,0.14518585458399325,428,1914,Meia Praia (beach band)
27338096,-27.097,-48.61414,Centro,Brasil,Santa Catarina,Itapema,2024-10-07 19:00:44.389,0.11921301040701617,178,752,Centro
53337464,-27.14161,-48.58837,Meia Praia,Brasil,Santa Catarina,Itapema,2022-01-11 17:08:58.877,0.02357901606144561,132,788,Meia Praia (beach band)
53973724,-27.138261795043945,-48.59214019775391,Meia Praia,Brasil,Santa Catarina,Itapema,2025-09-01 19:06:34.959,0.06585349050879098,271,1349,Meia Praia (beach band)
52004286,-27.12128,-48.6087,Meia Praia,Brasil,Santa Catarina,Itapema,2022-01-11 17:14:34.893,0.3014928689584974,259,1209,Meia Praia (beach band)
53772254,-27.11962,-48.61125,Morretes,Brasil,Santa Catarina,Itapema,2022-01-11 17:14:34.893,0.4483244458679696,170,967,Morretes
39548776,-27.1296291351,-48.6049995422,Meia Praia,Brasil,Santa Catarina,Itapema,2023-06-26 19:16:18.000,0.4776628702705264,377,1805,Meia Praia (inland)
784867761523378586,-27.13839,-48.59691,Meia Praia,Brasil,Santa Catarina,Itapema,2024-10-07 19:19:45.991,0.4616479813337391,328,1578,Meia Praia (inland)
779104726998664227,-27.1359996796,-48.5950012207,Meia Praia,Brasil,Santa Catarina,Itapema,2023-01-19 12:18:27.000,0.14978691666308863,326,1629,Meia Praia (beach band)
782559978621505317,-27.1299991608,-48.6020011902,Meia Praia,Brasil,Santa Catarina,Itapema,2023-01-19 12:18:27.000,0.2614967738799808,436,1916,Meia Praia (beach band)
793246241627200685,-27.13674,-48.59708,Meia Praia,Brasil,Santa Catarina,Itapema,2024-10-07 19:56:18.088,0.36198359700690486,386,1719,Meia Praia (inland)
674436738710449390,-27.1298963866,-48.602190949,Meia Praia,Brasil,Santa Catarina,Itapema,2022-08-01 15:25:27.000,0.2705569475208901,418,1908,Meia Praia (beach band)
31397917,-27.13105,-48.60793,Meia Praia,Brasil,Santa Catarina,Itapema,2024-10-07 19:14:31.820,0.8031551718053235,128,1564,Meia Praia (inland)
40899047,-27.13476,-48.60678,Meia Praia,Brasil,Santa Catarina,Itapema,2024-10-07 19:36:21.030,0.9527161717427917,62,1469,Meia Praia (inland)
572368704250611987,-27.13214,-48.59797,Meia Praia,Brasil,Santa Catarina,Itapema,2024-10-07 19:36:21.030,0.09808160350340442,370,1942,Meia Praia (beach band)
605589358786863903,-27.12477,-48.60402,Meia Praia,Brasil,Santa Catarina,Itapema,2024-09-25 18:12:34.052,0.0701711379311341,293,1576,Meia Praia (beach band)
552912581186899747,-27.119652,-48.608742,Meia Praia,Brasil,Santa Catarina,Itapema,2022-07-11 18:11:37.000,0.226909708401633,235,1078,Meia Praia (beach band)
41619530,-27.12882,-48.61664,Morretes,Brasil,Santa Catarina,Itapema,2024-10-07 19:36:25.303,1.361474209221535,21,276,Morretes
29302417,-27.08385,-48.59677,Ilhota,Brasil,Santa Catarina,Itapema,2021-10-25 14:40:16.352,0.7867394902773562,0,8,Ilhota
8753204,-27.08952,-48.5993,Canto da Praia,Brasil,Santa Catarina,Itapema,2021-10-25 14:40:16.352,0.5499346906581034,1,35,Canto da Praia
1261524695736463590,-27.13458,-48.59425,Meia Praia,Brasil,Santa Catarina,Itapema,2024-10-21 19:00:48.194,0.008210801088316337,189,1622,Meia Praia (beach band)
1260073533686146608,-27.0936893,-48.6131638,Centro,Brasil,Santa Catarina,Itapema,2024-10-21 19:00:47.664,0.196202185867394,243,727,Centro
1259534245145609058,-27.0927395,-48.6133933,Centro,Brasil,Santa Catarina,Itapema,2024-10-21 19:00:47.664,0.2801512211881518,242,689,Centro
1261881302898817783,-27.118021524037445,-48.61274850666641,Morretes,Brasil,Santa Catarina,Itapema,2024-10-21 19:03:39.970,0.5213389278857745,164,790,Morretes
52646204,-27.12354,-48.60619,Meia Praia,Brasil,Santa Catarina,Itapema,2024-10-07 19:18:17.512,0.17213292250961823,355,1489,Meia Praia (beach band)
52060773,-27.12503,-48.61162,Morretes,Brasil,Santa Catarina,Itapema,2021-11-04 15:59:25.822,0.7246371510598159,27,1288,Morretes
1017546253134148389,-27.131893157958984,-48.60239791870117,Meia Praia,Brasil,Santa Catarina,Itapema,2023-11-20 19:01:12.260,0.4139531976991192,365,1925,Meia Praia (inland)
1018009430361037830,-27.134950637817383,-48.60010147094727,Meia Praia,Brasil,Santa Catarina,Itapema,2023-11-20 19:01:32.041,0.46371089595563025,303,1978,Meia Praia (inland)
51866473,-27.12732,-48.60225,Meia Praia,Brasil,Santa Catarina,Itapema,2021-10-25 14:40:16.352,0.10463529494041983,316,1768,Meia Praia (beach band)
46688926,-27.13383,-48.59981,Meia Praia,Brasil,Santa Catarina,Itapema,2021-10-25 14:40:16.352,0.3593647489975658,417,2002,Meia Praia (inland)
52389439,-27.13486,-48.59751,Meia Praia,Brasil,Santa Catarina,Itapema,2021-10-25 14:40:16.352,0.26107316551497883,428,1867,Meia Praia (beach band)
1291377995150928631,-27.13996442467505,-48.59234051163033,Meia Praia,Brasil,Santa Catarina,Itapema,2024-12-16 19:08:08.190,0.16656454837241685,303,1248,Meia Praia (beach band)
1298708824500193290,-27.141856070209528,-48.59127736399997,Meia Praia,Brasil,Santa Catarina,Itapema,2024-12-16 19:08:13.535,0.21381277920719546,182,1010,Meia Praia (beach band)
1292189218941126475,-27.13636818371929,-48.59919073452284,Meia Praia,Brasil,Santa Catarina,Itapema,2024-12-11 17:22:20.906,0.49653735317604,323,1856,Meia Praia (inland)
1300836931154289279,-27.1216469,-48.6115129,Morretes,Brasil,Santa Catarina,Itapema,2024-12-16 19:08:13.224,0.5712453300094625,93,1140,Morretes
684782448665574114,-27.12936,-48.60297,Meia Praia,Brasil,Santa Catarina,Itapema,2024-10-07 19:56:03.317,0.2996553486507292,412,1862,Meia Praia (beach band)
40057283,-27.12285,-48.6058,Meia Praia,Brasil,Santa Catarina,Itapema,2024-10-07 20:07:08.884,0.09961848139101163,322,1434,Meia Praia (beach band)
699448139972382147,-27.1327346,-48.6338758,Sertao do Trombudo,Brasil,Santa Catarina,Itapema,2022-12-15 13:26:06.000,3.0904875706942128,0,10,Sertao do Trombudo
22861662,-27.0955200195,-48.6167602539,Centro,Brasil,Santa Catarina,Itapema,2023-06-26 19:14:07.000,0.42371934082405655,123,752,Centro
1062493272768761730,-27.10333,-48.61429,Centro,Brasil,Santa Catarina,Itapema,2024-10-07 19:19:47.105,0.1293008931500967,146,546,Centro
1055195186250667088,-27.08444,-48.61047,Sertaozinho,Brasil,Santa Catarina,Itapema,2024-10-07 19:36:22.686,0.24937908738966968,14,295,Sertaozinho
1213148995463463836,-27.09665,-48.61642,Centro,Brasil,Santa Catarina,Itapema,2024-10-07 19:59:36.852,0.34673129469615405,154,757,Centro
1064782738514497988,-27.13929,-48.59809,Meia Praia,Brasil,Santa Catarina,Itapema,2024-10-07 19:12:32.929,0.6153191005576789,252,1507,Meia Praia (inland)
1204454853527055622,-27.09759,-48.6134,Centro,Brasil,Santa Catarina,Itapema,2024-10-07 20:07:08.884,0.03223862956672001,140,735,Centro
1244455209217128785,-27.1323568,-48.5993127,Meia Praia,Brasil,Santa Catarina,Itapema,2024-09-30 19:07:19.911,0.21360993082922386,431,2004,Meia Praia (beach band)
927428463306244244,-27.12198,-48.60965,Morretes,Brasil,Santa Catarina,Itapema,2024-10-07 19:18:14.984,0.41755252482895217,182,1232,Morretes
986229158443814071,-27.12389,-48.6071,Meia Praia,Brasil,Santa Catarina,Itapema,2024-10-07 19:18:14.984,0.2684860689489901,323,1498,Meia Praia (beach band)
1175287039649554590,-27.1061242,-48.6167692,Tabuleiro dos Oliveiras,Brasil,Santa Catarina,Itapema,2024-08-19 19:05:44.179,0.39123503571593765,74,415,Tabuleiro dos Oliveiras
1191261348067720296,-27.0936893,-48.6131638,Centro,Brasil,Santa Catarina,Itapema,2024-08-19 19:06:08.404,0.196202185867394,243,727,Centro
1202917826991157371,-27.12742,-48.60511,Meia Praia,Brasil,Santa Catarina,Itapema,2024-08-19 19:07:43.013,0.33234919895613463,387,1730,Meia Praia (beach band)
1182040498646675653,-27.0936893,-48.6131638,Centro,Brasil,Santa Catarina,Itapema,2024-08-19 19:07:45.094,0.196202185867394,243,727,Centro
907860020131847972,-27.1297302246,-48.6046218872,Meia Praia,Brasil,Santa Catarina,Itapema,2023-07-31 19:07:51.000,0.4554623411543832,385,1826,Meia Praia (inland)
45517303,-27.125579834,-48.6053314209,Meia Praia,Brasil,Santa Catarina,Itapema,2023-07-31 19:09:51.000,0.22832729932814916,417,1625,Meia Praia (beach band)
870095737549163049,-27.1359996796,-48.5999984741,Meia Praia,Brasil,Santa Catarina,Itapema,2023-07-31 19:09:46.000,0.5318612532486503,284,1914,Meia Praia (inland)
1050222799566539931,-27.124000549316406,-48.604000091552734,Meia Praia,Brasil,Santa Catarina,Itapema,2024-01-01 19:01:38.615,0.024372666469565426,252,1523,Meia Praia (beach band)
1002236089961478005,-27.124000549316406,-48.608001708984375,Meia Praia,Brasil,Santa Catarina,Itapema,2024-01-01 19:01:43.643,0.35255930572246724,280,1485,Meia Praia (inland)
1056050804223218242,-27.14299964904785,-48.59000015258789,Meia Praia,Brasil,Santa Catarina,Itapema,2024-01-01 19:02:05.862,0.23837332634350009,175,822,Meia Praia (beach band)
976945230870631103,-27.1229991913,-48.6049995422,Meia Praia,Brasil,Santa Catarina,Itapema,2023-09-18 19:02:09.000,0.040359438318209026,284,1442,Meia Praia (beach band)
1289390437344823096,-27.132950436964336,-48.60271984047544,Meia Praia,Brasil,Santa Catarina,Itapema,2024-11-18 19:03:30.085,0.50950279254662,246,1918,Meia Praia (inland)
1288366202921406284,-27.118628,-48.6108704,Morretes,Brasil,Santa Catarina,Itapema,2024-11-18 19:05:43.531,0.368300759085995,207,908,Morretes
1279733743094620459,-27.1273409,-48.6061127,Meia Praia,Brasil,Santa Catarina,Itapema,2024-11-18 19:05:43.531,0.404406930977839,346,1670,Meia Praia (inland)
1285561344532150278,-27.12467180662424,-48.60668800771237,Meia Praia,Brasil,Santa Catarina,Itapema,2024-11-18 19:05:43.531,0.28327570013257836,358,1541,Meia Praia (beach band)
1282949009253060678,-27.095318397775003,-48.61403156071901,Centro,Brasil,Santa Catarina,Itapema,2024-11-18 19:05:43.531,0.18643275137763254,245,771,Centro
1284981847089242773,-27.13103472654716,-48.60486008226872,Meia Praia,Brasil,Santa Catarina,Itapema,2024-11-18 19:05:43.531,0.5598443721296182,280,1821,Meia Praia (inland)
1051583057257965748,-27.13274955749512,-48.60136795043945,Meia Praia,Brasil,Santa Catarina,Itapema,2024-01-01 19:02:07.008,0.394412054484517,338,1959,Meia Praia (inland)
1281869517160680829,-27.129072834496,-48.60248900949955,Meia Praia,Brasil,Santa Catarina,Itapema,2024-11-18 19:01:12.787,0.24228947107637638,403,1858,Meia Praia (beach band)
1288603393968480244,-27.1223531,-48.6065034,Meia Praia,Brasil,Santa Catarina,Itapema,2024-11-18 19:01:13.457,0.14326211454779045,308,1386,Meia Praia (beach band)
1303950296514105598,-27.13581869959601,-48.60162653564903,Meia Praia,Brasil,Santa Catarina,Itapema,2024-12-16 19:10:38.060,0.6408264934707026,181,1898,Meia Praia (inland)
1303103185385559130,-27.12047,-48.60748,Meia Praia,Brasil,Santa Catarina,Itapema,2024-12-16 19:10:38.867,0.15494876356907653,253,1166,Meia Praia (beach band)
984679583983478210,-27.09499931335449,-48.6150016784668,Centro,Brasil,Santa Catarina,Itapema,2023-10-24 16:55:25.032,0.2887813959330988,236,761,Centro
1292788717849175855,-27.138600648250232,-48.59609408757692,Meia Praia,Brasil,Santa Catarina,Itapema,2024-12-16 19:08:12.611,0.4114799069131884,325,1550,Meia Praia (inland)
1290544635478660353,-27.132061860217178,-48.5985743357888,Meia Praia,Brasil,Santa Catarina,Itapema,2024-12-16 19:08:15.730,0.13694346415821662,402,1960,Meia Praia (beach band)
1303525394628441748,-27.145390705076064,-48.58923735659499,Meia Praia,Brasil,Santa Catarina,Itapema,2024-12-16 19:08:13.535,0.0925141676449633,116,588,Meia Praia (beach band)
1252773634193081756,-27.118213606258088,-48.61249887116816,Morretes,Brasil,Santa Catarina,Itapema,2024-10-07 20:07:58.166,0.5050990462452778,173,817,Morretes
1314733888543570386,-27.109835805833875,-48.611760461901845,Morretes,Brasil,Santa Catarina,Itapema,2025-01-06 19:08:31.071,0.0746483210870182,23,467,Morretes
1318858709362899560,-27.091811831700788,-48.61377901326657,Centro,Brasil,Santa Catarina,Itapema,2025-01-06 19:08:38.813,0.37428128506222413,205,659,Centro
1313144034274766322,-27.121359068939423,-48.60988866282522,Morretes,Brasil,Santa Catarina,Itapema,2025-01-06 19:08:38.813,0.41277201290388255,196,1185,Morretes
1318181328167496741,-27.12735873786224,-48.60759642463074,Meia Praia,Brasil,Santa Catarina,Itapema,2025-01-06 19:08:38.813,0.5252159091665733,254,1644,Meia Praia (inland)
1314789151621799910,-27.1337364,-48.6089078,Meia Praia,Brasil,Santa Catarina,Itapema,2025-01-06 19:08:38.813,1.0609296740047232,49,1143,Meia Praia (inland)
1320556897418384859,-27.12438,-48.60381,Meia Praia,Brasil,Santa Catarina,Itapema,2025-01-06 19:08:25.112,0.02901180868699602,241,1549,Meia Praia (beach band)
1313743611935861864,-27.139604427428605,-48.59635006034564,Meia Praia,Brasil,Santa Catarina,Itapema,2025-01-06 19:08:25.055,0.4995020758575762,287,1494,Meia Praia (inland)
1312455974923738904,-27.137467375916327,-48.59594614281845,Meia Praia,Brasil,Santa Catarina,Itapema,2025-01-06 19:08:25.055,0.32355945301388955,395,1610,Meia Praia (beach band)
1312563450729289364,-27.13606,-48.60056,Meia Praia,Brasil,Santa Catarina,Itapema,2025-01-06 19:08:25.055,0.5789886866163343,249,1915,Meia Praia (inland)
1312945995548248214,-27.13735800993391,-48.59997356735924,Meia Praia,Brasil,Santa Catarina,Itapema,2025-01-06 19:12:29.936,0.626488902175898,242,1805,Meia Praia (inland)
1321267864417287720,-27.12874,-48.60045,Meia Praia,Brasil,Santa Catarina,Itapema,2025-01-06 19:12:29.936,0.055700815340688534,317,1854,Meia Praia (beach band)
1321078074691562865,-27.12151,-48.60792,Meia Praia,Brasil,Santa Catarina,Itapema,2025-01-06 19:12:29.936,0.23908648916608213,301,1252,Meia Praia (beach band)
1322499716276784108,-27.13769,-48.60348,Meia Praia,Brasil,Santa Catarina,Itapema,2025-01-06 19:12:46.448,0.9165419606084735,38,1580,Meia Praia (inland)
1314058711540768623,-27.0966822,-48.62235560000001,Varzea,Brasil,Santa Catarina,Itapema,2025-01-06 19:12:44.786,0.9253634048516868,28,530,Varzea
1319759274310554299,-27.13346454605073,-48.61056735396728,Leopoldo Zarling,Brasil,Santa Catarina,Itapema,2025-01-06 19:12:44.786,1.1751873302554374,29,841,Leopoldo Zarling
1305066140733755291,-27.13844793201697,-48.59268049682007,Meia Praia,Brasil,Santa Catarina,Itapema,2025-01-06 19:12:43.234,0.12314392226783948,311,1376,Meia Praia (beach band)
1322818101907680074,-27.08342,-48.6191,Alto Sao Bento,Brasil,Santa Catarina,Itapema,2025-01-06 19:12:43.234,0.8579990361470624,10,162,Alto Sao Bento
1246438264226109093,-27.12897,-48.60567,Meia Praia,Brasil,Santa Catarina,Itapema,2024-09-30 19:06:50.773,0.48358202885754026,364,1771,Meia Praia (inland)
1252922862351269930,-27.115762,-48.6115165,Morretes,Brasil,Santa Catarina,Itapema,2024-09-30 19:07:06.009,0.3236905920799598,159,687,Morretes
1072545209824901036,-27.11199951171875,-48.61000061035156,Morretes,Brasil,Santa Catarina,Itapema,2024-02-12 19:01:06.784,0.045990677334999334,37,523,Morretes
1070904323883025927,-27.13130760192871,-48.59933090209961,Meia Praia,Brasil,Santa Catarina,Itapema,2024-02-12 19:03:28.233,0.13755446636260135,410,1960,Meia Praia (beach band)
1056582819102883602,-27.1259994506836,-48.61800003051758,Morretes,Brasil,Santa Catarina,Itapema,2024-02-12 19:04:35.966,1.3516799919527962,27,256,Morretes
1074696579907844952,-27.14130210876465,-48.59624481201172,Meia Praia,Brasil,Santa Catarina,Itapema,2024-02-12 19:04:33.510,0.5793963038953724,185,1311,Meia Praia (inland)
1233994658216308874,-27.09306,-48.61326,Centro,Brasil,Santa Catarina,Itapema,2025-10-06 19:01:18.563,0.24734683181542166,240,702,Centro
762255792328076957,-27.1327902,-48.6014468,Meia Praia,Brasil,Santa Catarina,Itapema,2026-01-19 19:01:29.215,0.4032649440664431,329,1957,Meia Praia (inland)
769461318721075633,-27.137818,-48.600387,Meia Praia,Brasil,Santa Catarina,Itapema,2025-11-03 19:01:14.599,0.69074321445278,193,1761,Meia Praia (inland)
771783768080922720,-27.12982,-48.59914,Meia Praia,Brasil,Santa Catarina,Itapema,2024-10-07 19:25:18.236,0.01941856607235652,322,1849,Meia Praia (beach band)
761755938032745270,-27.08745,-48.61413,Alto Sao Bento,Brasil,Santa Catarina,Itapema,2024-10-07 19:10:43.787,0.7243036366536707,82,493,Alto Sao Bento
45699948,-27.13478,-48.59705,Meia Praia,Brasil,Santa Catarina,Itapema,2024-10-07 19:54:07.816,0.2205799913228489,403,1840,Meia Praia (beach band)
40794568,-27.0850391388,-48.6133384705,Alto Sao Bento,Brasil,Santa Catarina,Itapema,2023-06-26 19:04:44.000,0.49613938557546167,28,392,Alto Sao Bento
755010668469409111,-27.1330699921,-48.6100502014,Jardim Praiamar,Brasil,Santa Catarina,Itapema,2022-12-06 12:43:34.000,1.1077152346236165,35,977,Jardim Praiamar
41340678,-27.0879993439,-48.6129989624,Alto Sao Bento,Brasil,Santa Catarina,Itapema,2022-12-06 12:43:34.000,0.6067504167528234,88,500,Alto Sao Bento
751508894634281743,-27.13898,-48.59263,Meia Praia,Brasil,Santa Catarina,Itapema,2024-10-07 19:51:01.746,0.14436524971591297,331,1341,Meia Praia (beach band)
766568507152640348,-27.1170005798,-48.6180000305,Morretes,Brasil,Santa Catarina,Itapema,2022-12-06 12:43:34.000,0.9798462938259245,11,428,Morretes
802922826036667371,-27.13284,-48.59791,Meia Praia,Brasil,Santa Catarina,Itapema,2024-10-07 19:11:04.412,0.14531238886861042,392,1959,Meia Praia (beach band)
813302717987803538,-27.11571,-48.61283,Morretes,Brasil,Santa Catarina,Itapema,2024-10-07 19:08:09.634,0.4477468091066856,116,651,Morretes
780376166619260652,-27.12725,-48.60352,Meia Praia,Brasil,Santa Catarina,Itapema,2024-10-07 19:51:40.384,0.19770655626284678,376,1757,Meia Praia (beach band)
771881587965840951,-27.1200008392,-48.6069984436,Meia Praia,Brasil,Santa Catarina,Itapema,2023-01-19 12:18:27.000,0.08912211860894749,206,1122,Meia Praia (beach band)
750120088858561250,-27.1299991608,-48.6020011902,Meia Praia,Brasil,Santa Catarina,Itapema,2022-12-06 12:43:34.000,0.2614967738799808,436,1916,Meia Praia (beach band)
762281119140381406,-27.0905,-48.61513,Centro,Brasil,Santa Catarina,Itapema,2024-10-07 19:08:10.725,0.5698533435161703,106,629,Centro
749963843310428866,-27.09746,-48.6165,Centro,Brasil,Santa Catarina,Itapema,2024-10-07 19:08:09.634,0.3397823238887808,157,743,Centro
46850942,-27.13984,-48.59209,Meia Praia,Brasil,Santa Catarina,Itapema,2024-10-07 19:51:40.384,0.1383916997992476,281,1245,Meia Praia (beach band)
648329222081796055,-27.12966,-48.59953,Meia Praia,Brasil,Santa Catarina,Itapema,2024-10-07 19:51:26.707,0.03959004109229913,329,1877,Meia Praia (beach band)
525472560929976068,-27.138884,-48.591633,Meia Praia,Brasil,Santa Catarina,Itapema,2022-07-11 18:11:37.000,0.05184183682657157,266,1286,Meia Praia (beach band)
629724091250673746,-27.138999939,-48.5909996033,Meia Praia,Brasil,Santa Catarina,Itapema,2023-09-18 19:05:08.000,0.00015274654980203394,233,1216,Meia Praia (beach band)
836343023846619973,-27.14606094360352,-48.6511116027832,Sertao do Trombudo,Brasil,Santa Catarina,Itapema,2023-03-09 16:20:40.000,5.2795527247154075,0,0,Sertao do Trombudo
795495744056169046,-27.121000289916992,-48.60699844360352,Meia Praia,Brasil,Santa Catarina,Itapema,2023-03-02 13:02:00.000,0.1331768354828994,271,1213,Meia Praia (beach band)
779693856770376018,-27.13785,-48.59936,Meia Praia,Brasil,Santa Catarina,Itapema,2024-10-07 20:28:05.813,0.614746208547956,256,1739,Meia Praia (inland)
844404773672380302,-27.13945960998535,-48.64215087890625,Sertao do Trombudo,Brasil,Santa Catarina,Itapema,2023-03-24 16:36:44.000,4.148609716085253,0,7,Sertao do Trombudo
794880766169017994,-27.13500022888184,-48.5989990234375,Meia Praia,Brasil,Santa Catarina,Itapema,2023-03-02 13:02:00.000,0.3845439252974174,374,1955,Meia Praia (inland)
31579601,-27.1436595917,-48.5958404541,Meia Praia,Brasil,Santa Catarina,Itapema,2023-06-26 19:04:33.000,0.5987621677404502,45,1072,Meia Praia (inland)
47031355,-27.1303,-48.60092,Meia Praia,Brasil,Santa Catarina,Itapema,2024-10-07 19:51:26.707,0.19282950577367838,455,1925,Meia Praia (beach band)
1177436051570848691,-27.14206,-48.59546,Meia Praia,Brasil,Santa Catarina,Itapema,2025-01-06 19:05:41.862,0.546165277241941,143,1216,Meia Praia (inland)
1081897069272016369,-27.11857,-48.60846,Meia Praia,Brasil,Santa Catarina,Itapema,2024-10-07 19:54:06.180,0.14862334341118025,215,972,Meia Praia (beach band)
47050907,-27.12937,-48.60043,Meia Praia,Brasil,Santa Catarina,Itapema,2024-10-07 19:21:21.561,0.09433860225325312,391,1888,Meia Praia (beach band)
744210382596366805,-27.1356169252,-48.6014012963,Meia Praia,Brasil,Santa Catarina,Itapema,2022-11-08 18:24:34.000,0.6092269838086724,204,1920,Meia Praia (inland)
54387208,-27.13901,-48.59198,Meia Praia,Brasil,Santa Catarina,Itapema,2024-10-07 19:21:13.580,0.08820061689138621,281,1301,Meia Praia (beach band)
52365024,-27.13252639770508,-48.60519790649414,Meia Praia,Brasil,Santa Catarina,Itapema,2024-10-07 19:08:10.725,0.6820599737864149,189,1790,Meia Praia (inland)
52172003,-27.09852,-48.6142,Centro,Brasil,Santa Catarina,Itapema,2021-10-25 14:40:16.352,0.11185328521914888,162,740,Centro
52474050,-27.12652,-48.60601,Meia Praia,Brasil,Santa Catarina,Itapema,2021-10-25 14:40:16.352,0.3425629115203772,383,1660,Meia Praia (beach band)
1063673865276513492,-27.0939025,-48.6125093,Centro,Brasil,Santa Catarina,Itapema,2024-12-19 17:35:17.827,0.13074809548333405,228,730,Centro
31682871,-27.09026,-48.61435,Centro,Brasil,Santa Catarina,Itapema,2024-10-07 19:08:10.725,0.5258696926917406,135,614,Centro
32486859,-27.14191,-48.59225,Meia Praia,Brasil,Santa Catarina,Itapema,2024-10-07 19:21:21.561,0.2770271229515266,178,1077,Meia Praia (beach band)
50059423,-27.130732,-48.598942,Meia Praia,Brasil,Santa Catarina,Itapema,2021-10-25 14:40:16.352,0.06610261586002357,364,1899,Meia Praia (beach band)
1011515351892447552,-27.12909,-48.60117,Meia Praia,Brasil,Santa Catarina,Itapema,2024-10-07 19:51:24.642,0.13598745227405593,375,1883,Meia Praia (beach band)
1271860126061296273,-27.1243866,-48.6059187,Meia Praia,Brasil,Santa Catarina,Itapema,2024-11-04 19:03:23.007,0.20228174167985896,384,1553,Meia Praia (beach band)
1279069971631577452,-27.1348415,-48.6010891,Meia Praia,Brasil,Santa Catarina,Itapema,2024-11-04 19:03:22.995,0.5288358270164011,247,1966,Meia Praia (inland)
1219627949874086286,-27.12235,-48.6047,Meia Praia,Brasil,Santa Catarina,Itapema,2024-11-04 19:03:22.982,0.02356792283140079,219,1381,Meia Praia (beach band)
1275424888010985336,-27.129423146106845,-48.60120557248592,Meia Praia,Brasil,Santa Catarina,Itapema,2024-11-04 19:03:37.192,0.1600358143913031,417,1889,Meia Praia (beach band)
1273418796300868015,-27.10516690985156,-48.617875340274594,Tabuleiro dos Oliveiras,Brasil,Santa Catarina,Itapema,2024-11-04 19:03:34.372,0.48472392015742954,56,449,Tabuleiro dos Oliveiras
1272538144359194105,-27.13844,-48.60178,Meia Praia,Brasil,Santa Catarina,Itapema,2024-11-04 19:03:22.965,0.8411478370264392,78,1640,Meia Praia (inland)
1101416269475235433,-27.107999801635746,-48.6150016784668,Tabuleiro dos Oliveiras,Brasil,Santa Catarina,Itapema,2024-03-18 19:00:48.521,0.2569472496371378,81,417,Tabuleiro dos Oliveiras
1132470928224766315,-27.129409790039062,-48.60251998901367,Meia Praia,Brasil,Santa Catarina,Itapema,2024-04-22 19:00:56.047,0.2662435029178611,416,1883,Meia Praia (beach band)
634097694532962487,-27.13664054870605,-48.59851837158203,Meia Praia,Brasil,Santa Catarina,Itapema,2024-05-06 19:00:42.226,0.4645022225013685,345,1816,Meia Praia (inland)
1137721159040537759,-27.13982963562012,-48.593170166015625,Meia Praia,Brasil,Santa Catarina,Itapema,2024-05-06 19:00:56.771,0.23394789750172915,342,1315,Meia Praia (beach band)
1159488829375931065,-27.09763,-48.61554,Centro,Brasil,Santa Catarina,Itapema,2024-10-07 19:54:07.816,0.2443129979180424,180,745,Centro
30105402,-27.13775,-48.59519,Meia Praia,Brasil,Santa Catarina,Itapema,2021-10-25 14:40:16.352,0.28278380048529894,379,1583,Meia Praia (beach band)
31101965,-27.13551,-48.59262,Meia Praia,Brasil,Santa Catarina,Itapema,2024-10-07 19:28:53.824,0.07220808746700738,155,1499,Meia Praia (beach band)
41404141,-27.13329,-48.59653,Meia Praia,Brasil,Santa Catarina,Itapema,2024-10-07 19:51:53.146,0.07520651744837584,314,1846,Meia Praia (beach band)
15941269,-27.13524,-48.59841,Meia Praia,Brasil,Santa Catarina,Itapema,2024-10-07 19:25:19.832,0.35666754916897775,405,1895,Meia Praia (inland)
1096224406959211567,-27.13457679748535,-48.603328704833984,Meia Praia,Brasil,Santa Catarina,Itapema,2024-03-18 19:02:38.957,0.6748527341895285,122,1839,Meia Praia (inland)
1044458170286255125,-27.14138412475586,-48.59285736083984,Meia Praia,Brasil,Santa Catarina,Itapema,2023-12-18 19:01:42.449,0.283331782685023,222,1156,Meia Praia (beach band)
711032530664362412,-27.09522,-48.61969,Varzea,Brasil,Santa Catarina,Itapema,2024-10-07 20:15:11.327,0.7037472780925021,33,683,Varzea
1035498654598693145,-27.11976,-48.61013,Morretes,Brasil,Santa Catarina,Itapema,2024-10-07 19:40:14.484,0.355624246881777,213,1047,Morretes
42003334,-27.131999969482425,-48.59999847412109,Meia Praia,Brasil,Santa Catarina,Itapema,2023-12-18 19:01:33.960,0.23759068193698324,456,1988,Meia Praia (beach band)
1064568011899577251,-27.1200008392334,-48.617000579833984,Morretes,Brasil,Santa Catarina,Itapema,2024-02-26 19:01:27.509,0.9918249949014287,36,557,Morretes
1083196219974177016,-27.08799934387207,-48.6150016784668,Casa Branca,Brasil,Santa Catarina,Itapema,2024-02-26 19:01:53.399,0.7365419155155117,83,520,Casa Branca
1024112378771520860,-27.128273010253903,-48.60488128662109,Meia Praia,Brasil,Santa Catarina,Itapema,2023-12-04 19:00:59.908,0.3740303583628111,397,1790,Meia Praia (inland)
22280693,-27.08521,-48.61203,Alto Sao Bento,Brasil,Santa Catarina,Itapema,2024-10-07 20:28:05.813,0.4133070935192816,18,386,Alto Sao Bento
39715668,-27.09159,-48.61944,Casa Branca,Brasil,Santa Catarina,Itapema,2024-10-07 20:28:05.813,0.8464758226760954,23,617,Casa Branca
944320965810800803,-27.142999649,-48.5880012512,Meia Praia,Brasil,Santa Catarina,Itapema,2023-08-14 21:33:50.000,0.11760645038803554,156,676,Meia Praia (beach band)
944343023898914960,-27.1369991302,-48.5929985046,Meia Praia,Brasil,Santa Catarina,Itapema,2023-08-14 21:34:09.000,0.06033271258707713,269,1499,Meia Praia (beach band)
22335276,-27.08961,-48.60606,Canto da Praia,Brasil,Santa Catarina,Itapema,2021-10-25 14:40:16.352,0.09490403412251881,18,379,Canto da Praia
40371384,-27.09208,-48.61173,Centro,Brasil,Santa Catarina,Itapema,2021-10-25 14:40:16.352,0.19657426566186662,198,644,Centro
40794806,-27.09866,-48.6607,none,Brasil,Santa Catarina,Itapema,2021-10-25 14:40:16.352,4.719582679732228,3,3,none
32443120,-27.13206,-48.60071,Meia Praia,Brasil,Santa Catarina,Itapema,2021-10-25 14:40:16.352,0.29503459102291246,437,1970,Meia Praia (beach band)
39151183,-27.13112,-48.59895,Meia Praia,Brasil,Santa Catarina,Itapema,2021-10-25 14:40:16.352,0.09508552848737094,384,1938,Meia Praia (beach band)
46704215,-27.13025283813477,-48.60078048706055,Meia Praia,Brasil,Santa Catarina,Itapema,2024-09-02 19:03:11.785,0.17830921977177527,450,1923,Meia Praia (beach band)
38450905,-27.13882,-48.59086,Meia Praia,Brasil,Santa Catarina,Itapema,2024-10-07 19:51:01.746,0.0244365216038211,220,1211,Meia Praia (beach band)
41285546,-27.14166,-48.59257,Meia Praia,Brasil,Santa Catarina,Itapema,2024-10-07 19:51:24.642,0.27919994134266773,197,1123,Meia Praia (beach band)
47232230,-27.14165,-48.58762,Meia Praia,Brasil,Santa Catarina,Itapema,2021-10-25 14:40:16.352,0.02541699662153111,108,711,Meia Praia (beach band)
40250642,-27.13098,-48.60124,Meia Praia,Brasil,Santa Catarina,Itapema,2024-10-07 19:51:26.707,0.2617548876008421,468,1941,Meia Praia (beach band)
22374889,-27.13312,-48.60844,Meia Praia,Brasil,Santa Catarina,Itapema,2024-10-07 19:28:53.824,0.9836838960675194,75,1366,Meia Praia (inland)
47325492,-27.12907,-48.6067,Meia Praia,Brasil,Santa Catarina,Itapema,2024-10-07 19:21:22.405,0.5701933378315504,267,1692,Meia Praia (inland)
50395648,-27.13211,-48.60701,Meia Praia,Brasil,Santa Catarina,Itapema,2024-10-07 19:08:09.634,0.8030960044666896,143,1647,Meia Praia (inland)
42432908,-27.12311,-48.60558,Meia Praia,Brasil,Santa Catarina,Itapema,2021-10-25 14:40:16.352,0.09504435551256916,325,1455,Meia Praia (beach band)
1219485375936020945,-27.13415,-48.59815,Meia Praia,Brasil,Santa Catarina,Itapema,2024-10-07 19:54:07.816,0.2595117219847512,428,1952,Meia Praia (beach band)
1224783765392086252,-27.13547,-48.59943,Meia Praia,Brasil,Santa Catarina,Itapema,2024-10-07 19:54:06.180,0.45096826505734,321,1942,Meia Praia (inland)
1227440041647986685,-27.12981790875387,-48.59949130564928,Meia Praia,Brasil,Santa Catarina,Itapema,2024-09-02 19:03:25.601,0.04562413252668462,344,1877,Meia Praia (beach band)
1220498947080181196,-27.09578912775897,-48.6191371455006,Varzea,Brasil,Santa Catarina,Itapema,2024-09-02 19:03:25.601,0.631777897440225,48,696,Varzea
15632254,-27.1146,-48.60991,Tabuleiro dos Oliveiras,Brasil,Santa Catarina,Itapema,2024-10-07 19:08:09.634,0.13628568834034824,101,628,Tabuleiro dos Oliveiras
26334990,-27.12738,-48.60367,Meia Praia,Brasil,Santa Catarina,Itapema,2024-10-07 19:51:40.384,0.21827005765368954,404,1767,Meia Praia (beach band)
47741162,-27.12752,-48.60058,Meia Praia,Brasil,Santa Catarina,Itapema,2024-10-07 19:08:10.725,0.012041136822424003,219,1766,Meia Praia (beach band)
53844708,-27.13686,-48.59438,Meia Praia,Brasil,Santa Catarina,Itapema,2022-01-11 19:06:34.950,0.15888005115104417,355,1584,Meia Praia (beach band)
1023859686118074298,-27.13500022888184,-48.5989990234375,Meia Praia,Brasil,Santa Catarina,Itapema,2023-12-04 19:03:09.642,0.3845439252974174,374,1955,Meia Praia (inland)
1028406443295552020,-27.13800048828125,-48.60100173950195,Meia Praia,Brasil,Santa Catarina,Itapema,2023-12-04 19:03:09.362,0.750675933573881,149,1739,Meia Praia (inland)
39455639,-27.13283,-48.60203,Meia Praia,Brasil,Santa Catarina,Itapema,2021-10-25 14:40:16.352,0.44942855061472703,281,1942,Meia Praia (inland)
15909831,-27.14446,-48.5869,Meia Praia,Brasil,Santa Catarina,Itapema,2021-10-25 14:40:16.352,0.013217939903440437,117,511,Meia Praia (beach band)
30085847,-27.14368,-48.58887,Meia Praia,Brasil,Santa Catarina,Itapema,2024-10-07 19:40:43.848,0.20682208336963998,167,692,Meia Praia (beach band)
31878628,-27.14257,-48.58734,Meia Praia,Brasil,Santa Catarina,Itapema,2024-10-07 20:13:48.002,0.04271822940920755,127,648,Meia Praia (beach band)
16672298,-27.09554,-48.6155,Centro,Brasil,Santa Catarina,Itapema,2021-10-25 14:40:16.352,0.30903392254593437,166,770,Centro
46926474,-27.10105,-48.61553,Centro,Brasil,Santa Catarina,Itapema,2021-10-25 14:40:16.352,0.24682147852740205,168,701,Centro
1046547202929220520,-27.121999740600582,-48.60599899291992,Meia Praia,Brasil,Santa Catarina,Itapema,2024-01-01 19:02:26.529,0.08242595022563952,292,1348,Meia Praia (beach band)
21103486,-27.13927,-48.59544,Meia Praia,Brasil,Santa Catarina,Itapema,2024-10-07 19:51:03.724,0.4051690706210821,348,1498,Meia Praia (inland)
22191680,-27.13939,-48.5928,Meia Praia,Brasil,Santa Catarina,Itapema,2024-10-07 19:51:01.746,0.17972068385713807,345,1326,Meia Praia (beach band)
29370604,-27.13966,-48.59694,Meia Praia,Brasil,Santa Catarina,Itapema,2024-10-07 19:01:02.163,0.5496827947132837,259,1490,Meia Praia (inland)
45440803,-27.13707,-48.59368,Meia Praia,Brasil,Santa Catarina,Itapema,2024-10-07 19:51:01.746,0.11795139946776982,316,1545,Meia Praia (beach band)
46942030,-27.1388,-48.59843,Meia Praia,Brasil,Santa Catarina,Itapema,2024-10-07 19:11:04.412,0.6090947575814126,252,1558,Meia Praia (inland)
39635217,-27.13276,-48.59706,Meia Praia,Brasil,Santa Catarina,Itapema,2024-10-07 19:54:03.009,0.07778590865455974,328,1891,Meia Praia (beach band)
27605526,-27.0874195099,-48.6140098572,Alto Sao Bento,Brasil,Santa Catarina,Itapema,2023-06-26 19:11:39.000,0.7192468657212072,83,493,Alto Sao Bento
41026763,-27.09367,-48.61484,Centro,Brasil,Santa Catarina,Itapema,2024-10-07 19:01:02.163,0.33520368614714585,236,722,Centro
787004119033122661,-27.10199928283692,-48.61600112915039,Centro,Brasil,Santa Catarina,Itapema,2023-03-02 13:02:00.000,0.29690643480842016,144,628,Centro
828140424202045550,-27.13924,-48.59826,Meia Praia,Brasil,Santa Catarina,Itapema,2024-10-07 19:11:04.412,0.6253012379137919,245,1513,Meia Praia (inland)
830480761359896223,-27.1299991607666,-48.60100173950195,Meia Praia,Brasil,Santa Catarina,Itapema,2023-03-02 13:02:00.000,0.1803226631486631,449,1912,Meia Praia (beach band)
802182013088218373,-27.14299964904785,-48.59000015258789,Meia Praia,Brasil,Santa Catarina,Itapema,2023-03-02 13:02:00.000,0.23837332634350009,175,822,Meia Praia (beach band)
809317557821633854,-27.133319854736328,-48.60017013549805,Meia Praia,Brasil,Santa Catarina,Itapema,2023-03-02 13:02:00.000,0.3480675922965977,416,1990,Meia Praia (beach band)
573122310094338767,-27.1259543281,-48.603679575,Meia Praia,Brasil,Santa Catarina,Itapema,2022-07-11 18:11:37.000,0.12019020985392086,327,1667,Meia Praia (beach band)
593973706024976205,-27.129225,-48.600929,Meia Praia,Brasil,Santa Catarina,Itapema,2022-07-11 18:11:37.000,0.12495859877522793,386,1879,Meia Praia (beach band)
52266549,-27.1147,-48.60836,Morretes,Brasil,Santa Catarina,Itapema,2022-01-11 17:14:34.893,0.012900188217128855,69,644,Morretes
54127075,-27.09938,-48.61518,Centro,Brasil,Santa Catarina,Itapema,2022-01-11 17:08:58.877,0.20862659565575378,188,749,Centro
40391575,-27.11888,-48.61286,Morretes,Brasil,Santa Catarina,Itapema,2022-01-11 17:14:34.893,0.5633056885379241,145,845,Morretes
53077335,-27.097563,-48.616962,Centro,Brasil,Santa Catarina,Itapema,2022-01-11 17:14:34.893,0.3852302434356759,135,738,Centro
22243318,-27.12686,-48.60388,Meia Praia,Brasil,Santa Catarina,Itapema,2021-10-25 14:40:16.352,0.1983384063264474,374,1731,Meia Praia (beach band)
762193482933523977,-27.10438,-48.61371,Centro,Brasil,Santa Catarina,Itapema,2024-10-07 19:28:53.824,0.07162336074403128,118,482,Centro
28960945,-27.14063,-48.5916,Meia Praia,Brasil,Santa Catarina,Itapema,2022-12-19 12:44:52.000,0.13313901648009666,236,1133,Meia Praia (beach band)
11293115,-27.1259994507,-48.6049995422,Meia Praia,Brasil,Santa Catarina,Itapema,2022-11-29 02:09:46.000,0.22727900907583432,401,1654,Meia Praia (beach band)
892145183207607661,-27.13817,-48.59537,Meia Praia,Brasil,Santa Catarina,Itapema,2024-10-07 19:25:19.832,0.3253126046633745,374,1565,Meia Praia (beach band)
15596961,-27.12967,-48.59989,Meia Praia,Brasil,Santa Catarina,Itapema,2021-10-25 14:40:16.352,0.06952077189232973,353,1888,Meia Praia (beach band)
45985027,-27.13016,-48.59879,Meia Praia,Brasil,Santa Catarina,Itapema,2024-10-07 19:51:24.642,0.017811335079324513,318,1858,Meia Praia (beach band)
9658725,-27.13083,-48.59539,Meia Praia,Brasil,Santa Catarina,Itapema,2021-10-25 14:40:16.352,0.19012035534628638,67,1592,Meia Praia (beach band)
53592531,-27.12502,-48.62327,Morretes,Brasil,Santa Catarina,Itapema,2022-10-03 13:39:14.000,1.7824818564069518,12,123,Morretes
745019684766017075,-27.05831,-48.60323,Ilhota,Brasil,Santa Catarina,Itapema,2022-11-08 18:24:34.000,0.37194226063535546,9,26,Ilhota
16017693,-27.12353,-48.60785,Meia Praia,Brasil,Santa Catarina,Itapema,2024-10-07 19:08:08.933,0.3154271686418799,308,1451,Meia Praia (beach band)
1262371850958835888,-27.099219803118483,-48.614248372382654,Centro,Brasil,Santa Catarina,Itapema,2024-10-21 19:00:57.014,0.11631271875083747,167,754,Centro
1263128865886946817,-27.0936893,-48.6131638,Centro,Brasil,Santa Catarina,Itapema,2024-10-21 19:03:28.134,0.196202185867394,243,727,Centro
1264729892004302735,-27.095977852124523,-48.615689788759845,Centro,Brasil,Santa Catarina,Itapema,2024-10-21 19:03:28.173,0.3061248419627494,163,767,Centro
53075699,-27.13905,-48.59125,Meia Praia,Brasil,Santa Catarina,Itapema,2021-11-04 15:51:02.709,0.025281653556877323,253,1240,Meia Praia (beach band)
52416938,-27.12344,-48.60743,Meia Praia,Brasil,Santa Catarina,Itapema,2021-11-04 15:59:25.822,0.2733637536108496,328,1455,Meia Praia (beach band)
52669723,-27.12733,-48.60125,Meia Praia,Brasil,Santa Catarina,Itapema,2021-11-04 16:49:43.942,0.027834774350279163,241,1770,Meia Praia (beach band)
41110950,-27.13833,-48.59582,Meia Praia,Brasil,Santa Catarina,Itapema,2021-11-04 16:58:06.799,0.3718062022660646,356,1563,Meia Praia (inland)
52532833,-27.13692,-48.5987,Meia Praia,Brasil,Santa Catarina,Itapema,2021-11-04 16:58:06.799,0.49828678365586215,326,1801,Meia Praia (inland)
1005958896607152946,-27.09199905395508,-48.61899948120117,Casa Branca,Brasil,Santa Catarina,Itapema,2023-11-20 19:01:17.411,0.7873197371593261,23,642,Casa Branca
1018864104390865384,-27.13686180114746,-48.59603118896485,Meia Praia,Brasil,Santa Catarina,Itapema,2023-11-20 19:01:24.994,0.2893828205630654,383,1649,Meia Praia (beach band)
1018861232450784289,-27.1200008392334,-48.61199951171875,Morretes,Brasil,Santa Catarina,Itapema,2023-11-20 19:01:19.220,0.5337585743825697,143,962,Morretes
1297364928111753376,-27.13745,-48.60204,Meia Praia,Brasil,Santa Catarina,Itapema,2024-12-16 19:10:56.112,0.790695091058247,93,1742,Meia Praia (inland)
1290632688082059585,-27.1383447,-48.59978220000001,Meia Praia,Brasil,Santa Catarina,Itapema,2024-12-16 19:10:56.112,0.6820285934870304,215,1691,Meia Praia (inland)
1293681486580893323,-27.09357,-48.61433,Centro,Brasil,Santa Catarina,Itapema,2024-12-16 19:08:25.105,0.29654292728107823,241,725,Centro
1298719286864639427,-27.10340674023207,-48.61493539748238,Centro,Brasil,Santa Catarina,Itapema,2024-12-16 19:10:59.259,0.19302524650053995,143,544,Centro
1285792216253194031,-27.1422655,-48.595561,Meia Praia,Brasil,Santa Catarina,Itapema,2024-12-16 19:10:59.259,0.5650970065789015,131,1208,Meia Praia (inland)
1292998668858218841,-27.1004543,-48.6151912,Centro,Brasil,Santa Catarina,Itapema,2024-12-16 19:10:39.244,0.21119494967409352,180,725,Centro
1290290852335101414,-27.1347505,-48.5956533,Meia Praia,Brasil,Santa Catarina,Itapema,2024-12-16 19:10:39.244,0.1123906504646627,292,1754,Meia Praia (beach band)
801396664037385433,-27.11794,-48.60957,Morretes,Brasil,Santa Catarina,Itapema,2024-10-07 19:54:03.342,0.22122946355612072,209,888,Morretes
1314129346848396866,-27.139577751305943,-48.59514201730352,Meia Praia,Brasil,Santa Catarina,Itapema,2025-01-06 19:21:02.928,0.39744330951837015,337,1458,Meia Praia (inland)
37109286,-27.0942784,-48.6149982,Centro,Brasil,Santa Catarina,Itapema,2025-01-06 19:21:02.928,0.32151496410251545,234,743,Centro
1316195905735253523,-27.131060378779782,-48.59748261453228,Meia Praia,Brasil,Santa Catarina,Itapema,2025-01-06 19:21:02.928,0.018740758140881175,287,1858,Meia Praia (beach band)
1315412494959257515,-27.1195607,-48.6084077,Meia Praia,Brasil,Santa Catarina,Itapema,2025-01-06 19:21:02.928,0.19262094965132792,232,1087,Meia Praia (beach band)
718922870189236806,-27.13152,-48.59645,Meia Praia,Brasil,Santa Catarina,Itapema,2022-10-03 13:39:14.000,0.06173784256000454,206,1800,Meia Praia (beach band)
726285598642878609,-27.138841459122368,-48.59634014494844,Meia Praia,Brasil,Santa Catarina,Itapema,2025-03-03 19:03:04.711,0.44708632404540055,313,1541,Meia Praia (inland)
708655269844082666,-27.13668,-48.59854,Meia Praia,Brasil,Santa Catarina,Itapema,2024-10-07 19:51:53.146,0.46894543110807585,341,1814,Meia Praia (inland)
645748469386556791,-27.1443691254,-48.5894699097,Meia Praia,Brasil,Santa Catarina,Itapema,2023-06-26 19:09:33.000,0.200629300835652,153,679,Meia Praia (beach band)
1201490155653993261,-27.09315,-48.61212,Centro,Brasil,Santa Catarina,Itapema,2024-10-07 19:51:40.276,0.15263197600166115,216,696,Centro
1211518555449567763,-27.14362,-48.58744,Meia Praia,Brasil,Santa Catarina,Itapema,2024-10-07 19:54:17.401,0.06495758618918786,147,595,Meia Praia (beach band)
1070419520917155794,-27.08876,-48.61411,Casa Branca,Brasil,Santa Catarina,Itapema,2024-10-07 19:10:43.787,0.614157903115282,102,551,Casa Branca
1237089275859798305,-27.12523,-48.60543,Meia Praia,Brasil,Santa Catarina,Itapema,2024-09-30 19:03:35.275,0.2147005782713617,404,1604,Meia Praia (beach band)
968083507023306345,-27.13079,-48.60333,Meia Praia,Brasil,Santa Catarina,Itapema,2024-10-07 19:51:24.642,0.41978035081315873,369,1898,Meia Praia (inland)
1050319937205410300,-27.12052,-48.61758,Morretes,Brasil,Santa Catarina,Itapema,2024-10-07 19:40:15.864,1.0651213514509739,35,507,Morretes
1244465486487861017,-27.13172,-48.60032,Meia Praia,Brasil,Santa Catarina,Itapema,2024-09-30 19:03:35.275,0.24094023263023504,448,1962,Meia Praia (beach band)
986230242316529308,-27.13648,-48.59687,Meia Praia,Brasil,Santa Catarina,Itapema,2024-10-07 19:21:13.580,0.32736710952921144,405,1723,Meia Praia (beach band)
1248043584865153232,-27.0909414,-48.6087567,Centro,Brasil,Santa Catarina,Itapema,2024-10-07 20:02:04.956,0.10659507939443756,40,506,Centro
1256594551359425163,-27.107868462432823,-48.61411169171333,Tabuleiro dos Oliveiras,Brasil,Santa Catarina,Itapema,2024-10-07 19:39:10.294,0.16821178523287053,74,431,Tabuleiro dos Oliveiras
1065486956234302859,-27.09882,-48.61595,Centro,Brasil,Santa Catarina,Itapema,2024-10-07 20:15:11.327,0.28492925096122224,177,742,Centro
46116173,-27.14269,-48.58676,Meia Praia,Brasil,Santa Catarina,Itapema,2024-10-07 19:05:08.910,0.010318195976008722,115,587,Meia Praia (beach band)
1182070530301053205,-27.0936893,-48.6131638,Centro,Brasil,Santa Catarina,Itapema,2024-08-19 19:06:19.847,0.196202185867394,243,727,Centro
1201409710452164548,-27.10193549471649,-48.61394137144089,Centro,Brasil,Santa Catarina,Itapema,2024-08-19 19:06:18.473,0.09306498613973622,152,655,Centro
1213260838122562030,-27.1345816,-48.5987528,Meia Praia,Brasil,Santa Catarina,Itapema,2024-08-19 19:07:53.473,0.3360983905144949,413,1965,Meia Praia (beach band)
1207864392976162235,-27.0927395,-48.6133933,Centro,Brasil,Santa Catarina,Itapema,2024-08-19 19:08:05.765,0.2801512211881518,242,689,Centro
1218600854265897638,-27.12383299043975,-48.60646672546864,Meia Praia,Brasil,Santa Catarina,Itapema,2024-08-19 19:08:05.765,0.21285333452586358,350,1506,Meia Praia (beach band)
1218140952698517467,-27.125575516452336,-48.60603727453314,Meia Praia,Brasil,Santa Catarina,Itapema,2024-08-19 19:08:04.990,0.2861212809321112,403,1623,Meia Praia (beach band)
892939412471094403,-27.1159992218,-48.611000061,Morretes,Brasil,Santa Catarina,Itapema,2023-07-31 19:07:41.000,0.2833343405842146,170,717,Morretes
782079961051823177,-27.1310005188,-48.6020011902,Meia Praia,Brasil,Santa Catarina,Itapema,2023-07-31 19:11:12.000,0.325078397313418,456,1943,Meia Praia (beach band)
888259502963698996,-27.1280002594,-48.6049995422,Meia Praia,Brasil,Santa Catarina,Itapema,2023-07-31 19:11:25.000,0.3642136640374369,393,1770,Meia Praia (inland)
939698664229028471,-27.1175117493,-48.6109161377,Morretes,Brasil,Santa Catarina,Itapema,2023-07-31 19:11:00.000,0.3312433682221311,198,820,Morretes
888404026062062224,-27.1280002594,-48.6059989929,Meia Praia,Brasil,Santa Catarina,Itapema,2023-07-31 19:11:24.000,0.44156902817162247,322,1721,Meia Praia (inland)
978410400232267791,-27.1030006409,-48.6150016785,Centro,Brasil,Santa Catarina,Itapema,2023-09-18 19:02:10.000,0.19959214965198677,153,557,Centro
1058044419435738817,-27.125,-48.624000549316406,Morretes,Brasil,Santa Catarina,Itapema,2024-01-01 19:01:22.356,1.8464832906072202,10,113,Morretes
1056367666644991307,-27.08799934387207,-48.6150016784668,Casa Branca,Brasil,Santa Catarina,Itapema,2024-01-01 19:01:52.335,0.7365419155155117,83,520,Casa Branca
1047224175824987718,-27.1259994506836,-48.61600112915039,Morretes,Brasil,Santa Catarina,Itapema,2024-01-01 19:02:05.688,1.167510264827235,36,594,Morretes
1282050147698373842,-27.1202761,-48.6063762,Meia Praia,Brasil,Santa Catarina,Itapema,2024-11-18 19:03:18.656,0.04696983740492609,209,1150,Meia Praia (beach band)
1289867080242046287,-27.14344,-48.59055,Meia Praia,Brasil,Santa Catarina,Itapema,2025-01-06 19:05:42.898,0.3097977444735299,154,830,Meia Praia (beach band)
1289104514358781087,-27.093218,-48.603327,Canto da Praia,Brasil,Santa Catarina,Itapema,2024-11-18 19:04:01.961,0.3902876769235567,2,222,Canto da Praia
1287101738390870837,-27.130920446940223,-48.60212691128254,Meia Praia,Brasil,Santa Catarina,Itapema,2024-11-18 19:03:56.675,0.3301311861113465,439,1935,Meia Praia (beach band)
1287641742874074839,-27.0902629,-48.6058612,Canto da Praia,Brasil,Santa Catarina,Itapema,2024-11-18 19:05:38.542,0.022094422470842107,18,378,Canto da Praia
981894459445949979,-27.090999603271484,-48.61199951171875,Centro,Brasil,Santa Catarina,Itapema,2023-10-24 16:54:04.603,0.2923780929581531,146,609,Centro
994187384136169442,-27.12700080871582,-48.60599899291992,Meia Praia,Brasil,Santa Catarina,Itapema,2023-10-24 16:54:02.030,0.3720275514863809,361,1677,Meia Praia (inland)
985062338754381715,-27.1299991607666,-48.59999847412109,Meia Praia,Brasil,Santa Catarina,Itapema,2023-10-24 16:53:57.153,0.09920556235050584,407,1899,Meia Praia (beach band)
1052135057955092005,-27.131999969482425,-48.5989990234375,Meia Praia,Brasil,Santa Catarina,Itapema,2024-01-01 19:03:22.978,0.1636559743906185,426,1983,Meia Praia (beach band)
1287958272064925979,-27.12464261571532,-48.60404248541113,Meia Praia,Brasil,Santa Catarina,Itapema,2024-11-18 19:00:56.105,0.06492366017685253,291,1575,Meia Praia (beach band)
998496780358781813,-27.1200008392334,-48.608001708984375,Meia Praia,Brasil,Santa Catarina,Itapema,2023-10-24 16:57:37.547,0.17852490718685585,237,1115,Meia Praia (beach band)
991105409368461151,-27.12299919128418,-48.60499954223633,Meia Praia,Brasil,Santa Catarina,Itapema,2023-10-24 16:57:17.550,0.04035944035912494,284,1442,Meia Praia (beach band)
1311819847706319025,-27.09508,-48.61592,Centro,Brasil,Santa Catarina,Itapema,2025-01-06 19:12:05.325,0.3679224557204949,142,757,Centro
1308769421613546806,-27.1081564,-48.6141766,Tabuleiro dos Oliveiras,Brasil,Santa Catarina,Itapema,2024-12-16 19:08:29.624,0.18573589731992926,63,423,Tabuleiro dos Oliveiras
1296405857054568096,-27.134870864007667,-48.59523605932571,Meia Praia,Brasil,Santa Catarina,Itapema,2024-12-16 19:08:25.105,0.08852605163008799,262,1700,Meia Praia (beach band)
1308634466058625526,-27.127180780032685,-48.60502584336372,Meia Praia,Brasil,Santa Catarina,Itapema,2024-12-16 19:09:13.093,0.3091757981061646,386,1722,Meia Praia (beach band)
1302878563652161367,-27.1309526,-48.6086538,Meia Praia,Brasil,Santa Catarina,Itapema,2024-12-16 19:10:56.112,0.852292655095633,86,1463,Meia Praia (inland)
1305943843384035211,-27.12854975352984,-48.608138747513294,Meia Praia,Brasil,Santa Catarina,Itapema,2024-12-16 19:10:56.112,0.645200505986546,138,1604,Meia Praia (inland)
1298818310970143614,-27.08697,-48.61444,Alto Sao Bento,Brasil,Santa Catarina,Itapema,2024-12-16 19:10:56.112,0.7196191977990923,80,474,Alto Sao Bento
1274814006875329246,-27.11581,-48.61173,Morretes,Brasil,Santa Catarina,Itapema,2024-12-16 19:10:56.112,0.34550919675462066,157,684,Morretes
1309669918316280944,-27.13128493216065,-48.60565803567021,Meia Praia,Brasil,Santa Catarina,Itapema,2024-12-16 19:10:59.259,0.6406617052702341,237,1771,Meia Praia (inland)
1304316374891505715,-27.122674,-48.60790249999999,Meia Praia,Brasil,Santa Catarina,Itapema,2024-12-16 19:10:59.259,0.2851187480901839,310,1398,Meia Praia (beach band)
1305226101881285841,-27.135923979915336,-48.59847605269105,Meia Praia,Brasil,Santa Catarina,Itapema,2024-12-16 19:10:57.298,0.4103472377687453,383,1865,Meia Praia (inland)
1321134786322096510,-27.13256,-48.59867,Meia Praia,Brasil,Santa Catarina,Itapema,2025-01-06 19:05:45.046,0.18114198191739975,410,1984,Meia Praia (beach band)
1312562292467201207,-27.1368086,-48.598735,Meia Praia,Brasil,Santa Catarina,Itapema,2025-01-06 19:11:43.773,0.49296380483369706,323,1809,Meia Praia (inland)
1319805592763041500,-27.13747,-48.59975,Meia Praia,Brasil,Santa Catarina,Itapema,2025-01-06 19:11:43.773,0.617465196578953,257,1799,Meia Praia (inland)
1323402748711514203,-27.14224,-48.59154,Meia Praia,Brasil,Santa Catarina,Itapema,2025-01-06 19:11:43.773,0.26331215103945993,176,990,Meia Praia (beach band)
1320407362319863064,-27.13426,-48.59938,Meia Praia,Brasil,Santa Catarina,Itapema,2025-01-06 19:11:43.773,0.35940546423128517,424,2002,Meia Praia (inland)
1311172869672143653,-27.124167792383226,-48.604294630024725,Meia Praia,Brasil,Santa Catarina,Itapema,2025-01-06 19:11:43.773,0.056521636044234706,293,1544,Meia Praia (beach band)
1323218032841264799,-27.09551,-48.62276,Varzea,Brasil,Santa Catarina,Itapema,2025-01-06 19:11:54.361,0.9874875233789425,18,483,Varzea
1323287414300397947,-27.10026,-48.61536,Centro,Brasil,Santa Catarina,Itapema,2025-01-06 19:12:05.325,0.22724252870560283,185,734,Centro
1297992815191664316,-27.133383116475216,-48.606314443253446,Meia Praia,Brasil,Santa Catarina,Itapema,2025-01-06 19:12:05.325,0.8273640212206196,131,1641,Meia Praia (inland)
1248005355816094173,-27.1276039,-48.6052271,Meia Praia,Brasil,Santa Catarina,Itapema,2024-09-30 19:03:32.241,0.3541461216422645,382,1736,Meia Praia (inland)
1066086425420423269,-27.090171813964844,-48.612281799316406,Centro,Brasil,Santa Catarina,Itapema,2024-02-12 19:01:13.350,0.37491815044756205,96,583,Centro
1060712096498828082,-27.097000122070312,-48.6150016784668,Centro,Brasil,Santa Catarina,Itapema,2024-02-12 19:01:52.738,0.20096781428409805,187,748,Centro
1068273464594567255,-27.117000579833984,-48.61000061035156,Morretes,Brasil,Santa Catarina,Itapema,2024-02-12 19:02:05.007,0.22685516096748767,193,800,Morretes
1068143091756551281,-27.14299964904785,-48.58700180053711,Meia Praia,Brasil,Santa Catarina,Itapema,2024-02-12 19:01:43.029,0.02149455108400131,127,594,Meia Praia (beach band)
1044445280351458950,-27.137983322143555,-48.59505462646485,Meia Praia,Brasil,Santa Catarina,Itapema,2024-02-12 19:01:43.654,0.28786764025418365,381,1567,Meia Praia (beach band)
1062164172340136948,-27.131999969482425,-48.61199951171875,Leopoldo Zarling,Brasil,Santa Catarina,Itapema,2024-02-12 19:03:20.918,1.1838963830688631,19,774,Leopoldo Zarling
1066914720488800402,-27.13500022888184,-48.59700012207031,Meia Praia,Brasil,Santa Catarina,Itapema,2024-02-12 19:03:28.124,0.23231427873920177,410,1834,Meia Praia (beach band)
991163210244349085,-27.11599922180176,-48.61600112915039,Morretes,Brasil,Santa Catarina,Itapema,2024-02-12 19:03:37.763,0.7593197665936742,29,536,Morretes
1065814003249573470,-27.097999572753903,-48.617000579833984,Centro,Brasil,Santa Catarina,Itapema,2024-02-12 19:04:04.820,0.38903142988747075,138,733,Centro
1065466433141149820,-27.097999572753903,-48.617000579833984,Centro,Brasil,Santa Catarina,Itapema,2024-02-12 19:04:37.013,0.38903142988747075,138,733,Centro
51748356,-27.136459350585938,-48.59815979003906,Meia Praia,Brasil,Santa Catarina,Itapema,2023-02-09 17:29:35.000,0.4242785953380657,375,1812,Meia Praia (inland)
20863370,-27.12149,-48.60639,Meia Praia,Brasil,Santa Catarina,Itapema,2024-10-07 19:20:44.631,0.0971804939614985,283,1281,Meia Praia (beach band)
22421016,-27.097000122070312,-48.61600112915039,Centro,Brasil,Santa Catarina,Itapema,2023-02-09 15:17:56.000,0.29757693672881574,173,746,Centro
779662955490359947,-27.1214599609,-48.6225700378,Morretes,Brasil,Santa Catarina,Itapema,2023-01-19 12:18:27.000,1.5663894680981763,4,142,Morretes
748336742434217963,-27.1281795502,-48.6033706665,Meia Praia,Brasil,Santa Catarina,Itapema,2022-12-06 12:43:34.000,0.2507505893313563,418,1818,Meia Praia (beach band)
781223884036842600,-27.13019,-48.59945,Meia Praia,Brasil,Santa Catarina,Itapema,2024-10-07 19:54:27.325,0.06622650034086014,352,1886,Meia Praia (beach band)
762976491172050742,-27.1038093567,-48.6135902405,Centro,Brasil,Santa Catarina,Itapema,2022-12-06 12:43:34.000,0.05972984566584609,129,516,Centro
765352987934363967,-27.12775,-48.60702,Meia Praia,Brasil,Santa Catarina,Itapema,2024-10-07 19:30:53.533,0.5030402750115655,273,1651,Meia Praia (inland)
28771132,-27.1268596649,-48.608921051,Meia Praia,Brasil,Santa Catarina,Itapema,2023-06-26 19:04:20.000,0.6028715728688214,125,1535,Meia Praia (inland)
823351890427207194,-27.12228012084961,-48.61143112182617,Morretes,Brasil,Santa Catarina,Itapema,2023-03-02 13:02:00.000,0.5940444654756013,69,1185,Morretes
819714618271533438,-27.10276985168457,-48.61484909057617,Centro,Brasil,Santa Catarina,Itapema,2023-03-02 13:02:00.000,0.1845014307661214,156,569,Centro
791950122510420983,-27.1365,-48.59561,Meia Praia,Brasil,Santa Catarina,Itapema,2024-10-07 19:10:35.220,0.23157883533122792,366,1645,Meia Praia (beach band)
792184367926408145,-27.1229991913,-48.6049995422,Meia Praia,Brasil,Santa Catarina,Itapema,2023-01-19 12:18:27.000,0.040359438318209026,284,1442,Meia Praia (beach band)
763897237534221173,-27.1310005188,-48.5989990234,Meia Praia,Brasil,Santa Catarina,Itapema,2022-12-06 12:43:34.000,0.09013252110859522,378,1924,Meia Praia (beach band)
680309785259567235,-27.0979995728,-48.6240005493,Varzea,Brasil,Santa Catarina,Itapema,2023-01-19 12:18:27.000,1.0827178280181415,12,315,Varzea
767460583685499400,-27.138999939,-48.5950012207,Meia Praia,Brasil,Santa Catarina,Itapema,2022-12-06 12:43:34.000,0.3524485654282071,374,1507,Meia Praia (inland)
22421408,-27.13822,-48.59308,Meia Praia,Brasil,Santa Catarina,Itapema,2025-01-06 19:11:01.055,0.1477660409064358,324,1435,Meia Praia (beach band)
40971559,-27.1299991607666,-48.60100173950195,Meia Praia,Brasil,Santa Catarina,Itapema,2023-12-11 19:00:57.588,0.1803226631486631,449,1912,Meia Praia (beach band)
844864653127085626,-27.13517,-48.59393,Meia Praia,Brasil,Santa Catarina,Itapema,2024-10-07 19:10:35.220,0.014691930642207765,211,1587,Meia Praia (beach band)
16192299,-27.100000381469727,-48.61399841308594,Centro,Brasil,Santa Catarina,Itapema,2023-02-09 15:17:56.000,0.09152124714650083,169,728,Centro
54287612,-27.09865,-48.61512,Centro,Brasil,Santa Catarina,Itapema,2024-10-07 19:01:02.588,0.20274522280436286,178,743,Centro
54377443,-27.10034,-48.61482,Centro,Brasil,Santa Catarina,Itapema,2024-10-07 20:12:48.224,0.17432919217128573,180,728,Centro
557867403241922176,-27.09462,-48.61508,Centro,Brasil,Santa Catarina,Itapema,2024-10-07 19:01:02.588,0.3131409364736152,239,749,Centro
733855907068114161,-27.0825054219,-48.6196685582,Alto Sao Bento,Brasil,Santa Catarina,Itapema,2022-11-08 18:24:34.000,0.8711062925236142,10,140,Alto Sao Bento
735647486124004932,-27.1244792938,-48.6176605225,Morretes,Brasil,Santa Catarina,Itapema,2023-06-26 19:13:56.000,1.2571298168080265,38,369,Morretes
703538637731385185,-27.13524,-48.59871,Meia Praia,Brasil,Santa Catarina,Itapema,2022-09-09 18:21:49.000,0.37965415546062786,386,1910,Meia Praia (inland)
705167970678992594,-27.1351046232,-48.595171608,Meia Praia,Brasil,Santa Catarina,Itapema,2022-09-09 18:21:49.000,0.10057642881676856,269,1696,Meia Praia (beach band)
738386989138220837,-27.14231,-48.58881,Meia Praia,Brasil,Santa Catarina,Itapema,2022-11-08 18:24:34.000,0.10534363633875958,156,773,Meia Praia (beach band)
731853350375474350,-27.118879085,-48.6136382818,Morretes,Brasil,Santa Catarina,Itapema,2022-11-08 18:24:34.000,0.6360581079962699,110,801,Morretes
41189223,-27.14284,-48.59961,Meia Praia,Brasil,Santa Catarina,Itapema,2024-10-07 19:58:56.291,0.8729318766148784,32,1037,Meia Praia (inland)
725205326528652381,-27.1418691947,-48.5948046884,Meia Praia,Brasil,Santa Catarina,Itapema,2022-11-08 18:24:34.000,0.4783749047673734,159,1220,Meia Praia (inland)
719470154524862442,-27.13894,-48.5942,Meia Praia,Brasil,Santa Catarina,Itapema,2024-10-07 20:15:46.144,0.2825186546099898,383,1455,Meia Praia (beach band)
46237789,-27.1208,-48.62226,Morretes,Brasil,Santa Catarina,Itapema,2024-10-07 19:20:00.198,1.5131363411599925,4,150,Morretes
1168127800153462670,-27.13335,-48.59744,Meia Praia,Brasil,Santa Catarina,Itapema,2024-12-19 17:34:35.592,0.148552040780746,371,1923,Meia Praia (beach band)
1163078563965434837,-27.12288,-48.60597,Meia Praia,Brasil,Santa Catarina,Itapema,2024-12-19 17:35:19.971,0.11599415429685037,320,1431,Meia Praia (beach band)
41731856,-27.12831,-48.61442,Morretes,Brasil,Santa Catarina,Itapema,2024-10-07 19:30:59.536,1.1449127693219312,24,725,Morretes
1001609956545349845,-27.125,-48.60599899291992,Meia Praia,Brasil,Santa Catarina,Itapema,2023-11-06 19:01:28.022,0.24708928563077068,397,1605,Meia Praia (beach band)
1268126365088141700,-27.059758625789136,-48.60769200644717,Ilhota,Brasil,Santa Catarina,Itapema,2024-11-04 19:01:18.779,0.785390600006916,2,20,Ilhota
1278291694238862649,-27.124107984030104,-48.61732596803569,Morretes,Brasil,Santa Catarina,Itapema,2024-11-04 19:01:18.779,1.2091278726560801,39,439,Morretes
1270636967067286722,-27.1229353,-48.6123887,Morretes,Brasil,Santa Catarina,Itapema,2024-11-04 19:01:21.683,0.7090435483465585,42,1163,Morretes
1276119476031269336,-27.06446698507538,-48.594421135212514,Ilhota,Brasil,Santa Catarina,Itapema,2024-11-04 19:01:18.808,0.03539713680257845,20,41,Ilhota
1271829505541557068,-27.0930531,-48.6135419,Centro,Brasil,Santa Catarina,Itapema,2024-11-04 19:01:38.070,0.26966616818177963,236,702,Centro
1271171762063321920,-27.108362924067023,-48.61487913876772,Tabuleiro dos Oliveiras,Brasil,Santa Catarina,Itapema,2024-11-04 19:01:38.622,0.25904254292595896,69,416,Tabuleiro dos Oliveiras
1274124307205895648,-27.13208807610049,-48.60486070633744,Meia Praia,Brasil,Santa Catarina,Itapema,2024-11-04 19:01:38.329,0.6268517917256435,231,1828,Meia Praia (inland)
1273221801010174650,-27.144592496797024,-48.59441723674536,Meia Praia,Brasil,Santa Catarina,Itapema,2024-11-04 19:01:38.329,0.43650957050845446,16,898,Meia Praia (inland)
1268021781075347257,-27.121481404316164,-48.60857736071456,Meia Praia,Brasil,Santa Catarina,Itapema,2024-11-04 19:01:23.818,0.2985009770341936,263,1231,Meia Praia (beach band)
1278469507626253077,-27.09720924643196,-48.61462701112032,Centro,Brasil,Santa Catarina,Itapema,2024-11-04 19:01:38.660,0.15984677338404374,178,748,Centro
1273591253351586030,-27.12706048357,-48.60526543110609,Meia Praia,Brasil,Santa Catarina,Itapema,2024-11-04 19:01:38.660,0.3193970948194239,382,1700,Meia Praia (beach band)
1273248688766584799,-27.091379226777093,-48.60952550960576,Centro,Brasil,Santa Catarina,Itapema,2024-11-04 19:04:04.283,0.10430680783749645,58,563,Centro
999340430615610174,-27.12800025939941,-48.60499954223633,Meia Praia,Brasil,Santa Catarina,Itapema,2023-11-06 19:01:48.400,0.36421366684679274,393,1770,Meia Praia (inland)
671197701971960715,-27.0998606,-48.616197,Centro,Brasil,Santa Catarina,Itapema,2024-12-19 17:36:38.939,0.309471414077849,165,737,Centro
720454649154858775,-27.09265,-48.61579,Centro,Brasil,Santa Catarina,Itapema,2024-10-07 19:43:44.650,0.47367081865311533,168,687,Centro
953787921083237020,-27.1369991302,-48.5929985046,Meia Praia,Brasil,Santa Catarina,Itapema,2023-08-28 19:02:28.000,0.06033271258707713,269,1499,Meia Praia (beach band)
1128116602558500719,-27.12232,-48.60762,Meia Praia,Brasil,Santa Catarina,Itapema,2024-10-07 20:15:46.144,0.24469004872954986,318,1362,Meia Praia (beach band)
1122567171503565314,-27.10700035095215,-48.617000579833984,Tabuleiro dos Oliveiras,Brasil,Santa Catarina,Itapema,2024-04-22 19:01:28.258,0.4311988386336637,68,388,Tabuleiro dos Oliveiras
1135613574739937290,-27.13961,-48.59283,Meia Praia,Brasil,Santa Catarina,Itapema,2024-09-25 18:06:08.188,0.19285018559639314,336,1313,Meia Praia (beach band)
1145542833405143102,-27.1299991607666,-48.59999847412109,Meia Praia,Brasil,Santa Catarina,Itapema,2024-05-06 19:00:55.266,0.09920556235050584,407,1899,Meia Praia (beach band)
1153532104174311523,-27.139253616333008,-48.59099578857422,Meia Praia,Brasil,Santa Catarina,Itapema,2024-05-20 19:02:05.915,0.011847565323277878,229,1193,Meia Praia (beach band)
11832843,-27.13804244995117,-48.5921516418457,Meia Praia,Brasil,Santa Catarina,Itapema,2024-06-10 19:01:24.519,0.05631230912004026,270,1357,Meia Praia (beach band)
10340400,-27.13319,-48.59961,Meia Praia,Brasil,Santa Catarina,Itapema,2024-10-07 19:10:32.717,0.2969640446506418,436,1995,Meia Praia (beach band)
22190101,-27.13518,-48.59939,Meia Praia,Brasil,Santa Catarina,Itapema,2024-10-07 19:54:27.325,0.4272598398088904,343,1951,Meia Praia (inland)
41473656,-27.132999420166016,-48.59700012207031,Meia Praia,Brasil,Santa Catarina,Itapema,2024-02-12 19:03:20.417,0.09022858687639296,334,1896,Meia Praia (beach band)
41595813,-27.13337,-48.59503,Meia Praia,Brasil,Santa Catarina,Itapema,2024-10-07 19:01:02.588,0.03440149918153282,198,1734,Meia Praia (beach band)
46812114,-27.1359901428,-48.5946617126,Meia Praia,Brasil,Santa Catarina,Itapema,2023-06-26 19:15:26.000,0.12283635029281617,310,1611,Meia Praia (beach band)
47006355,-27.13593,-48.59386,Meia Praia,Brasil,Santa Catarina,Itapema,2021-10-25 14:40:16.352,0.05528758826271591,255,1571,Meia Praia (beach band)
1104929066968592881,-27.09201,-48.61103,Centro,Brasil,Santa Catarina,Itapema,2024-10-07 20:30:41.205,0.1471967345910606,177,620,Centro
1040735075345912084,-27.13664,-48.59649,Meia Praia,Brasil,Santa Catarina,Itapema,2024-10-07 20:30:41.133,0.30989516686474966,393,1700,Meia Praia (beach band)
1042891359278676628,-27.1299991607666,-48.60300064086914,Meia Praia,Brasil,Santa Catarina,Itapema,2023-12-18 19:01:06.812,0.34276858678887695,407,1892,Meia Praia (beach band)
1041406659315540390,-27.14200019836425,-48.59199905395508,Meia Praia,Brasil,Santa Catarina,Itapema,2023-12-18 19:01:06.812,0.27000114024956223,182,1049,Meia Praia (beach band)
48331137,-27.13599967956543,-48.59999847412109,Meia Praia,Brasil,Santa Catarina,Itapema,2023-12-18 19:01:15.167,0.5318612524591357,284,1914,Meia Praia (inland)
828604972098195646,-27.11825942993164,-48.61180877685547,Morretes,Brasil,Santa Catarina,Itapema,2023-12-18 19:01:08.055,0.44219076495937815,183,844,Morretes
1039148529762696570,-27.13327,-48.61168,Leopoldo Zarling,Brasil,Santa Catarina,Itapema,2024-10-07 19:10:35.220,1.2476509550229853,19,661,Leopoldo Zarling
1044426964136235800,-27.09199905395508,-48.61399841308594,Centro,Brasil,Santa Catarina,Itapema,2023-12-18 19:01:13.410,0.37826747693470586,211,665,Centro
1037613128798136930,-27.128999710083008,-48.60699844360352,Meia Praia,Brasil,Santa Catarina,Itapema,2023-12-18 19:01:42.247,0.5884435680641624,241,1670,Meia Praia (inland)
1085691112267776871,-27.100000381469727,-48.6150016784668,Centro,Brasil,Santa Catarina,Itapema,2024-02-26 19:01:52.644,0.19094332573601028,177,738,Centro
1086019092471404664,-27.1259994506836,-48.60300064086914,Meia Praia,Brasil,Santa Catarina,Itapema,2024-02-26 19:01:51.692,0.07027698939766205,284,1681,Meia Praia (beach band)
1084720251238906219,-27.1165,-48.61031,Morretes,Brasil,Santa Catarina,Itapema,2024-10-07 19:54:30.035,0.2371948586862651,190,749,Morretes
1082133757143221839,-27.138999938964844,-48.59099960327149,Meia Praia,Brasil,Santa Catarina,Itapema,2024-02-26 19:01:56.196,0.00015274954594840664,233,1216,Meia Praia (beach band)
1089848297340886677,-27.131999969482425,-48.60200119018555,Meia Praia,Brasil,Santa Catarina,Itapema,2024-02-26 19:03:05.810,0.3884298998565744,380,1938,Meia Praia (inland)
1018300485614755853,-27.12177,-48.60708,Meia Praia,Brasil,Santa Catarina,Itapema,2024-10-07 20:30:41.133,0.17215952649691468,313,1291,Meia Praia (beach band)
759487100003663236,-27.12221,-48.6073,Meia Praia,Brasil,Santa Catarina,Itapema,2024-12-16 19:10:43.325,0.21072032468784777,318,1363,Meia Praia (beach band)
31551540,-27.0922,-48.61235,Centro,Brasil,Santa Catarina,Itapema,2021-10-25 14:40:16.352,0.2365751006298193,212,654,Centro
21273318,-27.14121,-48.59197,Meia Praia,Brasil,Santa Catarina,Itapema,2021-10-25 14:40:16.352,0.2014806121705668,214,1115,Meia Praia (beach band)
12931525,-27.12938,-48.602,Meia Praia,Brasil,Santa Catarina,Itapema,2021-10-25 14:40:16.352,0.22203110481966984,392,1878,Meia Praia (beach band)
21471023,-27.12895,-48.60304,Meia Praia,Brasil,Santa Catarina,Itapema,2021-10-25 14:40:16.352,0.2788212721979823,412,1848,Meia Praia (beach band)
42138941,-27.12781,-48.60133,Meia Praia,Brasil,Santa Catarina,Itapema,2024-10-07 19:55:03.674,0.06737461136730867,294,1793,Meia Praia (beach band)
41705158,-27.12315,-48.61526,Morretes,Brasil,Santa Catarina,Itapema,2024-10-07 19:05:29.576,0.9783409211479717,45,841,Morretes
16661542,-27.11606,-48.61407,Morretes,Brasil,Santa Catarina,Itapema,2021-10-25 14:40:16.352,0.5766201577424194,81,622,Morretes
23443863,-27.12085,-48.6062,Meia Praia,Brasil,Santa Catarina,Itapema,2024-10-07 19:30:53.533,0.054085721503847654,245,1211,Meia Praia (beach band)
38899673,-27.11734,-48.61156,Morretes,Brasil,Santa Catarina,Itapema,2021-10-25 14:40:16.352,0.38502466553801346,197,792,Morretes
30565467,-27.1207,-48.60528,Meia Praia,Brasil,Santa Catarina,Itapema,2021-10-25 14:40:16.352,0.03765838707964067,182,1184,Meia Praia (beach band)
47904218,-27.11647,-48.61234,Morretes,Brasil,Santa Catarina,Itapema,2024-10-07 20:12:48.224,0.4259365077352081,152,714,Morretes
49319385,-27.118560791,-48.6089782715,Meia Praia,Brasil,Santa Catarina,Itapema,2023-06-26 19:05:26.000,0.1942441428359549,227,962,Meia Praia (beach band)
45350304,-27.1322,-48.60087,Meia Praia,Brasil,Santa Catarina,Itapema,2024-10-07 19:54:27.325,0.31717711193235876,425,1966,Meia Praia (beach band)
22827706,-27.12952,-48.59967,Meia Praia,Brasil,Santa Catarina,Itapema,2024-10-07 19:54:27.325,0.0430129785598085,331,1876,Meia Praia (beach band)
1225568901497610397,-27.133271692366616,-48.59763488173485,Meia Praia,Brasil,Santa Catarina,Itapema,2024-09-02 19:01:25.974,0.1571702245169286,385,1949,Meia Praia (beach band)
1225552757674965717,-27.12994,-48.60408,Meia Praia,Brasil,Santa Catarina,Itapema,2024-09-02 19:01:26.200,0.42686223037365495,392,1845,Meia Praia (inland)
15484946,-27.13019,-48.60276,Meia Praia,Brasil,Santa Catarina,Itapema,2021-10-25 14:40:16.352,0.33539369829045623,400,1906,Meia Praia (beach band)
40999104,-27.13106,-48.60286,Meia Praia,Brasil,Santa Catarina,Itapema,2021-10-25 14:40:16.352,0.3986449501047636,377,1919,Meia Praia (inland)
42602544,-27.13203,-48.60184,Meia Praia,Brasil,Santa Catarina,Itapema,2021-10-25 14:40:16.352,0.3774440592922934,379,1938,Meia Praia (inland)
53825192,-27.135511,-48.598106,Meia Praia,Brasil,Santa Catarina,Itapema,2022-01-11 19:06:34.950,0.35297381889180907,413,1872,Meia Praia (inland)
53922141,-27.13647,-48.59596,Meia Praia,Brasil,Santa Catarina,Itapema,2022-01-11 19:06:34.950,0.2572581008960342,387,1657,Meia Praia (beach band)
51507847,-27.12661,-48.60526,Meia Praia,Brasil,Santa Catarina,Itapema,2022-01-11 19:12:10.988,0.2874642254376928,397,1683,Meia Praia (beach band)
53472952,-27.12733,-48.60494,Meia Praia,Brasil,Santa Catarina,Itapema,2024-10-07 19:30:53.533,0.3128958512302456,390,1734,Meia Praia (beach band)
53492577,-27.12491,-48.60564,Meia Praia,Brasil,Santa Catarina,Itapema,2024-10-07 19:30:53.256,0.21201992975447445,403,1597,Meia Praia (beach band)
53706823,-27.12515,-48.60686,Meia Praia,Brasil,Santa Catarina,Itapema,2022-01-11 19:12:10.988,0.32733952657828724,350,1575,Meia Praia (beach band)
1241588725303924161,-27.1085,-48.61677,Tabuleiro dos Oliveiras,Brasil,Santa Catarina,Itapema,2025-02-10 19:01:36.560,0.44071159366702534,65,389,Tabuleiro dos Oliveiras
1031308444081530641,-27.11928,-48.60783,Meia Praia,Brasil,Santa Catarina,Itapema,2024-10-07 19:20:44.631,0.12749652293875996,214,1052,Meia Praia (beach band)
1029597585777872278,-27.11834,-48.60843,Meia Praia,Brasil,Santa Catarina,Itapema,2024-10-07 19:31:11.905,0.13464040750251935,195,952,Meia Praia (beach band)
674910076938335548,-27.13800048828125,-48.59700012207031,Meia Praia,Brasil,Santa Catarina,Itapema,2023-03-02 13:02:00.000,0.44233911045486224,352,1604,Meia Praia (inland)
12490354,-27.10159,-48.61487,Centro,Brasil,Santa Catarina,Itapema,2021-10-25 14:40:16.352,0.18343280180344718,167,679,Centro
41411552,-27.0979804993,-48.6133499146,Centro,Brasil,Santa Catarina,Itapema,2023-06-26 19:10:20.000,0.027342328186813886,138,733,Centro
42270655,-27.05835,-48.59616,Ilhota,Brasil,Santa Catarina,Itapema,2021-10-25 14:40:16.352,0.12828720245161016,1,43,Ilhota
47802450,-27.05884,-48.60226,Ilhota,Brasil,Santa Catarina,Itapema,2024-10-07 19:05:39.169,0.36230832374890354,11,39,Ilhota
47816646,-27.06568,-48.59673,Ilhota,Brasil,Santa Catarina,Itapema,2024-10-21 19:00:40.116,0.22926032591135967,26,42,Ilhota
46926821,-27.1018,-48.6164,Centro,Brasil,Santa Catarina,Itapema,2021-10-25 14:40:16.352,0.3357420177326276,133,627,Centro
685180289283119897,-27.13155,-48.60126,Meia Praia,Brasil,Santa Catarina,Itapema,2024-10-07 19:54:27.325,0.299533035562405,441,1925,Meia Praia (beach band)
40191152,-27.13888,-48.59569,Meia Praia,Brasil,Santa Catarina,Itapema,2024-10-07 19:54:23.592,0.39865000187756755,356,1533,Meia Praia (inland)
16570256,-27.13493,-48.59933,Meia Praia,Brasil,Santa Catarina,Itapema,2021-10-25 14:40:16.352,0.40479375726311495,347,1960,Meia Praia (inland)
29302246,-27.09008,-48.61904,Casa Branca,Brasil,Santa Catarina,Itapema,2024-10-07 19:30:59.536,0.9022102653956613,26,571,Casa Branca
45749084,-27.11479,-48.61463,Morretes,Brasil,Santa Catarina,Itapema,2021-10-25 14:40:16.352,0.5927341148152944,41,573,Morretes
45935232,-27.14546,-48.58925,Meia Praia,Brasil,Santa Catarina,Itapema,2024-10-07 19:18:49.828,0.08705217564296672,108,584,Meia Praia (beach band)
11008083,-27.12959,-48.60162,Meia Praia,Brasil,Santa Catarina,Itapema,2024-10-21 19:00:40.054,0.20450952077865717,426,1907,Meia Praia (beach band)
815250550195229821,-27.13439,-48.60629,Meia Praia,Brasil,Santa Catarina,Itapema,2024-10-07 19:30:59.536,0.8892900645769003,82,1576,Meia Praia (inland)
32035183,-27.088476,-48.610603,Centro,Brasil,Santa Catarina,Itapema,2022-01-11 17:08:58.877,0.4357671898679359,40,481,Centro
784714566938065959,-27.1268405914,-48.6026496887,Meia Praia,Brasil,Santa Catarina,Itapema,2023-01-19 12:18:27.000,0.10219845644901336,307,1726,Meia Praia (beach band)
781938884905307303,-27.1340007782,-48.5999984741,Meia Praia,Brasil,Santa Catarina,Itapema,2023-01-19 12:18:27.000,0.3860031612278292,393,2002,Meia Praia (inland)
705021288668570277,-27.10514,-48.61733,Tabuleiro dos Oliveiras,Brasil,Santa Catarina,Itapema,2024-10-07 19:31:11.905,0.4306074000222775,66,455,Tabuleiro dos Oliveiras
790006111813482352,-27.13206,-48.60513,Meia Praia,Brasil,Santa Catarina,Itapema,2024-10-07 20:12:48.224,0.646945168820823,207,1803,Meia Praia (inland)
670854595604806968,-27.13207,-48.59976,Meia Praia,Brasil,Santa Catarina,Itapema,2024-10-07 19:54:27.325,0.22539302938147693,451,1996,Meia Praia (beach band)
967444688785412612,-27.1350002289,-48.5950012207,Meia Praia,Brasil,Santa Catarina,Itapema,2023-09-18 19:05:22.000,0.08007998211376752,254,1690,Meia Praia (beach band)
965310679168112589,-27.0900001526,-48.6489982605,none,Brasil,Santa Catarina,Itapema,2023-09-18 19:02:19.000,3.6589191337247096,1,6,none
16028904,-27.13166,-48.59965,Meia Praia,Brasil,Santa Catarina,Itapema,2024-10-07 19:59:09.278,0.186793899086102,447,1974,Meia Praia (beach band)
20255211,-27.1310005188,-48.6049995422,Meia Praia,Brasil,Santa Catarina,Itapema,2022-11-28 11:33:01.000,0.5691198801356074,284,1808,Meia Praia (inland)
561392888536380944,-27.13469,-48.59818,Meia Praia,Brasil,Santa Catarina,Itapema,2024-10-07 19:10:35.220,0.3000628677185001,420,1911,Meia Praia (beach band)
555873744201878598,-27.12256,-48.61398,Morretes,Brasil,Santa Catarina,Itapema,2022-07-11 18:11:37.000,0.8355109495539772,45,967,Morretes
556460074386673858,-27.13451,-48.6086,Meia Praia,Brasil,Santa Catarina,Itapema,2024-10-07 19:30:59.536,1.0849371581758178,46,1103,Meia Praia (inland)
559902123122561436,-27.09623,-48.61619,Centro,Brasil,Santa Catarina,Itapema,2024-10-07 19:06:46.310,0.3396974032478439,157,756,Centro
41261098,-27.1055393219,-48.613319397,Centro,Brasil,Santa Catarina,Itapema,2023-06-26 19:09:18.000,0.0438059963382209,90,446,Centro
1264084742447517566,-27.135169370246093,-48.59509617090225,Meia Praia,Brasil,Santa Catarina,Itapema,2024-10-21 19:00:48.091,0.09892360850968845,257,1686,Meia Praia (beach band)
1262271601361528089,-27.13071129445952,-48.60753839235618,Meia Praia,Brasil,Santa Catarina,Itapema,2024-10-21 19:00:47.788,0.7493746916598364,146,1620,Meia Praia (inland)
1226922486291226528,-27.13030338181495,-48.603365421295166,Meia Praia,Brasil,Santa Catarina,Itapema,2024-10-21 19:00:47.890,0.3919445423986406,385,1894,Meia Praia (inland)
1258223404812828899,-27.13187504665432,-48.597233185604175,Meia Praia,Brasil,Santa Catarina,Itapema,2024-10-21 19:00:47.890,0.025715538293929203,305,1879,Meia Praia (beach band)
1263007976366972143,-27.08800659598354,-48.61404128372669,Casa Branca,Brasil,Santa Catarina,Itapema,2024-10-21 19:03:30.988,0.6707959362482481,92,514,Casa Branca
51869457,-27.13779,-48.59194,Meia Praia,Brasil,Santa Catarina,Itapema,2021-11-04 15:51:02.709,0.027570043766020593,251,1352,Meia Praia (beach band)
51998239,-27.14007,-48.59132,Meia Praia,Brasil,Santa Catarina,Itapema,2021-11-04 15:51:02.709,0.08048104694305094,236,1155,Meia Praia (beach band)
52985182,-27.1252193451,-48.6068115234,Meia Praia,Brasil,Santa Catarina,Itapema,2023-06-26 19:09:31.000,0.3274524825873334,359,1585,Meia Praia (beach band)
20798615,-27.1316,-48.59992,Meia Praia,Brasil,Santa Catarina,Itapema,2021-11-04 16:58:06.799,0.20215045767014453,445,1974,Meia Praia (beach band)
760805979001764233,-27.14200019836425,-48.595001220703125,Meia Praia,Brasil,Santa Catarina,Itapema,2023-11-20 19:01:30.329,0.5022769473069995,157,1215,Meia Praia (inland)
1006638831023535047,-27.1288,-48.602,Meia Praia,Brasil,Santa Catarina,Itapema,2024-10-07 19:54:27.325,0.1852552445319184,375,1854,Meia Praia (beach band)
1018371814895100871,-27.10400009155273,-48.61399841308594,Centro,Brasil,Santa Catarina,Itapema,2023-11-20 19:01:31.997,0.10017005040941435,139,498,Centro
1294874329939231631,-27.08993319278325,-48.611784053967305,Centro,Brasil,Santa Catarina,Itapema,2024-12-16 19:11:12.785,0.363129241480247,85,566,Centro
1293666152160540923,-27.095162152769024,-48.61593042277165,Centro,Brasil,Santa Catarina,Itapema,2024-12-16 19:11:12.785,0.36521614065353136,142,759,Centro
1295584527100605957,-27.0877709697024,-48.61505238838141,Casa Branca,Brasil,Santa Catarina,Itapema,2024-12-16 19:11:01.094,0.7579748351897417,82,509,Casa Branca
1290672259081353958,-27.1243171,-48.6176252,Morretes,Brasil,Santa Catarina,Itapema,2024-12-16 19:10:44.083,1.2459675420929008,37,384,Morretes
1295071326510448236,-27.1357013,-48.59493020000001,Meia Praia,Brasil,Santa Catarina,Itapema,2024-12-11 17:26:42.153,0.1240872483987825,287,1639,Meia Praia (beach band)
1290619438075027005,-27.135302146283088,-48.596454709768295,Meia Praia,Brasil,Santa Catarina,Itapema,2024-12-16 19:10:43.629,0.21233459712685362,394,1775,Meia Praia (beach band)
1290814486929381558,-27.124522177552485,-48.60758194181774,Meia Praia,Brasil,Santa Catarina,Itapema,2024-12-16 19:10:43.629,0.34733531039095483,287,1536,Meia Praia (beach band)
1287791569613797023,-27.10121430348567,-48.61527276118429,Centro,Brasil,Santa Catarina,Itapema,2024-12-16 19:10:43.629,0.22196435000636625,171,698,Centro
1294288506319915333,-27.1402741,-48.593189,Meia Praia,Brasil,Santa Catarina,Itapema,2024-12-16 19:10:43.629,0.25707694861010927,332,1283,Meia Praia (beach band)
1290748904415576815,-27.0927395,-48.6133933,Centro,Brasil,Santa Catarina,Itapema,2024-12-16 19:10:43.629,0.2801512211881518,242,689,Centro
1295079939671812701,-27.1318445371126,-48.59756983816624,Meia Praia,Brasil,Santa Catarina,Itapema,2024-12-16 19:10:43.629,0.046619097623978624,327,1909,Meia Praia (beach band)
51683537,-27.130836,-48.599079,Meia Praia,Brasil,Santa Catarina,Itapema,2021-10-25 14:40:16.352,0.08385580202640248,373,1921,Meia Praia (beach band)
1294169573187469017,-27.09556913269495,-48.61147410308578,Centro,Brasil,Santa Catarina,Itapema,2024-12-11 17:23:54.288,0.05619889853168042,130,752,Centro
31021686,-27.1204891205,-48.6097488403,Morretes,Brasil,Santa Catarina,Itapema,2023-06-26 19:11:43.000,0.3576042582956293,213,1123,Morretes
812414122339223996,-27.13800048828125,-48.59799957275391,Meia Praia,Brasil,Santa Catarina,Itapema,2023-03-02 13:02:00.000,0.521128177881264,312,1645,Meia Praia (inland)
53031891,-27.14233,-48.58806,Meia Praia,Brasil,Santa Catarina,Itapema,2024-10-07 19:10:23.593,0.06386163457900434,140,717,Meia Praia (beach band)
709346217026755868,-27.1305981879,-48.6002681404,Meia Praia,Brasil,Santa Catarina,Itapema,2022-10-03 13:39:14.000,0.15836357163400594,434,1922,Meia Praia (beach band)
739015384619300207,-27.12201,-48.60579,Meia Praia,Brasil,Santa Catarina,Itapema,2022-11-08 18:24:34.000,0.06314598029819145,279,1340,Meia Praia (beach band)
1062859978810832691,-27.10218,-48.61407,Centro,Brasil,Santa Catarina,Itapema,2024-10-07 19:20:02.539,0.10624967644317206,150,624,Centro
855593191687560480,-27.1285,-48.60276,Meia Praia,Brasil,Santa Catarina,Itapema,2024-10-07 19:54:27.325,0.22586665281651847,398,1843,Meia Praia (beach band)
1218889785346856352,-27.13847,-48.60178,Meia Praia,Brasil,Santa Catarina,Itapema,2024-10-07 19:55:03.674,0.8432908838685048,76,1636,Meia Praia (inland)
1055009941446428480,-27.13253,-48.59866,Meia Praia,Brasil,Santa Catarina,Itapema,2024-10-07 19:55:08.035,0.17807381223714702,405,1983,Meia Praia (beach band)
974676828545143124,-27.09707,-48.61374,Centro,Brasil,Santa Catarina,Itapema,2024-10-07 19:44:07.427,0.07989214842338002,159,746,Centro
967320141980123913,-27.13032,-48.60078,Meia Praia,Brasil,Santa Catarina,Itapema,2024-10-07 19:10:36.633,0.18235982732736733,454,1918,Meia Praia (beach band)
1186108413179366346,-27.1184133,-48.61820849999999,Morretes,Brasil,Santa Catarina,Itapema,2024-08-19 19:05:28.717,1.0463761251807744,16,418,Morretes
1181944920258781413,-27.0936893,-48.6131638,Centro,Brasil,Santa Catarina,Itapema,2024-08-19 19:06:02.415,0.196202185867394,243,727,Centro
1181971107577983158,-27.0936893,-48.6131638,Centro,Brasil,Santa Catarina,Itapema,2024-08-19 19:06:02.415,0.196202185867394,243,727,Centro
1187234746969372321,-27.140752,-48.5914773,Meia Praia,Brasil,Santa Catarina,Itapema,2024-08-19 19:06:01.219,0.13119087792391926,221,1113,Meia Praia (beach band)
1209995062310858711,-27.141186790795857,-48.59395153820515,Meia Praia,Brasil,Santa Catarina,Itapema,2024-08-19 19:06:39.007,0.36925876678692904,236,1242,Meia Praia (inland)
1218841454732809540,-27.123176202311686,-48.60652472823858,Meia Praia,Brasil,Santa Catarina,Itapema,2024-08-19 19:06:31.729,0.18001929203505737,346,1453,Meia Praia (beach band)
1204248347415248238,-27.12945,-48.60011,Meia Praia,Brasil,Santa Catarina,Itapema,2024-08-19 19:06:21.035,0.07333740695281155,374,1887,Meia Praia (beach band)
1207861972773686793,-27.099490099459537,-48.61483640389103,Centro,Brasil,Santa Catarina,Itapema,2024-08-19 19:06:31.933,0.17485276306591419,184,747,Centro
1209010210831577821,-27.1008007,-48.6167677,Centro,Brasil,Santa Catarina,Itapema,2024-08-19 19:06:31.933,0.36870663360520406,136,705,Centro
1193657356522503551,-27.141621198836823,-48.59566446393728,Meia Praia,Brasil,Santa Catarina,Itapema,2024-08-19 19:06:27.178,0.5431982973670942,172,1264,Meia Praia (inland)
1215950026376854271,-27.115451,-48.6093424,Morretes,Brasil,Santa Catarina,Itapema,2024-08-19 19:06:29.887,0.10839480894550586,123,699,Morretes
902324773092897293,-27.1259994507,-48.6030006409,Meia Praia,Brasil,Santa Catarina,Itapema,2023-07-31 19:11:22.000,0.07027699292071767,284,1681,Meia Praia (beach band)
892721989592935461,-27.1019992828,-48.6150016785,Centro,Brasil,Santa Catarina,Itapema,2023-07-31 19:12:43.000,0.1978623904893692,166,635,Centro
857361220927905784,-27.1266899109,-48.6048316956,Meia Praia,Brasil,Santa Catarina,Itapema,2023-06-26 19:13:59.000,0.2599504339043628,395,1705,Meia Praia (beach band)
841394344184198064,-27.1019992828,-48.6150016785,Centro,Brasil,Santa Catarina,Itapema,2023-04-25 16:24:14.000,0.1978623904893692,166,635,Centro
850675824952359571,-27.1299991608,-48.6030006409,Meia Praia,Brasil,Santa Catarina,Itapema,2023-04-25 16:25:15.000,0.34276859144278166,407,1892,Meia Praia (beach band)
971842566313878284,-27.1200008392,-48.608001709,Meia Praia,Brasil,Santa Catarina,Itapema,2023-09-18 19:02:21.000,0.17852490667134077,237,1115,Meia Praia (beach band)
980365989956218871,-27.1261978149,-48.6062278748,Meia Praia,Brasil,Santa Catarina,Itapema,2023-09-18 19:05:18.000,0.3406067990922498,374,1649,Meia Praia (beach band)
1282062740450789673,-27.12716580777129,-48.60491070896387,Meia Praia,Brasil,Santa Catarina,Itapema,2024-11-18 19:05:30.064,0.2994123183374642,392,1720,Meia Praia (beach band)
1281958501821029308,-27.1237454,-48.6092307,Meia Praia,Brasil,Santa Catarina,Itapema,2024-11-18 19:05:21.707,0.4513380814764939,174,1427,Meia Praia (inland)
1283982403734255309,-27.093643939966583,-48.61309494865722,Centro,Brasil,Santa Catarina,Itapema,2024-11-18 19:05:21.707,0.19426053577298302,243,725,Centro
1053742591942561941,-27.145000457763672,-48.59000015258789,Meia Praia,Brasil,Santa Catarina,Itapema,2024-01-01 19:02:59.123,0.16832721797741626,113,666,Meia Praia (beach band)
1057809709923818937,-27.10700035095215,-48.61899948120117,Tabuleiro dos Oliveiras,Brasil,Santa Catarina,Itapema,2024-01-01 19:03:57.536,0.6259732842452324,50,359,Tabuleiro dos Oliveiras
1285464464711559089,-27.13894278356118,-48.59434618805353,Meia Praia,Brasil,Santa Catarina,Itapema,2024-11-18 19:00:57.678,0.2956667179094248,392,1481,Meia Praia (beach band)
1285186073711689347,-27.130029856453557,-48.60539713077057,Meia Praia,Brasil,Santa Catarina,Itapema,2024-11-18 19:00:57.678,0.5362486267572667,327,1784,Meia Praia (inland)
1284112270868624978,-27.0930634,-48.6132601,Centro,Brasil,Santa Catarina,Itapema,2024-11-18 19:00:57.678,0.24712667172431968,240,702,Centro
993394434817489229,-27.1299991607666,-48.60599899291992,Meia Praia,Brasil,Santa Catarina,Itapema,2023-10-24 16:57:13.229,0.5807067635243459,279,1752,Meia Praia (inland)
980310639590708922,-27.13999938964844,-48.59799957275391,Meia Praia,Brasil,Santa Catarina,Itapema,2023-10-24 16:55:24.688,0.656022443630634,213,1444,Meia Praia (inland)
1308854008970743230,-27.1375623,-48.5927391,Meia Praia,Brasil,Santa Catarina,Itapema,2024-12-16 19:08:32.732,0.07737370035578327,282,1468,Meia Praia (beach band)
1306590439478272233,-27.1236187,-48.607217,Meia Praia,Brasil,Santa Catarina,Itapema,2024-12-16 19:08:49.310,0.2640415149172624,334,1476,Meia Praia (beach band)
1306807353529683202,-27.1354241807488,-48.59710145741701,Meia Praia,Brasil,Santa Catarina,Itapema,2024-12-16 19:08:49.310,0.270186884377675,417,1818,Meia Praia (beach band)
1304604335965216750,-27.09710288758565,-48.61471651838532,Centro,Brasil,Santa Catarina,Itapema,2024-12-16 19:08:49.310,0.17094702882817767,188,748,Centro
1302895918066724548,-27.1373915,-48.59289560000001,Meia Praia,Brasil,Santa Catarina,Itapema,2024-12-16 19:10:44.083,0.07789812221792568,277,1489,Meia Praia (beach band)
1295027232705287514,-27.1383447,-48.59978220000001,Meia Praia,Brasil,Santa Catarina,Itapema,2024-12-16 19:11:12.785,0.6820285934870304,215,1691,Meia Praia (inland)
553003292946748499,-27.128545273675837,-48.60117210592383,Meia Praia,Brasil,Santa Catarina,Itapema,2024-12-16 19:11:01.094,0.1016198346543121,330,1844,Meia Praia (beach band)
1307990731854726273,-27.097678301325853,-48.61521620051277,Centro,Brasil,Santa Catarina,Itapema,2024-12-16 19:11:01.094,0.21238107763845232,181,749,Centro
1309600641888089989,-27.13257,-48.606,Meia Praia,Brasil,Santa Catarina,Itapema,2024-12-16 19:11:01.094,0.7501669632825705,162,1707,Meia Praia (inland)
1302965025468577580,-27.06022227279454,-48.60454045021982,Ilhota,Brasil,Santa Catarina,Itapema,2024-12-16 19:11:33.554,0.6204116534741013,9,27,Ilhota
1301668070466138919,-27.091572177186254,-48.64790949979312,none,Brasil,Santa Catarina,Itapema,2024-12-16 19:11:33.554,3.5166707875202645,2,6,none
1317384292826834585,-27.10050013646744,-48.63350540399552,Varzea,Brasil,Santa Catarina,Itapema,2025-01-06 19:07:48.328,2.0253999275165353,4,20,Varzea
1322523528896072804,-27.09697,-48.62316,Varzea,Brasil,Santa Catarina,Itapema,2025-01-06 19:08:14.034,1.0018782855686559,20,392,Varzea
1320326783400396215,-27.13919,-48.59812,Meia Praia,Brasil,Santa Catarina,Itapema,2025-01-06 19:08:12.867,0.610938508125787,251,1518,Meia Praia (inland)
1313264592943731140,-27.13565896543016,-48.59480414539576,Meia Praia,Brasil,Santa Catarina,Itapema,2025-01-06 19:08:12.867,0.1114915256942021,283,1633,Meia Praia (beach band)
1316280246615307193,-27.119931992218586,-48.60723723934201,Meia Praia,Brasil,Santa Catarina,Itapema,2025-01-06 19:08:12.867,0.10737221706353675,217,1117,Meia Praia (beach band)
1316959290447974699,-27.12316815135787,-48.60831141471863,Meia Praia,Brasil,Santa Catarina,Itapema,2025-01-06 19:08:12.867,0.3429561940948956,276,1424,Meia Praia (beach band)
1311811615123455309,-27.134846518299845,-48.59912350773811,Meia Praia,Brasil,Santa Catarina,Itapema,2025-01-06 19:08:12.867,0.3831753343390159,361,1960,Meia Praia (inland)
1321131290017557594,-27.08842,-48.61386,Casa Branca,Brasil,Santa Catarina,Itapema,2025-01-06 19:10:59.560,0.6242952416031159,99,542,Casa Branca
1310816240553343879,-27.1330699,-48.6027236,Meia Praia,Brasil,Santa Catarina,Itapema,2025-01-06 19:10:59.560,0.518455392167548,237,1919,Meia Praia (inland)
1320402709439398442,-27.12918,-48.6066,Meia Praia,Brasil,Santa Catarina,Itapema,2025-01-06 19:10:59.560,0.5700562372445427,264,1704,Meia Praia (inland)
1321306938921369069,-27.12026,-48.61028,Morretes,Brasil,Santa Catarina,Itapema,2025-01-06 19:10:59.560,0.393666886205798,203,1077,Morretes
1318867545790629357,-27.14330481327754,-48.59029836952686,Meia Praia,Brasil,Santa Catarina,Itapema,2025-01-06 19:10:59.560,0.283106748850116,165,824,Meia Praia (beach band)
1322539954309330702,-27.13674,-48.60198,Meia Praia,Brasil,Santa Catarina,Itapema,2025-01-06 19:11:02.235,0.7352463583804634,126,1815,Meia Praia (inland)
1320160052256466425,-27.14261,-48.59143,Meia Praia,Brasil,Santa Catarina,Itapema,2025-01-06 19:11:02.235,0.2894910875766183,154,961,Meia Praia (beach band)
1320307407992166735,-27.13781,-48.59726,Meia Praia,Brasil,Santa Catarina,Itapema,2025-01-06 19:10:57.863,0.4499972635331572,339,1625,Meia Praia (inland)
1247920573551671393,-27.1301875,-48.6027563,Meia Praia,Brasil,Santa Catarina,Itapema,2024-09-30 19:06:05.513,0.33493341857176534,400,1905,Meia Praia (beach band)
1250296514468581240,-27.137983224710023,-48.5989924518946,Meia Praia,Brasil,Santa Catarina,Itapema,2024-09-30 19:06:02.818,0.5961112544260257,268,1701,Meia Praia (inland)
1076283050930905812,-27.145000457763672,-48.5890007019043,Meia Praia,Brasil,Santa Catarina,Itapema,2024-02-12 19:00:52.907,0.11670589199662638,137,614,Meia Praia (beach band)
1070321901292245151,-27.13334083557129,-48.5972785949707,Meia Praia,Brasil,Santa Catarina,Itapema,2024-02-12 19:01:54.640,0.13547863324826556,361,1921,Meia Praia (beach band)
1071007597342666074,-27.09199905395508,-48.61600112915039,Centro,Brasil,Santa Catarina,Itapema,2024-02-12 19:02:35.639,0.5333756169738988,115,665,Centro
1081779340685802851,-27.14299964904785,-48.5890007019043,Meia Praia,Brasil,Santa Catarina,Itapema,2024-02-12 19:02:36.422,0.17798547573461893,177,741,Meia Praia (beach band)
763580356087428942,-27.14085960388184,-48.59225082397461,Meia Praia,Brasil,Santa Catarina,Itapema,2024-02-12 19:03:37.803,0.20179704515673139,237,1170,Meia Praia (beach band)
979807633052942844,-27.13800048828125,-48.59799957275391,Meia Praia,Brasil,Santa Catarina,Itapema,2024-02-12 19:03:40.246,0.521128177881264,312,1645,Meia Praia (inland)
1060214707285139869,-27.143150329589844,-48.58940505981445,Meia Praia,Brasil,Santa Catarina,Itapema,2024-02-12 19:03:34.869,0.21523577502833477,177,763,Meia Praia (beach band)
