airbnb_listing_id,occ,rev_window,adr,nights,number_of_bedrooms,number_of_guests,listing_type,number_of_reviews,star_rating,is_professional,cleaning_fee,picture_count,min_nights,number_of_bathrooms,is_guest_favorite,can_instant_book,suburb,micro_zone,dist_beach_km,comp_300m,comp_1km,rev_annual_gross,occ_paid,bed_bucket,am_crib,am_workspace,am_pool,am_grill,am_gym,am_elevator,am_beach,am_seaview,am_spa,am_parking,am_dishwasher,tx_family,tx_couple,tx_group,tx_biz,tx_long,tx_luxury,tx_seafront,pets_ok,guests,bedrooms,beds,baths,beds_per_bed,guests_per_bed,cleaning_fee_c,price_wd,price_we,weekend_price_premium,occ_wd,occ_we,weekend_occ_lift,occ_high,occ_low,season_concentration,segment
1977915,0.8141732046155119,79382.90250407282,917.4734895634832,105,3,6,apartamento,42,4.880000114440918,False,240.0,42,0,2.0,True,False,Meia Praia,Meia Praia (beach band),0.2044479273546331,424,1979,158951.07938171836,0.7327558841539608,3,0,0,0,1,0,1,1,1,0,1,1,0,1,0,0,0,0,1,0,6,3,3,2.0,1.0,2.0,240.0,850.0,850.0,0.0,1.0,1.0,0.0,,0.0,,Alto padrão e frente-mar
2951220,0.3364946358002191,29907.481596381265,805.2603567748625,105,3,5,apartamento,236,4.880000114440918,False,200.0,16,0,2.0,False,False,Tabuleiro dos Oliveiras,Tabuleiro dos Oliveiras,0.2347416699857953,98,416,59884.765250171855,0.3028451722201972,3,0,1,1,1,1,1,1,1,0,1,0,0,0,1,0,0,0,0,1,5,3,4,2.0,1.3333333333333333,1.6666666666666667,200.0,670.0,688.5,0.027611940298507553,0.33333333333333337,0.5,0.16666666666666663,0.7142857142857143,0.0,0.7142857142857143,Alto padrão e frente-mar
3263701,0.9709971145975972,151609.39161712196,1484.358669324412,105,4,12,apartamento,42,4.900000095367432,False,250.0,62,0,4.0,False,False,Meia Praia,Meia Praia (beach band),0.074985328013713,379,1905,303572.62939221435,0.8738974031378376,4,0,0,0,1,0,1,1,0,0,1,0,1,1,0,0,0,0,0,0,12,4,4,4.0,1.0,3.0,250.0,1650.0,1650.0,0.0,1.0,1.0,0.0,,0.8378378378378378,,Alto padrão e frente-mar
3977675,0.8140311212882754,20546.586706078197,237.50776581863897,105,0,5,apartamento,21,4.619999885559082,False,50.0,8,0,1.0,False,False,Meia Praia,Meia Praia (inland),0.9309929023905876,11,704,41141.12776833317,0.7326280091594478,0,0,0,0,0,0,0,0,0,0,1,0,0,1,0,0,0,0,0,1,5,0,3,1.0,3.0,5.0,50.0,198.0,198.0,0.0,0.33333333333333337,0.25,-0.08333333333333337,0.6785714285714286,0.5405405405405406,0.13803088803088803,Casais e escapadas curtas
6569062,0.0394652234629495,3315.4662600061756,740.1300761622404,105,3,6,apartamento,21,4.949999809265137,False,250.0,13,0,2.0,True,False,Meia Praia,Meia Praia (beach band),0.1482290476573018,158,625,6638.670596034361,0.0355187011166545,3,0,1,0,1,0,1,1,0,0,1,0,0,0,1,0,0,0,0,0,6,3,3,2.0,1.0,2.0,250.0,750.0,750.0,0.0,0.0,0.0,0.0,0.0,0.027027027027026973,-0.027027027027026973,Famílias
8287843,0.6720096971976683,48274.783762517865,669.1479601443511,105,2,6,apartamento,42,4.880000114440918,False,270.0,16,0,2.0,True,True,Meia Praia,Meia Praia (beach band),0.0628020033345261,264,1344,96662.23763457856,0.6048087274779015,2,0,0,0,1,0,1,1,0,0,1,0,0,1,0,0,0,0,1,0,6,2,2,2.0,1.0,3.0,270.0,700.0,700.0,0.0,0.8888888888888888,1.0,0.11111111111111116,0.8928571428571429,0.0,0.8928571428571429,Famílias
8838629,0.7929502547481151,66624.93196747724,789.4784371055215,105,3,15,apartamento,88,4.699999809265137,True,200.0,40,0,2.0,False,True,Morretes,Morretes,0.0254974837167355,91,691,133405.3620604352,0.7136552292733036,3,0,1,0,1,0,1,1,1,0,1,0,0,1,0,0,0,0,1,1,15,3,11,2.0,3.6666666666666665,5.0,200.0,650.0,650.0,0.0,0.8888888888888888,1.0,0.11111111111111116,0.8928571428571429,0.08108108108108103,0.8117760617760619,Alto padrão e frente-mar
8936081,0.957303590077822,52733.87085947364,523.236493485427,105,2,5,apartamento,35,4.889999866485596,False,250.0,25,0,2.0,False,False,Meia Praia,Meia Praia (beach band),0.0225791928714513,285,1829,105590.819038891,0.8615732310700398,2,0,0,0,1,0,1,1,0,0,1,0,1,1,0,0,0,0,1,0,5,2,4,2.0,2.0,2.5,250.0,460.0,460.0,0.0,1.0,1.0,0.0,,0.4864864864864865,,Famílias
9327293,0.9477554871855214,93653.30216645788,938.0442837530428,105,4,9,apartamento,50,4.960000038146973,False,450.0,40,0,3.0,True,True,Meia Praia,Meia Praia (beach band),0.0542192940571108,317,1908,187525.18486278516,0.8529799384669693,4,0,0,0,0,0,1,1,0,0,1,0,1,0,0,0,0,0,1,0,9,4,5,3.0,1.25,2.25,450.0,900.0,900.0,0.0,0.5555555555555556,0.75,0.19444444444444442,0.8214285714285714,0.5405405405405406,0.2808880308880308,Grupos e amigos
9658725,0.9888152928942624,35328.52129155749,340.0334496018014,105,2,6,apartamento,165,4.639999866485596,False,250.0,14,0,2.0,False,True,Meia Praia,Meia Praia (beach band),0.1901203553462863,67,1592,70739.49698381175,0.8899337636048362,2,0,0,0,0,0,1,1,0,0,1,0,0,0,0,0,0,0,0,1,6,2,3,2.0,1.5,3.0,250.0,300.0,300.0,0.0,1.0,1.0,0.0,,0.7297297297297297,,Famílias
9784227,0.9759298865692324,45904.476450492526,447.3018013403739,105,2,6,apartamento,24,4.539999961853027,False,180.0,51,0,2.0,False,True,Meia Praia,Meia Praia (beach band),0.2476052791794633,209,1110,91916.0908721384,0.8783368979123092,2,0,0,0,0,0,0,0,0,0,1,0,0,0,0,0,0,0,0,1,6,2,4,2.0,2.0,3.0,180.0,480.0,480.0,0.0,1.0,1.0,0.0,0.9285714285714286,,,Famílias
10340400,0.9960650349005848,35105.41408571406,335.57685363790347,105,3,6,apartamento,55,4.929999828338623,False,250.0,18,0,2.0,True,True,Meia Praia,Meia Praia (beach band),0.2969640446506418,436,1995,70292.76185486089,0.8964585314105263,3,1,0,0,1,0,1,0,0,0,1,0,0,0,0,0,0,0,0,1,6,3,4,2.0,1.3333333333333333,2.0,250.0,300.0,300.0,0.0,1.0,1.0,0.0,,0.8918918918918919,,Famílias
10982940,0.5207216675649109,106481.63754218216,1882.415311991902,105,4,8,apartamento,7,5.0,False,300.0,35,0,4.0,False,False,Meia Praia,Meia Praia (beach band),0.1099770450178676,256,1201,213211.79608914387,0.4686495008084198,4,0,0,0,0,0,1,1,0,0,1,0,1,0,0,0,0,1,0,1,8,4,5,4.0,1.25,2.0,300.0,1800.0,1800.0,0.0,0.33333333333333337,0.25,-0.08333333333333337,0.6785714285714286,0.0,0.6785714285714286,Alto padrão e frente-mar
11044577,0.7671725628000589,33838.785241984006,413.70447806975153,105,1,4,apartamento,26,4.380000114440918,False,306.0,40,0,1.0,False,True,Centro,Centro,0.2394284283726012,179,747,67756.54794057901,0.6904553065200529,1,0,1,0,0,0,0,1,0,0,1,0,0,0,0,0,0,0,0,1,4,1,1,1.0,1.0,4.0,306.0,378.0,378.0,0.0,1.0,1.0,0.0,0.8571428571428572,0.3513513513513513,0.5057915057915059,Casais e escapadas curtas
11567423,0.7773576250295701,75287.52904010726,909.035201018411,105,3,6,apartamento,24,4.880000114440918,False,400.0,41,0,2.0,False,True,Centro,Centro,0.0847708456680579,152,746,150750.77412662678,0.6996218625266131,3,0,0,0,1,0,1,1,0,0,1,0,0,0,0,0,0,0,0,1,6,3,4,2.0,1.3333333333333333,2.0,400.0,790.0,790.0,0.0,0.8888888888888888,0.9166666666666666,0.02777777777777779,0.7142857142857143,0.05405405405405406,0.6602316602316602,Famílias
12067632,0.9626588206700616,72625.46775378252,716.8374291410108,105,3,8,apartamento,21,5.0,False,350.0,35,0,3.0,True,False,Meia Praia,Meia Praia (inland),0.5306211560406882,273,1927,145420.43848136746,0.8663929386030554,3,0,0,0,1,0,1,0,0,0,1,0,1,1,0,0,0,0,0,1,8,3,3,3.0,1.0,2.6666666666666665,350.0,720.0,720.0,0.0,1.0,1.0,0.0,,0.7027027027027026,,Grupos e amigos
12359560,0.9357879473627332,77046.03357212445,780.9794926097552,105,3,6,apartamento,29,4.789999961853027,False,295.0,30,0,3.0,False,False,Meia Praia,Meia Praia (beach band),0.0341250878489539,176,1102,154271.88742236997,0.84220915262646,3,0,0,0,0,0,1,1,0,0,1,0,0,0,0,0,0,0,0,1,6,3,4,3.0,1.3333333333333333,2.0,295.0,550.0,790.0,0.4363636363636363,1.0,1.0,0.0,,0.027027027027026973,,Famílias
12490354,0.6433343904492206,52976.68897292628,765.4015343990568,105,3,6,apartamento,42,4.980000019073486,False,250.0,39,0,2.0,True,False,Centro,Centro,0.1834328018034471,167,679,106077.02198699748,0.5790009514042985,3,0,1,0,1,0,1,1,0,0,1,0,0,1,0,0,0,0,0,0,6,3,3,2.0,1.0,2.0,250.0,749.0,749.0,0.0,1.0,1.0,0.0,0.9642857142857143,0.4054054054054054,0.5588803088803089,Famílias
12931525,0.9225514332447602,47530.04591784092,488.2891761395222,105,3,6,apartamento,20,4.849999904632568,True,300.0,23,0,1.0,False,False,Meia Praia,Meia Praia (beach band),0.2220311048196698,392,1878,95171.0237770134,0.8302962899202841,3,0,0,0,1,0,1,1,0,0,1,0,1,0,1,0,0,0,0,1,6,3,3,1.0,1.0,2.0,300.0,400.0,400.0,0.0,0.9259259259259259,1.0,0.07407407407407407,0.9642857142857143,0.0,0.9642857142857143,Famílias
13522176,0.940568540689624,217893.93664526657,2198.130555324115,105,5,15,apartamento,144,4.829999923706055,False,435.0,34,0,6.0,False,False,Meia Praia,Meia Praia (beach band),0.1750326821324569,448,1971,436296.42313368333,0.8465116866206618,4,0,0,0,1,0,1,1,1,0,1,0,1,0,0,0,0,0,1,1,15,5,7,6.0,1.4,3.0,435.0,2300.0,2700.0,0.17391304347826098,1.0,1.0,0.0,,0.7297297297297297,,Alto padrão e frente-mar
14872547,0.6339229057971574,40586.573206082045,594.6704663178544,105,2,5,apartamento,32,4.690000057220459,False,230.0,44,0,2.0,False,False,Meia Praia,Meia Praia (beach band),0.0820415612594145,286,1692,81267.87275359302,0.5705306152174416,2,0,0,0,1,0,1,1,0,0,1,0,0,1,0,0,0,0,0,0,5,2,2,2.0,1.0,2.5,230.0,673.5,690.75,0.025612472160356337,1.0,1.0,0.0,0.75,0.5405405405405406,0.20945945945945943,Famílias
14884678,0.9370715941304374,68396.68154056015,692.4119063476974,105,3,6,apartamento,20,4.699999809265137,False,250.0,28,0,2.0,False,False,Meia Praia,Meia Praia (beach band),0.0447233274787981,341,1871,136952.9963513479,0.8433644347173936,3,0,0,0,1,0,0,1,1,0,1,0,1,1,0,0,0,0,1,0,6,3,3,2.0,1.0,2.0,250.0,595.0,595.0,0.0,1.0,1.0,0.0,,0.0,,Famílias
15024197,0.9775894577815988,75307.32799547224,732.6386088113964,105,3,8,apartamento,12,4.75,False,250.0,24,0,2.0,False,False,Centro,Centro,0.1338594290247403,182,726,150790.4182467915,0.879830512003439,3,0,0,0,1,0,1,1,0,0,1,0,1,0,0,0,0,0,0,1,8,3,5,2.0,1.6666666666666667,2.6666666666666665,250.0,800.0,800.0,0.0,1.0,1.0,0.0,0.8571428571428572,,,Grupos e amigos
15500038,0.5428667370218169,30212.89126691889,513.2473730083033,105,3,9,apartamento,25,4.880000114440918,False,300.0,12,0,2.0,True,False,Meia Praia,Meia Praia (beach band),0.1733525600522941,221,1116,60496.29739694715,0.4885800633196352,3,0,0,0,0,0,1,0,0,0,1,0,1,0,0,0,0,0,0,1,9,3,4,2.0,1.3333333333333333,3.0,300.0,455.6,428.2,-0.060140474100087826,0.7407407407407407,0.6666666666666667,-0.07407407407407396,0.4285714285714286,0.0,0.4285714285714286,Grupos e amigos
15523493,0.8472898195872092,58977.40482827014,656.4630950738945,105,3,8,apartamento,96,4.960000038146973,False,250.0,30,0,2.0,True,True,Meia Praia,Meia Praia (beach band),0.0627830293090253,353,1882,118092.458966276,0.7625608376284883,3,0,1,0,1,0,1,0,1,0,1,0,1,1,0,1,0,0,0,1,8,3,6,2.0,2.0,2.6666666666666665,250.0,800.0,450.0,-0.4375,0.8888888888888888,1.0,0.11111111111111116,0.8571428571428572,0.21621621621621623,0.640926640926641,Grupos e amigos
15549803,0.9307284457857178,74466.42861794021,758.689798877887,105,4,8,apartamento,82,4.929999828338623,False,350.0,53,0,3.0,True,False,Morretes,Morretes,0.0690463372872632,96,678,149106.656888944,0.837655601207146,4,0,0,0,1,0,1,1,1,0,1,0,1,1,0,0,0,0,1,0,8,4,6,3.0,1.5,2.0,350.0,490.0,490.0,0.0,0.5185185185185186,0.8333333333333334,0.31481481481481477,0.6071428571428572,0.08108108108108103,0.5260617760617762,Grupos e amigos
15732070,0.8497197356182465,70377.15586706327,781.237924926284,105,3,6,apartamento,40,4.949999809265137,False,240.0,17,0,3.0,False,False,Meia Praia,Meia Praia (beach band),0.0213160850717031,130,550,140918.56729868508,0.7647477620564219,3,1,0,0,0,0,0,1,0,0,1,1,0,0,0,0,0,1,0,0,6,3,4,3.0,1.3333333333333333,2.0,240.0,766.5,790.0,0.030658838878016903,0.9444444444444444,0.875,-0.06944444444444442,0.7857142857142857,0.5405405405405406,0.24517374517374513,Famílias
15754075,0.9211146266778966,70056.24576592224,720.7631787169712,105,3,9,apartamento,36,4.920000076293945,False,450.0,37,0,3.0,True,True,Meia Praia,Meia Praia (beach band),0.0464383077889296,260,1439,140275.99811373692,0.8290031640101069,3,0,0,0,1,0,1,0,0,0,1,0,1,1,0,0,0,0,1,0,9,3,5,3.0,1.6666666666666667,3.0,450.0,600.0,600.0,0.0,0.8888888888888888,0.9166666666666666,0.02777777777777779,0.8571428571428572,0.5405405405405406,0.31660231660231664,Grupos e amigos
15791567,0.9294995309509378,62035.15989344204,632.8216823164682,105,3,10,apartamento,22,4.090000152587891,False,300.0,26,0,3.0,False,False,Meia Praia,Meia Praia (beach band),0.0733751995096905,308,1819,124215.10569198692,0.836549577855844,3,0,0,0,0,0,1,0,0,0,0,0,0,1,0,0,0,0,1,1,10,3,5,3.0,1.6666666666666667,3.3333333333333335,300.0,550.0,550.0,0.0,1.0,1.0,0.0,,0.4054054054054054,,Grupos e amigos
15909831,0.6780563018779502,58470.10995915232,803.6016115309479,105,3,6,apartamento,32,4.940000057220459,False,190.0,26,0,3.0,True,True,Meia Praia,Meia Praia (beach band),0.0132179399034404,117,511,117076.6852358188,0.6102506716901552,3,1,0,0,1,0,0,1,0,0,1,1,0,1,0,0,0,1,0,0,6,3,4,3.0,1.3333333333333333,2.0,190.0,790.0,790.0,0.0,1.0,1.0,0.0,0.9642857142857143,0.0,0.9642857142857143,Famílias
15934309,0.7560595763635639,69365.65398030914,859.837849429039,105,3,8,apartamento,32,4.940000057220459,False,320.0,23,0,2.0,False,False,Meia Praia,Meia Praia (beach band),0.1632154158713818,431,1976,138893.202747572,0.6804536187272076,3,0,0,0,0,0,1,0,0,0,1,0,1,1,1,1,0,0,0,0,8,3,3,2.0,1.0,2.6666666666666665,320.0,790.0,790.0,0.0,1.0,1.0,0.0,,0.0,,Grupos e amigos
15980018,0.9873767332107882,52101.272180473075,502.15542760162856,105,2,5,apartamento,103,4.900000095367432,False,130.0,26,0,2.0,True,False,Centro,Centro,0.0470254171484959,141,550,104324.14523797488,0.8886390598897094,2,0,0,0,1,0,1,1,1,0,1,1,1,1,0,0,0,0,0,0,5,2,6,2.0,3.0,2.5,130.0,400.0,400.0,0.0,1.0,1.0,0.0,,0.4054054054054054,,Famílias
15980108,0.9092281561360548,159404.13805022926,1660.173992631283,105,4,10,apartamento,26,4.849999904632568,False,180.0,20,0,3.0,True,True,Meia Praia,Meia Praia (beach band),0.0311551807607893,164,1059,319180.3146741381,0.8183053405224494,4,0,0,1,1,0,1,1,0,0,1,0,1,0,1,0,0,0,1,1,10,4,5,3.0,1.25,2.5,180.0,1500.0,1500.0,0.0,1.0,1.0,0.0,,0.3513513513513513,,Alto padrão e frente-mar
16017693,0.9253598856249616,77297.70595121953,791.8329308154183,105,3,7,apartamento,41,4.900000095367432,True,350.0,23,0,3.0,True,True,Meia Praia,Meia Praia (beach band),0.3154271686418799,308,1451,154775.81956702386,0.8328238970624655,3,0,0,0,1,0,1,0,0,0,1,0,1,0,1,0,0,0,0,1,7,3,4,3.0,1.3333333333333333,2.3333333333333335,350.0,910.0,910.0,0.0,0.7777777777777778,0.8333333333333334,0.05555555555555558,0.7142857142857143,0.8108108108108107,-0.09652509652509644,Famílias
16105751,0.9643777353290132,32370.13638795092,318.96884845104745,105,2,4,apartamento,138,4.860000133514404,False,250.0,19,0,2.0,True,True,Centro,Centro,0.2038749765836531,179,729,64815.82250452803,0.867939961796112,2,0,0,0,1,0,0,1,0,0,1,0,1,1,0,1,0,0,0,1,4,2,2,2.0,1.0,2.0,250.0,250.0,250.0,0.0,0.9259259259259259,0.9166666666666666,-0.0092592592592593,0.8928571428571429,0.2432432432432432,0.6496138996138997,Casais e escapadas curtas
16177778,0.3197370396630567,27116.406066085565,767.2027631897428,105,3,8,apartamento,9,5.0,False,300.0,17,0,3.0,False,False,Meia Praia,Meia Praia (beach band),0.3076014312247919,312,1493,54296.10000637276,0.287763335696751,3,0,0,0,0,0,1,0,0,0,1,0,0,0,0,0,0,0,0,0,8,3,4,3.0,1.3333333333333333,2.6666666666666665,300.0,824.8,600.0,-0.2725509214354995,0.5925925925925926,0.6666666666666667,0.07407407407407418,0.4642857142857143,0.0,0.4642857142857143,Grupos e amigos
16253828,0.6595722005230814,119211.71427503068,1682.0154195526466,105,3,7,apartamento,24,4.960000038146973,False,420.0,22,0,2.0,False,False,Meia Praia,Meia Praia (beach band),0.0251146395178744,203,1415,238701.66070066465,0.5936149804707733,3,0,0,0,1,0,1,1,0,0,1,0,1,1,0,0,0,0,1,0,7,3,4,2.0,1.3333333333333333,2.3333333333333335,420.0,1599.5,1644.0,0.027821194123163417,0.8888888888888888,0.8333333333333334,-0.05555555555555547,0.8214285714285714,0.027027027027026973,0.7944015444015444,Alto padrão e frente-mar
16321793,0.6531789108429822,38820.96764822697,552.839057944526,105,3,7,apartamento,31,4.96999979019165,False,250.0,25,0,2.0,True,False,Meia Praia,Meia Praia (beach band),0.2122253636567486,174,826,77732.54083285574,0.587861019758684,3,0,0,0,1,0,1,1,0,0,1,0,1,0,1,0,0,0,0,1,7,3,5,2.0,1.6666666666666667,2.3333333333333335,250.0,450.0,450.0,0.0,0.8888888888888888,0.75,-0.13888888888888884,0.8571428571428572,0.0,0.8571428571428572,Famílias
16350860,0.6893206696883208,48431.23537762716,655.2978758376721,105,2,5,apartamento,10,4.900000095367432,False,230.0,34,0,2.0,True,False,Meia Praia,Meia Praia (beach band),0.1293634795159983,205,996,96975.50601238017,0.6203886027194888,2,0,0,0,0,0,1,0,0,0,1,0,0,1,0,0,0,0,0,0,5,2,2,2.0,1.0,2.5,230.0,663.0,640.0,-0.03469079939668174,1.0,1.0,0.0,,0.0,,Famílias
16451544,0.9692948084128136,60522.96273249969,593.5383864099568,105,3,6,apartamento,11,5.0,False,200.0,14,0,2.0,True,False,Centro,Centro,0.1909433302256742,174,740,121187.18200328804,0.8723653275715322,3,0,0,0,1,0,0,1,1,0,1,0,1,0,1,0,0,0,1,1,6,3,4,2.0,1.3333333333333333,2.0,200.0,500.0,500.0,0.0,1.0,1.0,0.0,,0.2432432432432432,,Famílias
16527828,0.3016481851594579,36680.07477186121,1098.192157393442,105,4,8,apartamento,18,4.829999923706055,False,350.0,24,0,3.0,False,False,Meia Praia,Meia Praia (beach band),0.1038061303092256,276,1250,73445.7583796504,0.2714833666435122,4,0,1,0,1,0,0,1,1,0,1,0,1,1,1,0,0,1,1,0,8,4,8,3.0,2.0,2.0,350.0,1050.0,1050.0,0.0,0.33333333333333337,0.0,-0.33333333333333337,0.6428571428571428,0.0,0.6428571428571428,Alto padrão e frente-mar
16570256,0.8486760794818189,47402.031275311456,526.8075175377036,105,3,10,apartamento,13,4.769999980926514,False,250.0,14,0,3.0,False,False,Meia Praia,Meia Praia (inland),0.4047937572631149,347,1960,94914.69571435938,0.7638084715336371,3,0,0,0,0,0,1,0,0,0,1,0,1,0,0,0,0,0,0,0,10,3,7,3.0,2.3333333333333335,3.3333333333333335,250.0,523.0,526.2143,0.006145889101338398,1.0,1.0,0.0,,0.3783783783783784,,Grupos e amigos
16586622,0.7929502547481151,55837.426758203925,661.6508731382958,105,3,6,apartamento,30,4.829999923706055,False,0.0,111,0,2.0,False,True,Meia Praia,Meia Praia (beach band),0.0892978645083002,286,1358,111805.17432779426,0.7136552292733036,3,0,1,0,1,0,1,1,1,0,1,0,1,1,0,0,0,1,0,1,6,3,3,2.0,1.0,2.0,0.0,600.0,600.0,0.0,0.962962962962963,0.8333333333333334,-0.12962962962962965,0.8928571428571429,0.0,0.8928571428571429,Famílias
16618715,0.4824144140509576,42774.86823194095,813.6507902005544,105,3,8,apartamento,59,4.920000076293945,False,189.0,15,0,2.0,True,False,Meia Praia,Meia Praia (beach band),0.0901546695382843,378,1924,85649.5701392243,0.4341729726458619,3,0,0,0,1,0,1,1,0,0,1,0,0,0,0,0,0,0,0,1,8,3,3,2.0,1.0,2.6666666666666665,189.0,790.0,790.0,0.0,0.7777777777777778,0.6666666666666667,-0.11111111111111105,0.6071428571428572,0.0,0.6071428571428572,Grupos e amigos
16644316,0.5742334153927277,50308.82521173279,809.9756852529732,105,3,8,apartamento,12,5.0,False,300.0,36,0,2.0,False,False,Meia Praia,Meia Praia (beach band),0.0221510533998484,179,1652,100735.06784941327,0.5168100738534549,3,0,0,0,1,0,1,1,0,0,1,0,1,0,0,0,0,0,0,1,8,3,3,2.0,1.0,2.6666666666666665,300.0,770.0,770.0,0.0,0.11111111111111116,0.0,-0.11111111111111116,0.5357142857142857,0.3783783783783784,0.1573359073359073,Grupos e amigos
16662563,0.6955236044456874,129401.25554276064,1736.0384316396846,105,4,11,apartamento,56,4.880000114440918,True,350.0,61,0,3.0,False,False,Meia Praia,Meia Praia (beach band),0.0856360112295733,313,1798,259104.52494245957,0.6259712440011187,4,0,0,0,0,0,1,1,0,0,1,0,0,0,0,0,0,0,0,1,11,4,7,3.0,1.75,2.75,350.0,1728.0,1728.0,0.0,0.8888888888888888,0.8333333333333334,-0.05555555555555547,0.8214285714285714,0.5405405405405406,0.2808880308880308,Alto padrão e frente-mar
16992951,0.7648315909623116,53644.340896473695,657.7412724539139,105,3,8,apartamento,11,5.0,False,250.0,17,0,2.0,True,True,Centro,Centro,0.1713671500747762,170,680,107413.88408893054,0.6883484318660804,3,0,1,0,0,0,1,0,0,0,1,0,0,1,0,0,0,0,0,0,8,3,5,2.0,1.6666666666666667,2.6666666666666665,250.0,500.0,500.0,0.0,0.7777777777777778,0.8333333333333334,0.05555555555555558,0.5357142857142857,0.0,0.5357142857142857,Grupos e amigos
17013106,0.7063100263334595,135609.43053320574,1792.9579790884325,105,4,8,apartamento,29,4.659999847412109,False,350.0,62,0,4.0,False,False,Morretes,Morretes,0.0467726121947052,19,450,271535.36438765633,0.6356790237001135,4,0,0,0,1,0,1,1,0,0,1,0,0,0,0,0,0,0,1,1,8,4,6,4.0,1.5,2.0,350.0,1500.0,1500.0,0.0,0.5555555555555556,0.5,-0.05555555555555558,0.7857142857142857,0.3783783783783784,0.4073359073359073,Alto padrão e frente-mar
17294276,0.947240884608376,99742.31391429226,999.542866998186,105,4,9,apartamento,21,4.949999809265137,False,300.0,27,0,4.0,False,False,Meia Praia,Meia Praia (beach band),0.1082102367980525,396,1937,199717.41970373943,0.8525167961475383,4,0,0,0,0,0,1,1,0,0,1,0,1,0,0,0,0,0,0,0,9,4,5,4.0,1.25,2.25,300.0,850.0,850.0,0.0,0.962962962962963,0.8333333333333334,-0.12962962962962965,0.8928571428571429,0.3513513513513513,0.5415057915057916,Grupos e amigos
17570590,0.7696643082045523,135186.70620218132,1647.6963368112831,105,4,10,apartamento,45,4.820000171661377,True,420.0,32,0,3.0,True,False,Meia Praia,Meia Praia (beach band),0.0332277635904195,256,1376,270688.92911535327,0.6926978773840972,4,1,0,0,1,0,1,1,1,0,1,0,1,0,0,0,0,0,0,0,10,4,6,3.0,1.5,2.5,420.0,1574.0,1574.0,0.0,0.8333333333333334,0.875,0.04166666666666663,0.8571428571428572,0.0,0.8571428571428572,Alto padrão e frente-mar
18395333,0.7891659313137894,55311.811577271736,658.3928500552291,105,3,8,apartamento,63,4.980000019073486,False,450.0,26,0,3.0,True,False,Meia Praia,Meia Praia (beach band),0.006681384972484,230,1769,110752.7172153285,0.7102493381824105,3,0,0,0,1,0,1,0,0,0,1,0,0,0,0,0,0,0,0,1,8,3,6,3.0,2.0,2.6666666666666665,450.0,600.0,600.0,0.0,1.0,1.0,0.0,,0.08108108108108103,,Grupos e amigos
18505349,0.9700809341161236,77193.80536924422,756.4501728976954,105,3,6,apartamento,23,4.829999923706055,False,380.0,27,0,2.0,True,False,Centro,Centro,0.0624094729092445,72,430,154567.77590607916,0.8730728407045114,3,0,0,0,1,0,1,1,1,0,1,0,0,0,0,0,0,0,0,0,6,3,4,2.0,1.3333333333333333,2.0,380.0,650.0,650.0,0.0,1.0,1.0,0.0,,0.18918918918918914,,Famílias
18506998,0.9862709351491392,45447.74088588245,438.4893709455906,105,2,4,apartamento,29,5.0,False,180.0,22,0,2.0,True,False,Centro,Centro,0.1832137669359002,180,747,91001.55375272447,0.8876438416342252,2,0,1,0,1,0,1,1,0,0,1,0,0,0,0,0,0,0,0,0,4,2,3,2.0,1.5,2.0,180.0,350.0,350.0,0.0,1.0,1.0,0.0,,0.5405405405405406,,Casais e escapadas curtas
18735821,0.8735482489270454,25626.785329419297,277.1546602009979,105,2,8,apartamento,10,4.199999809265137,False,250.0,15,0,2.0,False,False,Meia Praia,Meia Praia (beach band),0.3180419119015928,424,1832,51313.38185808704,0.7861934240343409,2,0,0,0,0,0,1,0,0,0,1,0,0,0,0,0,0,0,0,1,8,2,3,2.0,1.5,4.0,250.0,250.0,250.0,0.0,1.0,1.0,0.0,,0.3783783783783784,,Grupos e amigos
20555680,0.978713269045917,26418.093525770277,256.7351984720214,105,1,4,apartamento,12,4.829999923706055,False,150.0,18,0,1.0,False,False,Centro,Centro,0.0190665493619235,117,511,52897.845111079536,0.8808419421413254,1,0,0,0,0,0,0,0,0,0,1,0,0,1,0,0,0,0,0,1,4,1,1,1.0,1.0,4.0,150.0,200.0,200.0,0.0,1.0,1.0,0.0,,0.4864864864864865,,Casais e escapadas curtas
20618105,0.8947398175530681,56010.499878041985,592.2310647558571,105,2,5,apartamento,15,4.730000019073486,False,300.0,31,0,2.0,False,False,Meia Praia,Meia Praia (inland),0.3715939238009058,393,1714,112151.72450853136,0.8052658357977613,2,0,0,0,1,0,1,1,0,0,0,0,1,1,0,0,0,0,0,0,5,2,2,2.0,1.0,2.5,300.0,634.3333,640.0,0.00893331628656413,0.5185185185185186,0.6666666666666667,0.14814814814814814,0.5714285714285714,,,Famílias
20863370,0.980120899398308,62283.12232654072,604.4607788254298,105,3,7,apartamento,25,4.880000114440918,False,410.0,41,0,3.0,False,False,Meia Praia,Meia Praia (beach band),0.0971804939614985,283,1281,124711.6092858827,0.8821088094584771,3,0,1,0,0,0,1,1,0,0,1,1,1,0,0,0,0,1,0,0,7,3,5,3.0,1.6666666666666667,2.3333333333333335,410.0,500.0,500.0,0.0,1.0,1.0,0.0,,0.5135135135135135,,Famílias
20943549,0.8108049645252923,37992.30585042474,440.82126647553264,105,2,6,apartamento,27,4.960000038146973,False,220.0,24,0,2.0,True,False,Meia Praia,Meia Praia (beach band),0.2314169182120213,449,1991,76073.28319615868,0.729724468072763,2,0,0,0,0,0,1,0,0,0,1,0,0,1,0,0,0,0,0,0,6,2,2,2.0,1.0,3.0,220.0,400.0,400.0,0.0,1.0,1.0,0.0,0.7142857142857143,0.0,0.7142857142857143,Famílias
21025393,0.9562993731459648,73188.66517997379,726.9098936442135,105,3,6,apartamento,23,4.909999847412109,False,250.0,22,0,3.0,True,False,Meia Praia,Meia Praia (beach band),0.0835838519653268,173,952,146548.14779879278,0.8606694358313682,3,0,1,0,0,0,1,1,0,0,1,0,1,0,0,0,0,0,0,0,6,3,5,3.0,1.6666666666666667,2.0,250.0,750.0,750.0,0.0,1.0,1.0,0.0,,0.5405405405405406,,Famílias
21077682,0.7659217243891694,65677.23495166696,804.1939275270926,105,4,10,apartamento,31,4.96999979019165,False,300.0,30,0,3.0,True,False,Meia Praia,Meia Praia (beach band),0.171665433242862,334,1317,131507.7561675019,0.6893295519502525,4,0,0,0,1,0,1,1,0,0,1,0,1,1,1,0,0,0,0,1,10,4,8,3.0,2.0,2.5,300.0,670.3333,693.5,0.03455997188264415,0.9444444444444444,0.75,-0.19444444444444442,0.75,0.3513513513513513,0.3986486486486487,Grupos e amigos
21091876,0.3295729381379353,28384.568529270862,779.8155637754239,105,3,6,apartamento,11,4.909999847412109,False,350.0,24,0,2.0,False,False,Meia Praia,Meia Praia (beach band),0.0527294522571041,187,1391,56835.38473893013,0.2966156443241418,3,0,0,0,0,0,1,0,0,0,1,1,1,0,0,0,0,0,0,0,6,3,3,2.0,1.0,2.0,350.0,700.0,700.0,0.0,0.14814814814814814,0.0,-0.14814814814814814,0.1071428571428571,0.0,0.1071428571428571,Famílias
21103486,0.7813712499336896,30453.92972519262,365.9199375222483,105,3,6,apartamento,8,5.0,False,250.0,29,0,2.0,False,False,Meia Praia,Meia Praia (inland),0.4051690706210821,348,1498,60978.936881099915,0.7032341249403207,3,0,0,0,0,0,1,0,0,0,1,0,0,0,0,0,0,0,0,1,6,3,3,2.0,1.0,2.0,250.0,350.0,350.0,0.0,1.0,1.0,0.0,0.6428571428571428,0.29729729729729726,0.34555984555984554,Famílias
21103807,0.5093112774466897,54763.91390432928,988.8964827084894,105,5,10,apartamento,38,4.96999979019165,False,350.0,26,0,4.0,True,True,Meia Praia,Meia Praia (beach band),0.189158093776582,388,1828,109655.6431129994,0.4583801497020207,4,0,0,0,0,0,1,0,0,0,1,0,1,1,1,0,0,0,0,1,10,5,8,4.0,1.6,2.0,350.0,1450.0,1025.0,-0.2931034482758621,1.0,1.0,0.0,0.75,0.3513513513513513,0.3986486486486487,Grupos e amigos
21280090,0.8174773149556831,78723.35850317257,906.3777364265912,105,3,8,apartamento,36,5.0,False,150.0,37,0,2.0,True,False,Meia Praia,Meia Praia (beach band),0.1429943375303865,292,1250,157630.45204842766,0.7357295834601149,3,1,0,0,1,0,0,1,0,0,1,0,1,1,1,0,0,0,0,1,8,3,5,2.0,1.6666666666666667,2.6666666666666665,150.0,850.0,850.0,0.0,0.9259259259259259,0.6666666666666667,-0.2592592592592592,0.8928571428571429,0.0,0.8928571428571429,Grupos e amigos
21295667,0.884968075369316,66762.96279151806,713.26204887837,105,3,9,apartamento,31,4.869999885559082,False,320.0,44,0,4.0,True,False,Meia Praia,Meia Praia (beach band),0.2603074705407709,389,1625,133681.74586320823,0.7964712678323844,3,0,0,0,0,0,1,0,0,0,1,0,1,0,0,0,0,0,0,1,9,3,3,4.0,1.0,3.0,320.0,517.0,517.0,0.0,1.0,1.0,0.0,,0.0,,Grupos e amigos
21324331,0.943971154386698,73774.7767969332,741.722919139963,105,2,6,apartamento,195,4.900000095367432,False,100.0,42,0,1.0,True,True,Meia Praia,Meia Praia (beach band),0.1267793883478222,352,1877,147721.73897793976,0.8495740389480281,2,0,1,0,1,0,1,1,0,0,1,0,1,1,0,0,0,0,0,1,6,2,4,1.0,2.0,3.0,100.0,695.0,804.0,0.15683453237410072,1.0,1.0,0.0,,0.8648648648648649,,Famílias
21397811,0.7011267205731669,54802.17806945079,729.6463432443775,105,3,8,apartamento,19,4.889999866485596,False,350.0,50,0,2.0,True,False,Meia Praia,Meia Praia (beach band),0.0150457862061125,246,1785,109732.26074923904,0.6310140485158503,3,0,0,0,1,0,1,1,0,0,1,0,0,0,0,0,0,0,1,1,8,3,8,2.0,2.6666666666666665,2.6666666666666665,350.0,600.0,600.0,0.0,0.8518518518518519,0.9166666666666666,0.06481481481481477,0.8214285714285714,0.10810810810810811,0.7133204633204633,Grupos e amigos
21436592,0.5820273474747144,32906.77580102197,523.0286088205536,105,3,9,apartamento,18,4.71999979019165,False,350.0,15,0,3.0,False,False,Meia Praia,Meia Praia (inland),0.3982984912142298,373,2002,65890.3538110904,0.523824612727243,3,0,0,0,0,0,0,1,0,0,1,0,1,0,0,0,0,0,0,0,9,3,3,3.0,1.0,3.0,350.0,490.0,490.0,0.0,0.5555555555555556,1.0,0.4444444444444444,0.6428571428571428,0.5405405405405406,0.10231660231660222,Grupos e amigos
21454457,0.9922233679562656,23185.52818817677,222.43867739246724,105,2,5,apartamento,57,4.809999942779541,False,320.0,39,0,1.0,True,False,Meia Praia,Meia Praia (inland),0.5477852038612598,278,1862,46425.16984506674,0.893001031160639,2,0,0,0,0,0,1,0,0,0,1,0,0,1,0,0,0,0,0,0,5,2,2,1.0,1.0,2.5,320.0,130.0,236.0,0.8153846153846154,1.0,1.0,0.0,,0.7027027027027026,,Famílias
21545686,0.7275684949439919,26416.32733243626,339.5809394878157,105,2,5,apartamento,92,4.760000228881836,False,120.0,11,0,1.0,False,True,Centro,Centro,0.1972950771781124,219,772,52894.30860223464,0.6548116454495927,2,1,0,0,1,0,0,1,0,0,1,0,1,0,0,0,0,0,0,1,5,2,3,1.0,1.5,2.5,120.0,269.0,269.0,0.0,1.0,1.0,0.0,,0.0,,Famílias
21552865,0.9524049663409148,66831.23879996153,666.3185916515647,105,2,6,apartamento,49,4.960000038146973,False,200.0,36,0,2.0,True,True,Meia Praia,Meia Praia (inland),0.3823794767497177,410,1921,133818.45723172245,0.8571644697068233,2,0,0,0,1,0,0,0,0,0,1,0,0,0,0,0,0,0,0,1,6,2,2,2.0,1.0,3.0,200.0,750.0,750.0,0.0,0.8888888888888888,0.75,-0.13888888888888884,0.8571428571428572,,,Famílias
21607605,0.8808401397326392,77624.34290001815,832.9603128411658,105,4,11,apartamento,13,4.849999904632568,False,300.0,31,0,3.0,False,False,Meia Praia,Meia Praia (beach band),0.1320265127002331,373,1882,155429.8558133658,0.7927561257593753,4,0,0,0,0,0,1,0,0,0,1,0,0,1,0,0,0,0,0,1,11,4,5,3.0,1.25,2.75,300.0,650.0,650.0,0.0,1.0,0.75,-0.25,0.9642857142857143,0.10810810810810811,0.8561776061776062,Grupos e amigos
21632405,0.9087751634211992,50573.07881311022,526.9593540120649,105,3,8,apartamento,11,4.820000171661377,False,250.0,40,0,2.0,True,False,Meia Praia,Meia Praia (beach band),0.2702718135152309,448,1981,101264.19180236135,0.8178976470790793,3,0,0,0,1,0,1,1,0,0,1,0,1,0,0,0,0,0,0,1,8,3,3,2.0,1.0,2.6666666666666665,250.0,408.0,408.0,0.0,0.8888888888888888,0.8333333333333334,-0.05555555555555547,0.8214285714285714,0.10810810810810811,0.7133204633204633,Grupos e amigos
21662762,0.947240884608376,32401.010315043535,324.6986907859948,105,3,9,apartamento,157,4.849999904632568,False,280.0,42,0,2.0,True,True,Meia Praia,Meia Praia (inland),0.376098533326521,351,1628,64877.64241638968,0.8525167961475383,3,0,0,0,1,0,1,1,0,0,1,0,0,0,0,0,0,0,0,0,9,3,5,2.0,1.6666666666666667,3.0,280.0,300.0,400.0,0.33333333333333326,0.9259259259259259,0.8333333333333334,-0.09259259259259256,0.8571428571428572,0.43243243243243246,0.42471042471042475,Grupos e amigos
21695053,0.5002148181084031,42750.5554109722,785.4138814449226,105,3,8,apartamento,78,4.880000114440918,False,450.0,31,0,3.0,False,True,Meia Praia,Meia Praia (beach band),0.3249480906612104,456,1943,85600.8877527923,0.4501933362975627,3,0,1,0,1,0,1,1,0,0,0,0,0,0,0,0,0,1,0,1,8,3,7,3.0,2.3333333333333335,2.6666666666666665,450.0,720.0,720.0,0.0,0.8888888888888888,0.9166666666666666,0.02777777777777779,0.6428571428571428,0.0,0.6428571428571428,Grupos e amigos
21734892,0.7813712499336898,69722.6431664481,837.754124396218,105,3,8,apartamento,37,4.920000076293945,False,250.0,17,0,2.0,True,False,Centro,Centro,0.1051842121709629,171,745,139608.01430868212,0.7032341249403208,3,0,0,0,1,0,0,1,1,0,1,0,0,0,0,0,0,0,0,0,8,3,6,2.0,2.0,2.6666666666666665,250.0,800.0,800.0,0.0,1.0,1.0,0.0,,0.0,,Alto padrão e frente-mar
21743476,0.7486469293670885,57155.56776524174,715.1238056699449,105,3,7,apartamento,18,4.78000020980835,False,250.0,53,0,3.0,False,False,Meia Praia,Meia Praia (inland),0.3939487172054692,328,1413,114444.53279462807,0.6737822364303797,3,0,1,0,1,0,1,1,0,0,1,0,0,0,0,0,0,1,0,0,7,3,3,3.0,1.0,2.3333333333333335,250.0,650.0,653.0,0.004615384615384688,1.0,1.0,0.0,,0.3783783783783784,,Famílias
21780661,0.6433343904492207,32503.57874515394,469.6082282098723,105,2,4,apartamento,20,4.900000095367432,False,200.0,34,0,1.0,True,True,Casa Branca,Casa Branca,0.7410182999908129,30,644,65083.01866445142,0.5790009514042986,2,0,0,0,0,0,1,0,0,0,1,0,0,1,0,0,0,0,0,0,4,2,3,1.0,1.5,2.0,200.0,600.0,600.0,0.0,1.0,1.0,0.0,0.7857142857142857,0.3783783783783784,0.4073359073359073,Casais e escapadas curtas
22047595,0.8330846247591832,65120.70744846043,736.4978631997787,105,3,10,apartamento,37,4.889999866485596,False,290.0,20,0,2.0,True,True,Morretes,Morretes,0.0209355468741705,69,616,130393.40226319924,0.7497761622832649,3,0,0,0,1,0,1,1,1,0,1,0,0,0,0,0,0,0,1,1,10,3,7,2.0,2.3333333333333335,3.3333333333333335,290.0,618.0,621.0,0.004854368932038833,1.0,1.0,0.0,,0.0,,Grupos e amigos
22190101,0.9211146266778966,30179.76479610316,310.4999842562361,105,2,7,apartamento,38,4.889999866485596,False,200.0,12,0,1.0,True,False,Meia Praia,Meia Praia (inland),0.4272598398088904,343,1951,60429.96714035322,0.8290031640101069,2,0,0,0,0,0,1,0,0,0,1,0,0,1,0,0,0,0,0,1,7,2,3,1.0,1.5,3.5,200.0,250.0,250.0,0.0,1.0,1.0,0.0,,0.027027027027026973,,Famílias
22191680,0.5428667370218169,26840.93865868358,455.9656715386988,105,2,6,apartamento,94,4.769999980926514,False,250.0,15,0,1.0,True,True,Meia Praia,Meia Praia (beach band),0.179720683857138,345,1326,53744.52226910393,0.4885800633196352,2,0,1,0,0,0,0,0,0,0,1,0,0,0,0,0,0,0,0,0,6,2,4,1.0,2.0,3.0,250.0,400.0,400.0,0.0,0.8888888888888888,0.8333333333333334,-0.05555555555555547,0.6785714285714286,0.08108108108108103,0.5974903474903476,Famílias
22223346,0.9543465641129752,64240.84779327057,639.2671278563181,105,2,6,apartamento,21,5.0,False,200.0,25,0,2.0,False,True,Meia Praia,Meia Praia (beach band),0.0512840555961204,291,1859,128631.6294193595,0.8589119077016777,2,0,0,0,1,0,1,1,0,0,1,0,0,0,0,0,0,0,0,1,6,2,2,2.0,1.0,3.0,200.0,590.0,590.0,0.0,1.0,1.0,0.0,,0.5675675675675675,,Famílias
22231120,0.4278604509662577,16782.51461552374,358.2683906832122,105,1,4,apartamento,62,4.96999979019165,False,100.0,16,0,1.0,True,True,Ilhota,Ilhota,0.0732887341439962,16,36,33604.19849526287,0.3850744058696319,1,0,0,0,0,0,0,0,0,0,1,0,0,0,0,0,0,0,0,1,4,1,2,1.0,2.0,4.0,100.0,320.66667,350.0,0.09147608013018615,0.8888888888888888,0.5,-0.38888888888888884,0.8928571428571429,0.0,0.8928571428571429,Casais e escapadas curtas
22243318,0.9211146266778966,54123.088956832864,556.8372842708626,105,2,6,apartamento,32,4.840000152587891,False,250.0,22,0,1.0,False,False,Meia Praia,Meia Praia (beach band),0.1983384063264474,374,1731,108372.49757553228,0.8290031640101069,2,0,0,0,1,0,1,0,0,0,1,0,0,1,0,0,0,0,0,1,6,2,2,1.0,1.0,3.0,250.0,580.0,580.0,0.0,1.0,1.0,0.0,0.9642857142857143,0.45945945945945943,0.5048262548262549,Famílias
22245880,0.7732642649216367,115459.85056828416,1401.0615389696516,105,3,8,apartamento,63,4.900000095367432,True,250.0,30,0,3.0,True,False,Meia Praia,Meia Praia (beach band),0.057951010504435,186,1000,231189.1766887597,0.695937838429473,3,0,0,0,1,0,1,1,0,0,1,1,0,0,0,0,0,1,1,1,8,3,6,3.0,2.0,2.6666666666666665,250.0,1203.0,1242.6666,0.032973067331670824,0.8518518518518519,0.8333333333333334,-0.01851851851851849,0.6785714285714286,0.0,0.6785714285714286,Alto padrão e frente-mar
22306996,0.976752057207966,26890.86291104557,261.8224322091353,105,2,5,apartamento,15,5.0,False,220.0,29,0,2.0,True,False,Meia Praia,Meia Praia (inland),0.5361167064045993,308,1717,53844.48729368659,0.8790768514871693,2,0,1,0,1,0,1,0,0,0,1,0,0,1,0,0,0,0,0,0,5,2,3,2.0,1.5,2.5,220.0,250.0,250.0,0.0,1.0,1.0,0.0,,0.18918918918918914,,Famílias
22307401,0.957303590077822,47032.73240765707,466.6686056405784,105,2,6,apartamento,57,4.880000114440918,False,230.0,29,0,2.0,True,False,Meia Praia,Meia Praia (beach band),0.2174719853440211,395,1773,94175.23606024684,0.8615732310700398,2,0,0,0,1,0,1,1,0,0,1,0,1,0,0,0,0,0,0,1,6,2,3,2.0,1.5,3.0,230.0,400.0,400.0,0.0,1.0,1.0,0.0,,0.3783783783783784,,Famílias
22383070,0.9205567197618082,32632.67211091587,335.9277942743704,105,2,6,apartamento,36,4.940000057220459,False,200.0,11,0,2.0,True,False,Meia Praia,Meia Praia (inland),0.5267807742936403,304,1808,65341.5066912381,0.8285010477856274,2,0,0,0,0,0,1,0,0,0,1,0,0,0,0,0,0,0,0,1,6,2,4,2.0,2.0,3.0,200.0,250.0,250.0,0.0,0.5555555555555556,0.75,0.19444444444444442,0.8214285714285714,0.32432432432432434,0.49710424710424705,Famílias
22421016,0.9930434785544564,78013.9790964748,747.8747958402193,105,3,8,apartamento,7,5.0,False,300.0,42,0,3.0,False,False,Centro,Centro,0.2975769367288157,173,746,156210.0375910451,0.8937391306990107,3,0,1,0,1,0,1,1,0,0,1,1,0,0,0,0,0,0,0,1,8,3,4,3.0,1.3333333333333333,2.6666666666666665,300.0,800.0,800.0,0.0,1.0,1.0,0.0,,,,Grupos e amigos
22514231,0.9231021936612492,40026.231714177025,410.96961505403266,105,2,6,apartamento,34,4.820000171661377,False,250.0,27,0,2.0,False,True,Centro,Centro,0.0500303330942954,73,445,80145.88197029942,0.8307919742951244,2,0,0,0,0,0,0,0,0,0,1,0,0,0,1,0,0,0,0,1,6,2,2,2.0,1.0,3.0,250.0,300.0,300.0,0.0,1.0,0.75,-0.25,0.9642857142857143,0.5405405405405406,0.42374517374517373,Famílias
22648075,0.689320669688321,32029.520718638367,433.37479887449354,105,2,6,apartamento,16,5.0,False,150.0,35,0,2.0,False,False,Centro,Centro,0.4379585578482614,184,714,64133.79619176151,0.6203886027194889,2,0,1,0,1,0,0,0,0,0,1,0,0,0,0,0,0,0,0,1,6,2,5,2.0,2.5,3.0,150.0,348.0,348.0,0.0,0.8888888888888888,1.0,0.11111111111111116,0.9642857142857143,0.10810810810810811,0.8561776061776062,Famílias
22739656,0.7224844642335443,101993.27334094491,1319.86200702603,105,3,8,apartamento,41,4.829999923706055,False,350.0,25,0,2.0,True,True,Meia Praia,Meia Praia (beach band),0.0207834858283465,322,1854,204224.59214546948,0.6502360178101899,3,0,0,0,1,0,1,1,1,0,1,0,1,1,0,0,0,0,1,0,8,3,6,2.0,2.0,2.6666666666666665,350.0,1280.0,1280.0,0.0,0.8148148148148149,0.8333333333333334,0.01851851851851849,0.75,0.0,0.75,Alto padrão e frente-mar
22810332,0.7813712499336898,43145.35429198424,518.4140598393096,105,1,2,apartamento,31,4.769999980926514,False,0.0,14,0,1.0,True,False,Meia Praia,Meia Praia (beach band),0.0786374377110921,272,1764,86391.40694894211,0.7032341249403208,1,0,1,0,0,0,1,1,1,0,0,0,0,0,0,0,0,0,0,1,2,1,1,1.0,1.0,2.0,0.0,480.0,480.0,0.0,1.0,1.0,0.0,,0.0,,Casais e escapadas curtas
22901902,0.2613073736413862,21567.7092632523,742.627532385374,105,3,6,apartamento,29,4.929999828338623,False,300.0,28,0,2.0,True,True,Meia Praia,Meia Praia (beach band),0.089416103071192,161,827,43185.756114286094,0.2351766362772475,3,0,0,0,1,0,1,0,0,0,1,0,1,1,0,0,0,0,0,0,6,3,3,2.0,1.0,2.0,300.0,700.0,700.0,0.0,0.8148148148148149,0.8333333333333334,0.01851851851851849,0.4642857142857143,0.0,0.4642857142857143,Famílias
23023313,0.7422349574044771,43623.143367381475,550.2713927049385,105,2,6,apartamento,11,4.820000171661377,False,300.0,38,0,1.0,True,False,Morretes,Morretes,0.0968975302500917,134,726,87348.10022741335,0.6680114616640294,2,0,0,0,0,0,1,1,1,0,1,0,1,1,0,0,0,0,1,1,6,2,2,1.0,1.0,3.0,300.0,650.0,550.0,-0.15384615384615385,0.7407407407407407,0.8333333333333334,0.09259259259259267,0.6785714285714286,0.027027027027026973,0.6515444015444016,Famílias
23068512,0.9759298865692324,57562.9978015298,560.9046131905073,105,2,6,apartamento,19,4.369999885559082,False,250.0,21,0,2.0,False,False,Meia Praia,Meia Praia (beach band),0.2792637603480168,420,1847,115260.34378159967,0.8783368979123092,2,0,0,0,1,0,0,0,0,0,1,0,0,1,0,0,0,0,0,1,6,2,4,2.0,2.0,3.0,250.0,700.0,700.0,0.0,0.7777777777777778,1.0,0.2222222222222222,0.5357142857142857,,,Famílias
23078040,0.823864449551904,76123.0371032793,870.0225479914824,105,3,7,apartamento,213,4.590000152587891,False,190.0,23,0,2.0,False,True,Meia Praia,Meia Praia (beach band),0.0320893409699873,179,1543,152423.74027278795,0.7414780045967135,3,0,1,0,1,0,0,0,0,0,1,0,0,1,0,0,0,0,0,1,7,3,3,2.0,1.0,2.3333333333333335,190.0,800.0,800.0,0.0,1.0,1.0,0.0,,0.027027027027026973,,Famílias
23108026,0.4455746363149155,33041.94594686355,678.3604440650704,105,2,5,apartamento,28,4.639999866485596,False,180.0,20,0,2.0,False,False,Meia Praia,Meia Praia (beach band),0.2079000225261869,432,2000,66161.00958083378,0.4010171726834239,2,0,0,0,0,0,1,0,0,0,1,0,0,0,0,0,0,0,0,0,5,2,3,2.0,1.5,2.5,180.0,590.0,640.0,0.0847457627118644,0.6666666666666667,1.0,0.33333333333333326,0.6071428571428572,0.3783783783783784,0.2287644787644788,Famílias
23299596,0.9231021936612492,52697.204269977854,541.0689147033988,105,2,6,apartamento,214,4.920000076293945,False,100.0,43,0,1.0,True,True,Meia Praia,Meia Praia (beach band),0.1628501127760084,391,1947,105517.40028253724,0.8307919742951244,2,0,0,0,1,0,1,1,0,0,1,0,0,0,0,0,0,0,0,1,6,2,2,1.0,1.0,3.0,100.0,553.0,638.0,0.15370705244122962,0.6666666666666667,0.5,-0.16666666666666674,0.5357142857142857,0.8648648648648649,-0.3291505791505792,Famílias
23343001,0.5176037598740519,31360.5971878777,557.5995552772315,105,3,8,apartamento,80,4.889999866485596,False,250.0,13,0,3.0,True,False,Meia Praia,Meia Praia (beach band),0.2348663593393993,380,1577,62794.387907555945,0.4658433838866467,3,0,0,0,0,0,1,1,1,0,1,0,0,0,0,0,0,0,0,0,8,3,3,3.0,1.0,2.6666666666666665,250.0,600.0,600.0,0.0,0.6666666666666667,0.6666666666666667,0.0,0.5,0.5405405405405406,-0.04054054054054057,Grupos e amigos
23779860,0.9508551351985988,44052.65774978531,439.88521074802406,105,3,12,apartamento,14,4.570000171661377,False,200.0,11,0,2.0,False,False,Meia Praia,Meia Praia (beach band),0.0307474113982786,229,1695,88208.13145000007,0.8557696216787388,3,0,0,0,0,0,1,0,0,0,1,0,1,0,0,0,0,0,0,1,12,3,4,2.0,1.3333333333333333,4.0,200.0,300.0,300.0,0.0,0.4444444444444444,0.5,0.05555555555555558,0.75,0.32432432432432434,0.42567567567567566,Grupos e amigos
23787711,0.1846492335455806,8199.784892218786,396.660633554419,105,3,6,apartamento,19,5.0,,0.0,29,0,2.0,False,,Meia Praia,Meia Praia (inland),0.4011156815862537,373,1911,16418.70753276139,0.1661843101910225,3,0,0,0,1,0,1,0,0,0,1,0,0,0,0,0,0,0,0,0,6,3,4,2.0,1.3333333333333333,2.0,0.0,400.0,400.0,0.0,0.0,0.0,0.0,0.0,0.4054054054054054,-0.4054054054054054,Famílias
24171739,0.976752057207966,53740.53000176018,523.2437620099329,105,3,8,apartamento,23,4.829999923706055,False,250.0,30,0,2.0,True,False,Meia Praia,Meia Praia (beach band),0.0207834858283465,322,1854,107606.4867984279,0.8790768514871693,3,0,0,0,1,0,1,1,0,0,1,0,0,1,0,0,0,0,1,0,8,3,3,2.0,1.0,2.6666666666666665,250.0,416.0,416.0,0.0,1.0,1.0,0.0,,0.29729729729729726,,Grupos e amigos
25104649,0.7512558965011038,56178.851419441315,700.5920263859724,105,4,12,apartamento,43,4.980000019073486,False,250.0,18,0,3.0,True,False,Meia Praia,Meia Praia (beach band),0.3496113111243008,424,1854,112488.82051254336,0.6761303068509934,4,0,0,0,0,0,1,0,0,0,1,0,0,0,0,0,0,0,0,0,12,4,6,3.0,1.5,3.0,250.0,890.0,890.0,0.0,1.0,1.0,0.0,0.75,0.4054054054054054,0.3445945945945946,Grupos e amigos
25165914,0.3197370396630566,21946.900906241783,620.9422803923518,105,3,6,apartamento,15,4.869999885559082,False,210.0,16,0,2.0,False,False,Meia Praia,Meia Praia (beach band),0.050327903120256,263,1424,43945.02440814336,0.287763335696751,3,0,0,0,1,0,1,1,0,0,1,0,0,1,0,0,0,0,0,0,6,3,4,2.0,1.3333333333333333,2.0,210.0,700.0,700.0,0.0,0.6296296296296297,0.8333333333333334,0.20370370370370372,0.6428571428571428,0.0,0.6428571428571428,Famílias
25918412,0.6339229057971573,29631.142018276143,434.1525694240751,105,2,5,apartamento,37,4.889999866485596,False,147.0,45,0,2.0,True,False,Meia Praia,Meia Praia (beach band),0.143144134005107,330,1395,59331.441135908775,0.5705306152174415,2,0,1,0,1,0,1,1,0,0,1,0,0,0,0,0,0,1,0,1,5,2,5,2.0,2.5,2.5,147.0,437.5,390.0,-0.10857142857142854,1.0,1.0,0.0,,0.3513513513513513,,Famílias
26026295,0.9643777353290132,48699.51577709211,479.8752863248592,105,2,5,apartamento,150,4.829999923706055,False,250.0,22,0,2.0,True,True,Meia Praia,Meia Praia (beach band),0.0407703635598839,239,1753,97512.69295978014,0.8679399617961119,2,0,0,0,0,0,0,1,1,0,1,0,0,0,0,0,0,0,0,0,5,2,3,2.0,1.5,2.5,250.0,460.0,340.0,-0.26086956521739135,0.9259259259259259,1.0,0.07407407407407407,0.9285714285714286,0.5405405405405406,0.38803088803088803,Famílias
26197944,0.8174773149556831,43919.44890016809,505.6645376433405,105,2,6,apartamento,38,4.789999961853027,False,210.0,36,0,2.0,False,False,Meia Praia,Meia Praia (beach band),0.2028565816733291,360,1509,87941.40285023936,0.7357295834601149,2,0,0,0,1,0,1,1,1,0,1,0,0,0,0,0,0,0,0,1,6,2,2,2.0,1.0,3.0,210.0,450.0,450.0,0.0,1.0,1.0,0.0,,0.0,,Famílias
26334990,0.8270189212730101,115351.92702977994,1313.628527645581,105,3,11,apartamento,6,5.0,False,350.0,19,0,2.0,False,True,Meia Praia,Meia Praia (beach band),0.2182700576536895,404,1767,230973.0777254463,0.7443170291457092,3,0,0,0,1,0,1,0,0,0,1,0,0,0,0,0,0,0,1,0,11,3,8,2.0,2.6666666666666665,3.6666666666666665,350.0,1200.0,1200.0,0.0,0.962962962962963,0.8333333333333334,-0.12962962962962965,0.8928571428571429,0.0,0.8928571428571429,Alto padrão e frente-mar
26570136,0.6194281960088356,47027.932210993065,704.3897775957737,105,3,8,apartamento,22,4.860000133514404,False,370.0,15,0,2.0,False,False,Meia Praia,Meia Praia (beach band),0.2374581720916276,366,1645,94165.62446358155,0.557485376407952,3,0,1,0,0,0,1,1,1,0,1,0,0,1,0,0,0,0,0,0,8,3,3,2.0,1.0,2.6666666666666665,370.0,725.0,766.6667,0.057471310344827664,0.8888888888888888,1.0,0.11111111111111116,0.6428571428571428,0.0,0.6428571428571428,Grupos e amigos
26708551,0.7515419935617587,44705.772416525375,557.313286839182,105,3,10,apartamento,361,4.829999923706055,True,60.0,19,0,2.0,False,True,Centro,Centro,0.4351901206234947,125,612,89515.88510933546,0.6763877942055828,3,1,0,1,1,1,0,0,0,0,1,0,0,0,0,0,0,0,0,1,10,3,7,2.0,2.3333333333333335,3.3333333333333335,60.0,417.25,478.0,0.14559616536848408,0.7037037037037037,1.0,0.2962962962962963,0.7857142857142857,0.08108108108108103,0.7046332046332047,Grupos e amigos
26839303,0.8909301624446299,65184.19256591696,692.0049073566314,105,2,8,apartamento,29,4.860000133514404,False,200.0,37,0,2.0,True,False,Meia Praia,Meia Praia (beach band),0.2526795428723453,412,1801,130520.52066812116,0.8018371462001669,2,0,0,0,0,0,1,1,0,0,1,0,0,1,0,0,0,0,0,1,8,2,2,2.0,1.0,4.0,200.0,800.0,800.0,0.0,0.7777777777777778,0.8333333333333334,0.05555555555555558,0.6428571428571428,0.6216216216216216,0.021235521235521193,Grupos e amigos
26895628,0.9393946083718758,101171.97648613752,1021.8298328904472,105,4,12,apartamento,99,4.800000190734863,False,300.0,87,0,3.0,False,False,Meia Praia,Meia Praia (beach band),0.0635065466862571,307,1878,202580.0815840454,0.8454551475346883,4,0,0,0,1,0,1,1,0,0,1,0,1,1,1,0,0,0,1,0,12,4,5,3.0,1.25,3.0,300.0,850.0,850.0,0.0,1.0,1.0,0.0,,0.32432432432432434,,Grupos e amigos
27022969,0.8417660224962298,139725.7400669476,1564.8786122751917,105,4,8,apartamento,2,5.0,False,365.0,23,0,4.0,False,False,Meia Praia,Meia Praia (beach band),0.0739912493945566,238,1161,279777.5906456841,0.7575894202466068,4,0,1,0,1,0,1,1,0,0,1,0,0,0,0,0,0,1,0,0,8,4,6,4.0,1.5,2.0,365.0,1808.0,1820.5,0.00691371681415931,0.07407407407407407,0.0,-0.07407407407407407,0.0714285714285714,,,Alto padrão e frente-mar
27201205,0.9617836169027032,75036.11450348754,741.26457693938,105,3,10,apartamento,56,4.880000114440918,False,390.0,37,0,2.0,False,False,Meia Praia,Meia Praia (beach band),0.0546815353796912,255,1633,150247.35826871067,0.865605255212433,3,0,1,0,0,0,1,1,0,0,1,0,0,1,0,0,0,0,1,1,10,3,6,2.0,2.0,3.3333333333333335,390.0,590.0,620.0,0.05084745762711873,1.0,1.0,0.0,0.6071428571428572,0.3513513513513513,0.2557915057915059,Grupos e amigos
27338096,0.1977412946568489,29887.31358994247,1351.749090084301,105,3,8,apartamento,12,5.0,False,350.0,51,0,3.0,False,False,Centro,Centro,0.1192130104070161,178,752,59844.382166519055,0.177967165191164,3,0,0,0,1,0,1,0,0,0,1,0,1,1,0,0,0,0,0,0,8,3,7,3.0,2.3333333333333335,2.6666666666666665,350.0,1350.0,1350.0,0.0,0.11111111111111116,0.0,-0.11111111111111116,0.0714285714285714,0.3783783783783784,-0.306949806949807,Alto padrão e frente-mar
27704027,0.4363073680630355,37436.28873574686,784.2783957816413,105,3,14,apartamento,24,4.960000038146973,False,400.0,47,0,3.0,False,False,Centro,Centro,0.2900485622448484,175,746,74959.95126012595,0.3926766312567319,3,0,0,0,0,0,0,1,0,0,1,0,1,0,0,0,0,0,0,1,14,3,8,3.0,2.6666666666666665,4.666666666666667,400.0,800.0,750.0,-0.0625,0.8518518518518519,0.8333333333333334,-0.01851851851851849,0.75,0.0,0.75,Grupos e amigos
27718978,0.9862709351491392,67436.51981347619,650.6417387394607,105,4,9,apartamento,11,4.820000171661377,False,450.0,25,0,4.0,False,False,Meia Praia,Meia Praia (beach band),0.1305312750699217,390,1952,135030.4319440666,0.8876438416342252,4,0,1,0,1,0,1,1,0,0,1,0,1,0,0,0,0,0,0,1,9,4,4,4.0,1.0,2.25,450.0,500.0,500.0,0.0,1.0,1.0,0.0,,0.45945945945945943,,Grupos e amigos
27910707,0.3273678960410383,54120.5628950967,1496.5803946906742,105,3,6,apartamento,10,4.699999809265137,False,200.0,66,0,3.0,False,True,Centro,Centro,0.1049354752815246,65,573,108367.43955640116,0.2946311064369345,3,1,0,0,0,0,1,0,0,0,1,1,0,0,0,0,0,1,1,1,6,3,3,3.0,1.0,2.0,200.0,1680.0,1680.0,0.0,0.4444444444444444,0.5,0.05555555555555558,0.3571428571428571,0.3783783783783784,-0.021235521235521304,Alto padrão e frente-mar
27981528,0.8552029889004982,45563.31377279678,502.7273268267374,105,3,6,apartamento,138,4.929999828338623,False,100.0,49,0,2.0,True,False,Casa Branca,Casa Branca,0.7875481353882465,80,514,91232.9692659246,0.7696826900104484,3,0,0,0,1,0,0,1,0,0,1,0,0,1,0,0,0,0,0,0,6,3,3,2.0,1.0,2.0,100.0,500.0,500.0,0.0,0.6666666666666667,0.5833333333333333,-0.08333333333333348,0.3214285714285714,0.8108108108108107,-0.48938223938223935,Famílias
28071688,0.9357879473627332,70691.84221197161,716.5700361547131,105,3,8,apartamento,22,4.769999980926514,False,250.0,44,0,3.0,False,False,Meia Praia,Meia Praia (beach band),0.3377101442738894,378,1684,141548.674445338,0.84220915262646,3,0,0,0,1,0,1,1,0,0,1,0,0,0,0,0,0,0,0,0,8,3,4,3.0,1.3333333333333333,2.6666666666666665,250.0,550.0,550.0,0.0,1.0,1.0,0.0,,0.1351351351351351,,Grupos e amigos
28075525,0.959092690835414,47662.92512190393,472.0924112184669,105,2,6,apartamento,20,4.949999809265137,False,250.0,90,0,2.0,True,False,Meia Praia,Meia Praia (beach band),0.2388586890351708,368,1688,95437.0923162951,0.8631834217518727,2,0,0,0,0,0,1,1,0,0,1,0,1,0,1,0,0,0,0,1,6,2,2,2.0,1.0,3.0,250.0,400.0,400.0,0.0,1.0,1.0,0.0,,0.2432432432432432,,Famílias
28155872,0.9634870079538124,48183.72456794909,475.20519548678146,105,3,6,apartamento,13,4.619999885559082,False,200.0,9,0,2.0,False,False,Meia Praia,Meia Praia (inland),0.3732336181559818,345,1609,96479.90671938438,0.8671383071584311,3,0,0,0,1,0,1,0,0,0,1,0,0,0,0,0,0,0,0,0,6,3,3,2.0,1.0,2.0,200.0,400.0,400.0,0.0,1.0,1.0,0.0,,0.3783783783783784,,Famílias
28160414,0.8360327917197051,58427.104759026995,658.5958684716861,105,3,6,apartamento,7,5.0,False,200.0,21,0,2.0,False,False,Centro,Centro,0.1479992865009013,125,463,116990.57446431358,0.7524295125477346,3,0,1,0,0,0,1,1,0,0,1,0,0,1,0,0,0,0,0,1,6,3,3,2.0,1.0,2.0,200.0,498.0,674.0,0.35341365461847385,1.0,1.0,0.0,,0.0,,Famílias
28366360,0.7011267205731668,58027.69007154888,772.5914071146337,105,3,8,apartamento,43,4.880000114440918,False,350.0,22,0,4.0,True,False,Meia Praia,Meia Praia (beach band),0.2664670954936192,400,1847,116190.81288224872,0.6310140485158502,3,0,0,0,0,0,1,0,0,0,1,0,0,0,0,0,0,0,0,0,8,3,3,4.0,1.0,2.6666666666666665,350.0,1000.0,1000.0,0.0,0.7407407407407407,0.5,-0.2407407407407407,0.5714285714285714,0.16216216216216217,0.4092664092664092,Grupos e amigos
28410850,0.9054366941010416,55414.87347796448,579.4134913758992,105,1,2,apartamento,62,4.849999904632568,False,0.0,63,0,1.0,False,True,Centro,Centro,0.064583743779465,182,712,110959.08155628218,0.8148930246909374,1,0,0,1,0,0,1,0,0,0,1,0,0,0,0,0,0,1,1,1,2,1,1,1.0,1.0,2.0,0.0,494.0,494.0,0.0,0.7777777777777778,1.0,0.2222222222222222,0.7857142857142857,0.027027027027026973,0.7586872586872587,Casais e escapadas curtas
28429135,0.7181610400051877,34035.98306177201,442.96168213837666,105,0,8,apartamento,11,4.909999847412109,False,350.0,27,0,0.0,False,False,Meia Praia,Meia Praia (beach band),0.1978307707733995,281,1232,68151.40382664865,0.6463449360046689,0,0,0,0,1,0,1,1,0,0,1,0,0,0,0,0,0,0,0,1,8,0,1,0.0,1.0,8.0,350.0,330.66666,331.8,0.0034274395852307293,1.0,1.0,0.0,,0.0,,Casais e escapadas curtas
28987242,0.9723230568506284,69508.8850295598,679.6672703104527,105,4,10,apartamento,47,4.940000057220459,False,297.0,34,0,2.0,True,False,Meia Praia,Meia Praia (beach band),0.0627068417959915,265,1643,139179.9991377418,0.8750907511655657,4,0,0,0,1,0,1,1,0,0,1,0,0,0,0,0,0,0,1,1,10,4,5,2.0,1.25,2.5,297.0,507.0,507.0,0.0,1.0,1.0,0.0,,0.3783783783783784,,Grupos e amigos
29008738,0.8765249214734702,57311.84127046721,617.8460471719377,105,4,10,apartamento,46,5.0,False,297.0,24,0,3.0,True,False,Meia Praia,Meia Praia (beach band),0.0622685462765844,258,1627,114757.4445369655,0.7888724293261231,4,0,0,0,0,0,1,1,0,0,1,0,0,0,0,0,0,0,0,1,10,4,4,3.0,1.0,2.5,297.0,494.0,497.0,0.006072874493927127,0.8518518518518519,0.6666666666666667,-0.18518518518518512,0.8214285714285714,0.18918918918918914,0.6322393822393823,Grupos e amigos
29114516,0.9562993731459648,43098.22077671332,428.0515706088839,105,3,5,apartamento,33,4.909999847412109,False,200.0,21,0,2.0,True,False,Meia Praia,Meia Praia (beach band),0.0868549813251264,279,1256,86297.02991193491,0.8606694358313682,3,0,0,0,0,0,1,0,0,0,1,0,0,0,0,0,0,0,1,1,5,3,4,2.0,1.3333333333333333,1.6666666666666667,200.0,400.0,400.0,0.0,1.0,1.0,0.0,,0.1351351351351351,,Famílias
29145061,0.7486469293670885,33764.34347509287,422.45553225943814,105,2,6,apartamento,36,4.809999942779541,False,250.0,19,0,2.0,False,False,Meia Praia,Meia Praia (beach band),0.141734705428534,330,1418,67607.49066470252,0.6737822364303797,2,0,0,0,0,0,1,1,0,0,1,0,1,0,0,0,0,0,0,0,6,2,4,2.0,2.0,3.0,250.0,500.0,500.0,0.0,0.7777777777777778,0.5,-0.2777777777777778,0.8571428571428572,0.5675675675675675,0.28957528957528966,Famílias
29302246,0.7209132956173172,31112.890462370477,403.45353280729927,105,2,5,apartamento,56,4.909999847412109,True,180.0,19,0,1.0,False,False,Casa Branca,Casa Branca,0.9022102653956612,26,571,62298.39632564743,0.6488219660555855,2,0,0,0,0,0,0,0,0,0,1,0,0,0,0,0,0,0,0,0,5,2,4,1.0,2.0,2.5,180.0,400.0,400.0,0.0,1.0,1.0,0.0,0.8928571428571429,0.3783783783783784,0.5144787644787645,Famílias
29341170,0.8874537763304101,38413.64509736335,409.3092935811014,105,2,5,apartamento,81,4.880000114440918,True,180.0,46,0,1.0,False,False,Casa Branca,Casa Branca,0.7440718426888836,81,558,76916.94506759677,0.7987083986973691,2,0,0,0,1,1,1,1,0,0,1,0,1,0,0,0,0,0,0,0,5,2,2,1.0,1.0,2.5,180.0,349.0,349.0,0.0,0.6666666666666667,0.5,-0.16666666666666674,0.8214285714285714,0.5405405405405406,0.2808880308880308,Famílias
29739100,0.4678167350547023,38572.995160816885,755.6908744905151,105,3,7,apartamento,19,5.0,False,350.0,20,0,2.0,True,True,Meia Praia,Meia Praia (beach band),0.0851506973163601,284,1568,77236.01710687103,0.421035061549232,3,0,0,0,1,0,1,1,0,0,1,0,0,1,0,0,0,0,0,0,7,3,3,2.0,1.0,2.3333333333333335,350.0,702.0,750.0,0.06837606837606836,0.9444444444444444,0.75,-0.19444444444444442,0.5714285714285714,0.0,0.5714285714285714,Famílias
29761442,0.992640014326388,53638.02777591874,514.3928777947602,105,3,7,apartamento,28,4.960000038146973,False,200.0,24,0,2.0,True,False,Meia Praia,Meia Praia (beach band),0.2028565816733291,360,1509,107401.24311342042,0.8933760128937491,3,0,0,0,1,0,1,1,1,0,1,0,0,1,0,0,0,0,0,1,7,3,3,2.0,1.0,2.3333333333333335,200.0,650.0,380.0,-0.41538461538461535,1.0,1.0,0.0,,,,Famílias
29800671,0.8743206531008926,55061.468429172,594.9961198956705,105,3,8,apartamento,120,4.800000190734863,False,196.0,40,0,2.0,False,False,Meia Praia,Meia Praia (beach band),0.1951006665286863,371,1615,110251.44663500135,0.7868885877908033,3,0,0,0,1,0,0,1,0,0,1,0,0,1,0,0,0,0,0,1,8,3,4,2.0,1.3333333333333333,2.6666666666666665,196.0,596.0,646.0,0.08389261744966436,0.962962962962963,1.0,0.03703703703703698,0.9642857142857143,0.0,0.9642857142857143,Grupos e amigos
29870406,0.4550043111078029,39255.36076296148,789.8566882185706,105,3,11,apartamento,25,4.960000038146973,False,250.0,19,0,3.0,True,True,Meia Praia,Meia Praia (beach band),0.3139208357445562,412,1891,78602.34090673807,0.4095038799970226,3,0,0,0,1,0,1,0,0,0,1,0,0,0,0,0,0,0,0,0,11,3,5,3.0,1.6666666666666667,3.6666666666666665,250.0,980.0,980.0,0.0,0.40740740740740744,0.5,0.09259259259259256,0.4642857142857143,0.10810810810810811,0.3561776061776062,Grupos e amigos
30032994,0.8577457708953795,36139.314467429,397.6319989800313,105,2,8,apartamento,11,5.0,False,280.0,19,0,2.0,True,False,Meia Praia,Meia Praia (beach band),0.2436983508382835,465,1935,72362.9756724815,0.7719711938058416,2,0,0,0,0,0,1,1,0,0,1,0,0,0,0,0,0,0,0,1,8,2,3,2.0,1.5,4.0,280.0,390.0,410.0,0.05128205128205132,0.8888888888888888,0.6666666666666667,-0.2222222222222221,0.3928571428571429,0.5675675675675675,-0.17471042471042464,Grupos e amigos
30085847,0.4824144140509577,29143.35238202227,554.3561599336258,105,2,5,apartamento,34,4.880000114440918,False,290.0,52,0,2.0,True,False,Meia Praia,Meia Praia (beach band),0.2068220833696399,167,692,58354.723395085544,0.4341729726458619,2,0,1,0,1,0,1,1,1,0,1,0,0,0,0,0,0,0,0,1,5,2,3,2.0,1.5,2.5,290.0,490.0,505.83334,0.032312938775510336,0.2962962962962963,0.16666666666666663,-0.12962962962962965,0.3214285714285714,0.08108108108108103,0.24034749034749037,Famílias
30105402,0.2236149448338651,19403.052609405593,777.9364783896341,105,3,8,apartamento,12,4.75,False,350.0,27,0,2.0,False,False,Meia Praia,Meia Praia (beach band),0.2827838004852989,379,1583,38851.39064305505,0.2012534503504786,3,1,0,0,1,0,1,1,0,0,1,0,0,0,0,0,0,0,0,0,8,3,4,2.0,1.3333333333333333,2.6666666666666665,350.0,900.0,900.0,0.0,0.6296296296296297,0.6666666666666667,0.03703703703703709,0.5,0.0,0.5,Grupos e amigos
30153564,0.896597240196132,41799.177817572054,441.10439913054734,105,2,6,apartamento,39,4.900000095367432,False,300.0,56,0,0.0,True,False,Meia Praia,Meia Praia (beach band),0.2395793198138964,173,755,83695.91211445788,0.8069375161765188,2,0,0,0,1,0,1,1,0,0,1,0,0,1,0,0,0,0,0,1,6,2,3,0.0,1.5,3.0,300.0,406.75,426.0,0.04732636754763364,1.0,1.0,0.0,,0.2432432432432432,,Famílias
30209117,0.8907017369346666,45821.12964083023,486.5612945373958,105,3,9,apartamento,16,4.940000057220459,False,160.0,11,0,2.0,False,True,Meia Praia,Meia Praia (beach band),0.0929120575260123,299,1371,91749.20272694662,0.8016315632412,3,0,0,0,1,0,1,0,0,0,1,0,0,0,0,0,0,0,0,1,9,3,5,2.0,1.6666666666666667,3.0,160.0,450.0,450.0,0.0,1.0,1.0,0.0,0.8571428571428572,0.5405405405405406,0.31660231660231664,Grupos e amigos
30271062,0.4166661680932321,24642.732740019695,539.6752861488841,105,2,6,apartamento,6,5.0,False,250.0,30,0,1.0,False,False,Meia Praia,Meia Praia (beach band),0.2984708519456647,445,2007,49342.97996650319,0.3749995512839089,2,0,0,0,1,0,0,0,0,0,1,0,0,0,0,0,0,0,0,1,6,2,3,1.0,1.5,3.0,250.0,583.0,583.0,0.0,1.0,1.0,0.0,0.5714285714285714,0.3513513513513513,0.22007722007722008,Famílias
30332330,0.8697940030607494,37198.87656470592,403.9435373334747,105,2,6,apartamento,57,4.670000076293945,False,150.0,48,0,1.0,False,False,Centro,Centro,0.2374811568170365,179,741,74484.57281395012,0.7828146027546745,2,0,0,0,1,0,0,1,0,0,1,0,0,0,0,0,0,0,0,1,6,2,4,1.0,2.0,3.0,150.0,350.0,380.0,0.08571428571428563,1.0,1.0,0.0,0.75,0.10810810810810811,0.6418918918918919,Famílias
30354217,0.9582147135065828,40166.644785584744,398.18570504254734,105,3,8,apartamento,36,4.559999942779541,False,200.0,29,0,2.0,False,False,Meia Praia,Meia Praia (beach band),0.2898955621519232,319,1524,80427.03582781192,0.8623932421559246,3,0,0,0,1,0,0,1,0,0,1,0,0,0,0,0,0,0,0,0,8,3,5,2.0,1.6666666666666667,2.6666666666666665,200.0,320.0,368.0,0.1499999999999999,1.0,0.75,-0.25,0.8571428571428572,0.3783783783783784,0.4787644787644788,Grupos e amigos
30402651,0.7732642649216367,47940.4637391959,581.7393628587195,105,2,6,apartamento,10,5.0,False,200.0,19,0,2.0,False,False,Meia Praia,Meia Praia (inland),0.4658377991645909,301,1969,95992.81730740894,0.695937838429473,2,0,0,0,0,0,1,0,0,0,1,0,0,0,0,0,0,0,0,1,6,2,3,2.0,1.5,3.0,200.0,550.0,550.0,0.0,0.11111111111111116,0.08333333333333337,-0.02777777777777779,0.0357142857142857,0.5675675675675675,-0.5318532818532818,Famílias
30491733,0.8552029889004982,78114.428488307,861.883268990214,105,4,9,apartamento,18,4.940000057220459,False,350.0,51,0,3.0,True,False,Meia Praia,Meia Praia (beach band),0.1435656863028211,189,896,156411.17081685716,0.7696826900104484,4,0,0,0,1,0,1,1,1,0,1,0,0,1,0,0,0,0,0,1,9,4,4,3.0,1.0,2.25,350.0,799.4,796.2,-0.004003002251688703,1.0,1.0,0.0,0.7857142857142857,0.0,0.7857142857142857,Alto padrão e frente-mar
30493854,0.916668314461345,49879.23369852164,515.5168254833279,105,3,6,apartamento,19,4.889999866485596,False,260.0,20,0,2.0,True,False,Meia Praia,Meia Praia (beach band),0.3451166389693495,427,1999,99874.88218519375,0.8250014830152105,3,0,0,0,1,0,1,1,0,0,1,0,0,0,0,0,0,0,0,0,6,3,3,2.0,1.0,2.0,260.0,450.0,450.0,0.0,1.0,1.0,0.0,,0.5405405405405406,,Famílias
30494198,0.5345582909256111,25558.51146634644,440.6322487717258,105,3,7,apartamento,29,4.789999961853027,False,280.0,12,0,2.0,False,False,Meia Praia,Meia Praia (beach band),0.3119470917017651,445,2000,51176.67478532118,0.48110246183305,3,0,0,0,1,0,1,1,0,0,1,0,1,0,0,0,0,0,0,1,7,3,4,2.0,1.3333333333333333,2.3333333333333335,280.0,520.0,520.0,0.0,0.7407407407407407,1.0,0.2592592592592593,0.5357142857142857,0.027027027027026973,0.5086872586872587,Famílias
30560948,0.5261365797751554,50724.40580300917,887.8853128269503,105,3,6,apartamento,10,5.0,False,300.0,23,0,2.0,False,False,Meia Praia,Meia Praia (beach band),0.0462648309684241,244,1214,101567.19896921056,0.4735229217976398,3,0,1,0,1,0,0,1,1,0,1,0,0,0,0,0,0,0,1,0,6,3,4,2.0,1.3333333333333333,2.0,300.0,700.0,700.0,0.0,0.6296296296296297,0.5833333333333333,-0.04629629629629639,0.2857142857142857,0.0,0.2857142857142857,Alto padrão e frente-mar
30617740,0.5922440106135957,38130.50502574488,596.0788959714604,105,3,8,apartamento,22,4.909999847412109,False,350.0,34,0,2.0,True,False,Meia Praia,Meia Praia (beach band),0.1431547623891098,260,1194,76350.00409441096,0.5330196095522362,3,0,0,0,0,0,1,0,0,0,1,0,1,0,0,0,0,0,0,1,8,3,5,2.0,1.6666666666666667,2.6666666666666665,350.0,500.0,500.0,0.0,1.0,1.0,0.0,,0.0,,Grupos e amigos
30756202,0.4166661680932321,26004.844196409755,569.5054960427805,105,2,6,apartamento,17,4.760000228881836,False,350.0,19,0,2.0,False,False,Meia Praia,Meia Praia (inland),0.3868340804729129,353,1503,52070.38195612301,0.3749995512839089,2,0,0,0,1,0,1,1,0,0,1,0,0,1,0,0,0,0,0,1,6,2,3,2.0,1.5,3.0,350.0,550.0,550.0,0.0,0.7777777777777778,0.75,-0.02777777777777779,0.5357142857142857,0.3783783783783784,0.1573359073359073,Famílias
30785010,0.8697940030607494,50235.50443627327,545.5086076705045,105,2,6,apartamento,46,4.829999923706055,False,280.0,23,0,2.0,False,False,Meia Praia,Meia Praia (beach band),0.1446628969424677,309,1714,100588.25517271884,0.7828146027546745,2,0,0,0,1,0,1,1,0,0,1,0,1,1,0,0,0,0,1,0,6,2,2,2.0,1.0,3.0,280.0,430.0,430.0,0.0,0.962962962962963,0.8333333333333334,-0.12962962962962965,0.9285714285714286,0.0,0.9285714285714286,Famílias
30795921,0.9696640372835648,171393.39302939302,1680.2245427111714,105,3,8,apartamento,8,5.0,False,250.0,34,0,3.0,False,False,Meia Praia,Meia Praia (inland),0.4984146529589986,303,1896,343186.806749972,0.8726976335552082,3,0,0,0,1,0,1,0,0,0,1,0,0,1,0,0,0,0,0,1,8,3,3,3.0,1.0,2.6666666666666665,250.0,1500.0,1500.0,0.0,1.0,1.0,0.0,,0.4054054054054054,,Alto padrão e frente-mar
30910938,0.8697940030607494,49238.457492847054,534.6816498048672,105,2,6,apartamento,46,4.929999828338623,False,300.0,18,0,2.0,True,False,Meia Praia,Meia Praia (beach band),0.1546250013032416,375,1877,98591.83424513043,0.7828146027546745,2,0,0,0,1,0,1,1,0,0,1,0,0,1,0,0,0,0,0,1,6,2,3,2.0,1.5,3.0,300.0,450.0,450.0,0.0,1.0,1.0,0.0,,0.0,,Famílias
31055581,0.8108049645252924,39308.55797386597,456.0936200499864,105,2,6,apartamento,66,4.789999961853027,False,315.0,39,0,2.0,False,False,Meia Praia,Meia Praia (beach band),0.0804154520668462,349,1926,78708.8594872716,0.7297244680727631,2,0,1,0,0,0,0,0,0,0,1,1,1,1,0,0,0,0,0,0,6,2,5,2.0,2.5,3.0,315.0,415.0,415.0,0.0,0.7777777777777778,0.6666666666666667,-0.11111111111111105,0.6428571428571428,0.0,0.6428571428571428,Famílias
31059537,0.7275684949439919,64776.19934176996,832.6957170128165,105,3,8,apartamento,61,4.980000019073486,False,250.0,40,0,2.0,True,True,Centro,Centro,0.0645677641024429,81,428,129703.58199098895,0.6548116454495927,3,0,0,0,1,0,1,1,0,0,1,0,0,1,0,0,0,0,1,0,8,3,5,2.0,1.6666666666666667,2.6666666666666665,250.0,699.0,999.0,0.4291845493562232,0.8518518518518519,0.6666666666666667,-0.18518518518518512,0.5714285714285714,0.10810810810810811,0.4633204633204633,Grupos e amigos
31069380,0.9731343938631396,70871.02405441721,692.4437155526344,105,3,6,apartamento,58,4.840000152587891,False,350.0,24,0,3.0,True,False,Meia Praia,Meia Praia (inland),0.5865422568712911,148,1576,141907.45632863927,0.8758209544768257,3,0,0,0,0,0,1,0,0,0,1,0,0,0,0,0,0,0,0,1,6,3,3,3.0,1.0,2.0,350.0,749.0,865.25,0.15520694259012013,0.8518518518518519,1.0,0.14814814814814814,0.9285714285714286,,,Famílias
31084342,0.7913990764733047,70263.44540934911,834.1356635677511,105,4,12,apartamento,5,5.0,False,500.0,25,0,4.0,False,False,Meia Praia,Meia Praia (inland),0.4639528831535591,314,1468,140690.8809906702,0.7122591688259742,4,0,0,0,0,0,1,0,0,0,1,0,1,0,0,0,0,0,0,1,12,4,6,4.0,1.5,3.0,500.0,800.0,800.0,0.0,0.8888888888888888,1.0,0.11111111111111116,0.8214285714285714,0.3513513513513513,0.4700772200772201,Grupos e amigos
31115702,0.8607730775838516,33777.84847095241,370.41689957132854,105,2,7,apartamento,27,4.590000152587891,False,200.0,10,0,1.0,False,True,Meia Praia,Meia Praia (beach band),0.2705252806438333,384,1386,67634.53217617671,0.7746957698254664,2,0,0,0,0,0,0,1,0,0,1,0,0,0,0,0,0,0,0,0,7,2,2,1.0,1.0,3.5,200.0,300.0,300.0,0.0,1.0,1.0,0.0,0.9642857142857143,0.3513513513513513,0.612934362934363,Famílias
31141252,0.914740383336863,39527.12631708314,409.3348904617532,105,2,5,apartamento,84,4.960000038146973,False,250.0,29,0,2.0,True,True,Meia Praia,Meia Praia (beach band),0.2347935362147023,301,1254,79146.50629756883,0.8232663450031767,2,0,0,0,1,0,1,1,1,0,1,0,1,1,1,0,0,0,0,0,5,2,3,2.0,1.5,2.5,250.0,300.0,300.0,0.0,1.0,1.0,0.0,,0.43243243243243246,,Famílias
31167122,0.2616975961651269,281770.55608929024,9687.917989658312,105,2,6,apartamento,13,4.769999980926514,False,180.0,11,0,2.0,False,True,Meia Praia,Meia Praia (inland),0.427502882492617,220,1526,564198.7457699954,0.2355278365486142,2,0,0,0,1,0,1,0,0,0,1,0,0,0,0,0,0,0,0,1,6,2,4,2.0,2.0,3.0,180.0,10000.0,10000.0,0.0,0.33333333333333337,0.5,0.16666666666666663,0.25,0.3513513513513513,-0.10135135135135132,Alto padrão e frente-mar
31169655,0.689320669688321,32277.767510951424,436.73369720566046,105,2,6,apartamento,27,5.0,False,210.0,23,0,2.0,True,False,Meia Praia,Meia Praia (beach band),0.1371689268518832,353,1856,64630.86916776142,0.6203886027194889,2,0,0,0,1,0,1,1,0,0,1,0,0,1,0,0,0,0,0,0,6,2,2,2.0,1.0,3.0,210.0,375.0,377.5,0.006666666666666599,0.7777777777777778,0.5,-0.2777777777777778,0.8571428571428572,0.0,0.8571428571428572,Famílias
31278015,0.8037369162075062,46755.76239202772,547.0082321754571,105,3,8,apartamento,14,4.429999828338623,False,250.0,16,0,2.0,False,False,Meia Praia,Meia Praia (beach band),0.2759392088655613,411,1856,93620.6495995364,0.7233632245867556,3,0,0,0,0,0,1,0,0,0,1,0,0,0,0,0,0,0,0,0,8,3,6,2.0,2.0,2.6666666666666665,250.0,430.0,430.0,0.0,1.0,1.0,0.0,,0.0,,Grupos e amigos
31284638,0.9503804235893654,93077.82967216108,929.8595436403396,105,3,8,apartamento,21,5.0,True,300.0,32,0,0.0,True,False,Centro,Centro,0.1989043331315195,176,742,186372.89675996255,0.8553423812304288,3,0,0,0,0,0,1,1,1,0,1,0,0,1,0,0,0,0,0,0,8,3,3,0.0,1.0,2.6666666666666665,300.0,990.0,990.0,0.0,0.962962962962963,0.8333333333333334,-0.12962962962962965,0.8928571428571429,0.45945945945945943,0.4333976833976835,Alto padrão e frente-mar
31380471,0.6955236044456874,66108.96470294,886.9133681804985,105,3,7,apartamento,27,4.670000076293945,False,250.0,35,0,3.0,False,False,Meia Praia,Meia Praia (beach band),0.2660328306931253,417,1622,132372.2232983495,0.6259712440011187,3,0,1,0,1,0,1,1,1,0,1,0,0,0,0,0,0,0,0,1,7,3,4,3.0,1.3333333333333333,2.3333333333333335,250.0,800.0,800.0,0.0,0.8148148148148149,0.6666666666666667,-0.14814814814814814,0.3571428571428571,0.0,0.3571428571428571,Alto padrão e frente-mar
31397917,0.981982760496499,34371.38645398414,332.98201844255976,105,1,3,apartamento,213,4.900000095367432,False,0.0,8,0,1.0,True,False,Meia Praia,Meia Praia (inland),0.8031551718053235,128,1564,68822.99342010892,0.8837844844468491,1,0,0,0,0,0,0,0,0,0,0,0,0,0,0,0,0,0,0,0,3,1,1,1.0,1.0,3.0,0.0,250.0,250.0,0.0,1.0,1.0,0.0,0.8571428571428572,0.972972972972973,-0.11583011583011582,Casais e escapadas curtas
31430342,0.7126643078757547,37014.86490006886,485.2523850142408,105,2,7,apartamento,12,5.0,False,250.0,16,0,2.0,True,False,Meia Praia,Meia Praia (inland),0.6638945801359608,197,1682,74116.12001378465,0.6413978770881793,2,0,0,0,1,0,1,1,0,0,1,0,0,0,0,0,0,0,0,1,7,2,5,2.0,2.5,3.5,250.0,450.0,450.0,0.0,1.0,1.0,0.0,,0.3513513513513513,,Famílias
31441134,0.0849024904028302,14711.11210733884,1533.047445126903,105,4,11,apartamento,9,5.0,False,450.0,31,0,4.0,False,False,Meia Praia,Meia Praia (inland),0.4009881715306903,380,1907,29456.55896428079,0.0764122413625472,4,0,0,1,0,0,1,0,0,0,1,0,0,0,0,0,0,0,0,0,11,4,4,4.0,1.0,2.75,450.0,1500.0,1500.0,0.0,0.0,0.0,0.0,0.0357142857142857,0.027027027027026973,0.008687258687258725,Alto padrão e frente-mar
31454750,0.7699979560944384,43451.639104292095,529.3845939222952,105,2,4,apartamento,38,4.949999809265137,False,300.0,34,0,2.0,True,False,Canto da Praia,Canto da Praia,0.012743367208227,29,523,87004.69142178011,0.6929981604849946,2,0,0,0,1,0,1,1,1,0,1,0,0,0,0,0,0,0,0,1,4,2,2,2.0,1.0,2.0,300.0,479.0,495.66666,0.03479469728601248,0.5555555555555556,1.0,0.4444444444444444,0.8214285714285714,0.43243243243243246,0.38899613899613894,Casais e escapadas curtas
31530689,0.5002148181084031,40231.88517355445,739.1408319316909,105,3,6,apartamento,24,4.920000076293945,False,0.0,47,0,2.0,True,True,Meia Praia,Meia Praia (beach band),0.1737550750541028,181,901,80557.66887044394,0.4501933362975627,3,0,0,0,1,0,1,1,0,0,1,0,0,0,0,0,0,1,0,1,6,3,4,2.0,1.3333333333333333,2.0,0.0,700.0,700.0,0.0,0.6666666666666667,0.6666666666666667,0.0,0.5357142857142857,0.0,0.5357142857142857,Famílias
31543199,0.9294162864128932,81197.6184021021,828.3680175005165,105,3,7,apartamento,27,5.0,False,200.0,15,0,3.0,True,False,Meia Praia,Meia Praia (beach band),0.1752355344653585,408,1964,162584.7466030463,0.836474657771604,3,0,0,0,1,0,1,1,0,0,1,0,0,0,0,0,0,0,0,0,7,3,4,3.0,1.3333333333333333,2.3333333333333335,200.0,700.0,700.0,0.0,1.0,1.0,0.0,,0.1351351351351351,,Famílias
31560419,0.9253598856249616,47961.705486562474,491.31675196541227,105,2,6,apartamento,16,5.0,False,220.0,30,0,2.0,True,True,Centro,Centro,0.1844017147046723,180,748,96035.35037895667,0.8328238970624655,2,0,1,0,0,0,1,1,0,0,1,0,0,1,0,0,0,0,0,1,6,2,4,2.0,2.0,3.0,220.0,449.0,449.0,0.0,1.0,1.0,0.0,,0.027027027027026973,,Famílias
31682871,0.9071194269598306,31637.95436876041,330.2262481122668,105,2,5,apartamento,59,4.679999828338623,False,180.0,21,0,2.0,False,False,Centro,Centro,0.5258696926917406,135,614,63349.74960239087,0.8164074842638476,2,0,0,0,1,0,0,1,0,0,1,0,0,0,0,0,0,0,0,0,5,2,3,2.0,1.5,2.5,180.0,290.0,290.0,0.0,1.0,1.0,0.0,0.8928571428571429,0.5405405405405406,0.35231660231660233,Famílias
31859744,0.6332885347069396,35154.31860616072,515.5686141692271,105,2,6,apartamento,22,5.0,False,300.0,32,0,3.0,True,False,Meia Praia,Meia Praia (beach band),0.1850569337625061,232,1111,70390.68503562696,0.5699596812362456,2,1,1,0,1,0,1,1,0,0,1,0,1,1,0,0,0,0,0,0,6,2,3,3.0,1.5,3.0,300.0,500.0,535.0,0.07000000000000006,1.0,1.0,0.0,,0.0,,Famílias
31945494,0.7929502547481151,48474.88157397583,574.4076971452519,105,3,8,apartamento,32,4.78000020980835,False,100.0,14,0,2.0,False,True,Meia Praia,Meia Praia (beach band),0.2093060119283884,454,1907,97062.90027237427,0.7136552292733036,3,0,1,0,1,0,0,1,0,0,1,0,0,0,0,0,0,0,0,1,8,3,4,2.0,1.3333333333333333,2.6666666666666665,100.0,630.0,630.0,0.0,1.0,1.0,0.0,,0.08108108108108103,,Grupos e amigos
31972121,0.7063100263334593,27122.037545728992,358.59359806723376,105,2,5,apartamento,11,4.639999866485596,False,150.0,6,0,1.0,False,False,Meia Praia,Meia Praia (beach band),0.3000026142774794,432,1998,54307.37610915564,0.6356790237001134,2,0,0,0,1,0,0,0,0,0,1,0,0,1,0,0,0,0,0,1,5,2,3,1.0,1.5,2.5,150.0,350.0,350.0,0.0,1.0,1.0,0.0,0.8571428571428572,0.3783783783783784,0.4787644787644788,Famílias
32134287,0.2775024821767137,19901.834235981885,646.2527751146984,105,2,5,apartamento,83,4.960000038146973,False,200.0,45,0,2.0,True,True,Meia Praia,Meia Praia (inland),0.8182817161944284,139,1630,39850.118019091766,0.2497522339590423,2,0,1,0,1,0,1,1,0,0,1,0,0,0,0,0,0,0,0,1,5,2,8,2.0,4.0,2.5,200.0,750.0,600.0,-0.19999999999999996,0.33333333333333337,1.0,0.6666666666666666,0.2857142857142857,0.3513513513513513,-0.06563706563706562,Famílias
32371924,0.9643777353290132,62398.16288228414,614.859014540067,105,3,8,apartamento,30,4.929999828338623,False,250.0,56,0,2.0,True,True,Centro,Centro,0.0922920831121379,106,456,124941.95889431571,0.8679399617961119,3,1,1,0,1,0,1,1,0,0,1,0,0,0,0,0,0,0,1,1,8,3,5,2.0,1.6666666666666667,2.6666666666666665,250.0,488.0,503.0,0.03073770491803285,1.0,1.0,0.0,0.9285714285714286,0.16216216216216217,0.7664092664092664,Grupos e amigos
32443120,0.9860372087002048,46759.42724303757,451.24520585787906,105,2,5,apartamento,12,4.920000076293945,False,250.0,17,0,2.0,True,True,Meia Praia,Meia Praia (beach band),0.2950345910229124,437,1970,93627.98785507269,0.8874334878301843,2,0,0,0,0,0,0,0,0,0,1,0,0,0,0,0,0,0,0,1,5,2,2,2.0,1.0,2.5,250.0,529.0,503.83333,-0.04757404536862009,1.0,1.0,0.0,,,,Famílias
32486859,0.8909301624446299,96524.85276349635,1024.7219328009508,105,4,8,apartamento,70,4.889999866485596,False,400.0,129,0,4.0,True,False,Meia Praia,Meia Praia (beach band),0.2770271229515266,178,1077,193274.98806348143,0.8018371462001669,4,1,0,0,1,0,1,1,0,0,1,0,1,0,1,0,0,1,0,1,8,4,5,4.0,1.25,2.0,400.0,899.0,899.0,0.0,0.9259259259259259,0.6666666666666667,-0.2592592592592592,0.8928571428571429,0.10810810810810811,0.7847490347490348,Grupos e amigos
32585103,0.8786909704487034,41071.38924419217,441.7385835683247,105,2,5,apartamento,75,4.909999847412109,False,250.0,19,0,2.0,True,False,Meia Praia,Meia Praia (beach band),0.1066610511981461,260,1218,82238.63635795,0.790821873403833,2,0,0,0,1,0,1,1,0,0,1,0,1,0,0,0,0,0,0,1,5,2,2,2.0,1.0,2.5,250.0,600.0,300.0,-0.5,1.0,1.0,0.0,0.7857142857142857,0.2702702702702703,0.5154440154440154,Famílias
32600458,0.8984239604837169,59784.07280515497,629.6900681765526,105,3,8,apartamento,31,4.900000095367432,False,350.0,11,0,3.0,True,False,Meia Praia,Meia Praia (beach band),0.0657477070668803,271,1350,119707.67762903444,0.8085815644353452,3,0,1,0,1,0,1,1,1,0,1,0,0,1,0,0,0,0,0,1,8,3,4,3.0,1.3333333333333333,2.6666666666666665,350.0,511.1111,500.0,-0.02173910916824151,0.8888888888888888,1.0,0.11111111111111116,0.75,0.2432432432432432,0.5067567567567568,Grupos e amigos
32606991,0.6839898811871501,44413.04381116657,605.3749350688629,105,3,8,apartamento,22,4.769999980926514,False,190.0,20,0,3.0,False,False,Meia Praia,Meia Praia (inland),0.4806319009414136,365,1818,88929.74468967396,0.6155908930684351,3,0,0,0,1,0,1,0,0,0,1,0,0,0,0,0,0,0,0,1,8,3,4,3.0,1.3333333333333333,2.6666666666666665,190.0,536.5,593.16665,0.10562283317800558,0.7777777777777778,0.6666666666666667,-0.11111111111111105,0.6428571428571428,0.0,0.6428571428571428,Grupos e amigos
32697747,0.9338748496409324,36468.50498078459,370.3762671701763,105,2,5,apartamento,65,4.889999866485596,False,300.0,29,0,2.0,False,False,Meia Praia,Meia Praia (beach band),0.2155367655370738,413,1845,73022.12500778589,0.8404873646768393,2,0,0,0,1,0,1,1,0,0,1,0,1,0,0,0,0,0,0,1,5,2,3,2.0,1.5,2.5,300.0,350.0,325.0,-0.0714285714285714,1.0,1.0,0.0,0.9285714285714286,0.6216216216216216,0.306949806949807,Famílias
32766950,0.8738743464297513,34264.406768417335,370.44055209687815,105,2,6,apartamento,11,4.820000171661377,False,250.0,14,0,2.0,False,False,Centro,Centro,0.1710478740769471,178,753,68608.78436555984,0.7864869117867761,2,0,0,0,0,0,0,1,0,0,1,0,0,0,0,0,0,0,0,0,6,2,4,2.0,2.0,3.0,250.0,300.0,300.0,0.0,0.6666666666666667,0.5,-0.16666666666666674,0.8214285714285714,0.0,0.8214285714285714,Famílias
32990586,0.5428667370218169,60709.67143968471,1031.3173640793698,105,3,6,apartamento,23,4.960000038146973,False,350.0,23,0,2.0,True,False,Meia Praia,Meia Praia (beach band),0.0638351557868757,271,1348,121561.03518326592,0.4885800633196352,3,0,1,0,1,0,1,1,1,0,1,0,0,1,0,0,0,0,1,1,6,3,5,2.0,1.6666666666666667,2.0,350.0,1026.0,978.8333,-0.045971442495126746,0.7777777777777778,0.8333333333333334,0.05555555555555558,0.7142857142857143,0.0,0.7142857142857143,Alto padrão e frente-mar
33336758,0.9345506670946038,44826.64538616849,454.9523988634683,105,2,6,apartamento,29,4.860000133514404,False,250.0,27,0,2.0,True,False,Meia Praia,Meia Praia (inland),0.4251318293968973,379,1894,89757.91315803098,0.8410956003851434,2,0,0,0,1,0,1,1,0,0,1,0,1,0,0,0,0,0,0,1,6,2,2,2.0,1.0,3.0,250.0,424.0,452.0,0.0660377358490567,1.0,1.0,0.0,,0.5135135135135135,,Famílias
34218930,0.8499760937146789,69344.52692406235,769.5560190500184,105,3,8,apartamento,20,4.900000095367432,False,300.0,63,0,3.0,False,False,Meia Praia,Meia Praia (beach band),0.2402357532154003,450,1962,138850.89932594524,0.764978484343211,3,0,0,0,0,0,1,1,0,0,1,0,1,0,0,0,0,0,0,1,8,3,5,3.0,1.6666666666666667,2.6666666666666665,300.0,800.0,596.25,-0.25468749999999996,0.8518518518518519,0.9166666666666666,0.06481481481481477,0.8214285714285714,0.08108108108108103,0.7403474903474904,Grupos e amigos
34540951,0.7515419935617587,49949.28938629458,622.6802745693591,105,3,8,apartamento,67,4.869999885559082,False,400.0,111,0,3.0,True,False,Meia Praia,Meia Praia (beach band),0.0595472111251916,296,1518,100015.15706601922,0.6763877942055828,3,0,0,0,1,0,1,1,0,0,1,0,1,0,0,0,0,0,0,1,8,3,5,3.0,1.6666666666666667,2.6666666666666665,400.0,558.0,553.5,-0.008064516129032251,1.0,1.0,0.0,0.8571428571428572,0.0,0.8571428571428572,Grupos e amigos
34866449,0.7891659313137894,42165.47456562308,501.9081129608012,105,3,8,apartamento,23,4.829999923706055,False,150.0,22,0,2.0,True,False,Meia Praia,Meia Praia (beach band),0.1985831216750613,212,1112,84429.36052261778,0.7102493381824105,3,0,0,0,1,0,0,0,0,0,1,0,0,0,0,0,0,0,0,0,8,3,4,2.0,1.3333333333333333,2.6666666666666665,150.0,400.0,400.0,0.0,0.9259259259259259,0.8333333333333334,-0.09259259259259256,0.8571428571428572,0.027027027027026973,0.8301158301158302,Grupos e amigos
35481220,0.3688728975905609,29237.82033736971,720.2274439236035,105,3,6,apartamento,17,4.940000057220459,False,300.0,19,0,3.0,True,False,Meia Praia,Meia Praia (beach band),0.0857283458893125,225,1138,58543.87978765623,0.3319856078315048,3,0,1,0,1,0,1,0,0,0,1,0,0,1,0,0,0,0,0,0,6,3,3,3.0,1.0,2.0,300.0,700.0,700.0,0.0,0.0,0.0,0.0,0.0357142857142857,0.5405405405405406,-0.5048262548262549,Famílias
35826155,0.9772215540853784,73551.31569811646,715.8079916364404,105,2,6,apartamento,32,4.909999847412109,False,250.0,44,0,2.0,False,False,Meia Praia,Meia Praia (inland),0.8934218345540486,47,1619,147274.2952370798,0.8794993986768405,2,0,0,0,1,0,0,1,0,0,1,0,0,0,0,0,0,0,0,1,6,2,3,2.0,1.5,3.0,250.0,590.0,590.0,0.0,1.0,1.0,0.0,,0.45945945945945943,,Famílias
35912580,0.9294174893506102,38302.26545147166,390.75447894906665,105,3,8,apartamento,13,5.0,False,260.0,49,0,2.0,False,False,Meia Praia,Meia Praia (beach band),0.3045727268632079,383,1702,76693.92582318543,0.8364757404155492,3,0,0,0,1,0,1,1,0,0,1,0,1,1,0,0,0,0,0,1,8,3,3,2.0,1.0,2.6666666666666665,260.0,350.0,350.0,0.0,1.0,1.0,0.0,,0.10810810810810811,,Grupos e amigos
35934720,0.9888152928942624,44989.000640086415,433.01458771901576,105,2,4,apartamento,14,4.929999828338623,False,250.0,2,0,1.0,True,False,Canto da Praia,Canto da Praia,0.0610903472067382,18,347,90083.00259214714,0.8899337636048362,2,0,0,0,1,0,0,0,0,0,1,0,0,0,0,0,0,0,0,0,4,2,2,1.0,1.0,2.0,250.0,500.0,500.0,0.0,1.0,1.0,0.0,,,,Casais e escapadas curtas
36032020,0.9808054734475982,70926.71548987988,687.8960719978274,105,3,8,apartamento,19,4.840000152587891,True,300.0,20,0,2.0,True,False,Meia Praia,Meia Praia (beach band),0.0495518008755642,124,857,142018.9691796421,0.8827249261028384,3,0,0,0,1,0,1,1,0,0,1,0,0,1,0,1,0,0,1,1,8,3,10,2.0,3.3333333333333335,2.6666666666666665,300.0,550.0,550.0,0.0,1.0,1.0,0.0,,0.5405405405405406,,Grupos e amigos
36632832,0.6658487444121034,40544.85399677863,566.9409035136691,105,3,8,apartamento,41,4.849999904632568,False,250.0,19,0,2.0,True,False,Meia Praia,Meia Praia (beach band),0.1691013294283389,325,1716,81184.33696514803,0.5992638699708931,3,0,0,0,1,0,1,0,1,0,1,0,0,1,0,0,0,0,0,1,8,3,5,2.0,1.6666666666666667,2.6666666666666665,250.0,450.0,450.0,0.0,0.8148148148148149,0.6666666666666667,-0.14814814814814814,0.8214285714285714,0.21621621621621623,0.6052123552123552,Grupos e amigos
36698654,0.3547613655164838,72880.12290847934,1864.338007337194,105,4,12,apartamento,14,4.789999961853027,False,300.0,30,0,4.0,False,False,Meia Praia,Meia Praia (beach band),0.1649568678203835,293,1259,145930.34313882317,0.3192852289648354,4,0,0,0,0,1,1,0,0,0,1,0,0,0,0,0,0,1,1,1,12,4,4,4.0,1.0,3.0,300.0,1900.0,1900.0,0.0,0.8888888888888888,0.75,-0.13888888888888884,0.4285714285714286,0.3783783783783784,0.050193050193050204,Alto padrão e frente-mar
36908385,0.972384499412136,63378.22862732835,619.684099823792,105,3,7,apartamento,22,4.820000171661377,True,350.0,26,0,3.0,False,True,Meia Praia,Meia Praia (beach band),0.3202350203128817,305,1520,126904.37779216132,0.8751460494709224,3,0,0,0,0,0,1,0,0,0,1,0,1,0,1,0,0,0,0,1,7,3,4,3.0,1.3333333333333333,2.3333333333333335,350.0,455.0,455.0,0.0,1.0,1.0,0.0,,0.6216216216216216,,Famílias
37118794,0.8389261823360564,96217.45654651876,1081.042494598593,105,3,6,apartamento,6,5.0,False,350.0,13,0,2.0,False,False,Meia Praia,Meia Praia (beach band),0.1271955918244807,329,1410,192659.47818736,0.7550335641024508,3,0,0,0,1,0,1,1,0,0,1,0,0,0,0,0,0,0,0,0,6,3,4,2.0,1.3333333333333333,2.0,350.0,1000.0,1000.0,0.0,1.0,1.0,0.0,,0.0,,Alto padrão e frente-mar
37153670,0.8332480592604609,38394.79313483708,434.15451115222726,105,3,8,apartamento,25,4.920000076293945,False,200.0,27,0,2.0,True,False,Meia Praia,Meia Praia (beach band),0.1742408201249322,316,1332,76879.1971433273,0.7499232533344148,3,0,0,0,1,0,1,1,1,0,1,0,0,0,0,0,0,0,0,1,8,3,5,2.0,1.6666666666666667,2.6666666666666665,200.0,400.0,400.0,0.0,0.4444444444444444,0.75,0.3055555555555556,0.7857142857142857,0.027027027027026973,0.7586872586872587,Grupos e amigos
37347085,0.2328985420153078,13195.716272001777,508.4203103140634,105,3,6,apartamento,41,4.710000038146973,False,250.0,24,0,2.0,False,True,Meia Praia,Meia Praia (beach band),0.111944940924196,158,626,26422.23046130084,0.209608687813777,3,0,0,0,1,0,1,1,0,0,1,0,0,0,0,0,0,0,0,1,6,3,5,2.0,1.6666666666666667,2.0,250.0,492.0,492.0,0.0,0.5925925925925926,0.75,0.15740740740740744,0.5357142857142857,0.0,0.5357142857142857,Famílias
37487828,0.9166683144613452,46166.95510333384,477.14931389989226,105,3,8,apartamento,96,4.980000019073486,False,250.0,31,0,2.0,True,False,Meia Praia,Meia Praia (inland),0.5606095303529639,293,1746,92441.66078540336,0.8250014830152107,3,1,0,0,1,0,1,0,0,0,1,0,0,1,0,1,0,0,0,1,8,3,6,2.0,2.0,2.6666666666666665,250.0,350.0,400.0,0.1428571428571428,0.8518518518518519,0.8333333333333334,-0.01851851851851849,0.8214285714285714,0.027027027027026973,0.7944015444015444,Grupos e amigos
37494985,0.4363073680630356,44004.3802829643,921.8778340795913,105,3,6,apartamento,22,4.639999866485596,False,350.0,22,0,3.0,False,False,Meia Praia,Meia Praia (beach band),0.0336053066590535,255,1249,88111.46383998645,0.3926766312567321,3,0,0,0,1,0,1,1,0,0,1,0,0,0,0,0,0,0,1,0,6,3,8,3.0,2.6666666666666665,2.0,350.0,900.0,900.0,0.0,0.8148148148148149,0.5833333333333333,-0.23148148148148162,0.75,0.0,0.75,Famílias
37708447,0.9357879473627332,80198.05640818551,812.9300691815771,105,3,10,apartamento,95,4.989999771118164,False,300.0,69,0,2.0,True,False,Meia Praia,Meia Praia (beach band),0.0086879924276593,214,1134,160583.2897045179,0.84220915262646,3,0,1,0,1,0,1,0,1,0,1,0,0,0,0,0,0,0,1,1,10,3,6,2.0,2.0,3.3333333333333335,300.0,700.0,700.0,0.0,1.0,1.0,0.0,,0.21621621621621623,,Alto padrão e frente-mar
37744392,0.362342256206721,28539.529263135468,715.2789098985902,105,3,6,apartamento,10,5.0,False,100.0,20,0,2.0,True,False,Meia Praia,Meia Praia (beach band),0.3177779871042739,441,1930,57145.66787462547,0.326108030586049,3,0,0,0,1,0,0,0,0,0,1,0,0,0,0,0,0,0,0,1,6,3,3,2.0,1.0,2.0,100.0,665.0,700.0,0.05263157894736836,0.7777777777777778,1.0,0.2222222222222222,0.4642857142857143,0.3513513513513513,0.11293436293436299,Famílias
37989675,0.7181610400051877,35286.29739460721,459.2339120037293,105,2,6,apartamento,20,4.849999904632568,False,300.0,13,0,2.0,False,False,Meia Praia,Meia Praia (beach band),0.1649114430658938,337,1509,70654.9506421659,0.6463449360046689,2,0,0,0,0,0,0,0,0,0,1,0,0,1,0,0,0,0,0,0,6,2,2,2.0,1.0,3.0,300.0,400.0,400.0,0.0,0.8888888888888888,1.0,0.11111111111111116,0.9642857142857143,0.0,0.9642857142857143,Famílias
38262480,0.959092690835414,123416.63129220872,1222.4187857161862,105,4,8,apartamento,45,4.869999885559082,False,250.0,34,0,3.0,True,True,Meia Praia,Meia Praia (beach band),0.0569900750702977,187,1006,247121.30872949192,0.8631834217518727,4,0,0,0,1,0,1,1,0,0,1,0,1,0,1,0,0,0,1,1,8,4,5,3.0,1.25,2.0,250.0,1200.0,1200.0,0.0,1.0,1.0,0.0,0.8928571428571429,,,Alto padrão e frente-mar
38319706,0.5428667370218169,34192.11166489432,580.8451542944048,105,3,7,apartamento,40,5.0,False,350.0,29,0,2.0,True,False,Meia Praia,Meia Praia (beach band),0.2791358648562414,156,973,68464.02542658798,0.4885800633196352,3,0,0,0,1,0,1,1,0,0,1,0,0,0,0,0,0,0,0,1,7,3,6,2.0,2.0,2.3333333333333335,350.0,590.0,590.0,0.0,0.7777777777777778,0.8333333333333334,0.05555555555555558,0.75,0.0,0.75,Famílias
38447436,0.0546529037801162,6170.132783551367,996.0346807091696,105,3,7,apartamento,19,4.840000152587891,True,350.0,26,0,2.0,True,False,Meia Praia,Meia Praia (beach band),0.0301684830957701,254,1345,12354.666243448304,0.0491876134021045,3,0,0,0,0,0,0,1,0,0,1,0,0,0,0,0,0,0,1,1,7,3,5,2.0,1.6666666666666667,2.3333333333333335,350.0,1127.0,1127.0,0.0,0.18518518518518523,0.0,-0.18518518518518523,0.1428571428571429,0.0,0.1428571428571429,Famílias
38514587,0.1790558559314542,17860.871529333435,890.5252791545241,105,4,7,apartamento,9,5.0,False,300.0,16,0,3.0,False,False,Meia Praia,Meia Praia (inland),0.3963261239991215,231,1444,35763.42913563906,0.1611502703383087,4,0,0,0,1,0,1,1,0,0,1,0,1,1,0,0,0,0,0,0,7,4,4,3.0,1.0,1.75,300.0,874.6667,871.0,-0.004192111120727482,0.5555555555555556,0.6666666666666667,0.11111111111111116,0.4642857142857143,0.0,0.4642857142857143,Famílias
38616586,0.912720602805724,40152.467710727055,416.6766976495329,105,3,8,apartamento,7,5.0,False,300.0,19,0,2.0,False,False,Meia Praia,Meia Praia (beach band),0.3065804597029894,384,1613,80398.64858975408,0.8214485425251515,3,0,1,0,0,0,1,0,0,0,1,0,0,0,0,0,0,0,0,1,8,3,3,2.0,1.0,2.6666666666666665,300.0,367.0,367.0,0.0,1.0,1.0,0.0,,0.3783783783783784,,Grupos e amigos
38638326,0.6194281960088356,45716.54335955891,684.7476445489938,105,3,6,apartamento,106,4.980000019073486,False,300.0,33,0,3.0,True,False,Meia Praia,Meia Praia (inland),0.586729092635027,263,1824,91539.7860670337,0.557485376407952,3,0,0,0,1,0,1,1,0,0,1,0,0,0,0,0,0,0,0,0,6,3,4,3.0,1.3333333333333333,2.0,300.0,670.6667,675.0,0.0064611825814522295,0.9259259259259259,0.8333333333333334,-0.09259259259259256,0.6428571428571428,0.0,0.6428571428571428,Famílias
38693604,0.7813712499336898,52864.814711553285,635.1984742505822,105,3,8,apartamento,20,4.849999904632568,False,300.0,17,0,2.0,True,True,Meia Praia,Meia Praia (beach band),0.1809576190760809,340,1679,105853.01235722416,0.7032341249403208,3,0,0,0,1,0,0,0,0,0,1,0,0,0,0,0,0,0,0,1,8,3,7,2.0,2.3333333333333335,2.6666666666666665,300.0,650.0,650.0,0.0,0.9259259259259259,1.0,0.07407407407407407,0.7142857142857143,0.0,0.7142857142857143,Grupos e amigos
38695314,0.8417660224962298,53971.866965957,604.4657214849643,105,3,9,apartamento,62,4.849999904632568,False,200.0,20,0,3.0,True,False,Meia Praia,Meia Praia (inland),0.6354746082284007,211,1421,108069.70065178991,0.7575894202466068,3,1,1,0,1,0,1,1,0,0,1,0,1,0,1,0,0,1,0,1,9,3,5,3.0,1.6666666666666667,3.0,200.0,380.0,600.0,0.5789473684210527,0.7407407407407407,1.0,0.2592592592592593,0.6785714285714286,0.0,0.6785714285714286,Grupos e amigos
38730549,0.6531789108429824,59984.50129166383,854.2233023619696,105,3,8,apartamento,37,4.96999979019165,True,300.0,58,0,3.0,True,False,Meia Praia,Meia Praia (inland),0.536263152971192,209,1625,120109.00238870535,0.5878610197586842,3,0,1,0,1,0,1,1,0,0,1,0,0,0,0,0,0,1,0,1,8,3,3,3.0,1.0,2.6666666666666665,300.0,767.0,767.0,0.0,0.8518518518518519,0.8333333333333334,-0.01851851851851849,0.7857142857142857,0.0,0.7857142857142857,Grupos e amigos
38800430,0.9572422241991434,41428.628205000954,411.0882772317234,105,3,7,apartamento,53,4.980000019073486,False,150.0,40,0,2.0,True,True,Meia Praia,Meia Praia (inland),0.405749360846088,327,1956,82953.94805135712,0.8615180017792291,3,0,1,0,1,0,1,1,0,0,1,0,1,1,1,0,0,0,0,0,7,3,5,2.0,1.6666666666666667,2.3333333333333335,150.0,350.0,480.0,0.37142857142857144,1.0,1.0,0.0,,0.5405405405405406,,Famílias
38852725,0.8141732046155119,47762.92136892164,552.0233294296905,105,3,8,apartamento,44,4.980000019073486,False,200.0,25,0,2.0,True,False,Meia Praia,Meia Praia (beach band),0.1795149855552117,376,1836,95637.31819486852,0.7327558841539608,3,0,0,0,0,0,1,1,0,0,1,0,0,1,0,0,0,0,0,1,8,3,5,2.0,1.6666666666666667,2.6666666666666665,200.0,450.0,450.0,0.0,0.8148148148148149,0.8333333333333334,0.01851851851851849,0.75,0.0,0.75,Grupos e amigos
38899673,0.5510600317862993,34243.31970805152,573.4439983104367,105,2,4,apartamento,7,5.0,False,245.0,30,0,1.0,False,False,Morretes,Morretes,0.3850246655380134,197,792,68566.56102904273,0.4959540286076693,2,0,0,0,1,0,0,0,0,0,1,0,0,1,0,0,0,0,0,1,4,2,2,1.0,1.0,2.0,245.0,500.0,500.0,0.0,0.7407407407407407,0.6666666666666667,-0.07407407407407396,0.6071428571428572,0.027027027027026973,0.5801158301158302,Casais e escapadas curtas
38957661,0.903726383554129,54851.53558930485,574.5449875680853,105,3,8,apartamento,23,4.829999923706055,False,350.0,23,0,3.0,True,False,Meia Praia,Meia Praia (inland),0.3945360755331666,411,1799,109831.09098609016,0.8133537451987162,3,0,1,0,1,0,1,0,0,0,1,0,0,0,0,0,0,0,0,1,8,3,3,3.0,1.0,2.6666666666666665,350.0,400.0,400.0,0.0,0.9259259259259259,1.0,0.07407407407407407,0.9285714285714286,0.10810810810810811,0.8204633204633205,Grupos e amigos
38980085,0.378646774980189,42022.1912127836,1009.3088741778556,105,3,8,apartamento,13,5.0,False,350.0,16,0,3.0,True,False,Meia Praia,Meia Praia (beach band),0.1365812203857247,231,1147,84142.45940319727,0.3407820974821701,3,0,0,0,1,0,1,1,0,0,1,1,1,0,1,0,0,0,0,0,8,3,3,3.0,1.0,2.6666666666666665,350.0,930.0,930.0,0.0,0.8888888888888888,1.0,0.11111111111111116,0.5357142857142857,0.0,0.5357142857142857,Grupos e amigos
39007372,0.1462476578158563,18483.76056798114,1124.7888472881318,105,3,6,apartamento,9,5.0,False,250.0,15,0,3.0,False,False,Meia Praia,Meia Praia (inland),0.694611052383982,194,1546,37010.6609941997,0.1316228920342707,3,0,0,0,1,0,1,0,0,0,1,0,1,1,0,0,0,0,0,0,6,3,3,3.0,1.0,2.0,250.0,1100.0,1100.0,0.0,0.5555555555555556,0.33333333333333337,-0.2222222222222222,0.3571428571428571,0.0,0.3571428571428571,Alto padrão e frente-mar
39051477,0.1705875530381622,29998.88075011881,1568.6943976886455,105,4,10,apartamento,10,4.800000190734863,False,450.0,41,0,4.0,False,False,Meia Praia,Meia Praia (beach band),0.1001403279741689,382,1959,60067.77687714547,0.153528797734346,4,0,0,0,0,0,1,0,0,0,1,0,0,0,0,0,0,0,0,1,10,4,4,4.0,1.0,2.5,450.0,1500.0,1500.0,0.0,0.5555555555555556,0.6666666666666667,0.11111111111111116,0.4642857142857143,0.0,0.4642857142857143,Alto padrão e frente-mar
39059902,0.3802419916218793,20526.67371410434,491.0205946458182,105,3,8,apartamento,14,4.860000133514404,False,200.0,21,0,2.0,False,True,Meia Praia,Meia Praia (inland),0.5750659497516877,110,1495,41101.25530879692,0.3422177924596914,3,0,0,0,1,0,1,1,0,0,1,0,0,0,0,0,0,0,0,1,8,3,6,2.0,2.0,2.6666666666666665,200.0,750.0,750.0,0.0,0.2222222222222222,0.0,-0.2222222222222222,0.5,0.3513513513513513,0.14864864864864868,Grupos e amigos
39109062,0.6400379708275723,109825.2158766558,1594.516207147855,105,4,12,apartamento,12,4.920000076293945,False,450.0,43,0,4.0,False,False,Meia Praia,Meia Praia (beach band),0.3041179229933812,389,1458,219906.75644581064,0.5760341737448151,4,0,0,0,0,0,1,0,0,0,1,0,0,0,0,0,0,0,0,1,12,4,4,4.0,1.0,3.0,450.0,1400.0,1400.0,0.0,0.9259259259259259,0.9166666666666666,-0.0092592592592593,0.8928571428571429,0.0,0.8928571428571429,Alto padrão e frente-mar
39145712,0.9617836169027032,83022.5154635722,820.1604015448806,105,3,8,apartamento,166,4.900000095367432,False,150.0,72,0,2.0,True,True,Morretes,Morretes,0.030148689817918,94,695,166238.7999134089,0.865605255212433,3,1,0,0,1,0,1,1,1,0,1,0,1,0,0,0,0,0,1,1,8,3,3,2.0,1.0,2.6666666666666665,150.0,651.0,662.0,0.016897081413210335,1.0,1.0,0.0,,0.8648648648648649,,Alto padrão e frente-mar
39316910,0.9838801672153896,76866.82572869961,743.3193433861418,105,4,10,apartamento,52,4.789999961853027,False,300.0,30,0,3.0,True,False,Meia Praia,Meia Praia (beach band),0.0244761546611728,230,1216,153913.05347642567,0.8854921504938507,4,0,0,0,0,1,1,1,0,0,1,0,0,0,0,0,0,0,1,1,10,4,4,3.0,1.0,2.5,300.0,777.5,790.0,0.016077170418006492,1.0,1.0,0.0,,0.7027027027027026,,Grupos e amigos
39363955,0.8452082756141205,38298.48565398717,427.2813058436648,105,2,7,apartamento,6,5.0,False,200.0,18,0,1.0,False,False,Meia Praia,Meia Praia (beach band),0.2954024268286179,375,1379,76686.35740642247,0.7606874480527085,2,0,0,0,1,0,0,0,0,0,1,0,0,1,0,0,0,0,1,1,7,2,4,1.0,2.0,3.5,200.0,370.0,370.0,0.0,1.0,1.0,0.0,,0.08108108108108103,,Famílias
39394196,0.967485662598434,43164.93677081687,424.0547925692952,105,3,8,apartamento,16,4.809999942779541,False,300.0,25,0,2.0,True,False,Meia Praia,Meia Praia (beach band),0.287521491548333,262,1223,86430.6176108004,0.8707370963385905,3,0,0,0,1,0,1,0,0,0,1,0,0,0,0,0,0,0,0,1,8,3,3,2.0,1.0,2.6666666666666665,300.0,350.0,350.0,0.0,1.0,1.0,0.0,,0.3783783783783784,,Grupos e amigos
39394644,0.3786467749801888,32546.863841934228,781.7259774956557,105,3,8,apartamento,5,5.0,False,300.0,26,0,2.0,False,False,Meia Praia,Meia Praia (beach band),0.0715116524348706,222,1785,65169.68988252657,0.3407820974821699,3,0,0,0,0,0,1,0,0,0,1,0,0,0,0,0,0,0,1,1,8,3,5,2.0,1.6666666666666667,2.6666666666666665,300.0,800.0,682.3333,-0.14708337500000002,1.0,1.0,0.0,0.5357142857142857,0.0,0.5357142857142857,Grupos e amigos
39414948,0.8038702821231064,53049.24360329646,620.5400848540891,105,3,8,apartamento,72,4.960000038146973,False,250.0,15,0,2.0,True,False,Meia Praia,Meia Praia (beach band),0.1129212611442232,380,1941,106222.30058538196,0.7234832539107958,3,0,0,0,1,0,1,1,1,0,1,0,0,1,0,0,0,0,0,1,8,3,5,2.0,1.6666666666666667,2.6666666666666665,250.0,520.0,520.0,0.0,1.0,1.0,0.0,,0.08108108108108103,,Grupos e amigos
39420557,0.9370074565489296,72289.32352300418,731.8660657449856,105,3,8,apartamento,7,5.0,False,250.0,17,0,3.0,True,False,Meia Praia,Meia Praia (inland),0.5159410298207804,285,1902,144747.36548170724,0.8433067108940365,3,0,0,0,1,0,1,0,0,0,1,0,0,0,0,0,0,0,0,0,8,3,3,3.0,1.0,2.6666666666666665,250.0,800.0,800.0,0.0,0.8148148148148149,0.8333333333333334,0.01851851851851849,0.75,,,Grupos e amigos
39507664,0.9533975140604288,47446.95349564544,472.59113079810487,105,4,8,apartamento,50,4.840000152587891,False,275.0,32,0,3.0,True,False,Meia Praia,Meia Praia (beach band),0.1061694707209541,218,1154,95004.64500047854,0.8580577626543859,4,0,0,0,1,0,1,1,0,0,1,0,0,0,0,0,0,0,0,0,8,4,4,3.0,1.0,2.0,275.0,429.0,429.0,0.0,1.0,1.0,0.0,,0.2702702702702703,,Grupos e amigos
39583346,0.9087751634211992,55925.57310868998,582.7310610654387,105,3,6,apartamento,60,4.980000019073486,False,250.0,82,0,3.0,True,True,Meia Praia,Meia Praia (beach band),0.3043162700787475,424,1832,111981.67275644017,0.8178976470790793,3,0,0,0,0,0,1,0,0,0,1,0,0,0,0,0,0,0,0,1,6,3,3,3.0,1.0,2.0,250.0,700.0,700.0,0.0,0.8148148148148149,0.8333333333333334,0.01851851851851849,0.75,0.32432432432432434,0.42567567567567566,Famílias
39629644,0.9652218076314296,43987.34946457466,433.0863987961196,105,3,6,apartamento,84,4.949999809265137,False,350.0,23,0,2.0,True,True,Meia Praia,Meia Praia (inland),0.6499121708773377,199,1836,88077.36245441859,0.8686996268682867,3,1,0,0,1,0,1,1,0,0,1,0,0,0,0,0,0,1,0,1,6,3,3,2.0,1.0,2.0,350.0,350.0,350.0,0.0,1.0,1.0,0.0,,0.6756756756756757,,Famílias
39635217,0.9827122020863206,51601.170974290035,499.551714448085,105,3,9,apartamento,46,4.960000038146973,False,350.0,27,0,2.0,True,True,Meia Praia,Meia Praia (beach band),0.0777859086545597,328,1891,103322.7756229143,0.8844409818776886,3,0,0,0,0,0,1,0,0,0,1,0,1,0,0,0,0,0,0,1,9,3,3,2.0,1.0,3.0,350.0,391.0,371.2,-0.05063938618925834,0.9259259259259259,1.0,0.07407407407407407,0.9285714285714286,0.43243243243243246,0.49613899613899615,Grupos e amigos
39685785,0.7773576250295701,46148.33791036364,557.203353116624,105,2,7,apartamento,125,4.940000057220459,False,220.0,31,0,2.0,True,False,Meia Praia,Meia Praia (beach band),0.1377862614584616,278,1229,92404.38294818244,0.6996218625266131,2,0,1,0,0,0,1,0,0,0,1,0,0,0,0,0,0,0,0,0,7,2,2,2.0,1.0,3.5,220.0,450.0,464.16666,0.03148146666666651,1.0,1.0,0.0,,0.0,,Famílias
39715668,0.830080428206123,22613.72978851493,256.62873250485586,105,2,4,apartamento,18,4.940000057220459,False,200.0,15,0,1.0,True,False,Casa Branca,Casa Branca,0.8464758226760954,23,617,45280.23850660472,0.7470723853855108,2,0,0,0,0,0,1,0,0,0,1,0,0,0,0,0,0,0,0,0,4,2,3,1.0,1.5,2.0,200.0,230.0,230.0,0.0,0.9259259259259259,0.8333333333333334,-0.09259259259259256,0.8571428571428572,0.027027027027026973,0.8301158301158302,Casais e escapadas curtas
39745810,0.2682656586293058,72242.36689277246,2424.535492861896,105,4,8,apartamento,0,0.0,False,700.0,0,0,5.0,False,False,Meia Praia,Meia Praia (beach band),0.1196889819243544,309,1337,144653.34262761622,0.2414390927663752,4,0,0,0,1,0,0,0,0,0,1,0,1,0,0,0,0,0,0,0,8,4,3,5.0,0.75,2.0,700.0,2250.0,2250.0,0.0,0.11111111111111116,0.0,-0.11111111111111116,0.5714285714285714,0.0,0.5714285714285714,Alto padrão e frente-mar
39820601,0.9365793291332428,39646.630687894445,401.5599429717694,105,2,6,apartamento,23,4.739999771118164,True,200.0,16,0,2.0,False,False,Meia Praia,Meia Praia (inland),0.5114946277938842,215,1330,79385.79395438278,0.8429213962199186,2,0,1,0,0,0,1,1,0,0,1,0,0,0,0,0,0,0,0,1,6,2,4,2.0,2.0,3.0,200.0,345.0,345.0,0.0,1.0,1.0,0.0,,0.3783783783783784,,Famílias
39837626,0.967485662598434,51378.884801315704,504.7490849469702,105,3,6,apartamento,22,5.0,False,350.0,18,0,3.0,True,False,Meia Praia,Meia Praia (inland),0.3737795214729513,302,1560,102877.68447593728,0.8707370963385905,3,0,0,0,1,0,1,1,0,0,1,0,0,0,0,0,0,1,0,0,6,3,3,3.0,1.0,2.0,350.0,430.0,430.0,0.0,1.0,1.0,0.0,,0.5675675675675675,,Famílias
39972515,0.8417660224962298,33114.841832946855,370.8744552608932,105,2,6,apartamento,140,4.829999923706055,False,200.0,22,0,1.0,True,False,Meia Praia,Meia Praia (inland),0.4215258886388369,367,1993,66306.97148711245,0.7575894202466068,2,0,0,0,1,0,0,0,0,0,1,0,0,1,0,0,0,1,0,0,6,2,3,1.0,1.5,3.0,200.0,323.0,323.0,0.0,1.0,1.0,0.0,,0.0,,Famílias
40023421,0.3786467749801888,20448.627899108313,491.1448215259253,105,2,6,apartamento,11,4.730000019073486,False,280.0,48,0,2.0,False,False,Morretes,Morretes,0.3114611081277217,202,831,40944.98152510391,0.34078209748217,2,0,0,0,0,0,1,0,0,0,1,0,0,0,0,0,0,0,0,0,6,2,3,2.0,1.5,3.0,280.0,500.0,500.0,0.0,0.7777777777777778,0.8333333333333334,0.05555555555555558,0.2142857142857143,0.0,0.2142857142857143,Famílias
40039627,0.5591365501312928,20246.960947886902,334.3774012456428,105,1,3,apartamento,504,4.840000152587891,True,35.0,8,0,1.0,False,True,Centro,Centro,0.3844686140637402,103,586,40541.176945514264,0.5032228951181635,1,1,0,1,0,1,1,0,0,0,1,0,0,0,0,0,0,0,0,1,3,1,2,1.0,2.0,3.0,35.0,319.0,327.0,0.02507836990595602,0.33333333333333337,1.0,0.6666666666666666,0.4642857142857143,0.0,0.4642857142857143,Casais e escapadas curtas
40191152,0.4166661680932321,85546.55786007387,1873.4676701343203,105,4,10,apartamento,6,5.0,False,250.0,35,0,5.0,False,True,Meia Praia,Meia Praia (inland),0.3986500018775675,356,1533,171292.77565218433,0.3749995512839089,4,0,1,0,1,1,1,0,1,0,1,0,0,0,0,0,0,1,0,1,10,4,4,5.0,1.0,2.5,250.0,2500.0,2500.0,0.0,1.0,1.0,0.0,0.5714285714285714,0.3513513513513513,0.22007722007722008,Alto padrão e frente-mar
40209404,0.7066227411769449,26718.386762804206,353.10845688312304,105,1,4,apartamento,373,4.860000133514404,True,35.0,7,0,1.0,False,True,Centro,Centro,0.3739751042112991,98,573,53499.1324494346,0.6359604670592505,1,1,0,1,0,1,1,0,0,0,1,0,0,0,0,0,0,0,0,1,4,1,3,1.0,3.0,4.0,35.0,284.5,348.0,0.22319859402460462,0.7777777777777778,0.8333333333333334,0.05555555555555558,0.7857142857142857,0.0,0.7857142857142857,Casais e escapadas curtas
40246675,0.9294162864128932,36298.669645271315,370.3145191162546,105,2,7,apartamento,38,4.820000171661377,False,150.0,19,0,1.0,True,True,Meia Praia,Meia Praia (beach band),0.2532962271916075,433,1995,72682.05795246994,0.836474657771604,2,1,0,0,1,0,1,1,0,0,1,0,0,0,0,0,0,0,0,1,7,2,4,1.0,2.0,3.5,150.0,350.0,350.0,0.0,1.0,1.0,0.0,,0.16216216216216217,,Famílias
40250642,0.500214818108403,52512.59745621932,964.7622725916312,105,3,6,apartamento,25,4.880000114440918,False,350.0,22,0,2.0,False,False,Meia Praia,Meia Praia (beach band),0.2617548876008421,468,1941,105147.75579509066,0.4501933362975627,3,0,1,0,1,0,1,1,0,0,1,0,0,1,0,0,0,0,0,0,6,3,3,2.0,1.0,2.0,350.0,900.0,900.0,0.0,0.6666666666666667,0.5,-0.16666666666666674,0.4285714285714286,0.5405405405405406,-0.11196911196911197,Famílias
40320100,0.5207216675649109,47034.455837932095,831.4896530911843,105,2,5,apartamento,25,4.960000038146973,False,0.0,12,0,2.0,True,False,Morretes,Morretes,0.0555373549797992,21,471,94178.68694316765,0.4686495008084198,2,0,0,0,0,0,1,1,1,0,1,1,0,0,0,0,0,0,1,0,5,2,4,2.0,2.0,2.5,0.0,760.8333,767.1667,0.008324293902488122,1.0,1.0,0.0,,0.05405405405405406,,Alto padrão e frente-mar
40342798,0.4733683866067508,35156.11898085932,680.9912452525598,105,3,6,apartamento,14,5.0,False,300.0,25,0,3.0,True,False,Meia Praia,Meia Praia (beach band),0.2276855853087278,354,1519,70394.28998697802,0.4260315479460758,3,0,0,0,0,0,1,0,0,0,1,0,0,0,0,0,0,0,0,0,6,3,3,3.0,1.0,2.0,300.0,700.0,700.0,0.0,0.9259259259259259,0.8333333333333334,-0.09259259259259256,0.8571428571428572,0.0,0.8571428571428572,Famílias
40351988,0.8651038936651491,36575.95509154446,399.20849470905705,105,3,7,apartamento,35,4.909999847412109,False,200.0,17,0,2.0,True,False,Meia Praia,Meia Praia (beach band),0.1297144750717068,418,1948,73237.27601066197,0.7785935042986342,3,0,0,0,0,0,0,1,0,0,1,0,0,0,0,0,0,0,0,0,7,3,4,2.0,1.3333333333333333,2.3333333333333335,200.0,333.0,333.0,0.0,1.0,1.0,0.0,,0.16216216216216217,,Famílias
40371384,0.2806102896066919,18168.25905163904,583.5950905268658,105,1,6,apartamento,343,4.829999923706055,True,60.0,7,0,1.0,False,True,Centro,Centro,0.1965742656618666,198,644,36378.92160212378,0.2525492606460227,1,1,0,1,1,1,1,1,0,0,1,0,0,0,0,0,0,0,0,1,6,1,3,1.0,3.0,6.0,60.0,601.0,549.0,-0.08652246256239604,0.5555555555555556,0.33333333333333337,-0.2222222222222222,0.3928571428571429,0.0,0.3928571428571429,Casais e escapadas curtas
40391575,0.991113743606928,798639.9868006896,7670.091975233977,105,2,4,apartamento,46,4.78000020980835,False,190.0,9,0,2.0,False,True,Morretes,Morretes,0.5633056885379241,145,845,1599143.9457993857,0.8920023692462352,2,0,0,0,0,0,1,1,0,0,1,0,0,0,0,0,0,0,0,1,4,2,2,2.0,1.0,2.0,190.0,10000.0,10000.0,0.0,1.0,1.0,0.0,,0.8108108108108107,,Alto padrão e frente-mar
40400432,0.6339229057971574,40608.05518497986,594.9852181532391,105,3,8,apartamento,34,4.820000171661377,False,250.0,50,0,2.0,False,False,Ilhota,Ilhota,0.0198233462666564,21,41,81310.88684888752,0.5705306152174416,3,0,0,0,1,0,0,1,1,0,1,0,1,0,0,0,0,0,1,1,8,3,5,2.0,1.6666666666666667,2.6666666666666665,250.0,500.0,500.0,0.0,0.6666666666666667,0.75,0.08333333333333326,0.6428571428571428,0.3513513513513513,0.2915057915057915,Grupos e amigos
40449599,0.7325537646344734,48598.282218867746,620.7001325286294,105,3,8,apartamento,34,4.849999904632568,False,300.0,72,0,3.0,True,True,Meia Praia,Meia Praia (beach band),0.2882699000026514,316,1503,97309.989570992,0.659298388171026,3,0,1,0,1,0,1,0,0,0,1,0,0,1,0,0,0,0,0,1,8,3,4,3.0,1.3333333333333333,2.6666666666666665,300.0,529.6667,558.0,0.053492696444764176,1.0,1.0,0.0,0.7857142857142857,0.0,0.7857142857142857,Grupos e amigos
40532740,0.9205567197618082,34945.387143576685,359.7353837070189,105,2,6,apartamento,28,4.960000038146973,False,200.0,20,0,2.0,True,True,Meia Praia,Meia Praia (beach band),0.230744190003915,455,1915,69972.33447842946,0.8285010477856274,2,0,0,0,0,0,1,1,0,0,1,0,0,0,0,0,0,0,0,1,6,2,5,2.0,2.5,3.0,200.0,330.0,330.0,0.0,1.0,1.0,0.0,,0.29729729729729726,,Famílias
40560834,0.3786467749801888,29493.940408088347,708.3994177652626,105,2,9,apartamento,293,4.860000133514404,True,60.0,16,0,2.0,True,True,Centro,Centro,0.2763638889472338,190,616,59056.71769617134,0.3407820974821699,2,1,1,1,1,1,1,1,0,0,1,0,0,0,0,0,0,0,0,1,9,2,7,2.0,3.5,4.5,60.0,736.0,671.0,-0.08831521739130432,0.7407407407407407,0.5833333333333333,-0.15740740740740744,0.5357142857142857,0.0,0.5357142857142857,Grupos e amigos
40777141,0.9948585830283536,140290.02957383965,1342.5756860769395,105,3,8,apartamento,20,4.800000190734863,True,350.0,30,0,4.0,True,False,Meia Praia,Meia Praia (beach band),0.0713969777436412,277,1502,280907.4866733541,0.8953727247255182,3,0,0,1,1,0,1,1,1,0,1,1,0,0,0,0,0,0,1,0,8,3,5,4.0,1.6666666666666667,2.6666666666666665,350.0,1508.0,1590.0,0.054376657824933616,1.0,1.0,0.0,0.8214285714285714,,,Alto padrão e frente-mar
40892344,0.8472898195872092,42363.79113246523,471.5410168836659,105,3,8,apartamento,38,4.820000171661377,False,350.0,42,0,2.0,True,True,Meia Praia,Meia Praia (beach band),0.1618155587993382,421,1933,84826.45651387633,0.7625608376284883,3,0,0,0,0,0,1,1,0,0,1,0,0,1,0,0,0,0,0,0,8,3,3,2.0,1.0,2.6666666666666665,350.0,419.0,419.0,0.0,1.0,1.0,0.0,0.8214285714285714,0.0,0.8214285714285714,Grupos e amigos
40899047,0.919946522895752,33306.9498099767,343.0829325477768,105,2,6,apartamento,57,4.960000038146973,False,230.0,22,0,2.0,True,False,Meia Praia,Meia Praia (inland),0.9527161717427916,62,1469,66691.63580831393,0.8279518706061769,2,0,0,0,0,0,0,0,0,0,1,0,1,0,0,0,0,0,0,0,6,2,5,2.0,2.5,3.0,230.0,290.0,290.0,0.0,1.0,1.0,0.0,,0.3513513513513513,,Famílias
40910065,0.2847555386568036,18993.67532331486,601.4592221351506,105,0,8,apartamento,10,5.0,False,300.0,28,0,1.0,False,False,Meia Praia,Meia Praia (inland),0.6907327282758448,201,1721,38031.68061172756,0.2562799847911233,0,0,0,0,1,0,1,1,0,0,1,0,0,0,0,0,0,0,0,1,8,0,5,1.0,5.0,8.0,300.0,650.0,650.0,0.0,0.11111111111111116,0.0,-0.11111111111111116,0.5714285714285714,0.027027027027026973,0.5444015444015444,Casais e escapadas curtas
40960741,0.4270979639123364,13562.09492237772,290.0175266177177,105,1,4,apartamento,12,4.5,False,200.0,29,0,1.0,False,False,Meia Praia,Meia Praia (inland),0.5877245771355706,252,1844,27155.8428652651,0.3843881675211028,1,0,0,0,0,0,0,0,0,0,1,0,0,1,0,0,0,0,0,0,4,1,1,1.0,1.0,4.0,200.0,275.0,275.0,0.0,0.8888888888888888,0.5,-0.38888888888888884,0.5714285714285714,0.3783783783783784,0.193050193050193,Casais e escapadas curtas
40971559,0.9513993586194428,71091.85629524375,709.5018290670491,105,3,8,apartamento,10,4.900000095367432,False,300.0,17,0,2.0,False,False,Meia Praia,Meia Praia (beach band),0.1803226631486631,449,1912,142349.6362179405,0.8562594227574987,3,0,0,0,0,0,0,0,0,0,0,0,0,0,0,0,0,0,0,0,8,3,5,2.0,1.6666666666666667,2.6666666666666665,300.0,800.0,800.0,0.0,0.8888888888888888,0.8333333333333334,-0.05555555555555547,0.8214285714285714,,,Grupos e amigos
41141790,0.9668800253393732,67788.40866539591,666.3490802658241,105,3,8,apartamento,10,4.900000095367432,False,330.0,24,0,2.0,False,False,Meia Praia,Meia Praia (beach band),0.0442353514708944,276,1793,135735.03093290003,0.8701920228054361,3,0,1,0,0,0,0,1,0,0,1,0,0,0,0,0,0,0,0,1,8,3,3,2.0,1.0,2.6666666666666665,330.0,712.0,734.0,0.030898876404494402,0.962962962962963,0.8333333333333334,-0.12962962962962965,0.8928571428571429,,,Grupos e amigos
41147466,0.9253598856249616,62322.806061143434,638.4309802308892,105,0,6,apartamento,42,4.860000133514404,False,300.0,18,0,2.0,True,True,Meia Praia,Meia Praia (beach band),0.1215209879101277,347,1817,124791.0693742648,0.8328238970624655,0,0,0,0,1,0,1,1,1,0,1,0,0,0,0,0,0,0,0,1,6,0,3,2.0,3.0,6.0,300.0,540.0,540.0,0.0,1.0,1.0,0.0,,0.0,,Casais e escapadas curtas
41193865,0.8360327917197051,40173.6922216524,452.8416704465505,105,3,7,apartamento,46,4.71999979019165,False,250.0,29,0,2.0,False,False,Meia Praia,Meia Praia (inland),0.3967245853638082,407,1929,80441.14714819065,0.7524295125477346,3,0,0,0,1,0,1,1,0,0,1,0,1,0,1,0,0,0,0,0,7,3,4,2.0,1.3333333333333333,2.3333333333333335,250.0,400.0,400.0,0.0,0.7777777777777778,1.0,0.2222222222222222,0.6071428571428572,0.0,0.6071428571428572,Famílias
41227471,0.5510600317862991,41198.98395557121,689.924641863953,105,3,7,apartamento,34,5.0,False,300.0,16,0,2.0,True,False,Meia Praia,Meia Praia (inland),0.356224059558034,413,1998,82494.12357821205,0.4959540286076692,3,0,0,0,0,0,0,0,0,0,1,1,0,0,0,0,0,0,0,1,7,3,4,2.0,1.3333333333333333,2.3333333333333335,300.0,660.0,610.0,-0.0757575757575758,0.6296296296296297,0.8333333333333334,0.20370370370370372,0.7857142857142857,0.0,0.7857142857142857,Famílias
41260111,0.4550043111078028,93647.8797579982,1884.287973074358,105,4,11,apartamento,6,5.0,False,400.0,47,0,3.0,False,False,Meia Praia,Meia Praia (beach band),0.1497869146245503,326,1629,187514.32739032788,0.4095038799970225,4,0,0,0,1,0,1,1,1,0,1,0,0,0,0,0,0,0,0,1,11,4,6,3.0,1.5,2.75,400.0,1763.0,1811.1667,0.027320873511060606,0.4444444444444444,0.5,0.05555555555555558,0.5,0.0,0.5,Alto padrão e frente-mar
41270247,0.9827122020863206,71497.74004050803,692.1706996570865,105,3,9,apartamento,18,4.889999866485596,False,250.0,21,0,2.0,True,False,Meia Praia,Meia Praia (beach band),0.0883139774230339,289,1325,143162.35101392496,0.8844409818776886,3,0,0,0,1,0,1,1,1,0,1,0,0,0,0,0,0,0,0,0,9,3,3,2.0,1.0,3.0,250.0,600.0,600.0,0.0,1.0,1.0,0.0,,0.45945945945945943,,Grupos e amigos
41285546,0.3001120936965499,19488.933577567663,586.3971251429958,105,3,8,apartamento,37,4.96999979019165,False,200.0,25,0,2.0,True,False,Meia Praia,Meia Praia (beach band),0.2791999413426677,197,1123,39023.35301980246,0.2701008843268949,3,0,1,0,1,0,0,1,1,0,1,0,0,1,0,0,0,0,0,0,8,3,3,2.0,1.0,2.6666666666666665,200.0,850.0,850.0,0.0,0.4444444444444444,0.6666666666666667,0.22222222222222232,0.4642857142857143,0.027027027027026973,0.43725868725868733,Grupos e amigos
41404141,0.7929502547481151,63103.954968564256,747.7562869119088,105,3,6,apartamento,5,5.0,False,180.0,20,0,2.0,False,False,Meia Praia,Meia Praia (beach band),0.0752065174483758,314,1846,126355.1903382976,0.7136552292733036,3,0,0,0,1,0,1,1,0,0,0,0,0,1,0,0,0,0,0,0,6,3,4,2.0,1.3333333333333333,2.0,180.0,690.0,690.0,0.0,1.0,1.0,0.0,,0.0,,Famílias
41473656,0.9753311809026424,89536.5456903586,872.9638597735952,105,4,10,apartamento,43,4.880000114440918,False,270.0,37,0,3.0,True,True,Meia Praia,Meia Praia (beach band),0.0902285868763929,334,1896,179282.06367690905,0.8777980628123782,4,0,0,0,0,0,1,1,0,0,1,0,0,1,0,0,0,0,0,1,10,4,7,3.0,1.75,2.5,270.0,700.0,700.0,0.0,1.0,1.0,0.0,,0.5135135135135135,,Grupos e amigos
41478160,0.9591873409129884,43517.828562673814,430.996030159121,105,2,6,apartamento,7,5.0,False,200.0,18,0,2.0,False,False,Meia Praia,Meia Praia (beach band),0.3378609198672066,408,1996,87137.22482030287,0.8632686068216897,2,0,0,0,1,0,0,0,0,0,1,0,0,0,0,0,0,0,0,0,6,2,4,2.0,2.0,3.0,200.0,400.0,400.0,0.0,0.5555555555555556,0.5,-0.05555555555555558,0.7857142857142857,,,Famílias
41493620,0.1097572904946196,9610.030847671254,776.5106851698339,105,2,4,apartamento,7,5.0,False,300.0,24,0,2.0,True,False,Meia Praia,Meia Praia (beach band),0.166875547104728,358,1589,19242.49086320048,0.0987815614451577,2,0,0,0,1,0,1,1,0,0,1,0,0,0,0,0,0,0,0,0,4,2,2,2.0,1.0,2.0,300.0,750.0,750.0,0.0,0.37037037037037035,0.33333333333333337,-0.03703703703703698,0.25,0.0,0.25,Casais e escapadas curtas
41532894,0.7560595763635639,63412.37107360697,786.0425677901669,105,3,10,apartamento,119,4.820000171661377,False,300.0,35,0,2.0,True,False,Meia Praia,Meia Praia (beach band),0.1550960628113486,390,1584,126972.74237089966,0.6804536187272076,3,0,0,0,1,0,1,1,1,0,1,0,0,0,0,0,0,0,1,1,10,3,5,2.0,1.6666666666666667,3.3333333333333335,300.0,950.0,950.0,0.0,0.7037037037037037,0.6666666666666667,-0.03703703703703698,0.5714285714285714,0.6216216216216216,-0.050193050193050204,Alto padrão e frente-mar
41533462,0.5093112774466897,33084.68321807063,597.4249196839858,105,3,10,apartamento,82,4.789999961853027,False,300.0,20,0,3.0,False,False,Meia Praia,Meia Praia (beach band),0.1512165530629545,404,1975,66246.58386917437,0.4583801497020207,3,0,0,0,1,0,1,1,0,0,1,0,0,0,0,0,0,0,0,1,10,3,6,3.0,2.0,3.3333333333333335,300.0,750.0,679.0,-0.09466666666666668,0.8888888888888888,1.0,0.11111111111111116,0.75,0.3513513513513513,0.3986486486486487,Grupos e amigos
41590719,0.7560595763635639,34989.75241607216,433.7234891208607,105,2,6,apartamento,58,4.929999828338623,False,250.0,22,0,1.0,True,False,Meia Praia,Meia Praia (inland),0.5197830537283913,92,1085,70061.1685689927,0.6804536187272076,2,0,0,0,1,0,1,1,0,0,0,0,0,0,0,0,0,0,0,1,6,2,4,1.0,2.0,3.0,250.0,400.0,400.0,0.0,0.7777777777777778,0.8333333333333334,0.05555555555555558,0.75,0.0,0.75,Famílias
41676390,0.2144415034979537,14976.658595900772,625.6088369389227,105,2,6,apartamento,20,4.949999809265137,False,250.0,45,0,2.0,False,False,Meia Praia,Meia Praia (inland),0.5513510857906625,206,1337,29988.271709109933,0.1929973531481583,2,0,1,0,0,0,1,0,0,0,1,0,1,1,0,0,0,0,0,0,6,2,2,2.0,1.0,3.0,250.0,600.0,600.0,0.0,0.6666666666666667,0.6666666666666667,0.0,0.5357142857142857,0.0,0.5357142857142857,Famílias
41682475,0.9053292329579056,49033.26868617736,512.7452273545244,105,3,8,apartamento,7,5.0,False,200.0,16,0,2.0,False,True,Meia Praia,Meia Praia (beach band),0.3286085610239185,343,1569,98180.97773486968,0.8147963096621151,3,0,0,0,0,0,0,0,0,0,1,0,0,0,0,0,0,0,0,1,8,3,3,2.0,1.0,2.6666666666666665,200.0,400.0,400.0,0.0,0.5555555555555556,1.0,0.4444444444444444,0.8571428571428572,0.18918918918918914,0.6679536679536681,Grupos e amigos
41702158,0.9345506670946038,143490.84489451503,1456.3102712086602,105,4,12,apartamento,59,4.949999809265137,False,400.0,22,0,3.0,True,True,Meia Praia,Meia Praia (beach band),0.0876091699073465,164,876,287316.5878031193,0.8410956003851434,4,1,1,0,1,0,1,1,1,0,1,0,0,1,0,0,0,0,0,1,12,4,6,3.0,1.5,3.0,400.0,1200.0,1200.0,0.0,1.0,1.0,0.0,,0.1351351351351351,,Alto padrão e frente-mar
41761142,0.9332952443589688,38367.613384475306,389.8913116284229,105,2,6,apartamento,60,4.769999980926514,False,170.0,20,0,2.0,True,True,Meia Praia,Meia Praia (beach band),0.1655386476148658,329,1629,76824.7742068882,0.8399657199230719,2,0,0,0,1,0,1,1,0,0,1,0,0,0,0,0,0,0,0,0,6,2,5,2.0,2.5,3.0,170.0,270.0,300.0,0.11111111111111116,0.9259259259259259,1.0,0.07407407407407407,0.9285714285714286,0.32432432432432434,0.6042471042471043,Famílias
41769298,0.6720096971976685,78717.42977589698,1091.12052829629,105,3,10,apartamento,35,4.889999866485596,False,250.0,28,0,2.0,False,True,Meia Praia,Meia Praia (beach band),0.0118633267676318,310,1851,157618.58075662435,0.6048087274779016,3,0,0,0,1,0,0,1,1,0,1,0,0,0,0,0,0,0,1,1,10,3,11,2.0,3.6666666666666665,3.3333333333333335,250.0,1100.0,1100.0,0.0,0.6666666666666667,1.0,0.33333333333333326,0.5,0.5405405405405406,-0.04054054054054057,Alto padrão e frente-mar
41786765,0.9860372087002048,33133.43640706051,319.74951820029395,105,3,8,apartamento,32,4.840000152587891,False,500.0,1,0,3.0,False,True,Meia Praia,Meia Praia (beach band),0.0988249475944257,234,1169,66344.20403382939,0.8874334878301843,3,0,0,0,1,0,0,1,0,0,1,0,1,1,0,0,0,0,0,1,8,3,3,3.0,1.0,2.6666666666666665,500.0,250.0,250.0,0.0,1.0,1.0,0.0,,0.6486486486486487,,Grupos e amigos
41883230,0.8332480592604609,47211.95715167124,533.8558305481728,105,3,7,apartamento,5,5.0,False,300.0,1,0,3.0,False,False,Meia Praia,Meia Praia (beach band),0.1163287085533403,325,1812,94534.10384681464,0.7499232533344148,3,0,1,0,0,0,0,0,0,0,1,1,0,0,0,0,0,0,0,1,7,3,6,3.0,2.0,2.3333333333333335,300.0,470.0,470.0,0.0,1.0,1.0,0.0,,0.45945945945945943,,Famílias
41888100,0.465154723833959,27667.760875269767,545.0237555113298,105,2,6,apartamento,126,4.869999885559082,False,250.0,39,0,2.0,True,False,Meia Praia,Meia Praia (beach band),0.0288240970616468,261,1399,55400.09644990962,0.4186392514505632,2,0,0,0,1,0,1,1,1,0,1,0,0,0,0,0,0,0,0,1,6,2,4,2.0,2.0,3.0,250.0,450.0,623.66665,0.3859258888888888,0.6666666666666667,0.5,-0.16666666666666674,0.8214285714285714,0.10810810810810811,0.7133204633204633,Famílias
42003334,0.7648315909623116,54014.7923473573,662.2834329989901,105,3,8,apartamento,30,4.929999828338623,False,300.0,42,0,2.0,True,False,Meia Praia,Meia Praia (beach band),0.2375906819369832,456,1988,108155.65159955352,0.6883484318660804,3,0,1,0,1,0,1,1,1,0,1,0,1,0,0,0,0,0,0,0,8,3,6,2.0,2.0,2.6666666666666665,300.0,500.0,500.0,0.0,1.0,1.0,0.0,0.8571428571428572,0.10810810810810811,0.7490347490347491,Grupos e amigos
42013117,0.9609308124217404,52078.40491083952,514.8996501433979,105,2,6,apartamento,20,5.0,False,350.0,1,0,2.0,True,False,Meia Praia,Meia Praia (beach band),0.2117615843144225,382,1751,104278.35732803318,0.8648377311795664,2,0,0,0,1,0,1,1,0,0,1,0,0,1,0,0,0,0,0,1,6,2,2,2.0,1.0,3.0,350.0,590.0,590.0,0.0,1.0,1.0,0.0,0.9285714285714286,,,Famílias
42138941,0.5380538674978385,69383.93458168332,1188.7538723850555,105,2,4,apartamento,19,4.949999809265137,False,150.0,18,0,2.0,True,True,Meia Praia,Meia Praia (beach band),0.0673746113673086,294,1793,138929.8066160187,0.4842484807480546,2,0,0,0,1,0,1,1,0,0,1,0,0,0,0,0,0,0,0,0,4,2,3,2.0,1.5,2.0,150.0,1200.0,1200.0,0.0,1.0,1.0,0.0,0.75,0.4054054054054054,0.3445945945945946,Alto padrão e frente-mar
42335961,0.5749340067128812,37794.229178224574,607.782003165405,105,3,8,apartamento,17,4.940000057220459,False,250.0,27,0,2.0,True,False,Meia Praia,Meia Praia (beach band),0.1500747600984126,401,1970,75676.66755408212,0.5174406060415931,3,0,0,0,1,0,1,0,0,0,1,0,0,0,0,0,0,0,0,1,8,3,5,2.0,1.6666666666666667,2.6666666666666665,250.0,530.5,500.0,-0.057492931196983954,0.8148148148148149,0.9166666666666666,0.10185185185185175,0.4642857142857143,0.08108108108108103,0.38320463320463327,Grupos e amigos
42362925,0.6839898811871501,80094.53180294315,1091.73382026536,105,4,8,apartamento,175,4.940000057220459,False,495.0,112,0,4.0,True,True,Meia Praia,Meia Praia (inland),0.5219524573462234,246,1950,160375.99887454355,0.6155908930684351,4,0,1,0,1,0,1,1,1,0,1,0,0,0,0,0,0,0,0,1,8,4,4,4.0,1.0,2.0,495.0,874.0,1489.0,0.7036613272311212,0.8518518518518519,0.8333333333333334,-0.01851851851851849,0.7857142857142857,0.08108108108108103,0.7046332046332047,Alto padrão e frente-mar
42515348,0.9477988921871324,93138.79154084052,932.850712987719,105,4,12,apartamento,28,5.0,False,250.0,33,0,3.0,True,False,Meia Praia,Meia Praia (beach band),0.3143666644987273,409,1890,186494.9627782368,0.8530190029684191,4,0,0,0,1,0,0,0,0,0,1,0,0,1,0,1,0,0,0,1,12,4,7,3.0,1.75,3.0,250.0,900.0,900.0,0.0,1.0,1.0,0.0,,0.3783783783783784,,Grupos e amigos
42588365,0.9280844170716496,49603.122607314006,506.72796861399826,105,3,6,apartamento,130,4.920000076293945,False,250.0,91,0,2.0,True,False,Meia Praia,Meia Praia (beach band),0.209017457036909,452,1918,99322.01557799878,0.8352759753644847,3,0,1,0,1,0,1,1,0,0,1,0,0,0,0,0,0,0,0,0,6,3,6,2.0,2.0,2.0,250.0,390.0,463.25,0.18782051282051282,1.0,1.0,0.0,,0.05405405405405406,,Famílias
42625075,0.8360327917197051,102651.37317023944,1157.0960180500797,105,3,8,apartamento,31,4.769999980926514,False,200.0,29,0,2.0,False,False,Meia Praia,Meia Praia (beach band),0.2265928101682385,390,1735,205542.32776494903,0.7524295125477346,3,0,0,0,1,0,1,1,0,0,1,0,0,1,0,0,0,0,0,1,8,3,5,2.0,1.6666666666666667,2.6666666666666665,200.0,1000.0,1000.0,0.0,0.8148148148148149,1.0,0.18518518518518512,0.8571428571428572,0.0,0.8571428571428572,Alto padrão e frente-mar
42704327,0.567094918822029,74042.90530443561,1206.418720215463,105,3,8,apartamento,9,5.0,False,300.0,18,0,3.0,False,False,Centro,Centro,0.1309918463256118,161,659,148258.62178690897,0.5103854269398261,3,0,0,0,0,0,0,0,0,0,1,0,0,0,0,0,0,0,1,1,8,3,5,3.0,1.6666666666666667,2.6666666666666665,300.0,997.5,1471.5,0.47518796992481205,0.5555555555555556,0.33333333333333337,-0.2222222222222222,0.3571428571428571,0.0,0.3571428571428571,Alto padrão e frente-mar
42709234,0.5171534320220081,37162.963625101685,661.318111720789,105,3,8,apartamento,12,4.920000076293945,False,300.0,20,0,3.0,False,False,Centro,Centro,0.2858549060821561,176,743,74412.66311634777,0.4654380888198073,3,0,0,0,0,0,0,1,0,0,1,0,0,0,0,0,0,0,0,1,8,3,4,3.0,1.3333333333333333,2.6666666666666665,300.0,420.0,886.0,1.1095238095238096,0.5,0.5,0.0,0.2857142857142857,0.0,0.2857142857142857,Grupos e amigos
42735835,0.990428689801416,28945.51361754921,278.17154119409275,105,2,5,apartamento,87,4.849999904632568,False,250.0,40,0,2.0,True,False,Meia Praia,Meia Praia (beach band),0.050358692342665,272,1362,57958.58412372387,0.8913858208212745,2,0,0,0,0,0,1,1,0,0,1,0,0,0,0,0,0,0,0,1,5,2,7,2.0,3.5,2.5,250.0,200.0,200.0,0.0,0.8888888888888888,1.0,0.11111111111111116,0.8928571428571429,0.7837837837837838,0.10907335907335913,Famílias
42788291,0.7743681268615981,50054.52353596005,606.5737190987783,105,3,7,apartamento,43,4.880000114440918,False,200.0,17,0,2.0,True,True,Meia Praia,Meia Praia (beach band),0.1582030401627983,271,1212,100225.87097480184,0.6969313141754383,3,0,0,0,1,0,1,1,0,0,1,0,0,1,0,0,0,0,0,1,7,3,4,2.0,1.3333333333333333,2.3333333333333335,200.0,700.0,700.0,0.0,1.0,1.0,0.0,0.7857142857142857,0.7837837837837838,0.0019305019305019266,Famílias
42841323,0.9788181757579518,57546.22091025963,559.186956754522,105,1,4,apartamento,36,5.0,False,300.0,31,0,1.0,True,False,Centro,Centro,0.0563999327488082,142,739,115226.75084291966,0.8809363581821567,1,0,0,0,1,1,1,1,1,0,1,0,0,1,0,0,0,0,1,0,4,1,2,1.0,2.0,4.0,300.0,500.0,500.0,0.0,0.962962962962963,1.0,0.03703703703703698,0.9642857142857143,0.5675675675675675,0.39671814671814676,Casais e escapadas curtas
43300431,0.2113626969821834,55126.83897419468,2335.6322371049764,105,4,10,apartamento,13,4.690000057220459,False,250.0,24,0,3.0,False,False,Meia Praia,Meia Praia (beach band),0.1126848185800915,156,660,110382.34029551712,0.1902264272839651,4,0,1,0,1,0,1,1,1,0,1,0,0,1,0,0,0,0,1,1,10,4,4,3.0,1.0,2.5,250.0,2500.0,2500.0,0.0,0.2222222222222222,0.0,-0.2222222222222222,0.1071428571428571,0.3783783783783784,-0.2712355212355213,Alto padrão e frente-mar
43379132,0.9788181757579518,48782.53687288698,474.0286660918088,105,2,5,apartamento,48,4.980000019073486,False,250.0,18,0,2.0,True,True,Meia Praia,Meia Praia (beach band),0.0743981679080324,277,1643,97678.92891704272,0.8809363581821567,2,0,0,0,0,0,0,0,0,0,1,0,1,0,0,0,0,0,0,1,5,2,3,2.0,1.5,2.5,250.0,378.0,390.0,0.031746031746031855,0.9259259259259259,0.9166666666666666,-0.0092592592592593,0.8928571428571429,0.5945945945945945,0.2982625482625484,Famílias
43499385,0.6262024196781107,43020.68694554203,637.7297466228486,105,2,5,apartamento,67,4.96999979019165,False,200.0,32,0,3.0,True,False,Ilhota,Ilhota,0.2127234887882823,8,50,86141.78129082729,0.5635821777102997,2,1,1,0,0,0,0,0,0,0,1,1,1,0,1,0,0,0,0,0,5,2,4,3.0,2.0,2.5,200.0,585.0,615.0,0.05128205128205132,0.6666666666666667,0.5,-0.16666666666666674,0.8214285714285714,0.0,0.8214285714285714,Famílias
43712530,0.9716256811809708,64043.642178925664,626.6495923375055,105,3,7,apartamento,15,5.0,False,400.0,42,0,3.0,True,False,Meia Praia,Meia Praia (beach band),0.1231993269649813,162,816,128236.75792598409,0.8744631130628736,3,0,0,0,1,0,1,1,0,0,1,0,1,0,1,0,0,0,0,1,7,3,3,3.0,1.0,2.3333333333333335,400.0,701.0,701.0,0.0,1.0,1.0,0.0,,,,Famílias
43754654,0.3590708071855588,36236.74211775878,916.1976461598854,105,3,8,apartamento,12,5.0,False,390.0,28,0,3.0,False,False,Centro,Centro,0.1860540832119337,254,759,72558.05836274654,0.323163726467003,3,0,0,0,0,0,0,0,0,0,1,1,1,0,0,0,0,0,0,1,8,3,4,3.0,1.3333333333333333,2.6666666666666665,390.0,897.0,897.0,0.0,0.7407407407407407,0.6666666666666667,-0.07407407407407396,0.6071428571428572,0.027027027027026973,0.5801158301158302,Grupos e amigos
44075219,0.9913788646324904,206115.47896850135,1979.024082502936,105,3,8,apartamento,17,4.880000114440918,,0.0,16,0,3.0,False,,Centro,Centro,0.0961844184280582,111,449,412712.017649421,0.8922409781692412,3,1,0,0,1,0,1,1,0,0,1,0,0,0,0,0,0,0,1,1,8,3,6,3.0,2.0,2.6666666666666665,0.0,2629.78575,2591.6191,-0.0145132165234374,0.33333333333333337,0.25,-0.08333333333333337,0.5,,,Alto padrão e frente-mar
44153810,0.8738743464297513,20624.869080488665,222.98030550303775,105,2,4,apartamento,35,4.909999847412109,False,200.0,58,0,1.0,True,False,Alto Sao Bento,Alto Sao Bento,0.8502849866899178,69,473,41297.87522296887,0.7864869117867761,2,0,0,0,0,1,1,1,0,0,1,0,1,0,0,0,0,0,0,0,4,2,3,1.0,1.5,2.0,200.0,199.0,199.0,0.0,1.0,1.0,0.0,,0.0,,Casais e escapadas curtas
44192417,0.9092281561360548,33182.52888679962,345.59185314400185,105,2,7,apartamento,6,5.0,False,250.0,14,0,2.0,True,True,Meia Praia,Meia Praia (beach band),0.3266779144071922,434,1925,66442.50357186476,0.8183053405224494,2,0,0,0,1,0,0,1,0,0,1,0,0,1,0,0,0,0,0,0,7,2,4,2.0,2.0,3.5,250.0,313.0,280.0,-0.10543130990415339,0.7777777777777778,1.0,0.2222222222222222,0.7857142857142857,0.5135135135135135,0.2722007722007722,Famílias
44369632,0.996829040698128,66674.39064777782,636.889943448469,105,3,8,apartamento,44,4.889999866485596,False,190.0,24,0,2.0,True,True,Meia Praia,Meia Praia (beach band),0.0750227004597905,365,1890,133504.39485428107,0.8971461366283152,3,0,0,0,1,0,0,1,0,0,0,0,0,0,0,0,0,0,0,1,8,3,3,2.0,1.0,2.6666666666666665,190.0,705.0,705.0,0.0,0.8148148148148149,0.75,-0.06481481481481488,0.8214285714285714,,,Grupos e amigos
44425260,0.6741971712135073,38633.86222059189,533.8623495219687,105,2,8,apartamento,6,5.0,False,350.0,11,0,2.0,False,False,Meia Praia,Meia Praia (beach band),0.2770891206722343,474,1939,77357.89328605877,0.6067774540921566,2,0,1,0,1,0,0,1,0,0,1,0,1,1,0,0,0,0,0,1,8,2,5,2.0,2.5,4.0,350.0,450.0,450.0,0.0,0.8888888888888888,0.5,-0.38888888888888884,0.8928571428571429,0.0,0.8928571428571429,Grupos e amigos
44890294,0.9940613678997212,54823.6775316192,525.0576066275013,105,3,7,apartamento,80,4.949999809265137,,0.0,24,0,2.0,True,,Meia Praia,Meia Praia (beach band),0.0301048218205433,319,1870,109775.30985187949,0.8946552311097491,3,0,0,0,0,0,1,1,1,0,1,0,0,0,0,0,0,0,1,1,7,3,4,2.0,1.3333333333333333,2.3333333333333335,0.0,1000.0,,,1.0,1.0,0.0,,,,Famílias
44895797,0.994522819030821,65762.8532965002,629.5500068109757,105,3,7,apartamento,65,4.880000114440918,False,179.0,18,0,2.0,True,True,Meia Praia,Meia Praia (beach band),0.1019600855837878,343,1866,131679.19268464638,0.8950705371277389,3,0,0,0,0,0,0,0,0,0,1,0,0,0,0,0,0,0,0,1,7,3,3,2.0,1.0,2.3333333333333335,179.0,705.0,705.0,0.0,0.8518518518518519,0.9166666666666666,0.06481481481481477,0.8214285714285714,,,Famílias
45002455,0.9760459657179732,41475.15876673093,404.09655781658057,105,2,5,apartamento,52,4.650000095367432,False,300.0,32,0,2.0,False,False,Meia Praia,Meia Praia (beach band),0.2448804406041236,427,1954,83047.11777402929,0.8784413691461758,2,0,0,0,1,0,1,1,0,0,1,0,0,0,0,0,0,0,0,1,5,2,2,2.0,1.0,2.5,300.0,250.0,250.0,0.0,1.0,1.0,0.0,,0.5135135135135135,,Famílias
45184991,0.6597223834025332,46017.49511514301,649.1424862067903,105,2,5,apartamento,123,4.809999942779541,True,200.0,33,0,2.0,False,False,Meia Praia,Meia Praia (beach band),0.2226193026872773,406,1602,92142.39197942724,0.5937501450622799,2,0,0,0,0,0,1,0,0,0,1,0,0,0,0,0,0,0,0,0,5,2,2,2.0,1.0,2.5,200.0,648.0,648.0,0.0,1.0,1.0,0.0,0.8214285714285714,0.5405405405405406,0.2808880308880308,Famílias
45350304,0.4678167350547023,36057.34681347843,706.4063299125006,105,3,8,apartamento,13,5.0,False,500.0,23,0,2.0,True,False,Meia Praia,Meia Praia (beach band),0.3171771119323587,425,1966,72198.84905757013,0.421035061549232,3,0,0,0,1,0,0,0,0,0,1,0,1,1,0,0,0,0,0,0,8,3,3,2.0,1.0,2.6666666666666665,500.0,450.0,450.0,0.0,0.9444444444444444,0.875,-0.06944444444444442,0.9285714285714286,0.0,0.9285714285714286,Grupos e amigos
45382246,0.912720602805724,57054.80964434091,592.0784206564578,105,5,12,apartamento,32,4.630000114440918,False,250.0,30,0,4.0,False,False,Centro,Centro,0.1203033923768268,92,426,114242.78139012583,0.8214485425251516,4,0,0,0,1,0,0,0,0,0,1,0,0,1,1,0,0,0,0,1,12,5,7,4.0,1.4,2.4,250.0,850.0,850.0,0.0,1.0,1.0,0.0,0.8928571428571429,0.6756756756756757,0.21718146718146725,Grupos e amigos
45480718,0.9930434785544564,35682.13865916849,342.06397973711205,105,3,8,apartamento,34,4.760000228881836,False,250.0,20,0,2.0,True,False,Meia Praia,Meia Praia (beach band),0.3258026225449021,412,1798,71447.55703826754,0.8937391306990107,3,0,0,0,0,0,0,0,0,0,1,0,1,0,0,0,0,0,0,1,8,3,4,2.0,1.3333333333333333,2.6666666666666665,250.0,200.0,490.08333,1.4504166499999998,1.0,1.0,0.0,,0.8648648648648649,,Grupos e amigos
45512442,0.6824875065487926,44550.1624455273,608.5130315291173,105,4,8,apartamento,20,4.800000190734863,False,250.0,24,0,2.0,False,False,Centro,Centro,0.045919480850638,69,425,89204.30198409721,0.6142387558939134,4,0,0,0,0,0,0,0,0,0,1,0,0,0,1,0,0,0,1,1,8,4,5,2.0,1.25,2.0,250.0,790.0,834.5,0.05632911392405071,0.6666666666666667,0.5,-0.16666666666666674,0.5714285714285714,0.5945945945945945,-0.02316602316602312,Grupos e amigos
45513430,0.2682656586293058,24163.82234412036,810.9651917065084,105,3,8,apartamento,14,4.860000133514404,False,250.0,36,0,2.0,True,False,Meia Praia,Meia Praia (beach band),0.2814447189750607,309,1413,48384.041429940866,0.2414390927663752,3,0,1,0,1,0,0,1,0,0,1,0,0,0,0,1,0,0,0,0,8,3,3,2.0,1.0,2.6666666666666665,250.0,780.0,780.0,0.0,0.11111111111111116,0.0,-0.11111111111111116,0.5714285714285714,0.0,0.5714285714285714,Grupos e amigos
45531969,0.9461658378471568,75498.43572740839,757.3969807329389,105,3,8,apartamento,31,5.0,False,300.0,40,0,2.0,True,False,Meia Praia,Meia Praia (beach band),0.1261905497370381,312,1507,151173.07974330056,0.8515492540624411,3,0,0,0,1,0,1,1,0,0,1,0,0,0,0,0,0,0,0,0,8,3,6,2.0,2.0,2.6666666666666665,300.0,650.0,650.0,0.0,1.0,1.0,0.0,,0.0,,Grupos e amigos
45621607,0.6955236044456874,27060.201340182844,363.03781827635663,105,2,4,apartamento,9,5.0,False,180.0,7,0,1.0,False,False,Meia Praia,Meia Praia (inland),0.5397239026989635,160,1248,54183.559376504345,0.6259712440011187,2,0,0,0,0,0,0,0,0,0,1,0,0,0,0,0,0,0,0,0,4,2,4,1.0,2.0,2.0,180.0,350.0,350.0,0.0,0.962962962962963,0.9166666666666666,-0.04629629629629639,0.9285714285714286,0.0,0.9285714285714286,Casais e escapadas curtas
45687710,0.4465012623431285,20231.382625144823,414.52684560224617,105,2,6,apartamento,11,4.909999847412109,False,130.0,12,0,1.0,True,False,Meia Praia,Meia Praia (beach band),0.1494686954659441,162,639,40509.98394126901,0.4018511361088156,2,0,0,0,1,0,0,0,0,0,1,0,0,0,0,0,0,0,0,1,6,2,5,1.0,2.5,3.0,130.0,350.0,350.0,0.0,0.8888888888888888,0.75,-0.13888888888888884,0.9285714285714286,0.0,0.9285714285714286,Famílias
45711835,0.9942227562232656,86014.61150948239,823.6540520308688,105,4,10,apartamento,17,4.940000057220459,False,280.0,33,0,2.0,True,True,Meia Praia,Meia Praia (beach band),0.118396242265953,332,1469,172229.97535684644,0.8948004806009392,4,0,0,0,1,0,1,1,1,0,1,0,0,0,0,0,0,0,0,1,10,4,6,2.0,1.5,2.5,280.0,900.0,900.0,0.0,1.0,1.0,0.0,,,,Alto padrão e frente-mar
45726200,0.9104044711769276,143450.33758879945,1492.2001927112503,105,3,11,apartamento,15,5.0,True,350.0,32,0,3.0,True,False,Meia Praia,Meia Praia (beach band),0.0243473648009778,215,1450,287235.4786503517,0.8193640240592348,3,0,1,0,1,0,0,1,0,0,1,0,1,0,1,0,0,0,0,1,11,3,5,3.0,1.6666666666666667,3.6666666666666665,350.0,1590.0,1631.0,0.025786163522012684,0.9259259259259259,0.8333333333333334,-0.09259259259259256,0.9285714285714286,0.3783783783783784,0.5501930501930502,Alto padrão e frente-mar
45768161,0.5261365797751556,39373.97902067395,689.2062534114282,105,3,6,apartamento,22,4.820000171661377,False,300.0,9,0,2.0,False,False,Meia Praia,Meia Praia (beach band),0.2673689715253716,439,1993,78839.85426922578,0.47352292179764,3,0,0,0,0,0,0,0,0,0,1,0,1,0,0,0,0,0,0,0,6,3,3,2.0,1.0,2.0,300.0,850.0,850.0,0.0,0.8148148148148149,0.5833333333333333,-0.23148148148148162,0.4285714285714286,0.0,0.4285714285714286,Famílias
45780750,0.9870211693572292,105546.38122653656,1017.6069144578548,105,3,6,apartamento,26,4.960000038146973,,0.0,56,0,2.0,False,,Meia Praia,Meia Praia (beach band),0.2050639589925452,405,1896,211339.10063230025,0.8883190524215063,3,0,1,0,0,0,0,0,0,0,1,0,0,0,0,1,0,0,0,1,6,3,6,2.0,2.0,2.0,0.0,850.0,850.0,0.0,1.0,1.0,0.0,,0.6756756756756757,,Famílias
45803876,0.7813712499336898,45776.98389755219,550.0344697351965,105,3,7,apartamento,40,5.0,False,260.0,35,0,3.0,True,False,Meia Praia,Meia Praia (inland),0.4222603426193216,210,1456,91660.80820718472,0.7032341249403208,3,0,1,0,1,0,1,1,0,0,1,0,1,0,1,0,0,1,0,1,7,3,3,3.0,1.0,2.3333333333333335,260.0,450.0,450.0,0.0,0.8888888888888888,0.8333333333333334,-0.05555555555555547,0.7857142857142857,0.0,0.7857142857142857,Famílias
45822839,0.7120132721769492,36976.50629739798,485.1697933330588,105,2,5,apartamento,8,5.0,False,150.0,8,0,1.0,False,True,Meia Praia,Meia Praia (beach band),0.041014549438829,119,515,74039.31328203535,0.6408119449592543,2,0,0,0,1,0,0,1,0,0,1,0,1,0,0,0,0,0,0,0,5,2,3,1.0,1.5,2.5,150.0,390.0,390.0,0.0,0.8518518518518519,0.9166666666666666,0.06481481481481477,0.6785714285714286,0.0,0.6785714285714286,Famílias
45889892,0.8389261823360564,61800.558621607655,694.3545636917645,105,2,6,apartamento,58,4.980000019073486,False,250.0,12,0,2.0,True,False,Meia Praia,Meia Praia (beach band),0.1668064598260309,427,1944,123745.3556046745,0.7550335641024508,2,0,1,0,1,0,1,0,1,0,1,0,1,0,0,0,0,0,0,0,6,2,4,2.0,2.0,3.0,250.0,595.0,595.0,0.0,0.8518518518518519,1.0,0.14814814814814814,0.9285714285714286,0.0,0.9285714285714286,Famílias
45911573,0.9562993731459646,87882.32445939913,872.847331877121,105,3,8,apartamento,11,4.820000171661377,False,350.0,33,0,3.0,True,False,Meia Praia,Meia Praia (beach band),0.3019789665673916,417,1804,175969.76037351604,0.8606694358313681,3,0,1,0,1,0,1,1,0,0,1,0,0,0,0,0,0,0,0,1,8,3,3,3.0,1.0,2.6666666666666665,350.0,925.0,1100.0,0.18918918918918926,0.962962962962963,1.0,0.03703703703703698,0.5,,,Grupos e amigos
45911990,0.9774494627096626,71129.72497905782,692.089257684339,105,3,6,apartamento,38,4.949999809265137,False,200.0,8,0,2.0,True,False,Morretes,Morretes,0.0727394300539622,118,772,142425.46196853844,0.8797045164386964,3,0,1,0,1,0,1,1,1,0,1,0,0,1,0,0,0,0,1,1,6,3,3,2.0,1.0,2.0,200.0,560.0,560.0,0.0,0.8888888888888888,1.0,0.11111111111111116,0.8928571428571429,0.5405405405405406,0.35231660231660233,Famílias
45923984,0.9668800253393736,41184.3901844049,404.83588656206376,105,3,8,apartamento,35,4.940000057220459,False,150.0,60,0,3.0,True,False,Canto da Praia,Canto da Praia,0.0668890021242063,11,143,82464.90197499572,0.8701920228054362,3,0,0,0,1,0,1,0,0,0,1,0,1,0,0,0,0,0,0,1,8,3,3,3.0,1.0,2.6666666666666665,150.0,300.0,300.0,0.0,1.0,1.0,0.0,,0.32432432432432434,,Grupos e amigos
45973790,0.090622341178074,6746.9476364932125,659.0798039654873,105,2,4,apartamento,12,4.829999923706055,False,380.0,27,0,2.0,False,False,Meia Praia,Meia Praia (beach band),0.0155766648705551,200,1078,13509.642196536057,0.0815601070602666,2,0,0,0,1,0,0,1,0,0,1,0,1,0,1,0,0,0,1,0,4,2,3,2.0,1.5,2.0,380.0,650.0,666.33335,0.025128230769230653,0.2962962962962963,0.33333333333333337,0.03703703703703709,0.1428571428571429,0.0,0.1428571428571429,Casais e escapadas curtas
46011731,0.9717116621258656,59138.57974322769,578.606795083316,105,3,8,apartamento,19,4.889999866485596,False,180.0,17,0,2.0,True,False,Meia Praia,Meia Praia (beach band),0.205615705390621,352,1498,118415.1849676394,0.874540495913279,3,0,0,0,1,0,1,1,0,0,1,0,0,0,0,0,0,0,0,1,8,3,6,2.0,2.0,2.6666666666666665,180.0,410.0,590.0,0.4390243902439024,1.0,1.0,0.0,,0.6486486486486487,,Grupos e amigos
46036384,0.8765249214734702,35184.66204485613,379.3056353381692,105,2,6,apartamento,51,4.920000076293945,False,150.0,13,0,2.0,True,False,Morretes,Morretes,0.2042605243334395,207,902,70451.44273256983,0.7888724293261231,2,0,0,0,1,0,1,1,0,0,1,1,0,1,0,0,0,1,0,1,6,2,3,2.0,1.5,3.0,150.0,330.0,346.5,0.050000000000000044,0.9259259259259259,0.8333333333333334,-0.09259259259259256,0.7857142857142857,0.0,0.7857142857142857,Famílias
46048925,0.3786467749801888,41680.793223559886,1001.1090157172353,105,3,8,apartamento,11,5.0,False,300.0,27,0,3.0,True,False,Meia Praia,Meia Praia (beach band),0.0273643681631013,243,1562,83458.8666247262,0.34078209748217,3,0,0,0,1,0,1,1,0,0,1,0,0,0,0,0,0,0,0,1,8,3,3,3.0,1.0,2.6666666666666665,300.0,910.0,910.0,0.0,0.5925925925925926,0.6666666666666667,0.07407407407407418,0.2857142857142857,0.0,0.2857142857142857,Grupos e amigos
46048941,0.9323474780859452,40690.12327548725,413.8879499404629,105,2,6,apartamento,58,4.909999847412109,False,250.0,19,0,2.0,False,False,Meia Praia,Meia Praia (inland),0.3857550369224602,363,1990,81475.21457132467,0.8391127302773508,2,0,1,0,1,0,1,1,0,0,1,0,0,0,0,0,0,0,0,1,6,2,4,2.0,2.0,3.0,250.0,400.0,400.0,0.0,1.0,1.0,0.0,,0.3783783783783784,,Famílias
46072703,0.9253598856249616,75242.55533461334,770.7800946932008,105,3,8,apartamento,14,5.0,False,300.0,41,0,3.0,False,False,Meia Praia,Meia Praia (beach band),0.2438995717740393,451,1956,150660.72175002482,0.8328238970624655,3,0,0,0,0,0,1,1,0,0,1,0,1,0,1,0,0,1,0,1,8,3,5,3.0,1.6666666666666667,2.6666666666666665,300.0,584.0,584.0,0.0,1.0,1.0,0.0,,0.2432432432432432,,Grupos e amigos
46088002,0.8141732046155121,57178.20735374795,660.8411606660019,105,2,5,apartamento,103,4.829999923706055,True,200.0,44,0,3.0,True,False,Meia Praia,Meia Praia (inland),0.4290694322332755,361,1666,114489.86481092258,0.732755884153961,2,0,0,0,0,0,1,0,0,0,1,0,0,0,0,0,0,0,0,0,5,2,3,3.0,1.5,2.5,200.0,648.0,648.0,0.0,1.0,1.0,0.0,0.7857142857142857,0.5405405405405406,0.24517374517374513,Famílias
46116173,0.9668800253393736,40723.97607101894,400.310090381916,105,2,6,apartamento,39,4.949999809265137,False,180.0,34,0,2.0,True,False,Meia Praia,Meia Praia (beach band),0.0103181959760087,115,587,81542.99917254376,0.8701920228054362,2,0,0,0,1,0,0,0,0,0,1,0,1,1,0,0,0,0,0,1,6,2,4,2.0,2.0,3.0,180.0,300.0,300.0,0.0,1.0,1.0,0.0,,0.4864864864864865,,Famílias
46220279,0.582652914629694,44555.06858588911,707.4440371228652,105,3,8,apartamento,24,4.880000114440918,False,350.0,26,0,2.0,True,False,Meia Praia,Meia Praia (beach band),0.1250939933114493,336,1444,89214.1257154236,0.5243876231667246,3,0,0,0,1,0,1,1,0,0,1,0,0,0,0,0,0,0,0,1,8,3,5,2.0,1.6666666666666667,2.6666666666666665,350.0,697.0,697.0,0.0,0.8148148148148149,0.8333333333333334,0.01851851851851849,0.75,0.10810810810810811,0.6418918918918919,Grupos e amigos
46222390,0.5569878542192941,31201.066739134545,517.1828088054542,105,2,6,apartamento,6,4.829999923706055,False,250.0,29,0,1.0,False,False,Meia Praia,Meia Praia (beach band),0.1476007397830321,359,1670,62474.95467669526,0.5012890687973647,2,0,0,0,1,0,0,1,0,0,1,0,0,0,0,0,0,0,0,0,6,2,4,1.0,2.0,3.0,250.0,500.0,500.0,0.0,0.7777777777777778,0.5,-0.2777777777777778,0.8571428571428572,0.027027027027026973,0.8301158301158302,Famílias
46298558,0.8984239604837169,61139.71231554249,643.9686660650046,105,2,4,apartamento,6,5.0,False,220.0,33,0,2.0,True,True,Meia Praia,Meia Praia (beach band),0.2381998187018273,385,1386,122422.120621561,0.8085815644353452,2,0,0,0,1,0,0,1,0,0,1,0,0,0,0,0,0,0,0,1,4,2,8,2.0,4.0,2.0,220.0,490.0,490.0,0.0,0.962962962962963,0.8333333333333334,-0.12962962962962965,0.8928571428571429,0.0,0.8928571428571429,Casais e escapadas curtas
46327705,0.9071194269598306,98423.4777317936,1027.310912668368,105,3,7,apartamento,6,5.0,False,400.0,23,0,3.0,False,False,Meia Praia,Meia Praia (beach band),0.0279217437748763,283,1875,197076.66926349103,0.8164074842638476,3,0,0,0,1,0,1,1,0,0,0,1,1,0,0,0,0,0,0,0,7,3,4,3.0,1.3333333333333333,2.3333333333333335,400.0,950.0,950.0,0.0,1.0,1.0,0.0,,0.6486486486486487,,Famílias
46372862,0.4536349037283476,20761.51126133395,418.9543532127369,105,2,8,apartamento,10,4.900000095367432,False,250.0,21,0,1.0,True,False,Meia Praia,Meia Praia (beach band),0.1020906053549424,177,897,41571.4784983507,0.4082714133555128,2,1,0,0,1,0,0,0,0,0,1,0,0,1,0,0,0,1,1,1,8,2,5,1.0,2.5,4.0,250.0,478.5,518.0,0.08254963427377215,1.0,1.0,0.0,0.6428571428571428,0.3513513513513513,0.2915057915057915,Famílias
46451253,0.6955236044456874,44361.88700827648,595.1560548883235,105,3,7,apartamento,10,5.0,False,250.0,48,0,2.0,True,False,Meia Praia,Meia Praia (beach band),0.0845549505672621,351,1930,88827.31168734474,0.6259712440011187,3,0,0,0,1,0,1,1,0,0,1,0,1,0,0,0,0,0,0,0,7,3,3,2.0,1.0,2.3333333333333335,250.0,440.0,440.0,0.0,1.0,0.9166666666666666,-0.08333333333333337,0.9642857142857143,0.0,0.9642857142857143,Famílias
46530405,0.4173177775415259,49251.88246701551,1076.9919861237654,105,3,8,apartamento,41,4.849999904632568,False,520.0,33,0,2.0,False,False,Morretes,Morretes,0.1275462618449163,83,598,98618.71552645722,0.3755859997873733,3,0,1,0,1,0,0,0,1,0,1,0,1,0,1,0,0,0,1,1,8,3,3,2.0,1.0,2.6666666666666665,520.0,973.0,1043.0,0.07194244604316546,0.7777777777777778,0.6666666666666667,-0.11111111111111105,0.6428571428571428,0.0,0.6428571428571428,Alto padrão e frente-mar
46550767,0.8651038936651491,72065.63972978953,786.5608836397902,105,3,8,apartamento,42,4.809999942779541,False,200.0,41,0,2.0,True,False,Meia Praia,Meia Praia (beach band),0.1674961561383795,402,1967,144299.4758322976,0.7785935042986342,3,0,1,0,1,0,0,1,0,0,1,0,0,0,0,0,0,0,1,1,8,3,5,2.0,1.6666666666666667,2.6666666666666665,200.0,800.0,800.0,0.0,0.8888888888888888,0.9166666666666666,0.02777777777777779,0.8571428571428572,0.5405405405405406,0.31660231660231664,Grupos e amigos
46598066,0.4642302730897196,55270.31697825827,1090.8458438543953,105,2,6,apartamento,18,5.0,False,250.0,129,0,2.0,True,False,Centro,Centro,0.1140931158107762,220,749,110669.63117168876,0.4178072457807477,2,0,0,0,0,0,1,1,1,0,1,0,0,1,0,0,0,1,1,0,6,2,2,2.0,1.0,3.0,250.0,1027.8333,1000.0,-0.027079585765512726,1.0,1.0,0.0,0.7142857142857143,0.0,0.7142857142857143,Alto padrão e frente-mar
46604700,0.3016481851594579,12363.819644914993,370.1696317121125,105,1,4,apartamento,33,5.0,False,100.0,13,0,1.0,True,True,Ilhota,Ilhota,0.0685991215015641,18,36,24756.495616159955,0.2714833666435122,1,0,0,0,0,0,0,0,0,0,1,0,0,0,0,0,0,0,0,1,4,1,2,1.0,2.0,4.0,100.0,350.0,350.0,0.0,0.2222222222222222,0.25,0.02777777777777779,0.6428571428571428,0.0,0.6428571428571428,Casais e escapadas curtas
46678933,0.2657255864419627,23128.708215993895,783.4593149404894,105,3,7,apartamento,8,5.0,False,250.0,18,0,3.0,False,False,Meia Praia,Meia Praia (inland),0.3560541087800961,384,1743,46311.397286694446,0.2391530277977664,3,0,1,0,1,0,1,0,0,0,1,0,0,0,0,0,0,1,0,0,7,3,4,3.0,1.3333333333333333,2.3333333333333335,250.0,750.0,750.0,0.0,0.7222222222222222,0.75,0.02777777777777779,0.2857142857142857,0.0,0.2857142857142857,Famílias
46690986,0.1720967496850866,24234.730813937025,1256.3447409550645,105,3,8,apartamento,9,5.0,False,250.0,45,0,2.0,False,False,Meia Praia,Meia Praia (inland),0.5115829643861135,235,1930,48526.0238651899,0.1548870747165779,3,0,0,0,1,0,1,0,0,0,1,0,0,0,0,0,0,0,0,0,8,3,3,2.0,1.0,2.6666666666666665,250.0,1299.0,1299.0,0.0,0.0,0.0,0.0,0.0,0.3783783783783784,-0.3783783783783784,Alto padrão e frente-mar
46704215,0.9879462253822224,56834.6553091677,547.4796038866182,105,2,4,apartamento,61,4.840000152587891,False,100.0,13,0,2.0,True,False,Meia Praia,Meia Praia (beach band),0.1783092197717752,450,1923,113801.9588943176,0.8891516028440003,2,0,1,0,1,0,0,0,0,0,0,0,0,1,0,0,0,0,0,1,4,2,2,2.0,1.0,2.0,100.0,566.0,585.0,0.03356890459363959,1.0,1.0,0.0,,,,Casais e escapadas curtas
46710652,0.7172999557138016,47319.970324501875,616.5471153371387,105,3,9,apartamento,16,4.940000057220459,False,250.0,23,0,3.0,True,False,Meia Praia,Meia Praia (inland),0.4128393080781616,344,1658,94750.3822879814,0.6455699601424214,3,0,1,0,1,0,0,0,0,0,0,0,0,1,0,0,0,0,0,1,9,3,3,3.0,1.0,3.0,250.0,550.0,550.0,0.0,1.0,1.0,0.0,0.8571428571428572,0.0,0.8571428571428572,Grupos e amigos
46724379,0.261307373641386,12251.525005769783,421.849148277166,105,2,7,apartamento,55,4.909999847412109,False,199.0,28,0,1.0,True,False,Meia Praia,Meia Praia (inland),0.350557129005035,379,1598,24531.644249708657,0.2351766362772474,2,0,0,0,1,0,1,1,0,0,1,0,0,0,0,0,0,0,0,1,7,2,5,1.0,2.5,3.5,199.0,481.0,481.0,0.0,0.5185185185185186,0.33333333333333337,-0.18518518518518523,0.1428571428571429,0.027027027027026973,0.11583011583011593,Famílias
46769078,0.270929117064931,26240.64104879617,872.2250333923912,105,3,8,apartamento,13,4.920000076293945,False,300.0,19,0,3.0,True,False,Meia Praia,Meia Praia (beach band),0.1757669577580312,421,1971,52542.525994944335,0.2438362053584379,3,0,0,0,1,0,0,1,0,0,1,0,0,1,0,0,0,0,0,1,8,3,3,3.0,1.0,2.6666666666666665,300.0,988.0,988.0,0.0,0.0,0.0,0.0,0.0357142857142857,0.027027027027026973,0.008687258687258725,Grupos e amigos
46866680,0.7891659313137894,45197.26135908156,537.9963677256326,105,3,6,apartamento,9,5.0,False,300.0,8,0,3.0,False,False,Meia Praia,Meia Praia (inland),0.4270436693711178,348,1760,90500.01009669628,0.7102493381824105,3,0,0,0,0,0,0,0,0,0,1,0,0,1,0,0,0,0,0,0,6,3,3,3.0,1.0,2.0,300.0,450.0,450.0,0.0,0.4444444444444444,0.6666666666666667,0.22222222222222232,0.6071428571428572,0.0,0.6071428571428572,Famílias
46878566,0.5261365797751554,30025.799847211656,525.574745887696,105,3,6,apartamento,20,4.800000190734863,False,250.0,34,0,3.0,False,False,Centro,Centro,0.1459120162414617,238,757,60121.67789869944,0.4735229217976398,3,0,1,0,1,0,0,1,0,0,1,0,0,0,0,0,0,0,1,0,6,3,3,3.0,1.0,2.0,250.0,500.0,387.5,-0.22499999999999998,0.8888888888888888,0.8333333333333334,-0.05555555555555547,0.8214285714285714,0.027027027027026973,0.7944015444015444,Famílias
46896012,0.852613452415778,60367.04315172421,667.973227489197,105,3,8,apartamento,14,4.929999828338623,True,350.0,17,0,2.0,True,True,Meia Praia,Meia Praia (beach band),0.3292509782460546,432,1924,120874.97893588652,0.7673521071742002,3,0,0,0,1,0,1,1,0,0,1,0,0,0,0,0,0,0,0,0,8,3,4,2.0,1.3333333333333333,2.6666666666666665,350.0,550.0,550.0,0.0,1.0,1.0,0.0,,0.0,,Grupos e amigos
46936020,0.823864449551904,35550.83377180292,406.3162500913037,105,2,6,apartamento,68,4.989999771118164,False,200.0,21,0,2.0,True,True,Morretes,Morretes,0.2585522810696306,213,920,71184.64080673037,0.7414780045967135,2,0,0,0,1,0,1,1,0,0,1,0,0,1,0,0,0,0,0,1,6,2,3,2.0,1.5,3.0,200.0,400.0,350.0,-0.125,0.33333333333333337,0.25,-0.08333333333333337,0.6785714285714286,0.5405405405405406,0.13803088803088803,Famílias
46990438,0.7560595763635639,42988.56762725568,532.8746348898705,105,2,6,apartamento,17,5.0,False,300.0,13,0,3.0,True,False,Centro,Centro,0.2776160067751995,249,747,86077.4676899186,0.6804536187272076,2,0,0,0,1,0,1,1,0,0,1,0,0,0,0,0,0,0,0,1,6,2,4,3.0,2.0,3.0,300.0,600.0,600.0,0.0,0.962962962962963,0.8333333333333334,-0.12962962962962965,0.8928571428571429,0.5405405405405406,0.35231660231660233,Famílias
47000276,0.9370074565489296,67322.3231470689,681.5795386822055,105,3,8,apartamento,28,4.820000171661377,False,390.0,4,0,3.0,False,False,Meia Praia,Meia Praia (beach band),0.0424326055209646,201,1147,134801.772083887,0.8433067108940365,3,0,1,0,0,0,0,0,0,0,1,0,0,0,0,0,0,0,1,1,8,3,6,3.0,2.0,2.6666666666666665,390.0,500.0,500.0,0.0,1.0,1.0,0.0,,0.18918918918918914,,Grupos e amigos
47006355,0.8786909704487034,67081.32036815355,721.4853938136857,105,3,8,apartamento,27,4.929999828338623,False,150.0,27,0,1.0,True,True,Meia Praia,Meia Praia (beach band),0.0552875882627159,255,1571,134319.2040417242,0.790821873403833,3,0,0,0,1,0,1,1,0,0,1,0,0,1,0,0,0,0,1,1,8,3,7,1.0,2.3333333333333335,2.6666666666666665,150.0,592.0,592.0,0.0,0.8148148148148149,0.8333333333333334,0.01851851851851849,0.75,0.3783783783783784,0.3716216216216216,Famílias
47052262,0.8108049645252923,38394.243634509985,445.4849139972807,105,3,7,apartamento,19,4.889999866485596,False,610.0,9,0,2.0,True,True,Centro,Centro,0.1006035212161052,160,741,76878.09686017617,0.729724468072763,3,1,0,0,0,0,0,0,0,0,1,0,0,0,0,0,0,0,0,0,7,3,1,2.0,0.3333333333333333,2.3333333333333335,610.0,399.0,399.0,0.0,0.8148148148148149,0.6666666666666667,-0.14814814814814814,0.6785714285714286,0.0,0.6785714285714286,Famílias
47089646,0.8091537562298677,47226.84563154973,549.0248953259778,105,2,7,apartamento,15,5.0,False,350.0,9,0,2.0,True,True,Centro,Centro,0.1194468261372536,163,745,94563.91555528573,0.728238380606881,2,1,0,0,1,0,0,1,0,0,1,0,0,0,0,0,0,0,0,0,7,2,4,2.0,2.0,3.5,350.0,478.16667,472.0,-0.012896486490787895,1.0,1.0,0.0,,0.3783783783783784,,Famílias
47172145,0.7224844642335443,51081.88275630107,661.0341455756952,105,3,9,apartamento,5,5.0,False,300.0,32,0,3.0,False,False,Centro,Centro,0.5368558501328456,71,724,102282.9872030424,0.6502360178101899,3,0,0,0,1,0,1,1,0,0,1,0,0,1,0,0,0,0,0,1,9,3,4,3.0,1.3333333333333333,3.0,300.0,700.0,700.0,0.0,0.7037037037037037,1.0,0.2962962962962963,0.8571428571428572,0.027027027027026973,0.8301158301158302,Grupos e amigos
47213093,0.9692948084128136,31010.12021915538,304.11096691690454,105,2,4,apartamento,14,4.929999828338623,False,250.0,17,0,2.0,False,True,Meia Praia,Meia Praia (beach band),0.1595238489308625,342,1341,62092.61598035806,0.8723653275715322,2,0,0,0,0,0,1,0,0,0,1,0,0,0,0,0,0,0,0,0,4,2,2,2.0,1.0,2.0,250.0,351.0,230.0,-0.3447293447293447,1.0,1.0,0.0,,0.7027027027027026,,Casais e escapadas curtas
47222306,0.8486760794818189,18981.23513703267,210.9499760519263,105,1,5,apartamento,65,4.96999979019165,False,75.0,32,0,1.0,True,True,Morretes,Morretes,0.985240454924913,46,805,38006.77120460224,0.7638084715336371,1,0,1,0,1,0,0,0,0,0,0,0,0,1,0,0,0,0,0,1,5,1,4,1.0,4.0,5.0,75.0,175.0,175.0,0.0,1.0,1.0,0.0,0.8214285714285714,0.3783783783783784,0.443050193050193,Casais e escapadas curtas
47232230,0.9827122020863206,91154.09418938572,882.4641606284086,105,3,6,apartamento,20,4.949999809265137,False,400.0,61,0,2.0,False,False,Meia Praia,Meia Praia (beach band),0.0254169966215311,108,711,182520.93592473908,0.8844409818776886,3,0,0,0,1,0,1,1,1,0,1,0,1,0,1,0,0,0,1,1,6,3,6,2.0,2.0,2.0,400.0,903.0,903.0,0.0,1.0,1.0,0.0,,,,Alto padrão e frente-mar
47254288,0.7604888631415769,42040.18590536731,518.2458342180558,105,3,6,apartamento,38,4.96999979019165,False,249.0,11,0,2.0,True,False,Meia Praia,Meia Praia (beach band),0.2714375783627513,432,1987,84178.49078677103,0.6844399768274193,3,0,1,0,0,0,0,0,0,0,1,0,1,0,0,0,0,0,0,0,6,3,3,2.0,1.0,2.0,249.0,450.0,450.0,0.0,1.0,1.0,0.0,,0.0,,Famílias
47260862,0.9294162864128932,55456.47996904957,565.7601204757677,105,2,8,apartamento,24,5.0,False,250.0,24,0,3.0,True,True,Meia Praia,Meia Praia (inland),0.5175843530603368,114,1151,111042.39164521376,0.836474657771604,2,0,0,0,1,0,1,0,0,0,1,0,0,0,0,0,0,0,0,1,8,2,8,3.0,4.0,4.0,250.0,450.0,450.0,0.0,0.8888888888888888,0.8333333333333334,-0.05555555555555547,0.8214285714285714,0.18918918918918914,0.6322393822393823,Grupos e amigos
47269826,0.9889542406242836,64683.039820897226,622.4856015440275,105,3,7,apartamento,28,5.0,False,400.0,41,0,3.0,True,False,Meia Praia,Meia Praia (beach band),0.1526101267338842,172,833,129517.04552116607,0.8900588165618554,3,0,0,0,1,0,1,1,1,0,1,0,1,0,1,0,0,0,0,1,7,3,3,3.0,1.0,2.3333333333333335,400.0,702.0,702.0,0.0,1.0,1.0,0.0,,,,Famílias
47325492,0.378646774980189,28418.438252663396,682.5674980500048,105,3,8,apartamento,11,5.0,False,150.0,26,0,3.0,True,True,Meia Praia,Meia Praia (inland),0.5701933378315504,267,1692,56903.20323537936,0.3407820974821701,3,0,0,0,1,0,1,0,0,0,1,0,1,0,0,0,0,1,0,1,8,3,3,3.0,1.0,2.6666666666666665,150.0,621.2152699999999,645.83335,0.03962890352003101,0.8518518518518519,0.8333333333333334,-0.01851851851851849,0.5714285714285714,0.0,0.5714285714285714,Grupos e amigos
47326216,0.3980808194408836,51502.34958353174,1178.6411790169902,105,3,8,apartamento,8,5.0,False,280.0,29,0,2.0,True,False,Meia Praia,Meia Praia (beach band),0.0823449857348534,268,1244,103124.90219889548,0.3582727374967952,3,1,1,0,1,0,0,1,1,0,0,0,0,1,0,0,0,0,1,1,8,3,3,2.0,1.0,2.6666666666666665,280.0,1100.0,1100.0,0.0,0.7407407407407407,0.6666666666666667,-0.07407407407407396,0.4285714285714286,0.0,0.4285714285714286,Alto padrão e frente-mar
47402735,0.6741971712135071,35590.41136863437,491.80639836690494,105,2,6,apartamento,6,5.0,False,610.0,11,0,2.0,False,True,Centro,Centro,0.215554484341433,190,750,71263.88837185147,0.6067774540921564,2,1,0,0,0,0,0,0,0,0,1,0,0,0,0,0,0,0,0,0,6,2,5,2.0,2.5,3.0,610.0,399.0,399.0,0.0,0.4444444444444444,0.75,0.3055555555555556,0.7857142857142857,0.0,0.7857142857142857,Famílias
47421617,0.9248614228688596,41311.11607634001,423.4030880111292,105,2,5,apartamento,7,4.710000038146973,False,260.0,13,0,2.0,False,False,Centro,Centro,0.2215087083426296,179,749,82718.64952860354,0.8323752805819736,2,1,0,0,1,0,0,1,1,0,1,0,0,0,1,0,0,0,0,0,5,2,4,2.0,2.0,2.5,260.0,370.0,370.0,0.0,1.0,1.0,0.0,,0.5405405405405406,,Famílias
47558531,0.2517549737079309,21946.896778271897,783.6536974579606,105,3,9,apartamento,68,4.929999828338623,False,300.0,32,0,2.0,True,True,Meia Praia,Meia Praia (beach band),0.0155917485442274,224,1772,43945.016142569184,0.2265794763371378,3,0,1,0,1,0,1,1,0,0,1,0,0,1,0,0,0,0,0,1,9,3,5,2.0,1.6666666666666667,3.0,300.0,895.0,900.0,0.005586592178770999,0.6666666666666667,0.6666666666666667,0.0,0.5357142857142857,0.0,0.5357142857142857,Grupos e amigos
47783121,0.903726383554129,46352.91495602165,485.525786307152,105,2,6,apartamento,9,4.889999866485596,False,250.0,17,0,2.0,True,False,Centro,Centro,0.2263287486715886,180,752,92814.01450861063,0.8133537451987162,2,0,0,0,0,0,1,0,0,0,1,1,1,0,0,0,0,0,0,1,6,2,4,2.0,2.0,3.0,250.0,450.0,450.0,0.0,1.0,1.0,0.0,,0.21621621621621623,,Famílias
47816646,0.464119457059434,26186.353810500153,516.947056237911,105,2,4,apartamento,19,4.840000152587891,False,250.0,29,0,2.0,False,False,Ilhota,Ilhota,0.2292603259113596,26,42,52433.82481557688,0.4177075113534906,2,0,1,0,0,0,1,1,0,0,1,0,1,0,0,0,0,0,1,1,4,2,2,2.0,1.0,2.0,250.0,590.0,547.0,-0.07288135593220335,0.6666666666666667,1.0,0.33333333333333326,0.3928571428571429,0.3783783783783784,0.014478764478764505,Casais e escapadas curtas
47891397,0.480323328248024,27983.060880882083,534.5091051427576,105,3,6,apartamento,8,5.0,False,250.0,1,0,2.0,False,False,Meia Praia,Meia Praia (beach band),0.3444635383248555,400,1980,56031.43235021346,0.4322909954232216,3,0,1,0,1,0,1,1,0,0,1,0,0,1,0,0,0,0,0,1,6,3,3,2.0,1.0,2.0,250.0,539.0,570.0,0.0575139146567718,0.7777777777777778,0.875,0.09722222222222221,0.8214285714285714,0.0,0.8214285714285714,Famílias
47909482,0.7560595763635639,75042.34667546103,930.2045937583651,105,3,12,apartamento,26,5.0,False,350.0,43,0,3.0,True,True,Meia Praia,Meia Praia (beach band),0.0839616438425855,303,1791,150259.8371581293,0.6804536187272076,3,0,0,0,1,0,1,1,0,0,1,0,1,0,0,0,0,0,0,1,12,3,6,3.0,2.0,4.0,350.0,1000.0,1000.0,0.0,0.9259259259259259,0.9166666666666666,-0.0092592592592593,0.8928571428571429,0.1351351351351351,0.7577220077220078,Grupos e amigos
48080102,0.945076029938066,48892.47535723328,491.0188814030498,105,3,8,apartamento,17,4.940000057220459,False,250.0,10,0,2.0,False,True,Meia Praia,Meia Praia (beach band),0.1446628969424677,309,1714,97899.06247478884,0.8505684269442595,3,0,1,0,0,0,0,0,0,0,1,0,0,0,0,0,0,0,0,0,8,3,6,2.0,2.0,2.6666666666666665,250.0,450.0,450.0,0.0,1.0,1.0,0.0,,0.32432432432432434,,Grupos e amigos
48109229,0.6494324619196691,39688.15749387812,568.2882574787827,105,2,6,apartamento,15,4.670000076293945,False,180.0,20,0,2.0,False,False,Meia Praia,Meia Praia (beach band),0.1855112364613301,364,1615,79468.94448713186,0.5844892157277022,2,0,0,0,1,0,1,1,0,0,1,0,0,1,0,0,0,0,0,1,6,2,3,2.0,1.5,3.0,180.0,480.0,480.0,0.0,1.0,1.0,0.0,,0.0,,Famílias
48158176,0.9533975140604288,43822.61118496203,436.49119381980154,105,2,6,apartamento,33,4.909999847412109,False,280.0,18,0,2.0,True,True,Meia Praia,Meia Praia (beach band),0.1377987672805201,412,1935,87747.50140709076,0.8580577626543859,2,0,1,0,1,0,1,1,1,0,1,0,0,1,0,1,0,0,0,1,6,2,2,2.0,1.0,3.0,280.0,390.0,390.0,0.0,1.0,1.0,0.0,,0.4054054054054054,,Famílias
48243472,0.90022063384491,121862.26108958133,1281.1313577503024,105,3,8,apartamento,49,5.0,False,550.0,64,0,3.0,True,True,Centro,Centro,0.1982417962927832,247,760,244008.94052837044,0.810198570460419,3,0,1,1,1,1,1,1,1,0,1,0,0,0,0,0,0,0,1,1,8,3,5,3.0,1.6666666666666667,2.6666666666666665,550.0,1399.0,1429.625,0.021890636168691913,0.4814814814814815,0.6666666666666667,0.18518518518518523,0.5714285714285714,0.6756756756756757,-0.10424710424710426,Alto padrão e frente-mar
48254075,0.9801518817725436,46999.52027087373,456.1191253213552,105,2,5,apartamento,33,4.849999904632568,False,300.0,31,0,2.0,False,False,Meia Praia,Meia Praia (beach band),0.2903930630879234,377,1631,94108.73427177905,0.8821366935952893,2,0,0,0,1,0,0,1,0,0,1,0,1,0,1,0,0,0,0,0,5,2,2,2.0,1.0,2.5,300.0,509.0,509.0,0.0,1.0,1.0,0.0,0.8214285714285714,,,Famílias
48624860,0.9922233679562656,37752.65101561374,362.19359299542737,105,2,7,apartamento,13,4.920000076293945,False,200.0,20,0,2.0,True,False,Meia Praia,Meia Praia (inland),0.4416636773252057,259,1336,75593.41418821581,0.893001031160639,2,0,0,0,1,0,1,1,0,0,1,0,1,0,0,0,0,0,0,1,7,2,2,2.0,1.0,3.5,200.0,250.0,400.0,0.6000000000000001,0.8518518518518519,0.6666666666666667,-0.18518518518518512,0.8571428571428572,0.6756756756756757,0.18146718146718155,Famílias
48699117,0.9104044711769276,47898.616534495704,498.25135321924455,105,2,6,apartamento,24,4.920000076293945,False,250.0,16,0,2.0,True,True,Meia Praia,Meia Praia (beach band),0.1451386875266516,334,1569,95909.02522943771,0.8193640240592348,2,0,0,0,0,0,0,0,0,0,1,0,1,0,0,0,0,0,0,0,6,2,5,2.0,2.5,3.0,250.0,382.5,380.0,-0.006535947712418277,0.7777777777777778,1.0,0.2222222222222222,0.6785714285714286,0.1351351351351351,0.5434362934362935,Famílias
48848529,0.3295729381379353,39622.31575802859,1088.5526926038017,105,3,12,apartamento,61,4.840000152587891,False,350.0,15,0,4.0,True,False,Meia Praia,Meia Praia (inland),0.375843235657061,410,1937,79337.10734523456,0.2966156443241418,3,0,0,0,0,0,0,1,0,0,1,0,0,1,0,0,0,0,0,1,12,3,4,4.0,1.3333333333333333,4.0,350.0,1000.0,1000.0,0.0,0.5925925925925926,0.33333333333333337,-0.2592592592592592,0.3571428571428571,0.08108108108108103,0.27606177606177607,Alto padrão e frente-mar
48941838,0.9135860056611936,44305.826882542926,459.3677170043384,105,2,6,apartamento,25,4.480000019073486,False,180.0,24,0,2.0,False,False,Centro,Centro,0.0503796384364686,204,758,88715.06059530177,0.8222274050950744,2,0,0,0,1,0,1,1,0,0,1,0,0,1,0,0,0,0,1,1,6,2,3,2.0,1.5,3.0,180.0,370.0,370.0,0.0,1.0,1.0,0.0,,0.1351351351351351,,Famílias
49050392,0.8720773068934268,72152.9198860574,781.5768850859254,105,3,8,apartamento,44,4.949999809265137,False,150.0,35,0,2.0,True,False,Meia Praia,Meia Praia (beach band),0.1914666572140271,432,1985,144474.23985086786,0.7848695762040842,3,0,0,0,0,0,0,0,0,0,1,0,0,0,0,0,0,0,1,1,8,3,3,2.0,1.0,2.6666666666666665,150.0,700.0,700.0,0.0,1.0,1.0,0.0,,0.5405405405405406,,Grupos e amigos
49123621,0.378646774980189,31852.99401036231,765.0602835297303,105,3,6,apartamento,16,4.940000057220459,False,300.0,21,0,0.0,True,False,Meia Praia,Meia Praia (beach band),0.2985475745840269,416,1799,63780.3307737045,0.3407820974821701,3,0,0,0,1,0,1,0,0,0,1,0,0,0,0,0,0,0,0,1,6,3,4,0.0,1.3333333333333333,2.0,300.0,900.0,650.0,-0.2777777777777778,0.5185185185185186,0.8333333333333334,0.31481481481481477,0.3571428571428571,0.05405405405405406,0.30308880308880304,Famílias
49369605,0.9857024648430068,27883.823166177193,269.17467559394237,105,3,8,apartamento,12,4.75,False,220.0,39,0,2.0,True,False,Meia Praia,Meia Praia (beach band),0.205424480981405,274,1205,55832.72530662925,0.887132218358706,3,0,0,0,1,0,0,0,0,0,1,0,0,1,0,0,0,0,0,0,8,3,0,2.0,0.0,2.6666666666666665,220.0,230.0,230.0,0.0,1.0,1.0,0.0,,0.6216216216216216,,Grupos e amigos
49824103,0.9280844170716498,49265.114342982335,503.27499565268965,105,3,8,apartamento,43,4.929999828338623,False,250.0,37,0,2.0,True,True,Meia Praia,Meia Praia (beach band),0.3427685867888769,407,1892,98645.21016070248,0.8352759753644848,3,0,1,0,1,0,1,1,0,0,1,0,0,1,0,0,0,0,0,0,8,3,3,2.0,1.0,2.6666666666666665,250.0,440.0,440.0,0.0,1.0,1.0,0.0,,0.05405405405405406,,Grupos e amigos
49968308,0.9814501230530818,77034.10257902084,746.6688503610025,105,3,6,apartamento,26,5.0,False,250.0,16,0,2.0,True,False,Meia Praia,Meia Praia (beach band),0.1740157785915966,324,1702,154247.99759002455,0.8833051107477736,3,0,0,0,1,0,1,1,1,0,1,0,0,0,0,0,0,0,0,1,6,3,4,2.0,1.3333333333333333,2.0,250.0,700.0,700.0,0.0,0.9259259259259259,1.0,0.07407407407407407,0.9285714285714286,0.5945945945945945,0.3339768339768341,Famílias
50047341,0.9626588206700616,39629.66306957856,391.1579046737581,105,3,8,apartamento,81,4.78000020980835,False,200.0,26,0,2.0,True,False,Meia Praia,Meia Praia (beach band),0.1881344545400142,388,1835,79351.81911646716,0.8663929386030554,3,0,1,0,1,0,1,1,0,0,1,0,0,0,0,0,0,0,0,1,8,3,5,2.0,1.6666666666666667,2.6666666666666665,200.0,300.0,300.0,0.0,1.0,1.0,0.0,,0.21621621621621623,,Grupos e amigos
50059423,0.949347887483916,55016.177958523826,550.1806252118013,105,2,6,apartamento,145,4.929999828338623,False,80.0,19,0,2.0,True,False,Meia Praia,Meia Praia (beach band),0.0661026158600235,364,1899,110160.75998878224,0.8544130987355244,2,0,1,0,1,0,1,1,0,0,1,0,0,0,0,0,0,0,0,1,6,2,4,2.0,2.0,3.0,80.0,500.0,500.0,0.0,1.0,1.0,0.0,,0.32432432432432434,,Famílias
50085393,0.9764615248754056,61505.41799728004,599.0138113596505,105,3,11,apartamento,37,4.96999979019165,False,250.0,16,0,2.0,True,False,Meia Praia,Meia Praia (beach band),0.2022018716128562,374,1725,123154.38551758476,0.878815372387865,3,0,1,0,0,0,1,1,0,0,1,0,0,0,0,0,0,0,0,1,11,3,4,2.0,1.3333333333333333,3.6666666666666665,250.0,650.0,650.0,0.0,1.0,1.0,0.0,0.8571428571428572,,,Grupos e amigos
50243281,0.927859695207334,55595.679527137414,568.0752018594596,105,3,6,apartamento,10,5.0,False,350.0,35,0,3.0,True,False,Meia Praia,Meia Praia (beach band),0.3230301651877935,368,1615,111321.11564382775,0.8350737256866007,3,0,1,0,1,0,1,0,0,0,1,1,1,1,0,0,0,0,0,1,6,3,3,3.0,1.0,2.0,350.0,467.0,467.0,0.0,1.0,1.0,0.0,0.75,0.3783783783783784,0.3716216216216216,Famílias
50535771,0.8735482489270454,51946.409120489334,561.8023947749472,105,3,6,apartamento,14,4.570000171661377,False,200.0,15,0,2.0,False,False,Centro,Centro,0.0372594464406574,69,442,104014.05767800554,0.7861934240343409,3,0,0,0,1,0,0,0,0,0,1,0,1,0,0,0,0,1,0,0,6,3,4,2.0,1.3333333333333333,2.0,200.0,650.0,650.0,0.0,0.33333333333333337,0.25,-0.08333333333333337,0.4285714285714286,0.6756756756756757,-0.24710424710424705,Famílias
50561328,0.9954890330896524,71523.80031531461,684.0758999741886,105,3,7,apartamento,32,4.78000020980835,False,200.0,32,0,2.0,False,False,Meia Praia,Meia Praia (beach band),0.0722254432891339,315,1846,143214.53238647277,0.895940129780687,3,0,1,0,0,0,1,0,0,0,1,0,0,0,0,0,0,0,0,1,7,3,4,2.0,1.3333333333333333,2.3333333333333335,200.0,700.0,1400.0,1.0,1.0,1.0,0.0,,,,Famílias
50958684,0.6898118293887532,78511.06232114893,1061.5744371162498,105,3,8,apartamento,42,4.980000019073486,False,495.0,67,0,3.0,True,True,Meia Praia,Meia Praia (beach band),0.1970172906852181,395,1839,157205.3641993213,0.6208306464498778,3,0,1,0,1,0,1,1,0,0,1,0,0,0,0,0,0,1,0,1,8,3,4,3.0,1.3333333333333333,2.6666666666666665,495.0,920.0,920.0,0.0,0.6296296296296297,1.0,0.37037037037037035,0.6428571428571428,0.0,0.6428571428571428,Grupos e amigos
51301217,0.5820273474747144,32241.173457544555,512.4493570019697,105,3,8,apartamento,29,4.789999961853027,False,275.0,21,0,2.0,True,False,Meia Praia,Meia Praia (inland),0.443207646946691,355,1909,64557.59565287985,0.523824612727243,3,0,0,0,1,0,1,1,0,0,1,0,0,1,0,0,0,0,0,0,8,3,4,2.0,1.3333333333333333,2.6666666666666665,275.0,580.0,394.5,-0.31982758620689655,1.0,1.0,0.0,0.5357142857142857,0.3513513513513513,0.18436293436293438,Grupos e amigos
51405106,0.6400379708275723,62655.7954046847,909.6788970277414,105,3,8,apartamento,32,4.880000114440918,False,280.0,57,0,3.0,False,False,Meia Praia,Meia Praia (beach band),0.2335429457002009,221,1149,125457.82523615558,0.5760341737448151,3,0,0,1,1,1,1,1,0,1,1,0,1,0,0,0,0,0,0,1,8,3,5,3.0,1.6666666666666667,2.6666666666666665,280.0,1000.0,953.0,-0.04700000000000004,0.962962962962963,0.9166666666666666,-0.04629629629629639,0.9285714285714286,0.1351351351351351,0.7934362934362935,Grupos e amigos
51453135,0.6780563018779501,46604.76362881681,640.5266414463753,105,3,8,apartamento,13,4.849999904632568,False,300.0,23,0,2.0,True,False,Meia Praia,Meia Praia (beach band),0.1819069628586095,319,1349,93318.29965212235,0.6102506716901551,3,0,0,0,1,0,1,0,0,0,1,0,1,1,1,0,0,0,0,0,8,3,5,2.0,1.6666666666666667,2.6666666666666665,300.0,680.0,700.0,0.02941176470588225,0.5185185185185186,0.6666666666666667,0.14814814814814814,0.5,0.0,0.5,Grupos e amigos
51507847,0.980610439414646,51562.5393038398,500.1823782797063,105,3,6,apartamento,5,5.0,False,300.0,23,0,2.0,False,False,Meia Praia,Meia Praia (beach band),0.2874642254376928,397,1683,103245.4221182844,0.8825493954731813,3,0,1,0,1,0,1,1,0,0,1,0,1,0,0,0,0,0,0,1,6,3,4,2.0,1.3333333333333333,2.0,300.0,400.0,400.0,0.0,1.0,1.0,0.0,,0.6756756756756757,,Famílias
51669111,0.1876855080124483,15586.60409919358,742.0117791221556,105,3,8,apartamento,8,5.0,False,300.0,57,0,2.0,False,True,Meia Praia,Meia Praia (beach band),0.1748929481070066,349,1367,31209.586287616847,0.1689169572112035,3,0,1,0,1,0,1,1,0,0,1,0,1,0,0,0,0,0,0,1,8,3,3,2.0,1.0,2.6666666666666665,300.0,800.0,800.0,0.0,0.5185185185185186,0.33333333333333337,-0.18518518518518523,0.4285714285714286,0.027027027027026973,0.40154440154440163,Grupos e amigos
51683537,0.9635234652675952,50132.21268680076,494.40430714755064,105,2,5,apartamento,22,5.0,False,300.0,14,0,2.0,True,True,Meia Praia,Meia Praia (beach band),0.0838558020264024,373,1921,100381.430597754,0.8671711187408357,2,0,0,0,1,0,1,1,0,0,1,0,1,0,0,0,0,0,0,1,5,2,3,2.0,1.5,2.5,300.0,400.0,400.0,0.0,1.0,1.0,0.0,,0.5135135135135135,,Famílias
51785337,0.8651038936651491,32986.54432611511,360.03184805764,105,2,6,apartamento,9,5.0,False,200.0,17,0,2.0,True,False,Morretes,Morretes,0.4480176172859583,169,964,66050.07703566753,0.7785935042986342,2,0,1,0,1,0,1,1,0,0,1,0,0,0,0,0,0,1,0,0,6,2,4,2.0,2.0,3.0,200.0,317.0,322.16666,0.016298611987381584,1.0,1.0,0.0,,0.0,,Famílias
51825638,0.6400379708275723,48673.6849297605,706.6772312951877,105,3,6,apartamento,8,5.0,False,50.0,13,0,2.0,False,True,Meia Praia,Meia Praia (beach band),0.1929576280091914,215,1088,97460.97097765064,0.5760341737448151,3,0,1,0,1,0,0,0,0,0,0,0,1,0,0,0,0,0,0,0,6,3,4,2.0,1.3333333333333333,2.0,50.0,650.0,650.0,0.0,0.8148148148148149,0.8333333333333334,0.01851851851851849,0.75,0.0,0.75,Famílias
51866473,0.9253598856249616,53419.18277686555,547.2228126234918,105,3,8,apartamento,30,4.96999979019165,False,250.0,23,0,2.0,True,False,Meia Praia,Meia Praia (beach band),0.1046352949404198,316,1768,106963.04234575498,0.8328238970624655,3,0,0,0,1,0,0,0,0,0,0,0,0,1,0,0,0,0,0,1,8,3,3,2.0,1.0,2.6666666666666665,250.0,450.0,450.0,0.0,1.0,1.0,0.0,,0.2432432432432432,,Grupos e amigos
51983017,0.9522649258597464,65620.02029665763,654.3329750070072,105,2,5,apartamento,41,5.0,False,275.0,14,0,1.0,True,False,Meia Praia,Meia Praia (beach band),0.0857625523552,274,1740,131393.19332231343,0.8570384332737719,2,0,1,0,1,0,0,0,1,0,1,0,1,0,0,0,0,0,1,1,5,2,2,1.0,1.0,2.5,275.0,549.0,549.0,0.0,1.0,1.0,0.0,,0.5405405405405406,,Famílias
51990592,0.697809262595218,68511.97642565401,916.2950262127332,105,3,12,apartamento,44,4.929999828338623,True,250.0,24,0,2.0,True,False,Meia Praia,Meia Praia (beach band),0.1231911972734047,344,1502,137183.85521206944,0.6280283363356962,3,0,0,0,1,0,1,1,1,0,1,0,0,1,0,0,0,0,0,0,12,3,7,2.0,2.3333333333333335,4.0,250.0,942.25,970.0,0.02945078270098178,0.8888888888888888,0.75,-0.13888888888888884,0.6428571428571428,0.5405405405405406,0.10231660231660222,Alto padrão e frente-mar
52025452,0.8027557319456698,38307.55739243082,448.68791106679333,105,3,8,apartamento,36,4.559999942779541,False,200.0,48,0,2.0,False,False,Meia Praia,Meia Praia (beach band),0.2949162648029385,446,1996,76704.52205613923,0.7224801587511028,3,0,0,0,1,0,1,1,0,0,1,0,0,0,0,0,0,0,0,1,8,3,4,2.0,1.3333333333333333,2.6666666666666665,200.0,400.0,400.0,0.0,1.0,1.0,0.0,0.7857142857142857,0.3513513513513513,0.4343629343629344,Grupos e amigos
52059007,0.1309997323431942,13760.76156299341,933.487480743309,105,2,6,apartamento,1,5.0,False,50.0,44,0,2.0,False,False,Centro,Centro,0.1012962005487793,234,767,27553.63982111946,0.1178997591088748,2,0,1,0,1,0,1,1,0,0,1,0,0,1,0,0,0,1,0,1,6,2,2,2.0,1.0,3.0,50.0,1000.0,1000.0,0.0,0.2962962962962963,0.33333333333333337,0.03703703703703709,0.0,0.0,0.0,Famílias
52172003,0.9370074565489296,37826.36363276452,382.95879092769366,105,2,6,apartamento,25,5.0,False,610.0,12,0,2.0,True,True,Centro,Centro,0.1118532852191488,162,740,75741.011462825,0.8433067108940365,2,1,0,0,1,0,0,1,0,0,1,0,0,0,0,0,0,0,0,0,6,2,4,2.0,2.0,3.0,610.0,317.0,317.0,0.0,1.0,1.0,0.0,,0.0,,Famílias
52214716,0.5510600317862993,91616.85507225212,1534.2302128758618,105,4,11,apartamento,7,5.0,True,350.0,31,0,3.0,False,False,Meia Praia,Meia Praia (beach band),0.0986935476592277,296,1511,183447.5377433546,0.4959540286076693,4,0,0,0,1,0,1,1,0,0,1,0,1,0,1,0,0,0,1,1,11,4,6,3.0,1.5,2.75,350.0,1657.0,1657.0,0.0,0.5555555555555556,0.5,-0.05555555555555558,0.4285714285714286,0.21621621621621623,0.21235521235521237,Alto padrão e frente-mar
52266549,0.7275684949439919,55341.04711330747,711.4071738466472,105,3,8,apartamento,14,4.789999961853027,False,300.0,26,0,2.0,False,False,Morretes,Morretes,0.0129001882171288,69,644,110811.25652118148,0.6548116454495927,3,0,0,0,1,0,0,1,1,0,1,0,1,0,1,0,0,0,1,1,8,3,7,2.0,2.3333333333333335,2.6666666666666665,300.0,700.0,700.0,0.0,0.9259259259259259,1.0,0.07407407407407407,0.7142857142857143,0.0,0.7142857142857143,Grupos e amigos
52346232,0.8472898195872092,65270.21209233979,726.5067964762068,105,3,8,apartamento,47,4.769999980926514,True,300.0,12,0,2.0,False,False,Meia Praia,Meia Praia (beach band),0.0354565924660841,206,1781,130692.7604847758,0.7625608376284883,3,0,0,0,1,0,1,0,1,0,1,0,1,0,0,0,0,0,1,1,8,3,6,2.0,2.0,2.6666666666666665,300.0,890.0,890.0,0.0,0.6666666666666667,0.9166666666666666,0.2499999999999999,0.7142857142857143,0.29729729729729726,0.41698841698841704,Grupos e amigos
52348108,0.9330396446082329,61540.92066595159,625.5393574867926,105,2,6,apartamento,25,4.760000228881836,False,250.0,18,0,2.0,False,False,Meia Praia,Meia Praia (beach band),0.254494117862175,300,1276,123225.4737157769,0.8397356801474095,2,0,0,0,1,0,1,1,0,0,1,0,0,0,0,0,0,0,0,1,6,2,3,2.0,1.5,3.0,250.0,400.0,400.0,0.0,1.0,1.0,0.0,,0.0,,Famílias
52354467,0.8108049645252924,53360.94247532872,619.1421582809636,105,3,6,apartamento,20,4.900000095367432,False,250.0,20,0,2.0,True,False,Meia Praia,Meia Praia (beach band),0.0870160979283289,147,691,106846.42581372125,0.7297244680727631,3,0,1,0,1,0,1,1,0,0,1,0,1,1,0,0,0,0,0,1,6,3,3,2.0,1.0,2.0,250.0,450.0,455.0,0.011111111111111072,1.0,1.0,0.0,0.9285714285714286,0.0,0.9285714285714286,Famílias
52365560,0.5207216675649109,19777.287139471435,349.6289970771105,105,1,4,apartamento,10,4.800000190734863,False,200.0,20,0,1.0,True,False,Meia Praia,Meia Praia (inland),0.6820599737864149,189,1790,39600.733141495744,0.4686495008084198,1,0,0,0,0,0,0,1,0,0,1,0,0,0,0,0,0,0,0,0,4,1,1,1.0,1.0,4.0,200.0,300.0,300.0,0.0,1.0,1.0,0.0,,0.0,,Casais e escapadas curtas
52472131,0.2255005373809212,16995.080013635477,675.8155059294616,105,2,6,apartamento,19,4.840000152587891,False,200.0,25,0,2.0,False,False,Meia Praia,Meia Praia (beach band),0.2108497986397123,376,1745,34029.825404877716,0.2029504836428291,2,0,0,0,1,0,1,1,0,0,1,0,1,0,0,0,0,0,0,1,6,2,3,2.0,1.5,3.0,200.0,600.0,600.0,0.0,0.33333333333333337,0.0,-0.33333333333333337,0.1428571428571429,0.3783783783783784,-0.2355212355212355,Famílias
52474050,0.97396785834251,79410.66938851411,775.2564465373448,105,2,7,apartamento,41,4.929999828338623,False,250.0,17,0,2.0,True,False,Meia Praia,Meia Praia (beach band),0.3425629115203772,383,1660,159006.6779566481,0.876571072508259,2,0,0,0,0,0,0,1,0,0,1,0,1,0,0,0,0,0,0,1,7,2,4,2.0,2.0,3.5,250.0,780.0,780.0,0.0,0.6666666666666667,0.5,-0.16666666666666674,0.8214285714285714,0.7027027027027026,0.11872586872586877,Famílias
52530322,0.5410144526870918,29764.92250741921,507.2927134927087,105,2,6,apartamento,11,4.909999847412109,False,250.0,14,0,2.0,False,False,Meia Praia,Meia Praia (inland),0.4246087704726231,199,1229,59599.31434888955,0.4869130074183826,2,0,0,0,0,0,0,1,0,0,1,0,1,0,0,0,0,0,0,1,6,2,3,2.0,1.5,3.0,250.0,455.1875,450.0,-0.011396402581353882,0.6666666666666667,0.875,0.20833333333333326,0.75,0.0,0.75,Famílias
52536443,0.9879136238915982,43593.42307461645,419.9418356596336,105,2,5,apartamento,13,5.0,False,260.0,13,0,2.0,True,False,Centro,Centro,0.1006958623520394,156,744,87288.59027671206,0.8891222615024384,2,1,0,0,1,0,0,1,1,0,1,0,0,0,1,0,0,0,0,0,5,2,4,2.0,2.0,2.5,260.0,400.0,400.0,0.0,1.0,1.0,0.0,,0.43243243243243246,,Famílias
52596621,0.0636822886708416,7648.743874038567,1060.5531981918084,105,3,6,apartamento,11,5.0,False,300.0,51,0,3.0,True,True,Meia Praia,Meia Praia (beach band),0.042212202824041,248,1564,15315.339403599655,0.0573140598037574,3,0,1,0,1,0,0,0,0,0,0,0,1,0,0,0,0,0,1,1,6,3,3,3.0,1.0,2.0,300.0,1192.5,1140.0,-0.04402515723270439,0.18518518518518523,0.08333333333333337,-0.10185185185185186,0.0357142857142857,0.0,0.0357142857142857,Famílias
52619006,0.8577457708953796,47238.68684200105,519.7556665084375,105,2,6,apartamento,70,5.0,False,260.0,70,0,2.0,True,False,Centro,Centro,0.067171215020564,158,763,94587.62561277986,0.7719711938058417,2,0,0,0,0,0,1,1,0,0,1,0,0,1,0,1,0,0,1,0,6,2,3,2.0,1.5,3.0,260.0,480.0,480.0,0.0,0.8148148148148149,0.8333333333333334,0.01851851851851849,0.8571428571428572,0.3513513513513513,0.5057915057915059,Famílias
52627650,0.9870211693572292,32988.27873853495,318.0507010311049,105,1,3,apartamento,50,4.800000190734863,False,200.0,7,0,1.0,False,False,Morretes,Morretes,0.5266065397788786,101,1221,66053.54990850955,0.8883190524215063,1,0,0,0,1,0,1,1,0,0,0,0,1,1,0,0,0,0,0,0,3,1,1,1.0,1.0,3.0,200.0,350.0,360.5,0.030000000000000027,0.11111111111111116,0.0,-0.11111111111111116,0.5714285714285714,,,Casais e escapadas curtas
52646204,0.7690894867653034,85153.09542639091,1038.605398707771,105,4,10,apartamento,12,5.0,False,250.0,29,0,4.0,True,False,Meia Praia,Meia Praia (beach band),0.1721329225096182,355,1489,170504.93246987113,0.6921805380887731,4,1,0,0,1,0,1,1,0,0,1,0,1,0,0,0,0,0,0,0,10,4,6,4.0,1.5,2.5,250.0,899.0,899.0,0.0,1.0,0.9166666666666666,-0.08333333333333337,0.9642857142857143,0.0,0.9642857142857143,Grupos e amigos
52650644,0.6779250647264027,52243.47365957934,718.1559590137814,105,3,7,apartamento,12,4.920000076293945,False,150.0,13,0,2.0,True,True,Meia Praia,Meia Praia (inland),0.4621105002888201,330,1577,104608.88008490816,0.6101325582537624,3,0,0,0,1,0,1,1,0,0,1,0,1,1,0,0,0,0,0,0,7,3,3,2.0,1.0,2.3333333333333335,150.0,600.0,600.0,0.0,0.7777777777777778,0.75,-0.02777777777777779,0.6071428571428572,0.0,0.6071428571428572,Famílias
52652931,0.8573989745981954,42394.3600711156,466.632619631949,105,2,5,apartamento,18,5.0,False,250.0,27,0,2.0,True,False,Meia Praia,Meia Praia (beach band),0.2228788671505494,453,1974,84887.66573703091,0.7716590771383759,2,0,1,0,0,0,0,1,0,0,1,0,0,0,0,1,0,0,0,1,5,2,2,2.0,1.0,2.5,250.0,390.0,390.0,0.0,0.7777777777777778,1.0,0.2222222222222222,0.9285714285714286,0.3783783783783784,0.5501930501930502,Famílias
52670832,0.9954890330896524,62589.78416267417,598.6281872819303,105,3,8,apartamento,27,4.929999828338623,False,300.0,88,0,2.0,True,False,Meia Praia,Meia Praia (beach band),0.052262828419217,345,1909,125325.64868632024,0.895940129780687,3,0,1,0,1,0,1,1,1,0,1,0,1,0,0,0,0,0,1,1,8,3,10,2.0,3.3333333333333335,2.6666666666666665,300.0,470.0,471.25,0.0026595744680850686,1.0,1.0,0.0,,0.6486486486486487,,Grupos e amigos
52758042,0.0505040426263902,17345.806166802064,3028.956469607583,105,4,8,apartamento,1,5.0,True,300.0,50,0,4.0,False,False,Meia Praia,Meia Praia (beach band),0.2291859979167213,158,698,34732.096282543935,0.0454536383637511,4,0,0,0,1,0,1,1,0,0,1,0,1,0,0,0,0,1,0,0,8,4,5,4.0,1.25,2.0,300.0,3000.0,3000.0,0.0,0.11111111111111116,0.0,-0.11111111111111116,0.0714285714285714,0.0,0.0714285714285714,Alto padrão e frente-mar
52884842,0.2032160864337653,42357.84720225997,1865.1290300438568,105,4,10,apartamento,5,5.0,False,200.0,29,0,4.0,False,False,Meia Praia,Meia Praia (beach band),0.1835576779952157,452,1927,84814.55478073112,0.1828944777903887,4,0,1,0,1,0,0,0,0,0,1,0,1,0,0,0,0,0,0,0,10,4,4,4.0,1.0,2.5,200.0,1900.0,1900.0,0.0,0.11111111111111116,0.0,-0.11111111111111116,0.1071428571428571,0.3513513513513513,-0.24420849420849422,Alto padrão e frente-mar
52969803,0.7560595763635639,30915.65020683053,383.2220221709083,105,2,5,apartamento,27,5.0,False,160.0,30,0,2.0,True,False,Centro,Centro,0.2022820091941819,259,748,61903.45546903171,0.6804536187272076,2,0,0,0,0,0,1,1,0,0,1,0,1,1,0,0,1,0,0,0,5,2,3,2.0,1.5,2.5,160.0,350.0,335.0,-0.042857142857142816,0.9259259259259259,0.9166666666666666,-0.0092592592592593,0.8214285714285714,0.0,0.8214285714285714,Famílias
53008127,0.8765249214734702,31446.05137943623,339.0018207975811,105,3,9,apartamento,34,4.849999904632568,False,250.0,9,0,2.0,True,False,Meia Praia,Meia Praia (beach band),0.3143270913852382,461,1941,62965.49573502829,0.7888724293261231,3,0,0,0,1,0,0,1,0,0,0,0,1,0,0,0,0,0,0,0,9,3,5,2.0,1.6666666666666667,3.0,250.0,300.0,300.0,0.0,0.8888888888888888,1.0,0.11111111111111116,0.8928571428571429,0.16216216216216217,0.7306949806949807,Grupos e amigos
53077335,0.9879462253822224,122279.2237010017,1177.8971930280886,105,3,7,apartamento,7,5.0,False,250.0,18,0,2.0,False,False,Centro,Centro,0.3852302434356759,135,738,244843.83891399807,0.8891516028440003,3,0,0,0,0,0,1,1,0,0,1,0,1,0,0,0,0,0,0,1,7,3,4,2.0,1.3333333333333333,2.3333333333333335,250.0,1000.0,1000.0,0.0,1.0,1.0,0.0,,0.7027027027027026,,Alto padrão e frente-mar
53113087,0.896597240196132,53194.076500491254,561.3541312812478,105,3,8,apartamento,12,5.0,False,300.0,19,0,2.0,True,False,Meia Praia,Meia Praia (beach band),0.2861187651276859,422,1853,106512.30441004572,0.8069375161765188,3,0,0,0,1,0,1,1,0,0,1,0,1,1,1,0,0,0,0,1,8,3,3,2.0,1.0,2.6666666666666665,300.0,650.0,440.0,-0.32307692307692304,0.9259259259259259,0.8333333333333334,-0.09259259259259256,0.8571428571428572,0.2432432432432432,0.613899613899614,Grupos e amigos
53133732,0.5345582909256111,47500.983022771434,818.92347274414,105,2,6,apartamento,10,5.0,True,350.0,36,0,2.0,True,False,Meia Praia,Meia Praia (beach band),0.0565166257940415,272,1307,95112.83015602536,0.48110246183305,2,0,0,0,0,0,0,0,0,0,1,0,0,1,0,0,0,0,1,1,6,2,3,2.0,1.5,3.0,350.0,673.0,673.0,0.0,1.0,1.0,0.0,0.8214285714285714,0.0,0.8214285714285714,Famílias
53143021,0.8298649500572667,57457.699571997626,652.210416992027,105,2,6,apartamento,14,4.710000038146973,False,250.0,14,0,3.0,False,True,Meia Praia,Meia Praia (beach band),0.0751576972776118,343,1913,115049.50156352553,0.74687845505154,2,0,0,0,1,0,0,0,0,0,1,0,0,0,0,0,0,0,0,1,6,2,4,3.0,2.0,3.0,250.0,720.0,600.0,-0.16666666666666663,1.0,1.0,0.0,0.8571428571428572,0.3783783783783784,0.4787644787644788,Famílias
53154219,0.3786467749801888,26992.8780874892,648.3277194030729,105,2,5,apartamento,27,4.849999904632568,False,300.0,21,0,2.0,True,False,Meia Praia,Meia Praia (beach band),0.2284351143768253,361,1344,54048.75574315781,0.34078209748217,2,0,0,0,1,0,1,1,1,0,1,0,1,0,0,0,0,0,0,1,5,2,3,2.0,1.5,2.5,300.0,585.3333,577.0,-0.014236845913260021,0.962962962962963,0.9166666666666666,-0.04629629629629639,0.6428571428571428,0.0,0.6428571428571428,Famílias
53175731,0.0590444697308817,7062.892874281478,1055.7845306370723,105,3,7,apartamento,7,5.0,False,360.0,25,0,2.0,True,False,Meia Praia,Meia Praia (beach band),0.0824197169118809,357,1938,14142.27006712043,0.0531400227577935,3,0,1,0,1,0,1,1,0,0,1,0,0,0,0,0,0,0,0,1,7,3,7,2.0,2.3333333333333335,2.3333333333333335,360.0,1199.0,1199.0,0.0,0.18518518518518523,0.0,-0.18518518518518523,0.1428571428571429,0.0,0.1428571428571429,Famílias
53190433,0.960897661693154,94205.74958319818,931.4432749688448,105,3,8,apartamento,20,4.699999809265137,False,350.0,26,0,2.0,False,False,Centro,Centro,0.1900093336051352,239,775,188631.369071507,0.8648078955238385,3,0,0,0,1,0,0,1,1,0,0,0,1,1,0,0,0,0,1,1,8,3,3,2.0,1.0,2.6666666666666665,350.0,800.0,800.0,0.0,0.962962962962963,0.8333333333333334,-0.12962962962962965,0.8928571428571429,0.2432432432432432,0.6496138996138997,Alto padrão e frente-mar
53195241,0.388385097927754,81213.07095362604,1903.3467937677417,105,4,10,apartamento,12,4.920000076293945,False,350.0,36,0,3.0,True,False,Meia Praia,Meia Praia (beach band),0.1876930515329149,355,1489,162615.6877713137,0.3495465881349786,4,0,0,0,1,0,1,0,0,0,1,1,1,1,1,0,0,1,1,0,10,4,4,3.0,1.0,2.5,350.0,1875.0,1990.0,0.06133333333333324,0.8518518518518519,0.41666666666666663,-0.43518518518518523,0.7142857142857143,0.0,0.7142857142857143,Alto padrão e frente-mar
53240300,0.5826529146296942,67363.46325156486,1069.5950406943766,105,3,14,apartamento,15,4.929999828338623,False,350.0,28,0,3.0,True,False,Meia Praia,Meia Praia (beach band),0.2845579716929278,247,1202,134884.14831112526,0.5243876231667247,3,0,1,0,1,0,1,1,0,0,1,0,0,1,0,0,0,0,0,1,14,3,3,3.0,1.0,4.666666666666667,350.0,990.0,990.0,0.0,0.6666666666666667,1.0,0.33333333333333326,0.7142857142857143,0.0,0.7142857142857143,Alto padrão e frente-mar
53280496,0.9731343938631396,46436.86153765032,453.7102909229047,105,3,7,apartamento,12,5.0,False,260.0,24,0,2.0,True,False,Centro,Centro,0.0619660801305338,150,743,92982.10359756272,0.8758209544768257,3,1,0,0,1,0,0,1,1,0,1,0,0,0,1,0,0,0,0,0,7,3,5,2.0,1.6666666666666667,2.3333333333333335,260.0,380.0,380.0,0.0,1.0,1.0,0.0,,0.21621621621621623,,Famílias
53314692,0.8526134524157781,64831.81386902023,717.3767952361837,105,1,5,apartamento,19,4.579999923706055,False,250.0,86,0,1.0,False,True,Centro,Centro,0.0544078129709947,106,716,129814.94084606836,0.7673521071742003,1,0,0,0,1,0,1,1,0,0,1,0,1,1,0,0,0,0,0,1,5,1,1,1.0,1.0,5.0,250.0,520.0,520.0,0.0,1.0,1.0,0.0,,0.0,,Casais e escapadas curtas
53325047,0.8829117401350949,48116.11130736314,515.1761825563723,105,2,6,apartamento,20,4.900000095367432,False,250.0,38,0,2.0,True,True,Meia Praia,Meia Praia (beach band),0.080804099831724,293,1686,96344.52239339426,0.7946205661215854,2,0,1,0,1,0,1,1,0,0,1,0,1,0,1,0,0,0,0,0,6,2,2,2.0,1.0,3.0,250.0,450.0,450.0,0.0,1.0,1.0,0.0,0.8928571428571429,0.2702702702702703,0.6225868725868726,Famílias
53337464,0.2193411463958187,16256.00788618316,664.1904616083445,105,2,6,apartamento,14,5.0,False,250.0,11,0,2.0,True,False,Meia Praia,Meia Praia (beach band),0.0235790160614456,132,788,32549.956205166083,0.1974070317562369,2,0,0,0,1,0,0,1,0,0,1,0,0,0,0,0,0,0,0,0,6,2,3,2.0,1.5,3.0,250.0,550.0,550.0,0.0,0.5555555555555556,0.5,-0.05555555555555558,0.5714285714285714,0.0,0.5714285714285714,Famílias
53340772,0.7732642649216367,43745.4593408946,530.834573970287,105,3,7,apartamento,17,5.0,False,300.0,15,0,2.0,True,False,Meia Praia,Meia Praia (beach band),0.1304442528318554,412,1966,87593.01765172319,0.695937838429473,3,0,0,0,1,0,1,1,0,0,1,0,0,0,0,0,0,0,0,0,7,3,5,2.0,1.6666666666666667,2.3333333333333335,300.0,425.0,425.0,0.0,1.0,1.0,0.0,,0.0,,Famílias
53365226,0.7743681268615981,28468.5616264948,344.9894251969031,105,2,5,apartamento,20,4.650000095367432,False,200.0,14,0,2.0,False,False,Meia Praia,Meia Praia (beach band),0.1898576164126374,163,660,57003.56696763704,0.6969313141754383,2,0,0,0,1,0,0,0,0,0,1,0,0,1,0,0,0,0,0,1,5,2,0,2.0,0.0,2.5,200.0,405.0,377.5,-0.0679012345679012,0.8888888888888888,1.0,0.11111111111111116,0.75,0.45945945945945943,0.29054054054054057,Famílias
53445765,0.8651038936651491,40003.82892104309,436.6220454448263,105,2,6,apartamento,24,5.0,False,200.0,11,0,2.0,True,True,Meia Praia,Meia Praia (beach band),0.2490825469431639,460,1910,80101.02409741399,0.7785935042986342,2,0,0,0,1,0,1,1,0,0,1,0,1,0,0,0,0,0,0,0,6,2,2,2.0,1.0,3.0,200.0,370.0,400.0,0.08108108108108114,1.0,1.0,0.0,,0.0,,Famílias
53448627,0.9676944827794896,50022.38467570495,491.32312198597305,105,3,12,apartamento,6,5.0,False,290.0,10,0,2.0,False,True,Meia Praia,Meia Praia (beach band),0.2393711695289865,169,706,100161.518244346,0.8709250345015407,3,0,1,0,0,0,0,1,0,0,1,0,1,1,0,0,0,0,0,1,12,3,8,2.0,2.6666666666666665,4.0,290.0,445.0,564.0,0.26741573033707855,0.8888888888888888,0.8333333333333334,-0.05555555555555547,0.8214285714285714,,,Grupos e amigos
53458717,0.8928510210073616,41971.98886163716,444.6779107499584,105,3,6,apartamento,11,5.0,False,200.0,21,0,2.0,True,False,Meia Praia,Meia Praia (beach band),0.2928544759773669,382,1518,84041.93753198179,0.8035659189066254,3,0,0,0,1,0,0,0,0,0,1,0,1,0,0,0,0,0,0,1,6,3,4,2.0,1.3333333333333333,2.0,200.0,380.0,380.0,0.0,1.0,1.0,0.0,,0.1351351351351351,,Famílias
53474066,0.9483014700668309,102356.02519662117,1024.657053589722,105,3,7,apartamento,15,4.670000076293945,False,200.0,21,0,2.0,False,False,Centro,Centro,0.2079794591003832,157,658,204950.94249533853,0.8534713230601477,3,0,0,0,0,0,0,1,1,0,1,0,0,0,0,0,0,0,0,1,7,3,3,2.0,1.0,2.3333333333333335,200.0,850.0,850.0,0.0,0.9259259259259259,1.0,0.07407407407407407,0.8928571428571429,0.18918918918918914,0.7036679536679538,Alto padrão e frente-mar
53492577,0.9553293676844276,34342.0115570877,341.4103695649905,105,3,8,apartamento,15,4.929999828338623,False,300.0,21,0,2.0,True,True,Meia Praia,Meia Praia (beach band),0.2120199297544744,403,1597,68764.17506727565,0.8597964309159848,3,0,1,0,1,0,0,1,0,0,1,0,1,0,0,0,0,0,0,1,8,3,3,2.0,1.0,2.6666666666666665,300.0,300.0,300.0,0.0,1.0,1.0,0.0,,0.3513513513513513,,Grupos e amigos
53581602,0.7120132721769494,42494.08368408175,557.5660835305698,105,3,8,apartamento,6,5.0,False,250.0,28,0,2.0,True,False,Centro,Centro,0.2775798659489277,174,772,85087.34571119162,0.6408119449592545,3,0,0,0,0,0,1,0,0,0,1,0,1,0,0,0,0,0,0,0,8,3,3,2.0,1.0,2.6666666666666665,250.0,500.0,500.0,0.0,1.0,1.0,0.0,,0.027027027027026973,,Grupos e amigos
53605382,0.9092281561360548,73714.19856375823,767.7240806926072,105,4,7,apartamento,66,4.920000076293945,False,300.0,25,0,3.0,True,True,Centro,Centro,0.039334774534329,146,761,147600.441126054,0.8183053405224494,4,0,0,0,1,0,1,1,1,0,1,0,1,1,0,0,0,0,0,1,7,4,5,3.0,1.25,1.75,300.0,700.0,700.0,0.0,1.0,1.0,0.0,0.8928571428571429,0.3513513513513513,0.5415057915057916,Famílias
53643568,0.9731343938631396,62261.398921158296,608.3235705944979,105,3,7,apartamento,19,5.0,True,199.0,52,0,2.0,True,False,Meia Praia,Meia Praia (inland),0.6177277594111503,255,1783,124668.1117741458,0.8758209544768257,3,0,1,0,1,0,1,1,0,0,1,0,0,1,0,1,0,0,0,1,7,3,5,2.0,1.6666666666666667,2.3333333333333335,199.0,769.0,769.0,0.0,0.5925925925925926,0.6666666666666667,0.07407407407407418,0.6428571428571428,,,Famílias
53645678,0.8038991556593256,67597.63761009056,790.6921494671452,105,3,7,apartamento,13,5.0,False,300.0,20,0,2.0,True,False,Meia Praia,Meia Praia (inland),0.490717858780234,314,1917,135353.04357543323,0.723509240093393,3,0,0,0,1,0,1,1,0,0,1,0,1,1,1,0,0,0,0,0,7,3,5,2.0,1.6666666666666667,2.3333333333333335,300.0,695.0,770.0,0.1079136690647482,1.0,1.0,0.0,,0.0,,Famílias
53669499,0.7422349574044771,53834.230864044366,679.0761716384553,105,3,6,apartamento,58,4.900000095367432,True,200.0,20,0,3.0,True,False,Meia Praia,Meia Praia (beach band),0.1647960763137764,361,1854,107794.10721452828,0.6680114616640294,3,0,0,0,1,0,0,0,0,0,1,0,0,0,0,0,0,0,0,0,6,3,3,3.0,1.0,2.0,200.0,810.0,810.0,0.0,0.6296296296296297,0.6666666666666667,0.03703703703703709,0.5,0.8648648648648649,-0.3648648648648649,Famílias
53671997,0.968154627472604,45069.48316307377,442.4777360905286,105,2,6,apartamento,12,4.920000076293945,False,250.0,21,0,2.0,True,True,Meia Praia,Meia Praia (beach band),0.135288246645151,307,1742,90244.15547893592,0.8713391647253436,2,0,0,0,1,0,0,0,0,0,1,0,1,0,1,0,0,0,0,0,6,2,3,2.0,1.5,3.0,250.0,300.0,300.0,0.0,1.0,1.0,0.0,,0.5945945945945945,,Famílias
53717416,0.7374420048493442,55820.18699440744,708.4611211485884,105,3,6,apartamento,34,4.5,True,484.0,6,0,2.0,False,True,Meia Praia,Meia Praia (beach band),0.2375906816429286,456,1988,111770.65456374816,0.6636978043644098,3,0,0,0,1,0,1,0,0,0,0,0,1,1,0,0,0,0,0,1,6,3,3,2.0,1.0,2.0,484.0,630.0,673.0,0.06825396825396823,1.0,1.0,0.0,0.7142857142857143,0.0,0.7142857142857143,Famílias
53733977,0.9382095582343832,40283.31812440722,407.3418968323036,105,2,4,apartamento,39,4.949999809265137,False,220.0,19,0,2.0,True,True,Meia Praia,Meia Praia (inland),0.814519403312992,98,1687,80660.65481320932,0.8443886024109449,2,0,0,0,1,0,1,1,0,0,1,0,0,0,0,0,0,0,0,1,4,2,4,2.0,2.0,2.0,220.0,350.0,380.0,0.08571428571428563,0.8518518518518519,0.5833333333333333,-0.2685185185185186,0.7142857142857143,0.7567567567567568,-0.0424710424710425,Casais e escapadas curtas
53738511,0.6595722005230814,33283.26984880223,469.609664111196,105,2,5,apartamento,81,4.829999923706055,True,200.0,22,0,1.0,False,False,Meia Praia,Meia Praia (beach band),0.3329842267436226,315,1305,66644.22061852283,0.5936149804707733,2,0,0,0,1,0,0,0,0,0,1,0,0,0,0,0,0,0,0,1,5,2,4,1.0,2.0,2.5,200.0,466.0,466.0,0.0,0.8148148148148149,0.8333333333333334,0.01851851851851849,0.75,0.5405405405405406,0.20945945945945943,Famílias
53794321,0.7604888631415769,57581.35871582196,709.8279572374679,105,2,5,apartamento,17,4.880000114440918,False,250.0,27,0,2.0,False,True,Meia Praia,Meia Praia (beach band),0.1812552384089552,163,650,115297.10846332728,0.6844399768274193,2,0,0,0,1,0,1,1,0,0,1,0,1,0,0,0,0,0,0,1,5,2,2,2.0,1.0,2.5,250.0,749.0,759.0,0.013351134846461887,0.5185185185185186,0.5,-0.0185185185185186,0.4642857142857143,0.43243243243243246,0.031853281853281845,Famílias
53796581,0.7209132956173172,87505.36419439083,1134.7177262914615,105,4,12,apartamento,6,5.0,False,400.0,29,0,4.0,False,False,Morretes,Morretes,0.1745924505913294,175,786,175214.9600435078,0.6488219660555855,4,0,0,0,1,0,0,0,0,0,1,0,0,1,0,0,0,0,0,1,12,4,8,4.0,2.0,3.0,400.0,1000.0,1000.0,0.0,0.6666666666666667,0.75,0.08333333333333326,0.75,0.3783783783783784,0.3716216216216216,Alto padrão e frente-mar
53803935,0.9723230568506284,61090.41418331291,597.3503248174633,105,3,12,apartamento,13,4.849999904632568,False,290.0,18,0,2.0,False,True,Meia Praia,Meia Praia (beach band),0.2511430726596035,169,734,122323.40929856556,0.8750907511655657,3,0,1,0,1,0,0,1,0,0,1,0,1,0,0,0,0,0,0,1,12,3,8,2.0,2.6666666666666665,4.0,290.0,613.0,565.33335,-0.07775962479608478,0.8333333333333334,0.75,-0.08333333333333337,0.8214285714285714,,,Grupos e amigos
53815397,0.4907847455566779,12985.595783789511,242.9651762505453,105,1,2,apartamento,86,4.929999828338623,False,0.0,30,0,1.0,True,True,Alto Sao Bento,Alto Sao Bento,0.531140879569528,44,426,26001.49907774076,0.4417062710010102,1,0,0,0,0,0,0,0,0,0,1,0,0,1,0,0,0,0,0,0,2,1,1,1.0,1.0,2.0,0.0,180.0,182.5,0.01388888888888884,1.0,1.0,0.0,0.7142857142857143,0.3513513513513513,0.362934362934363,Casais e escapadas curtas
53825192,0.9320212997785372,86752.03855177858,882.706636966451,105,3,7,apartamento,65,4.889999866485596,True,200.0,1,0,3.0,True,False,Meia Praia,Meia Praia (inland),0.352973818891809,413,1872,173706.5505467273,0.8388191698006835,3,0,0,0,1,0,1,1,0,0,1,0,0,1,0,0,0,0,0,0,7,3,4,3.0,1.3333333333333333,2.3333333333333335,200.0,650.375,633.0,-0.026715356525081724,0.8888888888888888,0.8333333333333334,-0.05555555555555547,0.8928571428571429,0.2432432432432432,0.6496138996138997,Famílias
53893648,0.8743206531008926,62890.93567698283,679.6016120156294,105,2,6,apartamento,18,5.0,False,250.0,5,0,2.0,True,False,Meia Praia,Meia Praia (beach band),0.0824296243956698,286,1509,125928.6545823864,0.7868885877908033,2,0,0,0,1,0,0,0,0,0,1,0,0,1,0,0,0,0,0,0,6,2,4,2.0,2.0,3.0,250.0,550.0,550.0,0.0,1.0,1.0,0.0,,0.0,,Famílias
53899162,0.4907847455566779,16436.51682613465,307.5331524327996,105,2,7,apartamento,20,4.900000095367432,False,180.0,9,0,1.0,False,False,Meia Praia,Meia Praia (beach band),0.0201848184773173,111,501,32911.39538083578,0.4417062710010102,2,0,0,0,1,0,0,1,0,0,1,0,1,0,0,0,0,0,0,1,7,2,4,1.0,2.0,3.5,180.0,290.0,290.0,0.0,0.8888888888888888,0.75,-0.13888888888888884,0.7142857142857143,0.3513513513513513,0.362934362934363,Famílias
53903158,0.7422349574044769,97767.39029152866,1233.2581713282457,105,3,8,apartamento,17,4.940000057220459,False,400.0,19,0,2.0,True,True,Morretes,Morretes,0.0252190537857953,66,600,195762.9631188518,0.6680114616640292,3,0,0,0,1,0,1,1,1,0,1,0,0,0,0,0,0,0,1,0,8,3,3,2.0,1.0,2.6666666666666665,400.0,1090.0,1090.0,0.0,0.9259259259259259,0.8333333333333334,-0.09259259259259256,0.7857142857142857,0.027027027027026973,0.7586872586872587,Alto padrão e frente-mar
53914255,0.9166683144613452,55548.91217611068,574.1146513429597,105,2,5,apartamento,8,5.0,True,300.0,12,0,2.0,True,True,Meia Praia,Meia Praia (beach band),0.3122914198060366,403,1750,111227.4717899117,0.8250014830152107,2,0,0,0,1,0,1,0,0,0,1,0,1,0,1,0,0,0,0,1,5,2,2,2.0,1.0,2.5,300.0,390.0,585.0,0.5,1.0,1.0,0.0,,0.1351351351351351,,Famílias
53915734,0.7604888631415769,40506.34024659412,499.3375181420517,105,2,4,apartamento,95,4.75,True,300.0,79,0,3.0,False,False,Morretes,Morretes,0.4596010902556909,183,825,81107.21957626758,0.6844399768274193,2,0,1,0,1,0,1,1,0,0,1,1,0,0,0,0,0,0,0,1,4,2,3,3.0,1.5,2.0,300.0,450.0,469.0,0.04222222222222216,1.0,1.0,0.0,0.75,0.5405405405405406,0.20945945945945943,Casais e escapadas curtas
53918137,0.666717358819948,31666.549136927264,442.246919410759,105,2,6,apartamento,14,4.929999828338623,False,290.0,12,0,2.0,True,False,Meia Praia,Meia Praia (beach band),0.251879412951608,446,1990,63407.00587699683,0.6000456229379532,2,0,0,0,1,0,0,0,0,0,1,0,0,1,0,0,0,0,0,0,6,2,3,2.0,1.5,3.0,290.0,415.5,414.0,-0.0036101083032491488,0.7777777777777778,1.0,0.2222222222222222,0.8571428571428572,0.3513513513513513,0.5057915057915059,Famílias
53936201,0.9332952443589684,86907.79497869905,883.1561618239662,105,3,6,apartamento,34,4.760000228881836,True,417.0,57,0,2.0,False,True,Meia Praia,Meia Praia (beach band),0.052252447195329,256,1492,174018.42692562865,0.8399657199230717,3,0,1,0,1,0,1,0,0,0,1,0,0,0,0,0,0,0,1,0,6,3,3,2.0,1.0,2.0,417.0,726.0,725.0,-0.0013774104683195176,1.0,1.0,0.0,,0.0,,Famílias
53972959,0.7853068039542624,83355.83609597615,996.8178339231396,105,3,6,apartamento,13,4.769999980926514,False,400.0,19,0,3.0,True,False,Meia Praia,Meia Praia (beach band),0.1651666465950107,367,1670,166906.219126231,0.7067761235588362,3,0,0,0,1,0,1,1,0,0,1,0,1,0,0,0,0,0,1,0,6,3,3,3.0,1.0,2.0,400.0,899.0,899.0,0.0,1.0,1.0,0.0,0.8214285714285714,0.0,0.8214285714285714,Famílias
53973724,0.8141732046155121,55555.86653969949,642.0908423861941,105,3,6,apartamento,15,4.929999828338623,False,300.0,24,0,2.0,True,False,Meia Praia,Meia Praia (beach band),0.0658534905087909,271,1349,111241.3967481078,0.732755884153961,3,1,0,0,1,0,1,1,0,0,1,0,0,1,0,0,0,0,1,0,6,3,4,2.0,1.3333333333333333,2.0,300.0,589.0,589.0,0.0,1.0,1.0,0.0,0.8571428571428572,0.10810810810810811,0.7490347490347491,Famílias
53986731,0.9839371812813203,37455.085884035216,362.1793239157851,105,3,6,apartamento,31,4.940000057220459,False,250.0,15,0,2.0,True,True,Centro,Centro,0.1210852785628294,187,671,74997.58942798684,0.8855434631531883,3,0,0,0,1,0,1,1,0,0,1,0,1,0,0,0,0,0,1,0,6,3,3,2.0,1.0,2.0,250.0,300.375,319.70833,0.06436397836038288,1.0,1.0,0.0,,0.7837837837837838,,Famílias
54145466,0.1846492335455806,40357.75017560028,1952.2866714071656,105,4,8,apartamento,0,0.0,False,200.0,27,0,4.0,False,False,Meia Praia,Meia Praia (beach band),0.2713336957051378,252,1202,80809.6926350139,0.1661843101910225,4,1,0,0,1,0,1,1,0,0,1,0,1,0,0,0,0,0,0,0,8,4,4,4.0,1.0,2.0,200.0,2000.0,2000.0,0.0,0.0,0.0,0.0,0.0,0.4054054054054054,-0.4054054054054054,Alto padrão e frente-mar
54167570,0.6264188006880714,100994.4564951676,1496.6285637757023,105,3,15,apartamento,8,5.0,False,150.0,30,0,3.0,True,False,Meia Praia,Meia Praia (beach band),0.0768765645283134,158,1109,202224.62728234543,0.5637769206192643,3,0,0,0,1,0,1,1,0,0,1,0,0,1,0,0,0,0,0,0,15,3,3,3.0,1.0,5.0,150.0,1400.0,1400.0,0.0,0.7777777777777778,0.8333333333333334,0.05555555555555558,0.7142857142857143,0.0,0.7142857142857143,Alto padrão e frente-mar
54237040,0.6741971712135071,55098.56806353921,761.3800254746186,105,3,8,apartamento,9,5.0,False,350.0,17,0,2.0,True,False,Meia Praia,Meia Praia (beach band),0.241235526724283,397,1603,110325.73249179566,0.6067774540921564,3,0,1,0,1,0,1,1,0,0,1,0,1,1,0,0,0,0,0,0,8,3,4,2.0,1.3333333333333333,2.6666666666666665,350.0,700.0,700.0,0.0,0.6666666666666667,0.5,-0.16666666666666674,0.8214285714285714,0.08108108108108103,0.7403474903474904,Grupos e amigos
54245203,0.9668800253393732,54701.30539572123,537.7049743075853,105,2,5,apartamento,8,5.0,False,200.0,12,0,2.0,True,True,Meia Praia,Meia Praia (inland),0.3842207067216249,370,1641,109530.27997172072,0.8701920228054361,2,0,0,0,1,0,1,0,0,0,1,0,0,0,0,0,0,0,0,1,5,2,3,2.0,1.5,2.5,200.0,530.0,609.25,0.14952830188679256,0.962962962962963,1.0,0.03703703703703698,0.9642857142857143,,,Famílias
54246694,0.3001120936965497,25346.628715315917,762.6476919104563,105,3,8,apartamento,10,5.0,False,300.0,16,0,3.0,True,True,Meia Praia,Meia Praia (beach band),0.1773915211409019,397,1619,50752.41476312129,0.2701008843268948,3,0,0,0,1,0,1,0,0,0,1,0,1,1,0,0,0,0,0,1,8,3,5,3.0,1.6666666666666667,2.6666666666666665,300.0,800.0,800.0,0.0,0.7037037037037037,0.6666666666666667,-0.03703703703703698,0.5714285714285714,0.0,0.5714285714285714,Grupos e amigos
54287612,0.8765249214734702,42281.21286708432,455.8094742809222,105,2,6,apartamento,10,4.900000095367432,False,610.0,11,0,2.0,True,True,Centro,Centro,0.2027452228043628,178,743,84661.10725097817,0.7888724293261231,2,1,0,0,0,0,0,1,0,0,1,0,0,0,0,0,0,0,0,1,6,2,4,2.0,2.0,3.0,610.0,399.0,389.0,-0.02506265664160401,1.0,1.0,0.0,0.7857142857142857,0.0,0.7857142857142857,Famílias
525472560929976068,0.4733683866067508,56745.17238330502,1099.181784667902,105,3,8,apartamento,18,4.940000057220459,False,350.0,25,0,3.0,True,True,Meia Praia,Meia Praia (beach band),0.0518418368265715,266,1286,113622.78419544113,0.4260315479460758,3,1,1,0,1,0,0,1,0,0,1,1,1,1,0,0,0,0,0,1,8,3,3,3.0,1.0,2.6666666666666665,350.0,1090.0,1090.0,0.0,0.7777777777777778,0.5,-0.2777777777777778,0.6428571428571428,0.0,0.6428571428571428,Alto padrão e frente-mar
543584528464360785,0.7577775850988693,33404.8663529302,413.1890977955988,105,2,6,apartamento,26,4.920000076293945,False,350.0,25,0,2.0,True,False,Meia Praia,Meia Praia (beach band),0.3243597195132049,426,1873,66887.69742486904,0.6819998265889824,2,0,0,0,1,0,1,1,0,0,0,0,1,1,0,0,0,0,0,1,6,2,5,2.0,2.5,3.0,350.0,350.0,350.0,0.0,1.0,1.0,0.0,,0.0,,Famílias
549056203343531816,0.9513993586194428,56115.77559836652,560.0394686728812,105,3,8,apartamento,24,5.0,False,200.0,32,0,2.0,True,False,Meia Praia,Meia Praia (inland),0.3593447160127423,399,1724,112362.52165565523,0.8562594227574987,3,0,1,0,1,0,1,0,0,0,1,0,0,0,0,0,0,0,0,0,8,3,5,2.0,1.6666666666666667,2.6666666666666665,200.0,650.0,491.25,-0.24423076923076925,0.962962962962963,0.9166666666666666,-0.04629629629629639,0.9285714285714286,0.2702702702702703,0.6583011583011583,Grupos e amigos
553578003486746447,0.981982760496499,66434.70568314986,643.6040170398314,105,2,6,apartamento,16,4.809999942779541,False,280.0,23,0,2.0,False,False,Meia Praia,Meia Praia (beach band),0.116749594761628,316,1784,133024.46551638326,0.8837844844468491,2,0,0,0,1,0,1,0,0,0,1,0,1,1,0,0,0,0,1,0,6,2,2,2.0,1.0,3.0,280.0,650.0,775.0,0.1923076923076923,1.0,1.0,0.0,,,,Famílias
557386903732882183,0.7864673781907612,97047.06205042385,1158.9264149888722,105,3,9,apartamento,6,5.0,False,300.0,33,0,2.0,False,False,Meia Praia,Meia Praia (beach band),0.2916649672009747,418,1890,194320.6254388095,0.7078206403716851,3,0,0,0,1,0,0,0,0,0,1,0,1,0,0,0,0,0,0,1,9,3,5,2.0,1.6666666666666667,3.0,300.0,1000.0,1000.0,0.0,1.0,1.0,0.0,,0.3783783783783784,,Alto padrão e frente-mar
572368704250611987,0.9248614228688598,55189.27992887305,565.6422233622145,105,2,5,apartamento,35,4.860000133514404,False,200.0,21,0,2.0,True,False,Meia Praia,Meia Praia (beach band),0.0980816035034044,370,1942,110507.3679378768,0.8323752805819737,2,0,0,0,1,0,0,1,0,0,1,0,0,1,0,0,0,0,0,1,5,2,2,2.0,1.0,2.5,200.0,550.0,550.0,0.0,1.0,1.0,0.0,,0.3513513513513513,,Famílias
573122310094338767,0.9211146266778965,68248.59751227158,702.1654607396656,105,3,6,apartamento,15,4.929999828338623,False,300.0,22,0,2.0,True,False,Meia Praia,Meia Praia (beach band),0.1201902098539208,327,1667,136656.48267657447,0.8290031640101069,3,0,0,0,1,0,1,1,1,0,1,0,1,0,0,0,0,0,0,0,6,3,3,2.0,1.0,2.0,300.0,550.0,550.0,0.0,1.0,1.0,0.0,,0.08108108108108103,,Famílias
577333685681759877,0.9428508979705444,58165.03565545661,585.437662343224,105,2,6,apartamento,55,4.849999904632568,False,200.0,33,0,2.0,True,True,Meia Praia,Meia Praia (beach band),0.1856451567830476,358,1559,116465.82460545102,0.8485658081734899,2,0,1,0,1,0,0,1,0,0,1,0,0,0,0,0,0,0,0,0,6,2,4,2.0,2.0,3.0,200.0,498.0,498.0,0.0,0.8518518518518519,0.9166666666666666,0.06481481481481477,0.8571428571428572,0.4054054054054054,0.45173745173745183,Famílias
577547502503396579,0.8330846247591832,63333.5262920439,716.2853201481936,105,2,4,apartamento,26,4.849999904632568,False,250.0,29,0,2.0,True,False,Meia Praia,Meia Praia (beach band),0.0773478390368553,282,1468,126814.86878933816,0.7497761622832649,2,1,1,0,1,0,1,1,1,0,1,0,1,0,0,0,0,0,1,1,4,2,2,2.0,1.0,2.0,250.0,650.0,650.0,0.0,0.8888888888888888,1.0,0.11111111111111116,0.8928571428571429,0.08108108108108103,0.8117760617760619,Casais e escapadas curtas
580407424598756855,0.9746076819864772,47287.40470803242,461.3644385969945,105,3,10,apartamento,11,5.0,False,270.0,33,0,2.0,True,False,Meia Praia,Meia Praia (beach band),0.1320168537412228,391,1954,94685.17504907648,0.8771469137878296,3,0,0,0,1,0,1,0,1,0,1,0,1,0,0,0,0,0,0,1,10,3,3,2.0,1.0,3.3333333333333335,270.0,365.0,365.0,0.0,1.0,1.0,0.0,,0.5945945945945945,,Grupos e amigos
580589381711973141,0.7980610651020056,35731.848944344856,420.84502523009473,105,2,4,apartamento,11,5.0,False,180.0,16,0,2.0,True,True,Morretes,Morretes,0.3352304097030342,222,1150,71547.09362909388,0.718254958591805,2,0,0,0,0,0,1,1,0,0,1,0,0,0,0,0,0,0,0,0,4,2,3,2.0,1.5,2.0,180.0,350.0,350.0,0.0,1.0,1.0,0.0,,0.3783783783783784,,Casais e escapadas curtas
599368528094352718,0.9814501230530818,45735.73909463513,443.3030383546272,105,3,6,apartamento,48,4.960000038146973,False,300.0,73,0,0.0,True,True,Meia Praia,Meia Praia (beach band),0.3450889597069068,396,1720,91578.22233874514,0.8833051107477736,3,1,1,1,1,1,1,1,1,1,1,0,0,0,0,0,0,0,0,0,6,3,3,0.0,1.0,2.0,300.0,299.0,360.0,0.2040133779264215,1.0,1.0,0.0,,0.5675675675675675,,Famílias
604521043281534642,0.9582147135065828,81861.3284115087,811.5193823944777,105,4,7,apartamento,40,4.949999809265137,False,300.0,26,0,3.0,True,False,Centro,Centro,0.1063210257242627,178,745,163913.7156765343,0.8623932421559246,4,0,1,0,0,0,1,1,1,0,1,0,0,1,0,0,0,0,1,0,7,4,5,3.0,1.25,1.75,300.0,1080.0,1005.0,-0.06944444444444442,0.5555555555555556,0.5,-0.05555555555555558,0.6428571428571428,,,Alto padrão e frente-mar
605748852048435444,0.8300804282061232,42472.80067088181,481.9966057804209,105,3,6,apartamento,33,5.0,False,250.0,30,0,2.0,True,False,Meia Praia,Meia Praia (beach band),0.2978731350164914,440,1968,85044.73001166547,0.7470723853855109,3,0,1,0,1,0,1,1,0,0,1,0,0,0,0,0,0,0,0,0,6,3,3,2.0,1.0,2.0,250.0,450.0,450.0,0.0,0.8148148148148149,0.8333333333333334,0.01851851851851849,0.7142857142857143,0.0,0.7142857142857143,Famílias
610155932497817911,0.6400379708275724,35866.282562662615,520.730766425619,105,2,5,apartamento,85,4.880000114440918,True,200.0,30,0,1.0,True,False,Canto da Praia,Canto da Praia,0.3305597161934828,40,479,71816.27462478375,0.5760341737448151,2,0,0,0,1,0,0,0,0,0,1,0,0,1,0,0,0,0,0,1,5,2,3,1.0,1.5,2.5,200.0,518.0,518.0,0.0,0.7777777777777778,0.8333333333333334,0.05555555555555558,0.7142857142857143,0.5405405405405406,0.17374517374517373,Famílias
612245203931813020,0.7648315909623116,62718.55190685694,769.0015283680121,105,4,9,apartamento,24,4.920000076293945,False,300.0,18,0,3.0,True,False,Meia Praia,Meia Praia (beach band),0.0642607321869152,262,1773,125583.48470996968,0.6883484318660804,4,0,0,0,1,0,1,1,1,0,1,0,1,0,0,0,0,0,0,0,9,4,4,3.0,1.0,2.25,300.0,900.0,900.0,0.0,0.6296296296296297,0.5833333333333333,-0.04629629629629639,0.6428571428571428,0.2432432432432432,0.3996138996138996,Grupos e amigos
613221032690703355,0.9280844170716498,71409.12804995145,729.4904130070489,105,3,8,apartamento,23,4.909999847412109,False,300.0,38,0,3.0,True,False,Meia Praia,Meia Praia (beach band),0.0732921305391885,149,800,142984.92021836535,0.8352759753644848,3,0,1,0,1,0,1,1,0,0,0,0,0,0,0,0,0,1,0,0,8,3,6,3.0,2.0,2.6666666666666665,300.0,765.875,801.0,0.04586257548555572,1.0,1.0,0.0,0.7142857142857143,0.5405405405405406,0.17374517374517373,Grupos e amigos
618150693526656201,0.8395023566252053,27112.025747049265,304.41744677039793,105,2,6,apartamento,28,4.860000133514404,False,150.0,19,0,2.0,False,False,Meia Praia,Meia Praia (inland),0.4407285879463118,328,1925,54287.329144929136,0.7555521209626849,2,0,0,0,1,0,1,1,0,0,1,0,0,1,0,0,0,0,0,1,6,2,4,2.0,2.0,3.0,150.0,249.0,249.0,0.0,1.0,1.0,0.0,,0.3783783783783784,,Famílias
618943952389206201,0.5749340067128812,33047.67384142209,531.4510136608117,105,2,6,apartamento,13,4.849999904632568,False,360.0,13,0,2.0,False,False,Meia Praia,Meia Praia (beach band),0.0640451218083151,279,1368,66172.47873847284,0.5174406060415931,2,0,0,0,1,0,1,1,0,0,1,0,0,0,0,0,0,0,1,1,6,2,5,2.0,2.5,3.0,360.0,400.0,400.0,0.0,0.8148148148148149,0.9166666666666666,0.10185185185185175,0.5714285714285714,0.0,0.5714285714285714,Famílias
621626596784793972,0.8838109196265833,49040.24623546898,524.5675810582933,105,3,8,apartamento,39,5.0,False,310.0,105,0,2.0,True,False,Meia Praia,Meia Praia (beach band),0.0068988044093665,149,1049,98194.94911858528,0.795429827663925,3,0,0,0,0,0,1,1,0,0,1,0,0,1,0,0,0,0,0,0,8,3,6,2.0,2.0,2.6666666666666665,310.0,500.0,500.0,0.0,1.0,1.0,0.0,,0.5675675675675675,,Grupos e amigos
622878708674009200,0.5389613431065209,41449.09138015147,709.0029809508795,105,2,8,apartamento,5,5.0,False,300.0,13,0,2.0,True,False,Meia Praia,Meia Praia (beach band),0.1627080980749601,397,1968,82994.92216133735,0.4850652087958688,2,0,0,0,1,0,1,1,0,0,1,0,1,0,0,0,0,0,0,1,8,2,7,2.0,3.5,4.0,300.0,650.0,650.0,0.0,0.4444444444444444,0.25,-0.19444444444444442,0.7142857142857143,0.0,0.7142857142857143,Grupos e amigos
627388721154300829,0.9652218076314296,50726.07831202839,499.4339247219007,105,3,8,apartamento,38,4.869999885559082,False,270.0,24,0,4.0,True,False,Meia Praia,Meia Praia (beach band),0.291850404973656,425,1808,101570.54789077294,0.8686996268682867,3,1,1,0,1,0,0,1,0,0,1,0,1,0,0,0,0,0,0,1,8,3,3,4.0,1.0,2.6666666666666665,270.0,550.0,475.0,-0.13636363636363635,0.962962962962963,0.9166666666666666,-0.04629629629629639,0.9285714285714286,0.5405405405405406,0.38803088803088803,Grupos e amigos
628340205412932131,0.9908961614287636,44679.98237034183,429.1924091997086,105,1,4,apartamento,27,4.960000038146973,False,60.0,34,0,1.0,True,False,Morretes,Morretes,0.2747318400199174,163,714,89464.24482472923,0.8918065452858872,1,0,1,0,0,0,1,1,0,0,1,0,0,1,0,0,0,0,0,1,4,1,2,1.0,2.0,4.0,60.0,650.0,400.0,-0.3846153846153846,1.0,0.8333333333333334,-0.16666666666666663,0.9285714285714286,,,Casais e escapadas curtas
628897724940732017,0.9634870079538124,89175.50441299529,879.4808493363739,105,4,10,apartamento,21,4.949999809265137,False,250.0,24,0,3.0,True,False,Meia Praia,Meia Praia (beach band),0.3045311086583024,436,1922,178559.1384760409,0.8671383071584311,4,0,0,0,1,0,1,0,0,0,1,0,1,0,1,0,0,0,0,1,10,4,4,3.0,1.0,2.5,250.0,975.0,975.0,0.0,1.0,1.0,0.0,0.9642857142857143,,,Grupos e amigos
629724091250673746,0.8552029889004982,61510.19662364484,678.6788352442933,105,2,6,apartamento,46,4.71999979019165,True,400.0,18,0,2.0,False,True,Meia Praia,Meia Praia (beach band),0.000152746549802,233,1216,123163.95392330804,0.7696826900104484,2,0,0,0,1,0,1,1,0,0,1,0,0,1,0,0,0,0,1,1,6,2,3,2.0,1.5,3.0,400.0,580.6667,614.0,0.05740522058523423,0.8518518518518519,0.9166666666666666,0.06481481481481477,0.7142857142857143,0.0,0.7142857142857143,Famílias
630326155301078742,0.919946522895752,38084.188978730264,392.29155816041504,105,2,6,apartamento,17,4.880000114440918,False,250.0,27,0,2.0,True,True,Meia Praia,Meia Praia (beach band),0.2909131839823936,388,1715,76257.26390183247,0.8279518706061769,2,0,0,0,1,0,0,0,0,0,1,0,0,0,0,0,0,0,0,1,6,2,5,2.0,2.5,3.0,250.0,350.0,350.0,0.0,1.0,1.0,0.0,,0.3513513513513513,,Famílias
633809099013662442,0.9294162864128932,52465.549816768566,535.247022561268,105,3,7,apartamento,40,4.980000019073486,False,250.0,14,0,2.0,True,False,Meia Praia,Meia Praia (beach band),0.1282391927144784,386,1951,105053.55071015218,0.836474657771604,3,0,0,0,1,0,0,0,0,0,1,0,1,0,0,0,0,0,1,0,7,3,3,2.0,1.0,2.3333333333333335,250.0,450.0,450.0,0.0,1.0,1.0,0.0,,0.1351351351351351,,Famílias
639216644351145145,0.9827004783417796,119548.53097560257,1157.3640972297933,105,5,14,apartamento,29,4.96999979019165,False,450.0,32,0,5.0,True,True,Meia Praia,Meia Praia (beach band),0.256745899701625,400,1883,239376.08020941145,0.8844304305076016,4,0,0,0,1,0,1,1,0,0,1,0,0,1,0,0,0,0,0,0,14,5,6,5.0,1.2,2.8,450.0,900.0,900.0,0.0,1.0,1.0,0.0,,0.5675675675675675,,Alto padrão e frente-mar
645092818132652927,0.9522649258597466,39222.89890328409,391.11289529869595,105,2,6,apartamento,38,4.949999809265137,False,150.0,10,0,1.0,True,False,Meia Praia,Meia Praia (beach band),0.1320659383179449,342,1475,78537.34142357866,0.857038433273772,2,0,0,0,1,0,0,1,0,0,1,0,1,1,0,0,0,0,0,1,6,2,2,1.0,1.0,3.0,150.0,320.0,400.0,0.25,1.0,1.0,0.0,,0.5945945945945945,,Famílias
667324814851452653,0.7732642649216367,79361.84315424194,963.0258965162174,105,3,12,apartamento,6,5.0,False,250.0,26,0,3.0,False,False,Meia Praia,Meia Praia (beach band),0.2067965272751619,160,679,158908.91153094568,0.695937838429473,3,0,0,0,1,0,1,1,0,0,1,0,1,0,1,0,0,0,0,1,12,3,3,3.0,1.0,4.0,250.0,900.0,850.0,-0.05555555555555558,1.0,1.0,0.0,0.8928571428571429,0.0,0.8928571428571429,Grupos e amigos
668715506986619718,0.918173544702088,61963.1946397941,639.4202274308107,105,3,8,apartamento,17,4.940000057220459,False,320.0,14,0,3.0,True,False,Meia Praia,Meia Praia (beach band),0.2010788401132612,443,1969,124071.0072226127,0.8263561902318793,3,0,0,0,1,0,1,1,0,0,1,0,0,0,0,0,0,0,0,1,8,3,4,3.0,1.3333333333333333,2.6666666666666665,320.0,579.75,550.0,-0.05131522207848216,0.7777777777777778,1.0,0.2222222222222222,0.8928571428571429,0.5405405405405406,0.35231660231660233,Grupos e amigos
670778657683556451,0.9345506670946035,90318.30963850748,916.654174706796,105,3,8,apartamento,6,5.0,False,300.0,21,0,4.0,True,False,Meia Praia,Meia Praia (beach band),0.1231290295145184,402,1908,180847.4161578617,0.8410956003851433,3,0,0,0,1,0,1,1,0,0,1,0,1,0,1,0,0,0,0,1,8,3,3,4.0,1.0,2.6666666666666665,300.0,976.0,744.0,-0.23770491803278693,1.0,1.0,0.0,0.7142857142857143,0.5405405405405406,0.17374517374517373,Grupos e amigos
673825002694927178,0.92255143324476,76079.81225890567,781.5887431071534,105,3,8,apartamento,9,5.0,False,300.0,24,0,4.0,True,False,Meia Praia,Meia Praia (beach band),0.1448511072332475,429,1905,152337.18970015118,0.830296289920284,3,0,0,0,1,0,1,1,0,0,1,0,1,0,1,0,0,0,0,1,8,3,3,4.0,1.0,2.6666666666666665,300.0,920.0,648.0,-0.29565217391304344,1.0,1.0,0.0,0.8214285714285714,0.7027027027027026,0.11872586872586877,Grupos e amigos
673826204715344716,0.8869894212288664,88179.12504228143,940.0392157385882,105,3,8,apartamento,7,5.0,False,300.0,20,0,4.0,False,False,Meia Praia,Meia Praia (beach band),0.0905657043178227,384,1909,176564.05425194718,0.7982904791059797,3,0,0,0,1,0,1,1,0,0,1,0,1,0,0,0,0,0,0,1,8,3,3,4.0,1.0,2.6666666666666665,300.0,1058.0,870.5,-0.17722117202268428,1.0,1.0,0.0,0.6785714285714286,0.5405405405405406,0.13803088803088803,Grupos e amigos
673826267743797671,0.9562993731459648,83271.21026427888,827.049741213132,105,3,8,apartamento,14,4.929999828338623,False,300.0,23,0,4.0,True,False,Meia Praia,Meia Praia (beach band),0.1390285416789665,414,1934,166736.7699518176,0.8606694358313682,3,0,0,0,1,0,1,1,0,0,1,0,0,0,0,0,0,0,0,1,8,3,3,4.0,1.0,2.6666666666666665,300.0,704.0,720.8,0.023863636363636198,1.0,1.0,0.0,,0.5405405405405406,,Grupos e amigos
674566887638611404,0.9320212997785372,54676.45267707623,556.3358333652412,105,3,6,apartamento,15,5.0,False,420.0,25,0,2.0,True,True,Meia Praia,Meia Praia (beach band),0.2701096561836016,425,1808,109480.51652985124,0.8388191698006835,3,0,0,0,1,0,1,1,0,0,1,0,1,0,0,0,0,0,0,1,6,3,3,2.0,1.0,2.0,420.0,600.0,600.0,0.0,0.962962962962963,1.0,0.03703703703703698,0.9285714285714286,0.32432432432432434,0.6042471042471043,Famílias
675242237586865339,0.6264188006880713,33759.67391555916,500.2818376293445,105,2,6,apartamento,6,5.0,False,250.0,11,0,2.0,False,False,Morretes,Morretes,0.2949685075978278,208,864,67598.14064719611,0.5637769206192642,2,0,0,0,1,0,0,0,0,0,1,0,1,1,0,0,0,0,0,1,6,2,3,2.0,1.5,3.0,250.0,465.0,465.0,0.0,0.8148148148148149,0.6666666666666667,-0.14814814814814814,0.7857142857142857,0.0,0.7857142857142857,Famílias
676838365540390245,0.9772215540853784,32435.758573497893,315.6677073867021,105,2,6,apartamento,8,5.0,False,200.0,16,0,2.0,True,False,Meia Praia,Meia Praia (beach band),0.1945167286354953,245,1144,64947.22003340453,0.8794993986768405,2,0,0,0,0,0,0,0,0,0,1,0,1,0,0,0,0,0,0,1,6,2,4,2.0,2.0,3.0,200.0,250.0,250.0,0.0,1.0,1.0,0.0,,0.45945945945945943,,Famílias
678242953903453952,0.896597240196132,38126.714162620665,402.34909439904857,105,2,6,apartamento,10,5.0,False,200.0,25,0,2.0,True,True,Meia Praia,Meia Praia (beach band),0.2178025231180043,413,1926,76342.41352054209,0.8069375161765188,2,0,0,0,1,0,1,0,0,0,1,0,0,1,0,0,0,0,0,1,6,2,3,2.0,1.5,3.0,200.0,350.0,350.0,0.0,1.0,1.0,0.0,0.9285714285714286,0.10810810810810811,0.8204633204633205,Famílias
679166677359467385,0.5261365797751556,67022.9301380212,1173.1763901440415,105,3,10,apartamento,7,5.0,True,350.0,32,0,2.0,True,False,Meia Praia,Meia Praia (beach band),0.0505927021182652,155,1583,134202.28730257618,0.47352292179764,3,0,0,0,0,0,0,0,0,0,1,0,0,0,1,0,0,0,1,1,10,3,4,2.0,1.3333333333333333,3.3333333333333335,350.0,937.0,937.0,0.0,0.8148148148148149,0.8333333333333334,0.01851851851851849,0.75,0.0,0.75,Alto padrão e frente-mar
681139047695558927,0.8522545418787042,19256.35057083136,213.1599347931348,105,2,4,apartamento,22,4.730000019073486,False,260.0,11,0,2.0,False,True,Morretes,Morretes,0.4925437433247094,165,894,38557.644173181696,0.7670290876908338,2,0,0,0,1,0,0,0,0,0,1,0,1,0,0,0,0,0,0,1,4,2,2,2.0,1.0,2.0,260.0,215.0,235.0,0.09302325581395343,0.8888888888888888,0.5,-0.38888888888888884,0.5357142857142857,0.9189189189189189,-0.38320463320463316,Casais e escapadas curtas
681894806923375678,0.9267324243210404,75142.83048666186,768.6860032151498,105,3,8,apartamento,19,5.0,False,300.0,16,0,4.0,True,False,Meia Praia,Meia Praia (beach band),0.0980991683801085,392,1905,150461.0393030111,0.8340591818889364,3,0,0,0,1,0,1,1,1,0,1,0,1,0,1,0,0,0,0,1,8,3,3,4.0,1.0,2.6666666666666665,300.0,648.0,648.0,0.0,1.0,1.0,0.0,0.8571428571428572,0.5405405405405406,0.31660231660231664,Grupos e amigos
684782448665574114,0.8526134524157781,61529.5492857207,680.8365869277228,105,3,9,apartamento,29,5.0,False,250.0,37,0,2.0,True,False,Meia Praia,Meia Praia (beach band),0.2996553486507292,412,1862,123202.70441527585,0.7673521071742003,3,0,1,0,1,0,1,1,0,0,1,0,0,1,0,0,0,0,0,0,9,3,6,2.0,2.0,3.0,250.0,650.0,650.0,0.0,1.0,1.0,0.0,,0.0,,Grupos e amigos
686743101124580615,0.964017864802513,80906.22720033546,797.513405039609,105,3,8,apartamento,6,5.0,False,300.0,20,0,4.0,False,False,Meia Praia,Meia Praia (beach band),0.2460574572216635,455,1929,162001.28411197942,0.8676160783222616,3,0,0,0,1,0,1,1,1,0,1,0,1,0,1,0,0,1,0,1,8,3,3,4.0,1.0,2.6666666666666665,300.0,648.0,795.0,0.22685185185185186,1.0,1.0,0.0,,0.5945945945945945,,Alto padrão e frente-mar
687757820659405525,0.2517549737079309,16560.32487890159,591.3163921791652,105,2,6,apartamento,8,5.0,False,220.0,22,0,2.0,True,False,Morretes,Morretes,0.2945535626333974,212,867,33159.30044606621,0.2265794763371378,2,0,0,0,1,0,0,0,0,0,1,0,0,0,0,0,0,0,0,1,6,2,3,2.0,1.5,3.0,220.0,550.0,580.0,0.05454545454545445,0.7037037037037037,0.25,-0.4537037037037037,0.5357142857142857,0.0,0.5357142857142857,Famílias
693024169316156606,0.8928510210073616,57094.577182091125,604.8962173362736,105,2,6,apartamento,29,4.71999979019165,False,200.0,12,0,2.0,False,False,Meia Praia,Meia Praia (beach band),0.2003626443105528,369,1594,114322.40928039384,0.8035659189066254,2,0,0,0,1,0,0,1,0,0,1,0,0,1,0,0,0,0,0,0,6,2,2,2.0,1.0,3.0,200.0,550.6667,562.0,0.020581052022938806,0.7777777777777778,0.6666666666666667,-0.11111111111111105,0.6428571428571428,0.5405405405405406,0.10231660231660222,Famílias
694313018923554703,0.9716256811809708,107463.94624260708,1051.5054393029054,105,3,7,apartamento,5,5.0,True,380.0,26,0,2.0,True,True,Meia Praia,Meia Praia (beach band),0.214736874504531,165,678,215178.70613265835,0.8744631130628736,3,0,0,0,1,0,1,1,0,0,1,0,1,0,1,0,0,0,1,1,7,3,3,2.0,1.0,2.3333333333333335,380.0,650.0,1040.0,0.6000000000000001,0.962962962962963,0.8333333333333334,-0.12962962962962965,0.8928571428571429,0.6486486486486487,0.24420849420849422,Famílias
694947516825280143,0.9820857358606632,40929.267313390905,396.47420399704146,105,3,8,apartamento,24,5.0,False,500.0,23,0,2.0,True,False,Meia Praia,Meia Praia (beach band),0.1818815629771376,450,1924,81954.06079328714,0.883877162274597,3,0,0,0,1,0,1,1,0,0,1,0,0,1,1,0,0,0,0,1,8,3,5,2.0,1.6666666666666667,2.6666666666666665,500.0,330.0,330.0,0.0,1.0,1.0,0.0,,0.4864864864864865,,Grupos e amigos
703527486074504582,0.7604888631415769,28992.94996391255,357.4074475862842,105,2,5,apartamento,18,4.940000057220459,False,300.0,35,0,1.0,True,False,Meia Praia,Meia Praia (inland),0.70134170778711,169,1373,58053.5675297034,0.6844399768274193,2,0,0,0,1,0,0,1,0,0,1,0,1,1,0,0,0,0,0,0,5,2,4,1.0,2.0,2.5,300.0,300.0,300.0,0.0,0.962962962962963,1.0,0.03703703703703698,0.9642857142857143,0.0,0.9642857142857143,Famílias
703538637731385185,0.6658487444121034,31397.540466424816,439.033519803923,105,2,6,apartamento,22,4.820000171661377,,0.0,17,0,1.0,True,,Meia Praia,Meia Praia (inland),0.3796541554606278,386,1910,62868.360687786066,0.5992638699708931,2,0,0,0,1,0,0,0,0,0,1,0,1,1,0,0,0,0,0,1,6,2,3,1.0,1.5,3.0,0.0,402.0,412.0,0.02487562189054726,1.0,1.0,0.0,0.8928571428571429,0.0,0.8928571428571429,Famílias
703678241822238330,0.7577775850988693,29273.71296731831,362.09032906466274,105,2,5,apartamento,15,4.929999828338623,False,300.0,9,0,1.0,True,False,Meia Praia,Meia Praia (inland),0.7429632376125046,130,1278,58615.74881854591,0.6819998265889824,2,0,0,0,1,0,0,1,0,0,1,0,1,1,0,0,0,0,0,0,5,2,4,1.0,2.0,2.5,300.0,300.0,300.0,0.0,1.0,1.0,0.0,,0.0,,Famílias
705946468067026302,0.8141732046155119,41668.452312986614,481.5860738569494,105,2,6,apartamento,22,5.0,False,300.0,26,0,2.0,True,False,Meia Praia,Meia Praia (inland),0.6074244043153654,230,1427,83434.15600072156,0.7327558841539608,2,0,0,0,1,0,1,1,0,0,1,0,1,0,0,0,0,0,0,1,6,2,4,2.0,2.0,3.0,300.0,430.0,480.0,0.11627906976744184,0.8888888888888888,0.9166666666666666,0.02777777777777779,0.8571428571428572,0.29729729729729726,0.55984555984556,Famílias
708045427082372124,0.1385200910069574,19926.73075288787,1279.298584224964,105,2,5,apartamento,8,5.0,False,250.0,15,0,2.0,True,False,Centro,Centro,0.0736035121286479,204,738,39899.96915970543,0.1246680819062617,2,0,0,0,1,0,1,1,1,0,1,0,0,1,0,0,0,0,1,0,5,2,3,2.0,1.5,2.5,250.0,1250.0,1250.0,0.0,0.40740740740740744,0.6666666666666667,0.2592592592592593,0.3928571428571429,0.0,0.3928571428571429,Alto padrão e frente-mar
716703779507124462,0.4907847455566779,38533.83712032971,720.9819775260667,105,2,6,apartamento,10,4.800000190734863,True,300.0,19,0,2.0,False,False,Meia Praia,Meia Praia (beach band),0.0670133107588434,280,1594,77157.60963365487,0.4417062710010101,2,0,0,0,1,0,1,1,1,0,1,0,0,0,0,0,0,0,1,1,6,2,2,2.0,1.0,3.0,300.0,790.0,790.0,0.0,0.33333333333333337,0.5,0.16666666666666663,0.4642857142857143,0.5405405405405406,-0.07625482625482627,Famílias
718922870189236806,0.9512054567859765,192556.85119899063,1922.0994191892205,105,5,16,apartamento,13,5.0,False,500.0,30,0,4.0,True,False,Meia Praia,Meia Praia (beach band),0.0617378425600045,206,1800,385563.1171819923,0.8560849111073787,4,0,0,0,1,0,0,0,0,0,1,0,0,0,1,0,0,0,1,1,16,5,5,4.0,1.0,3.2,500.0,2100.0,2100.0,0.0,1.0,1.0,0.0,0.8214285714285714,0.7837837837837838,0.037644787644787625,Alto padrão e frente-mar
719355891470345652,0.5510600317862993,34747.05759851155,581.8796719679164,105,2,6,apartamento,9,5.0,False,300.0,24,0,2.0,True,False,Meia Praia,Meia Praia (beach band),0.0008324661575898,237,1267,69575.21250043462,0.4959540286076693,2,0,0,0,1,0,1,1,0,0,1,0,0,0,0,0,0,0,1,0,6,2,4,2.0,2.0,3.0,300.0,500.0,500.0,0.0,0.8518518518518519,0.8333333333333334,-0.01851851851851849,0.7857142857142857,0.0,0.7857142857142857,Famílias
721143022842232721,0.7063100263334593,39611.95566929181,523.7288565057664,105,3,8,apartamento,13,4.460000038146973,False,200.0,9,0,2.0,False,False,Meia Praia,Meia Praia (beach band),0.2786106917343102,319,1496,79316.36298800829,0.6356790237001134,3,0,0,0,1,0,0,0,0,0,1,0,0,1,1,0,0,0,0,1,8,3,3,2.0,1.0,2.6666666666666665,200.0,500.0,500.0,0.0,1.0,1.0,0.0,0.9642857142857143,0.3783783783783784,0.5859073359073359,Grupos e amigos
721635424816164605,0.860242841052318,76109.39925566167,835.1209907205066,105,3,8,apartamento,14,5.0,False,310.0,36,0,4.0,True,False,Meia Praia,Meia Praia (beach band),0.1940789270190792,163,664,152396.43274773046,0.7742185569470862,3,0,0,0,1,0,1,1,0,0,1,0,0,0,0,0,0,1,0,0,8,3,3,4.0,1.0,2.6666666666666665,310.0,740.0,753.3333,0.01801797297297303,1.0,1.0,0.0,0.8214285714285714,0.0,0.8214285714285714,Grupos e amigos
725867973010290782,0.7773576250295701,43732.65191366977,528.0359248107734,105,2,6,apartamento,26,5.0,False,300.0,46,0,2.0,True,False,Meia Praia,Meia Praia (inland),0.3645674058205411,301,1309,87567.37290559684,0.6996218625266131,2,0,0,0,1,0,1,1,0,0,1,0,0,1,0,0,0,0,0,1,6,2,4,2.0,2.0,3.0,300.0,487.5,495.0,0.01538461538461533,0.9259259259259259,0.8333333333333334,-0.09259259259259256,0.9285714285714286,0.05405405405405406,0.8745173745173745,Famílias
728531681504670920,0.9334982666833808,16466.291116208446,167.2960623991593,105,2,10,apartamento,55,4.840000152587891,False,250.0,16,0,2.0,True,False,Tabuleiro dos Oliveiras,Tabuleiro dos Oliveiras,0.4073940145342709,77,395,32971.01345218069,0.8401484400150429,2,0,0,0,1,0,1,0,0,0,1,0,0,0,0,0,0,0,0,1,10,2,6,2.0,3.0,5.0,250.0,127.0,160.0,0.25984251968503935,0.5555555555555556,1.0,0.4444444444444444,0.8571428571428572,0.4054054054054054,0.45173745173745183,Grupos e amigos
730437501239201082,0.388385097927754,29505.290399451293,691.4995236794988,105,3,8,apartamento,11,4.820000171661377,False,350.0,20,0,2.0,False,False,Meia Praia,Meia Praia (beach band),0.2210500578382794,419,1988,59079.44416901632,0.3495465881349786,3,0,0,0,1,0,1,1,1,0,1,0,1,0,0,0,0,0,0,0,8,3,6,2.0,2.0,2.6666666666666665,350.0,774.0,774.0,0.0,0.8148148148148149,0.8333333333333334,0.01851851851851849,0.75,0.0,0.75,Grupos e amigos
730503580289648392,0.9888152928942624,66076.59451788549,635.9805491554879,105,2,6,apartamento,8,4.880000114440918,False,250.0,21,0,2.0,False,True,Centro,Centro,0.1139285877347753,140,499,132307.40737839826,0.8899337636048362,2,0,1,0,1,0,0,1,0,0,1,0,1,0,0,0,0,0,0,0,6,2,4,2.0,2.0,3.0,250.0,787.5,775.0,-0.015873015873015928,0.6666666666666667,0.5,-0.16666666666666674,0.8214285714285714,,,Famílias
730553947980169722,0.7422349574044771,72263.0306749466,911.5408808507752,105,3,8,apartamento,7,5.0,False,300.0,22,0,2.0,False,False,Centro,Centro,0.028738361802425,142,757,144694.71841984705,0.6680114616640294,3,1,0,0,1,0,1,1,1,0,1,0,1,0,0,0,0,0,1,1,8,3,12,2.0,4.0,2.6666666666666665,300.0,900.0,900.0,0.0,1.0,1.0,0.0,0.9285714285714286,0.0,0.9285714285714286,Alto padrão e frente-mar
731853350375474350,0.9444798483769232,72315.37819670886,726.6821312438495,105,2,6,apartamento,10,5.0,False,150.0,17,0,2.0,False,False,Morretes,Morretes,0.6360581079962699,110,801,144799.5356389786,0.8500318635392309,2,0,0,0,0,0,1,1,0,0,1,0,0,0,0,0,0,0,0,0,6,2,3,2.0,1.5,3.0,150.0,700.0,900.0,0.2857142857142858,0.4444444444444444,0.5,0.05555555555555558,0.75,0.5405405405405406,0.20945945945945943,Famílias
732572931172602640,0.7181610400051877,25121.81031892433,326.94808130077246,105,1,4,apartamento,14,4.860000133514404,False,0.0,33,0,2.0,False,False,Alto Sao Bento,Alto Sao Bento,0.7539571996048388,79,472,50302.253259270045,0.6463449360046689,1,0,1,0,1,0,0,0,0,0,1,0,0,0,0,0,0,0,0,1,4,1,1,2.0,1.0,4.0,0.0,280.0,280.0,0.0,1.0,1.0,0.0,,0.0,,Casais e escapadas curtas
734707774394612996,0.7864673781907612,123719.77910618664,1477.449363570114,105,3,9,apartamento,36,5.0,False,250.0,23,0,2.0,True,False,Meia Praia,Meia Praia (beach band),0.0250605147120041,120,987,247728.31188412625,0.7078206403716851,3,1,0,0,1,0,1,1,1,0,1,0,1,0,0,0,0,0,1,1,9,3,3,2.0,1.0,3.0,250.0,1400.0,1445.0,0.03214285714285725,1.0,1.0,0.0,0.8571428571428572,0.3783783783783784,0.4787644787644788,Alto padrão e frente-mar
734774611454860165,0.8330846247591832,58623.73094780612,663.0187887628472,105,4,8,apartamento,10,4.900000095367432,False,300.0,29,0,3.0,True,True,Meia Praia,Meia Praia (beach band),0.1276190748399649,316,1448,117384.285754217,0.7497761622832649,4,0,0,0,1,0,1,1,1,0,1,0,1,0,0,0,0,0,0,0,8,4,4,3.0,1.0,2.0,300.0,625.0,625.0,0.0,1.0,1.0,0.0,,0.0,,Grupos e amigos
734843676958831992,0.9418907054936636,44619.118550093626,449.5269201751468,105,2,6,apartamento,64,4.769999980926514,False,200.0,15,0,2.0,True,True,Meia Praia,Meia Praia (beach band),0.0203339120069682,259,1489,89342.37513215594,0.8477016349442973,2,0,0,0,1,0,0,0,0,0,1,0,0,0,0,0,0,0,1,1,6,2,2,2.0,1.0,3.0,200.0,350.0,350.0,0.0,1.0,1.0,0.0,0.8214285714285714,0.5405405405405406,0.2808880308880308,Famílias
734991572208138176,0.2868643546444092,8178.093060915168,257.1164727509307,105,1,3,apartamento,40,4.949999809265137,False,80.0,8,0,1.0,True,False,Centro,Centro,0.1861424922436821,243,731,16375.27324287385,0.2581779191799683,1,0,0,0,1,0,0,0,0,0,1,0,1,0,0,0,0,0,0,1,3,1,2,1.0,2.0,3.0,80.0,280.0,280.0,0.0,0.4444444444444444,0.5,0.05555555555555558,0.25,0.4054054054054054,-0.15540540540540537,Casais e escapadas curtas
735732850757918650,0.9513993586194428,133539.1733518281,1332.730535994776,105,3,6,apartamento,15,4.730000019073486,True,200.0,43,0,2.0,False,True,Meia Praia,Meia Praia (beach band),0.0337484166046246,248,1553,267390.01818340475,0.8562594227574987,3,0,0,0,1,0,1,1,1,0,1,0,1,1,1,0,0,0,0,0,6,3,3,2.0,1.0,2.0,200.0,950.0,950.0,0.0,1.0,1.0,0.0,,0.3513513513513513,,Alto padrão e frente-mar
739015384619300207,0.7560595763635639,131298.860518154,1627.545094470826,105,4,12,apartamento,45,4.869999885559082,True,300.0,66,0,5.0,True,False,Meia Praia,Meia Praia (beach band),0.0631459802981914,279,1340,262904.1637760663,0.6804536187272076,4,0,0,0,1,0,0,0,0,0,1,0,0,0,0,0,0,0,0,1,12,4,5,5.0,1.25,3.0,300.0,1604.0,1604.0,0.0,0.962962962962963,1.0,0.03703703703703698,0.9642857142857143,0.5405405405405406,0.42374517374517373,Alto padrão e frente-mar
739663897909156017,0.4907847455566779,38700.91365263967,724.1080396487373,105,2,5,apartamento,14,4.929999828338623,False,0.0,8,0,2.0,True,False,Meia Praia,Meia Praia (beach band),0.3444681439645007,433,1996,77492.15264370241,0.4417062710010102,2,0,0,0,1,0,1,1,0,0,1,0,0,1,0,0,0,0,0,1,5,2,4,2.0,2.0,2.5,0.0,800.0,800.0,0.0,0.2222222222222222,0.5,0.2777777777777778,0.5357142857142857,0.3513513513513513,0.18436293436293438,Famílias
744210382596366805,0.8947398175530681,52894.314413735425,559.2818527416559,105,3,6,apartamento,7,5.0,False,250.0,18,0,3.0,True,False,Meia Praia,Meia Praia (inland),0.6092269838086724,204,1920,105912.08061191604,0.8052658357977613,3,0,0,0,1,0,1,1,0,0,1,1,0,0,0,0,0,0,0,0,6,3,3,3.0,1.0,2.0,250.0,500.0,500.0,0.0,0.962962962962963,0.8333333333333334,-0.12962962962962965,0.8928571428571429,0.0,0.8928571428571429,Famílias
745632820094188215,0.9879109800137,67466.7610066505,649.9188330643045,105,3,8,apartamento,7,5.0,False,400.0,44,0,3.0,True,False,Meia Praia,Meia Praia (inland),0.4412368210006118,324,1682,135090.98491133307,0.8891198820123299,3,0,0,0,1,0,1,1,0,0,1,0,1,0,0,0,0,0,0,0,8,3,3,3.0,1.0,2.6666666666666665,400.0,714.5,800.0,0.11966410076976897,1.0,1.0,0.0,0.9285714285714286,,,Grupos e amigos
746451645715267085,0.2053885671101926,23063.321293303667,1005.0056204141948,105,3,9,apartamento,7,5.0,False,400.0,20,0,3.0,True,False,Meia Praia,Meia Praia (beach band),0.2865921024424947,473,1938,46180.47083261918,0.1848497103991734,3,0,0,0,1,0,1,0,0,0,1,0,0,0,0,0,0,0,0,0,9,3,3,3.0,1.0,3.0,400.0,900.0,900.0,0.0,0.6666666666666667,0.6666666666666667,0.0,0.5,0.0,0.5,Grupos e amigos
748336742434217963,0.9294162864128934,51900.47545118876,529.4822040706854,105,2,6,apartamento,45,4.869999885559082,False,200.0,25,0,1.0,True,True,Meia Praia,Meia Praia (beach band),0.2507505893313563,418,1818,103922.08313329906,0.8364746577716041,2,0,1,0,1,0,0,1,0,0,1,0,0,1,0,0,0,0,0,1,6,2,3,1.0,1.5,3.0,200.0,450.0,450.0,0.0,0.962962962962963,1.0,0.03703703703703698,0.9642857142857143,0.0,0.9642857142857143,Famílias
753461577197808016,0.5670949188220289,52098.03787974423,848.8598323660398,105,3,6,apartamento,16,5.0,False,300.0,21,0,2.0,True,False,Meia Praia,Meia Praia (beach band),0.053187943433228,167,961,104317.66908787606,0.510385426939826,3,0,0,0,1,0,0,1,0,0,1,0,0,0,0,0,0,0,0,1,6,3,4,2.0,1.3333333333333333,2.0,300.0,980.0,980.0,0.0,0.5925925925925926,0.75,0.15740740740740744,0.4285714285714286,0.5405405405405406,-0.11196911196911197,Famílias
753566944813003124,0.6123162943882362,38106.69347700789,577.0791114828658,105,1,3,apartamento,15,4.929999828338623,False,200.0,37,0,2.0,True,True,Centro,Centro,0.094980765563922,166,702,76302.32542237827,0.5510846649494126,1,0,0,0,0,0,0,1,1,0,1,0,0,0,0,0,0,0,0,0,3,1,2,2.0,2.0,3.0,200.0,550.0,550.0,0.0,0.7407407407407407,0.6666666666666667,-0.07407407407407396,0.3214285714285714,0.0,0.3214285714285714,Casais e escapadas curtas
754141022905987471,0.5002148181084028,41936.41597931856,770.456498905553,105,3,8,apartamento,15,4.929999828338623,False,250.0,17,0,2.0,True,False,Meia Praia,Meia Praia (beach band),0.2765344065674503,385,1693,83970.70874262163,0.4501933362975626,3,0,0,0,0,0,1,1,1,0,0,0,0,0,0,0,0,0,0,1,8,3,4,2.0,1.3333333333333333,2.6666666666666665,250.0,800.0,800.0,0.0,0.962962962962963,0.8333333333333334,-0.12962962962962965,0.8928571428571429,0.0,0.8928571428571429,Grupos e amigos
754375397775403281,0.1705875530381625,16397.570626753448,857.4578962513498,105,3,6,apartamento,8,5.0,False,250.0,25,0,2.0,True,False,Meia Praia,Meia Praia (beach band),0.1802657296372387,333,1399,32833.412084254494,0.1535287977343463,3,0,1,0,1,0,1,1,0,0,1,0,0,1,0,0,0,0,0,1,6,3,4,2.0,1.3333333333333333,2.0,250.0,890.0,883.3,-0.007528089887640532,0.33333333333333337,0.5,0.16666666666666663,0.3214285714285714,0.0,0.3214285714285714,Famílias
754796838418506202,0.7422349574044771,46752.14876668172,589.7413168310773,105,3,9,apartamento,12,5.0,False,350.0,35,0,2.0,True,False,Meia Praia,Meia Praia (beach band),0.0882135072190972,314,1599,93613.41391488504,0.6680114616640294,3,0,0,0,0,0,0,1,1,0,0,0,1,1,0,0,0,0,0,0,9,3,3,2.0,1.0,3.0,350.0,600.0,700.0,0.16666666666666674,0.8148148148148149,0.6666666666666667,-0.14814814814814814,0.6785714285714286,0.05405405405405406,0.6245173745173745,Grupos e amigos
756997201912524343,0.1705875530381625,17963.477778179138,939.3419437330988,105,3,8,apartamento,6,5.0,False,300.0,14,0,3.0,True,False,Meia Praia,Meia Praia (beach band),0.2004527961170171,416,1618,35968.88110943779,0.1535287977343463,3,0,1,0,1,0,1,1,0,0,1,0,0,0,0,0,0,0,0,1,8,3,4,3.0,1.3333333333333333,2.6666666666666665,300.0,850.0,850.0,0.0,0.4814814814814815,0.5,0.01851851851851849,0.2857142857142857,0.0,0.2857142857142857,Grupos e amigos
762112217871324562,0.8765249214734702,57351.79183563462,618.276731271834,105,3,7,apartamento,40,4.929999828338623,False,200.0,45,0,1.0,True,True,Meia Praia,Meia Praia (beach band),0.2211064661084438,456,1931,114837.43890924162,0.7888724293261231,3,0,0,0,1,0,1,1,1,0,1,0,1,0,0,0,0,0,0,1,7,3,5,1.0,1.6666666666666667,2.3333333333333335,200.0,600.0,600.0,0.0,0.7777777777777778,1.0,0.2222222222222222,0.8928571428571429,0.08108108108108103,0.8117760617760619,Famílias
762192750283483456,0.5742334153927277,23447.694599145387,377.50956061116665,105,2,4,apartamento,14,4.929999828338623,False,120.0,15,0,1.0,True,False,Meia Praia,Meia Praia (inland),0.371685140060509,271,1527,46950.11454583471,0.5168100738534549,2,0,0,1,1,0,0,0,0,0,1,0,0,1,0,0,0,0,0,1,4,2,3,1.0,1.5,2.0,120.0,440.0,440.0,0.0,1.0,1.0,0.0,0.5,0.5405405405405406,-0.04054054054054057,Casais e escapadas curtas
762916089194134311,0.0394652234629495,4553.558412340223,1016.516311804754,105,2,5,apartamento,3,5.0,False,170.0,6,0,2.0,False,False,Centro,Centro,0.3028608268511272,241,725,9117.744524799247,0.0355187011166545,2,0,0,0,1,0,0,0,0,0,1,0,0,0,0,0,0,1,0,1,5,2,3,2.0,1.5,2.5,170.0,1000.0,1000.0,0.0,0.0,0.0,0.0,0.0357142857142857,0.0,0.0357142857142857,Famílias
766052072199682693,0.8577457708953795,61629.79293784513,678.0974715136638,105,1,6,apartamento,23,4.78000020980835,False,200.0,18,0,2.0,False,False,Meia Praia,Meia Praia (beach band),0.0824259483067837,292,1348,123403.42568148968,0.7719711938058416,1,0,0,0,1,0,1,1,0,0,1,0,1,1,0,0,0,0,0,0,6,1,3,2.0,3.0,6.0,200.0,550.0,590.0,0.07272727272727275,1.0,1.0,0.0,,0.0,,Casais e escapadas curtas
766156195693050227,0.7913990764733047,163052.54349463337,1935.6856295892464,105,5,16,apartamento,16,4.940000057220459,True,550.0,42,0,5.0,True,False,Meia Praia,Meia Praia (beach band),0.2169437620838711,393,1840,326485.64069670846,0.7122591688259742,4,0,0,0,1,0,0,0,0,0,1,0,0,1,0,0,0,0,0,1,16,5,5,5.0,1.0,3.2,550.0,1857.25,1973.0,0.062323327500336534,1.0,1.0,0.0,,0.3513513513513513,,Alto padrão e frente-mar
766788707373767791,0.949347887483916,56490.27124274408,564.9220630002321,105,3,8,apartamento,23,4.909999847412109,False,150.0,12,0,3.0,True,False,Meia Praia,Meia Praia (beach band),0.1637162526245224,413,1967,113112.3869921427,0.8544130987355244,3,0,0,0,1,0,0,0,0,0,1,0,1,0,0,0,0,0,0,1,8,3,4,3.0,1.3333333333333333,2.6666666666666665,150.0,520.0,513.4,-0.01269230769230778,1.0,1.0,0.0,,0.05405405405405406,,Grupos e amigos
767407262472265686,0.6531789108429822,57185.185384208264,814.3589902925218,105,3,8,apartamento,16,5.0,False,300.0,25,0,2.0,True,False,Meia Praia,Meia Praia (beach band),0.0058756475065558,172,1088,114503.83715809855,0.587861019758684,3,0,0,0,1,0,0,1,0,0,1,0,0,0,0,0,0,0,1,0,8,3,3,2.0,1.0,2.6666666666666665,300.0,800.0,727.5,-0.09062499999999996,0.8518518518518519,1.0,0.14814814814814814,0.8214285714285714,0.08108108108108103,0.7403474903474904,Grupos e amigos
768032727158094436,0.9771409027925306,141008.83922824217,1372.4170343640149,105,3,7,apartamento,5,5.0,,0.0,28,0,2.0,False,,Meia Praia,Meia Praia (beach band),0.0542653423626374,79,826,282346.7836357122,0.8794268125132776,3,0,1,0,1,0,0,1,0,0,1,0,0,1,0,0,0,0,1,1,7,3,3,2.0,1.0,2.3333333333333335,0.0,1200.0,1200.0,0.0,1.0,1.0,0.0,,0.5135135135135135,,Alto padrão e frente-mar
769009482417170004,0.8003008662124202,51981.93557280023,610.6172491758801,105,1,4,apartamento,17,4.940000057220459,False,250.0,13,0,1.0,True,False,Morretes,Morretes,0.0968975332950112,134,726,104085.19349898575,0.7202707795911782,1,0,0,0,1,0,0,1,0,0,1,0,1,0,0,0,0,0,1,1,4,1,4,1.0,4.0,4.0,250.0,480.0,480.0,0.0,0.962962962962963,0.8333333333333334,-0.12962962962962965,0.8928571428571429,0.0,0.8928571428571429,Casais e escapadas curtas
769616108652112172,0.9380009018038092,41922.4449197904,424.0052987734311,105,2,6,apartamento,14,5.0,False,280.0,22,0,2.0,True,True,Meia Praia,Meia Praia (beach band),0.0778364060610233,314,1493,83942.73401604882,0.8442008116234282,2,0,1,0,1,0,1,1,1,0,1,0,0,1,0,0,0,0,0,1,6,2,3,2.0,1.5,3.0,280.0,350.0,350.0,0.0,1.0,1.0,0.0,,0.3513513513513513,,Famílias
770131545986036241,0.5977276910979059,65081.17439550431,1008.4861665461208,105,3,8,apartamento,36,4.920000076293945,False,300.0,17,0,3.0,True,True,Meia Praia,Meia Praia (inland),0.3950495795790429,406,1931,130314.24388979122,0.5379549219881153,3,0,0,0,0,0,1,1,0,0,1,0,1,0,0,0,0,0,0,1,8,3,4,3.0,1.3333333333333333,2.6666666666666665,300.0,900.0,900.0,0.0,0.7037037037037037,0.6666666666666667,-0.03703703703703698,0.7857142857142857,0.0,0.7857142857142857,Grupos e amigos
771111761043546355,0.6194281960088356,41457.3409045376,620.9528203035309,105,2,6,apartamento,18,4.940000057220459,False,150.0,21,0,1.0,True,False,Centro,Centro,0.1674575546190634,186,761,83011.44046394658,0.557485376407952,2,0,0,0,1,0,0,1,0,0,1,0,0,0,0,0,0,0,0,1,6,2,3,1.0,1.5,3.0,150.0,557.0,557.0,0.0,1.0,1.0,0.0,,0.027027027027026973,,Famílias
771134836709283777,0.981982760496499,39163.10809118238,379.4031060732629,105,3,8,apartamento,10,4.199999809265137,False,250.0,16,0,2.0,False,True,Meia Praia,Meia Praia (beach band),0.3299984412577789,387,1706,78417.62025162745,0.8837844844468491,3,0,0,0,1,0,0,0,0,0,1,0,0,0,0,0,0,0,0,1,8,3,3,2.0,1.0,2.6666666666666665,250.0,308.5,250.0,-0.1896272285251216,1.0,1.0,0.0,,0.7567567567567568,,Grupos e amigos
772261416620745030,0.5176037598740518,48782.049534790574,867.3574984288077,105,3,6,apartamento,10,5.0,False,300.0,19,0,3.0,True,False,Meia Praia,Meia Praia (beach band),0.2663103462294108,457,1937,97677.95310343547,0.4658433838866466,3,0,0,0,1,0,1,0,0,0,1,0,1,0,0,0,0,0,0,0,6,3,3,3.0,1.0,2.0,300.0,825.0,825.0,0.0,0.6666666666666667,0.6666666666666667,0.0,0.4285714285714286,0.0,0.4285714285714286,Famílias
778933432062496662,0.6780563018779501,75336.38887485357,1035.4084086561245,105,3,6,apartamento,15,5.0,False,300.0,15,0,4.0,True,True,Meia Praia,Meia Praia (beach band),0.3427685914427816,407,1892,150848.60783169873,0.6102506716901551,3,0,0,0,1,0,1,1,0,0,1,0,0,0,0,0,0,0,0,1,6,3,4,4.0,1.3333333333333333,2.0,300.0,990.0,990.0,0.0,0.5555555555555556,0.5,-0.05555555555555558,0.4285714285714286,0.16216216216216217,0.26640926640926643,Famílias
779104726998664227,0.914740383336863,43831.73539529313,453.9125476224315,105,2,6,apartamento,16,4.940000057220459,False,250.0,11,0,2.0,True,False,Meia Praia,Meia Praia (beach band),0.1497869166630886,326,1629,87765.7711230483,0.8232663450031767,2,0,0,0,1,0,1,1,0,0,1,0,1,0,0,0,0,0,0,0,6,2,5,2.0,2.5,3.0,250.0,400.0,400.0,0.0,1.0,1.0,0.0,0.9642857142857143,0.3783783783783784,0.5859073359073359,Famílias
780376166619260652,0.8765362103714008,51512.35597654724,555.3183877077918,105,3,6,apartamento,5,5.0,False,250.0,18,0,3.0,False,True,Meia Praia,Meia Praia (beach band),0.1977065562628467,376,1757,103144.93833917704,0.7888825893342608,3,0,0,0,1,0,1,1,0,0,1,0,0,0,1,0,0,0,0,1,6,3,4,3.0,1.3333333333333333,2.0,250.0,429.0,575.0,0.34032634032634035,1.0,1.0,0.0,,0.3513513513513513,,Famílias
780872235421635957,0.8765362103714007,50107.25167446307,540.1709489855189,105,2,7,apartamento,7,5.0,False,180.0,16,0,2.0,True,False,Meia Praia,Meia Praia (inland),0.456288944602508,348,1912,100331.4503157489,0.7888825893342607,2,0,0,0,1,0,1,1,0,0,1,0,1,0,0,0,0,0,0,0,7,2,3,2.0,1.5,3.5,180.0,499.0,499.0,0.0,0.7777777777777778,0.75,-0.02777777777777779,0.8928571428571429,0.5405405405405406,0.35231660231660233,Famílias
781223884036842600,0.7318578734260819,30870.529310972415,394.63540796083595,105,2,5,apartamento,26,4.650000095367432,False,250.0,21,0,2.0,False,False,Meia Praia,Meia Praia (beach band),0.0662265003408601,352,1886,61813.10836816891,0.6586720860834737,2,0,0,0,0,0,0,0,0,0,1,0,1,0,0,0,0,0,1,1,5,2,2,2.0,1.0,2.5,250.0,295.0,380.0,0.2881355932203389,1.0,1.0,0.0,,0.08108108108108103,,Famílias
782548209247570691,0.884968075369316,73125.59519668635,781.2372260696798,105,3,8,apartamento,32,4.940000057220459,False,300.0,14,0,3.0,True,True,Meia Praia,Meia Praia (inland),0.4424277399405304,347,1929,146421.86063110438,0.7964712678323844,3,0,0,0,1,0,1,1,0,0,1,0,1,0,0,0,0,0,0,1,8,3,6,3.0,2.0,2.6666666666666665,300.0,700.0,700.0,0.0,1.0,1.0,0.0,,0.0,,Grupos e amigos
782734966853311782,0.5261365797751555,44487.215164782734,778.7088745165685,105,3,8,apartamento,9,5.0,False,350.0,19,0,3.0,True,True,Meia Praia,Meia Praia (inland),0.53392385793552,223,1928,89078.26050787406,0.4735229217976399,3,0,0,0,1,0,0,1,1,0,1,0,1,0,1,0,0,0,0,1,8,3,4,3.0,1.3333333333333333,2.6666666666666665,350.0,580.0,580.0,0.0,0.8888888888888888,0.9166666666666666,0.02777777777777779,0.8571428571428572,0.0,0.8571428571428572,Grupos e amigos
783879004243392314,0.5591365501312927,42953.36591668044,709.3723797334508,105,3,6,apartamento,30,4.670000076293945,False,250.0,19,0,2.0,False,False,Meia Praia,Meia Praia (beach band),0.0008541432498532,207,1587,86006.98211033516,0.5032228951181634,3,0,0,0,1,0,1,0,1,0,1,0,0,0,0,0,0,0,0,1,6,3,3,2.0,1.0,2.0,250.0,650.0,705.0,0.08461538461538454,0.8888888888888888,0.8333333333333334,-0.05555555555555547,0.6071428571428572,0.0,0.6071428571428572,Famílias
784598714032826222,0.4519345421722237,60434.887570902094,1223.949399830577,105,4,12,apartamento,15,4.869999885559082,False,300.0,15,0,4.0,True,False,Meia Praia,Meia Praia (inland),0.3884299021519465,380,1938,121010.82611856917,0.4067410879550013,4,0,0,0,1,0,0,0,0,0,1,0,0,0,1,0,0,0,0,1,12,4,4,4.0,1.0,3.0,300.0,1200.0,1200.0,0.0,0.7222222222222222,1.0,0.2777777777777778,0.6071428571428572,0.3513513513513513,0.2557915057915059,Alto padrão e frente-mar
784836681288428817,0.6169528299722151,25644.374655875603,385.5719976536496,105,2,5,apartamento,13,4.769999980926514,False,200.0,15,0,1.0,False,True,Casa Branca,Casa Branca,0.7693831062161,29,636,51348.60156330862,0.5552575469749936,2,0,0,0,0,0,1,1,0,0,1,0,1,0,0,0,0,0,0,1,5,2,4,1.0,2.0,2.5,200.0,370.0,370.0,0.0,1.0,1.0,0.0,0.6071428571428572,0.3513513513513513,0.2557915057915059,Famílias
785658004981722606,0.5345582909256111,39484.97938673111,680.7264688630024,105,2,6,apartamento,10,5.0,False,200.0,20,0,2.0,True,True,Tabuleiro dos Oliveiras,Tabuleiro dos Oliveiras,0.3181400465167827,71,595,79062.11406875435,0.48110246183305,2,0,1,0,1,0,1,1,0,0,1,0,1,1,0,0,0,0,0,0,6,2,2,2.0,1.0,3.0,200.0,690.0,704.75,0.021376811594202794,0.8888888888888888,0.75,-0.13888888888888884,0.3928571428571429,0.4054054054054054,-0.012548262548262468,Famílias
786307999394390316,0.8174773149556831,55755.92846393879,641.9432960481631,105,2,6,apartamento,14,4.860000133514404,False,300.0,27,0,2.0,True,False,Meia Praia,Meia Praia (beach band),0.1637162526245224,413,1967,111641.98752770784,0.7357295834601149,2,0,0,0,1,0,0,1,0,0,1,0,0,0,0,0,0,0,1,0,6,2,2,2.0,1.0,3.0,300.0,550.0,550.0,0.0,0.8888888888888888,0.75,-0.13888888888888884,0.8571428571428572,0.0,0.8571428571428572,Famílias
786807324710664147,0.9120079047076984,118931.7878093799,1235.1059141021876,105,4,8,apartamento,13,4.849999904632568,True,200.0,48,0,4.0,True,True,Meia Praia,Meia Praia (inland),0.3793832184393929,408,1838,238141.1544397551,0.8208071142369288,4,0,1,0,1,0,1,0,0,0,1,0,1,1,1,0,0,0,0,0,8,4,4,4.0,1.0,2.0,200.0,850.0,850.0,0.0,1.0,1.0,0.0,,0.08108108108108103,,Alto padrão e frente-mar
787195284335262595,0.8207187147121537,54913.3113438842,629.8839540671714,105,3,7,apartamento,11,5.0,False,300.0,18,0,2.0,True,False,Meia Praia,Meia Praia (beach band),0.1614387030624453,393,1871,109954.78667571934,0.7386468432409384,3,0,0,0,1,0,0,1,0,0,1,0,0,0,0,0,0,0,0,0,7,3,3,2.0,1.0,2.3333333333333335,300.0,550.0,550.0,0.0,1.0,1.0,0.0,0.9642857142857143,0.10810810810810811,0.8561776061776062,Famílias
787606557854537606,0.6094279348937505,39866.52018927643,606.4553414286567,105,2,6,apartamento,11,4.639999866485596,False,200.0,35,0,2.0,False,True,Meia Praia,Meia Praia (beach band),0.2376554414985319,431,1994,79826.08616450425,0.5484851414043754,2,0,0,0,1,0,0,1,0,0,1,0,0,1,0,0,0,1,0,0,6,2,2,2.0,1.0,3.0,200.0,565.6667,596.0,0.05362398034036642,0.7777777777777778,0.5,-0.2777777777777778,0.3571428571428571,0.5405405405405406,-0.18339768339768348,Famílias
787847078680683474,0.8389261823360564,35574.99912933046,399.6996718108075,105,2,6,apartamento,6,5.0,False,300.0,26,0,2.0,True,False,Tabuleiro dos Oliveiras,Tabuleiro dos Oliveiras,0.3139336118158333,95,425,71233.02792211017,0.7550335641024508,2,0,0,0,0,0,1,1,0,0,1,0,1,0,0,0,0,0,0,0,6,2,2,2.0,1.0,3.0,300.0,330.0,330.0,0.0,0.4444444444444444,0.41666666666666663,-0.02777777777777779,0.5,0.0,0.5,Famílias
790006111813482352,0.5641451193422248,26937.53654870156,441.0984049040309,105,2,6,apartamento,8,5.0,False,180.0,10,0,2.0,True,False,Meia Praia,Meia Praia (inland),0.646945168820823,207,1803,53937.94350214043,0.5077306074080024,2,0,0,0,0,0,0,0,0,0,1,0,1,0,0,0,0,0,0,1,6,2,2,2.0,1.0,3.0,180.0,405.0,405.0,0.0,0.8888888888888888,0.75,-0.13888888888888884,0.8571428571428572,0.3513513513513513,0.5057915057915059,Famílias
790431243381422888,0.0737061670478157,7949.612168727854,953.2636462348576,105,3,8,apartamento,7,5.0,False,300.0,16,0,3.0,True,False,Meia Praia,Meia Praia (beach band),0.3007536827545326,440,1995,15917.778199411458,0.0663355503430341,3,0,0,0,1,0,1,1,0,0,1,0,0,1,0,0,0,0,0,1,8,3,3,3.0,1.0,2.6666666666666665,300.0,1000.0,1000.0,0.0,0.18518518518518523,0.25,0.06481481481481477,0.0357142857142857,0.0,0.0357142857142857,Grupos e amigos
790518755885066166,0.9087751634211992,87838.58532758061,915.2569957745244,105,3,6,apartamento,6,5.0,False,0.0,30,0,4.0,True,False,Centro,Centro,0.19824179525945,247,760,175882.18002567714,0.8178976470790793,3,0,0,0,1,0,0,1,1,0,1,0,1,0,0,0,0,0,0,1,6,3,3,4.0,1.0,2.0,0.0,750.0,750.0,0.0,0.962962962962963,1.0,0.03703703703703698,0.8571428571428572,0.0,0.8571428571428572,Alto padrão e frente-mar
790752171303746450,0.4173177775415256,31185.462687674502,681.9331915014697,105,2,6,apartamento,10,5.0,False,250.0,16,0,2.0,True,False,Meia Praia,Meia Praia (inland),0.4764795516610655,333,1898,62443.710154964974,0.3755859997873731,2,0,0,0,1,0,0,0,0,0,1,0,0,0,0,0,0,0,0,1,6,2,1,2.0,0.5,3.0,250.0,750.0,750.0,0.0,0.7777777777777778,1.0,0.2222222222222222,0.6428571428571428,0.0,0.6428571428571428,Famílias
791313913845076166,0.8197521757553697,79949.83810676566,918.0866573650568,105,4,8,apartamento,6,5.0,False,300.0,18,0,2.0,True,False,Meia Praia,Meia Praia (beach band),0.024372666675894,252,1523,160086.27377680023,0.7377769581798328,4,0,1,0,1,0,1,1,0,0,1,0,0,1,0,0,0,0,1,1,8,4,6,2.0,1.5,2.0,300.0,850.0,850.0,0.0,1.0,1.0,0.0,,0.3783783783783784,,Grupos e amigos
792096103347120988,0.8984239604837169,44860.5025029159,472.50398900658,105,2,6,apartamento,15,5.0,False,250.0,18,0,2.0,True,False,Tabuleiro dos Oliveiras,Tabuleiro dos Oliveiras,0.2163765293722032,125,428,89825.7064117669,0.8085815644353452,2,0,0,0,1,0,1,1,0,0,1,0,1,0,0,0,0,0,0,1,6,2,2,2.0,1.0,3.0,250.0,500.0,470.875,-0.058250000000000024,0.9259259259259259,0.9166666666666666,-0.0092592592592593,0.6071428571428572,0.43243243243243246,0.17471042471042475,Famílias
792184367926408145,0.9280844170716498,42825.53700838026,437.4905496344765,105,2,6,apartamento,23,5.0,False,230.0,24,0,2.0,True,True,Meia Praia,Meia Praia (beach band),0.040359438318209,284,1442,85751.02594963092,0.8352759753644848,2,0,0,0,1,0,0,1,0,0,1,0,1,1,0,0,0,0,1,0,6,2,3,2.0,1.5,3.0,230.0,396.0,327.0,-0.1742424242424242,1.0,1.0,0.0,,0.027027027027026973,,Famílias
794710559970994170,0.8651038936651491,50227.35436477261,548.2067789889277,105,2,4,apartamento,11,5.0,False,10.0,12,0,2.0,True,False,Meia Praia,Meia Praia (inland),0.8990982146696064,85,1557,100571.93600799692,0.7785935042986342,2,0,1,0,1,0,1,1,0,0,0,0,1,0,0,0,0,0,0,0,4,2,3,2.0,1.5,2.0,10.0,500.0,550.0,0.10000000000000009,1.0,0.9166666666666666,-0.08333333333333337,0.8214285714285714,0.0,0.8214285714285714,Casais e escapadas curtas
794996321339600522,0.9428508979705444,43325.86147277659,436.0796958825411,105,2,6,apartamento,8,5.0,False,250.0,26,0,2.0,True,True,Meia Praia,Meia Praia (inland),0.3587067612374972,388,1696,86752.84260218775,0.8485658081734899,2,0,0,0,1,0,0,1,0,0,1,0,1,0,0,0,0,0,0,0,6,2,2,2.0,1.0,3.0,250.0,500.0,450.0,-0.09999999999999998,0.962962962962963,0.9166666666666666,-0.04629629629629639,0.7857142857142857,0.0,0.7857142857142857,Famílias
795495744056169046,0.8417660224962298,83866.04204464334,939.2698541367718,105,3,8,apartamento,39,4.949999809265137,False,450.0,29,0,2.0,True,False,Meia Praia,Meia Praia (beach band),0.1331768354828994,271,1213,167927.82181005154,0.7575894202466068,3,0,0,0,1,0,1,1,1,0,1,0,1,0,0,0,0,0,1,0,8,3,5,2.0,1.6666666666666667,2.6666666666666665,450.0,800.0,850.0,0.0625,0.7777777777777778,0.8333333333333334,0.05555555555555558,0.6071428571428572,0.2432432432432432,0.363899613899614,Alto padrão e frente-mar
795757968903961791,0.4641194570594341,18501.301088576383,365.2357714068534,105,2,3,apartamento,12,4.670000076293945,False,0.0,9,0,1.0,False,True,Casa Branca,Casa Branca,0.8269314948894675,40,583,37045.78297378955,0.4177075113534906,2,0,0,0,1,0,0,0,0,0,1,0,1,0,0,0,0,0,0,1,3,2,3,1.0,1.5,1.5,0.0,350.0,350.0,0.0,1.0,1.0,0.0,0.6428571428571428,0.3783783783783784,0.2644787644787644,Casais e escapadas curtas
796481545034280714,0.6332885347069396,45636.232670852536,669.2949875550287,105,2,4,apartamento,9,5.0,False,290.0,15,0,2.0,True,False,Centro,Centro,0.1063210257242627,178,745,91378.97724985654,0.5699596812362456,2,0,0,0,1,0,0,1,1,0,1,0,0,1,0,0,0,0,0,0,4,2,2,2.0,1.0,2.0,290.0,580.0,650.0,0.1206896551724137,0.7407407407407407,0.75,0.0092592592592593,0.7142857142857143,0.16216216216216217,0.5521235521235521,Casais e escapadas curtas
797261187302809924,0.6658487444121034,41359.63961672616,578.3340952508918,105,2,5,apartamento,15,5.0,False,250.0,41,0,2.0,True,False,Centro,Centro,0.1078190834652467,230,760,82815.80986006666,0.5992638699708931,2,0,0,0,1,0,0,1,1,0,1,0,1,0,1,0,0,0,0,0,5,2,2,2.0,1.0,2.5,250.0,500.0,500.0,0.0,0.7777777777777778,0.5833333333333333,-0.19444444444444453,0.6428571428571428,0.0,0.6428571428571428,Famílias
798475021925579344,0.9071194269598306,33635.80292357577,351.07911441529893,105,2,5,apartamento,20,4.900000095367432,False,100.0,25,0,2.0,True,True,Morretes,Morretes,0.7434580711864515,36,1191,67350.10955663687,0.8164074842638476,2,0,0,0,1,0,1,1,0,0,1,0,0,1,0,0,0,0,0,1,5,2,4,2.0,2.0,2.5,100.0,300.0,300.0,0.0,1.0,1.0,0.0,,0.3783783783783784,,Famílias
798609957167332367,0.4907847455566779,36829.3862882574,689.0910882884851,105,2,6,apartamento,5,5.0,False,250.0,10,0,2.0,False,False,Meia Praia,Meia Praia (inland),0.3642136640374369,393,1770,73744.72989551401,0.4417062710010101,2,0,0,0,1,0,0,1,0,0,1,0,1,0,0,0,0,0,0,1,6,2,4,2.0,2.0,3.0,250.0,675.0,700.0,0.03703703703703698,0.8888888888888888,1.0,0.11111111111111116,0.6071428571428572,0.3513513513513513,0.2557915057915059,Famílias
798631136594423222,0.7542984059472099,92771.24157883028,1152.50842737045,105,4,10,apartamento,4,4.75,False,300.0,21,0,3.0,False,False,Tabuleiro dos Oliveiras,Tabuleiro dos Oliveiras,0.1648115949129182,106,647,185759.00501724108,0.6788685653524889,4,0,0,0,1,0,1,1,1,0,1,0,0,0,0,0,0,0,0,1,10,4,6,3.0,1.5,2.5,300.0,1100.0,1100.0,0.0,1.0,1.0,0.0,0.5357142857142857,0.3513513513513513,0.18436293436293438,Alto padrão e frente-mar
799251513158018593,0.8577457708953795,54247.38584829347,596.8706598941899,105,3,6,apartamento,26,4.960000038146973,False,250.0,33,0,2.0,True,False,Morretes,Morretes,0.061202513262968,96,671,108621.3814590668,0.7719711938058416,3,0,0,0,1,0,0,1,0,0,1,0,0,0,0,0,0,0,1,0,6,3,4,2.0,1.3333333333333333,2.0,250.0,500.0,500.0,0.0,1.0,1.0,0.0,,0.0,,Famílias
800942299109284552,0.8808196376016091,32582.818806301053,349.64276786867816,105,2,5,apartamento,22,4.860000133514404,False,100.0,24,0,2.0,True,False,Morretes,Morretes,0.583778118228897,61,1234,65241.683727737065,0.7927376738414482,2,0,0,0,1,1,1,0,0,0,1,0,0,1,0,0,0,0,0,1,5,2,5,2.0,2.5,2.5,100.0,300.0,300.0,0.0,1.0,1.0,0.0,,0.18918918918918914,,Famílias
801271167231006592,0.9562993731459648,31040.50214537036,308.2942974526077,105,2,6,apartamento,17,4.940000057220459,False,300.0,16,0,2.0,True,False,Meia Praia,Meia Praia (inland),0.5430784355289132,207,1331,62153.450742167355,0.8606694358313682,2,0,0,0,1,0,1,1,1,0,1,0,1,0,0,0,0,0,0,0,6,2,2,2.0,1.0,3.0,300.0,250.0,250.0,0.0,1.0,1.0,0.0,,0.0,,Famílias
801611117719633492,0.7966613742898649,41561.95095205149,490.32386647121984,105,2,6,apartamento,9,5.0,False,250.0,26,0,2.0,True,False,Meia Praia,Meia Praia (beach band),0.1276190748399649,316,1448,83220.90471181346,0.7169952368608785,2,0,0,0,1,0,1,1,1,0,1,0,0,0,0,0,0,0,0,1,6,2,2,2.0,1.0,3.0,250.0,400.0,400.0,0.0,0.8888888888888888,1.0,0.11111111111111116,0.8928571428571429,0.16216216216216217,0.7306949806949807,Famílias
802047490248101970,0.9524049663409148,30803.17410767557,307.1127807649758,105,2,6,apartamento,22,5.0,False,300.0,19,0,2.0,True,False,Meia Praia,Meia Praia (inland),0.4861980976888427,275,1436,61678.24075904541,0.8571644697068233,2,0,1,0,1,0,1,1,0,0,1,0,1,0,0,0,0,0,0,0,6,2,3,2.0,1.5,3.0,300.0,250.0,250.0,0.0,1.0,1.0,0.0,,0.0,,Famílias
802357806571870530,0.916668314461345,75496.8187186094,780.282242408655,105,3,6,apartamento,23,4.909999847412109,False,150.0,100,0,3.0,False,False,Meia Praia,Meia Praia (inland),0.428891402620985,312,1450,151169.8419517124,0.8250014830152105,3,0,1,0,1,0,1,1,0,0,1,1,0,0,0,0,0,0,0,0,6,3,3,3.0,1.0,2.0,150.0,680.0,680.0,0.0,1.0,1.0,0.0,,0.0,,Famílias
802922826036667371,0.6265593944678007,83382.9068950859,1235.3804975529026,105,3,8,apartamento,15,5.0,False,300.0,19,0,3.0,True,False,Meia Praia,Meia Praia (beach band),0.1453123888686104,392,1959,166960.42390588115,0.5639034550210207,3,0,1,0,0,0,0,0,1,0,1,0,0,0,0,0,0,0,1,0,8,3,4,3.0,1.3333333333333333,2.6666666666666665,300.0,1200.0,1200.0,0.0,1.0,1.0,0.0,0.9642857142857143,0.3783783783783784,0.5859073359073359,Alto padrão e frente-mar
805381324514930766,0.940568540689624,80288.2512993651,809.9539672000755,105,3,8,apartamento,59,4.980000019073486,False,380.0,46,0,2.0,True,False,Meia Praia,Meia Praia (beach band),0.0824259502256395,292,1348,160763.8899957075,0.8465116866206618,3,0,1,0,1,0,1,1,1,0,1,0,0,1,0,0,0,1,1,1,8,3,6,2.0,2.0,2.6666666666666665,380.0,750.0,750.0,0.0,1.0,1.0,0.0,,0.4054054054054054,,Alto padrão e frente-mar
805726391815686158,0.8786909704487034,40316.882574481046,433.6235742222949,105,2,5,apartamento,6,5.0,False,200.0,9,0,2.0,True,False,Tabuleiro dos Oliveiras,Tabuleiro dos Oliveiras,0.3849009872722803,74,472,80727.86205053367,0.790821873403833,2,0,0,0,1,0,1,1,1,0,1,0,1,0,0,0,0,0,0,0,5,2,5,2.0,2.5,2.5,200.0,399.0,399.0,0.0,0.7037037037037037,1.0,0.2962962962962963,0.5714285714285714,0.08108108108108103,0.49034749034749037,Famílias
806702099486447309,0.7773576250295701,53645.350514515325,647.7236351147498,105,3,8,apartamento,9,5.0,False,300.0,25,0,2.0,True,False,Meia Praia,Meia Praia (beach band),0.1497869146245503,326,1629,107415.90568139464,0.6996218625266131,3,0,0,0,1,0,0,1,0,0,1,0,0,1,0,0,0,0,0,0,8,3,3,2.0,1.0,2.6666666666666665,300.0,500.0,500.0,0.0,0.962962962962963,0.8333333333333334,-0.12962962962962965,0.8928571428571429,0.0,0.8928571428571429,Grupos e amigos
807400945391416643,0.959092690835414,70875.64472083192,702.0100828336313,105,4,12,apartamento,39,4.900000095367432,False,250.0,64,0,3.0,True,False,Centro,Centro,0.1078190811581723,230,760,141916.7084457944,0.8631834217518727,4,0,0,0,1,0,1,1,1,0,1,0,0,0,0,0,0,0,1,1,12,4,6,3.0,1.5,3.0,250.0,858.0,450.0,-0.4755244755244755,0.7037037037037037,1.0,0.2962962962962963,0.7142857142857143,0.32432432432432434,0.38996138996138996,Grupos e amigos
807898347637042057,0.980610439414646,49505.27120706791,480.2258504729832,105,3,7,apartamento,11,5.0,False,250.0,16,0,2.0,True,False,Morretes,Morretes,0.0968975302500917,134,726,99126.0843988972,0.8825493954731813,3,1,0,0,1,0,1,1,0,0,1,0,1,1,0,0,0,0,1,0,7,3,3,2.0,1.0,2.3333333333333335,250.0,430.0,390.0,-0.09302325581395354,1.0,1.0,0.0,,0.5675675675675675,,Famílias
811053746893495263,0.7966613742898649,37025.01912150047,436.7997679600954,105,3,8,apartamento,8,5.0,False,300.0,22,0,2.0,True,False,Meia Praia,Meia Praia (beach band),0.1231182168286631,417,1909,74136.45215592007,0.7169952368608785,3,0,0,0,1,0,1,1,0,0,1,0,0,1,0,0,0,0,0,1,8,3,4,2.0,1.3333333333333333,2.6666666666666665,300.0,400.0,400.0,0.0,0.8888888888888888,1.0,0.11111111111111116,0.8214285714285714,0.0,0.8214285714285714,Grupos e amigos
812231708820863156,0.884968075369316,65382.26135352767,698.5113263913289,105,4,8,apartamento,19,4.789999961853027,False,348.0,27,0,3.0,False,False,Meia Praia,Meia Praia (beach band),0.0001527495459484,233,1216,130917.12052261672,0.7964712678323844,4,0,0,0,1,0,1,1,1,0,1,0,0,1,0,0,0,0,0,1,8,4,4,3.0,1.0,2.0,348.0,500.0,500.0,0.0,1.0,1.0,0.0,0.8928571428571429,0.10810810810810811,0.7847490347490348,Grupos e amigos
815806026505024003,0.9370074565489296,87993.28969433316,890.8549644963408,105,3,9,apartamento,7,5.0,False,250.0,18,0,2.0,True,False,Meia Praia,Meia Praia (beach band),0.164651817898819,360,1711,176191.9498288047,0.8433067108940365,3,0,0,0,1,0,1,0,1,0,1,0,1,1,0,0,0,0,0,1,9,3,3,2.0,1.0,3.0,250.0,900.0,900.0,0.0,0.8518518518518519,0.8333333333333334,-0.01851851851851849,0.7857142857142857,0.9189189189189189,-0.13320463320463316,Alto padrão e frente-mar
821574780923920105,0.9036838081391698,67949.60512983477,711.7729000772517,105,3,6,apartamento,6,5.0,False,300.0,17,0,3.0,True,False,Meia Praia,Meia Praia (inland),0.4834876160760183,330,1844,136057.80008352108,0.8133154273252529,3,0,1,0,1,0,0,0,0,0,1,0,0,0,0,0,0,0,0,0,6,3,3,3.0,1.0,2.0,300.0,600.0,600.0,0.0,1.0,1.0,0.0,,0.0,,Famílias
821920276390293366,0.8984239604837169,58564.49740882494,616.8445981637554,105,3,8,apartamento,19,5.0,False,250.0,16,0,4.0,True,False,Meia Praia,Meia Praia (beach band),0.2635416392512441,423,1810,117265.68042914494,0.8085815644353452,3,0,0,0,1,0,1,1,0,0,1,0,0,0,0,0,0,0,0,0,8,3,5,4.0,1.6666666666666667,2.6666666666666665,250.0,650.0,650.0,0.0,0.7777777777777778,0.6666666666666667,-0.11111111111111105,0.6428571428571428,0.6486486486486487,-0.005791505791505891,Grupos e amigos
822365439954007216,0.6720096971976683,52924.98537196436,733.6054818295564,105,3,8,apartamento,15,4.869999885559082,False,350.0,20,0,3.0,True,True,Meia Praia,Meia Praia (inland),0.4555934043594409,337,1874,105973.49411233458,0.6048087274779015,3,0,0,0,1,0,0,0,0,0,1,0,0,0,0,0,0,0,0,1,8,3,3,3.0,1.0,2.6666666666666665,350.0,800.0,520.0,-0.35,0.7037037037037037,1.0,0.2962962962962963,0.8571428571428572,0.0,0.8571428571428572,Grupos e amigos
826063757882656916,0.5261365797751554,36466.6310478898,638.3157299356637,105,1,4,apartamento,45,5.0,False,200.0,36,0,1.0,True,True,Meia Praia,Meia Praia (beach band),0.2172996486506113,387,1738,73018.37276836253,0.4735229217976398,1,0,0,1,1,0,0,0,0,0,1,0,0,0,0,0,0,1,0,0,4,1,3,1.0,3.0,4.0,200.0,516.0,516.0,0.0,0.40740740740740744,0.5,0.09259259259259256,0.3928571428571429,0.027027027027026973,0.36583011583011593,Casais e escapadas curtas
826617189908528565,0.8577457708953795,45800.640217962784,503.9331927794968,105,1,4,apartamento,106,4.980000019073486,False,150.0,23,0,1.0,True,False,Meia Praia,Meia Praia (inland),0.3642136668467927,393,1770,91708.17606027212,0.7719711938058416,1,0,1,1,1,1,1,1,1,0,1,0,1,1,0,0,0,0,0,0,4,1,2,1.0,2.0,4.0,150.0,400.0,400.0,0.0,0.962962962962963,1.0,0.03703703703703698,0.8928571428571429,0.0,0.8928571428571429,Casais e escapadas curtas
828036946101813387,0.9731343938631396,37458.12872886382,365.9837878841361,105,2,6,apartamento,12,5.0,False,260.0,18,0,2.0,True,False,Morretes,Morretes,0.2192897345338292,208,869,75003.68221943991,0.8758209544768257,2,1,0,0,1,0,1,1,1,0,1,0,1,0,0,0,0,0,0,1,6,2,4,2.0,2.0,3.0,260.0,270.0,300.0,0.11111111111111116,1.0,1.0,0.0,,0.45945945945945943,,Famílias
831740758559247685,0.9332952443589684,86090.20520023124,874.8478224986488,105,3,5,apartamento,21,5.0,False,350.0,30,0,2.0,True,False,Meia Praia,Meia Praia (beach band),0.0350115594505401,306,1867,172381.33916895144,0.8399657199230717,3,1,0,0,1,0,1,1,1,0,0,0,0,0,0,0,0,0,0,0,5,3,5,2.0,1.6666666666666667,1.6666666666666667,350.0,800.0,800.0,0.0,1.0,1.0,0.0,,0.5405405405405406,,Alto padrão e frente-mar
832123000813215722,0.4268464419511398,25172.639837719864,538.607768004787,105,0,4,apartamento,13,4.849999904632568,False,120.0,10,0,1.0,False,False,Meia Praia,Meia Praia (beach band),0.2946488753890321,393,1706,50404.03092955098,0.3841617977560259,0,0,0,1,0,0,0,1,0,0,1,0,1,1,0,0,0,0,0,1,4,0,1,1.0,1.0,4.0,120.0,530.0,490.0,-0.07547169811320753,0.8518518518518519,0.8333333333333334,-0.01851851851851849,0.6428571428571428,0.0,0.6428571428571428,Casais e escapadas curtas
836385234465202348,0.9280844170716496,99760.13374421564,1019.1142666775048,105,3,7,apartamento,16,5.0,True,380.0,24,0,4.0,True,True,Meia Praia,Meia Praia (beach band),0.1538064308111269,362,1712,199753.10095387485,0.8352759753644847,3,0,0,0,1,0,1,1,0,0,1,0,1,0,0,0,0,0,0,0,7,3,4,4.0,1.3333333333333333,2.3333333333333335,380.0,845.0,1244.5,0.4727810650887574,0.7777777777777778,0.8333333333333334,0.05555555555555558,0.7142857142857143,0.7027027027027026,0.011583011583011671,Famílias
836415940545761422,0.697809262595218,39875.153880804,533.2995350104483,105,1,4,apartamento,14,4.929999828338623,False,200.0,18,0,1.0,True,False,Meia Praia,Meia Praia (inland),0.3642136668467927,393,1770,79843.3736980167,0.6280283363356962,1,0,0,0,0,0,0,0,0,0,1,0,1,1,0,0,0,0,0,1,4,1,1,1.0,1.0,4.0,200.0,490.0,490.0,0.0,1.0,1.0,0.0,0.8214285714285714,0.3513513513513513,0.4700772200772201,Casais e escapadas curtas
837646263953285868,0.7813712499336896,41764.95911331828,501.8278878053073,105,2,7,apartamento,24,5.0,False,250.0,46,0,2.0,True,False,Meia Praia,Meia Praia (beach band),0.2488720195134917,396,1675,83627.39484178822,0.7032341249403207,2,0,1,0,1,0,1,1,0,0,1,0,1,1,0,0,0,0,0,1,7,2,3,2.0,1.5,3.5,250.0,445.0,516.0,0.15955056179775284,0.9259259259259259,0.8333333333333334,-0.09259259259259256,0.7857142857142857,0.10810810810810811,0.6776061776061776,Famílias
837846012155525926,0.8735482489270454,40410.52878905019,437.04140925605674,105,3,9,apartamento,10,4.599999904632568,False,350.0,22,0,2.0,False,False,Meia Praia,Meia Praia (beach band),0.2256187355365421,269,1191,80915.37304365987,0.7861934240343409,3,0,0,0,1,0,0,1,0,0,1,0,0,0,0,0,0,0,0,0,9,3,5,2.0,1.6666666666666667,3.0,350.0,400.0,400.0,0.0,1.0,1.0,0.0,,0.4054054054054054,,Grupos e amigos
841394344184198064,0.9483014700668309,69443.97884096773,695.183919188393,105,3,8,apartamento,39,4.900000095367432,False,290.0,31,0,4.0,True,False,Centro,Centro,0.1978623904893692,166,635,139050.035273864,0.8534713230601477,3,0,1,1,1,0,1,1,0,0,1,0,1,0,0,0,0,0,0,1,8,3,3,4.0,1.0,2.6666666666666665,290.0,600.0,600.0,0.0,1.0,1.0,0.0,0.9642857142857143,0.5405405405405406,0.42374517374517373,Grupos e amigos
844864653127085626,0.6123162943882362,72021.2713389888,1090.6737761765382,105,3,8,apartamento,15,5.0,False,370.0,39,0,3.0,True,False,Meia Praia,Meia Praia (beach band),0.0146919306422077,211,1587,144210.63549784594,0.5510846649494126,3,0,0,0,1,0,1,1,1,0,1,0,1,0,1,0,0,0,1,0,8,3,6,3.0,2.0,2.6666666666666665,370.0,1090.0,1067.3334,-0.02079504587155967,0.8148148148148149,1.0,0.18518518518518512,0.8928571428571429,0.0,0.8928571428571429,Alto padrão e frente-mar
850675824952359571,0.590250964970842,51183.96476286656,802.7148526453879,105,3,8,apartamento,27,4.699999809265137,True,200.0,30,0,2.0,False,False,Meia Praia,Meia Praia (beach band),0.3427685914427816,407,1892,102487.38946873436,0.5312258684737577,3,0,0,0,1,0,0,0,0,0,1,0,0,0,1,0,0,0,0,0,8,3,4,2.0,1.3333333333333333,2.6666666666666665,200.0,802.0,802.0,0.0,0.7777777777777778,0.41666666666666663,-0.36111111111111116,0.6071428571428572,0.5405405405405406,0.06660231660231664,Grupos e amigos
850931966820064700,0.8869894212288664,81062.26187747443,864.1694397030906,105,3,7,apartamento,18,5.0,False,300.0,26,0,3.0,True,False,Meia Praia,Meia Praia (beach band),0.0902285916548821,334,1896,162313.71764073515,0.7982904791059797,3,0,0,0,1,0,1,1,0,0,1,0,1,0,0,0,0,0,0,1,7,3,4,3.0,1.3333333333333333,2.3333333333333335,300.0,720.0,720.0,0.0,0.9259259259259259,1.0,0.07407407407407407,0.8928571428571429,0.0,0.8928571428571429,Famílias
856482117556875618,0.9817463193227568,46735.00111155654,452.8602462920658,105,2,6,apartamento,26,4.960000038146973,False,250.0,26,0,2.0,True,True,Meia Praia,Meia Praia (beach band),0.0828427072385393,304,1596,93579.07858315698,0.8835716873904812,2,0,0,0,1,0,1,1,0,0,1,0,1,1,0,0,0,0,1,1,6,2,2,2.0,1.0,3.0,250.0,370.0,370.0,0.0,1.0,1.0,0.0,,0.29729729729729726,,Famílias
859653300578357102,0.7690894867653034,58313.64039116325,711.2467424149004,105,2,4,apartamento,26,5.0,True,250.0,47,0,4.0,True,False,Morretes,Morretes,0.4136435812585379,186,745,116763.38091035678,0.6921805380887731,2,0,0,0,0,0,0,0,1,0,1,0,0,0,0,0,0,0,0,0,4,2,2,4.0,1.0,2.0,250.0,702.0,702.0,0.0,0.8518518518518519,0.8333333333333334,-0.01851851851851849,0.7857142857142857,0.5405405405405406,0.24517374517374513,Casais e escapadas curtas
859925561562240250,0.9591873409129884,78194.37996914968,774.4289745275545,105,3,8,apartamento,5,5.0,False,300.0,26,0,3.0,True,False,Meia Praia,Meia Praia (beach band),0.0992055633030818,407,1899,156571.26037993983,0.8632686068216897,3,0,0,0,0,0,1,1,0,0,1,0,1,0,0,0,0,0,0,1,8,3,3,3.0,1.0,2.6666666666666665,300.0,704.0,704.0,0.0,1.0,1.0,0.0,,0.7297297297297297,,Grupos e amigos
863830918159371125,0.6586235574857771,24580.948607398263,347.2992304477988,105,3,6,apartamento,44,4.730000019073486,True,60.0,10,0,1.0,False,True,Casa Branca,Casa Branca,0.764167189134033,40,629,49219.26750123605,0.5927612017371994,3,0,0,0,0,0,0,0,0,0,1,0,0,0,0,0,0,0,0,1,6,3,5,1.0,1.6666666666666667,2.0,60.0,263.0,348.0,0.3231939163498099,1.0,0.5,-0.5,0.9285714285714286,0.0,0.9285714285714286,Famílias
869504505210568410,0.4278604509662577,56881.91843113561,1214.299158509073,105,2,5,apartamento,6,5.0,False,350.0,17,0,2.0,True,False,Centro,Centro,0.162444153189704,236,738,113896.59544721217,0.3850744058696319,2,0,0,0,1,0,0,1,0,0,1,0,0,1,0,0,0,0,1,0,5,2,2,2.0,1.0,2.5,350.0,1250.0,1250.0,0.0,0.6666666666666667,0.5,-0.16666666666666674,0.8214285714285714,0.0,0.8214285714285714,Alto padrão e frente-mar
871084107630048364,0.8786909704487034,47708.70046371107,513.125417828552,105,2,6,apartamento,44,5.0,False,99.0,30,0,2.0,True,False,Meia Praia,Meia Praia (beach band),0.312577057069259,386,1686,95528.74983648892,0.790821873403833,2,0,0,0,1,0,0,1,0,0,1,0,1,0,0,0,0,0,0,0,6,2,2,2.0,1.0,3.0,99.0,450.0,450.0,0.0,1.0,1.0,0.0,,0.0,,Famílias
873125740517449213,0.5826529146296942,31119.346263808704,494.11204274221535,105,2,5,apartamento,19,4.840000152587891,True,400.0,28,0,1.0,True,True,Morretes,Morretes,1.85348969014795,13,119,62311.322995931725,0.5243876231667247,2,0,0,0,1,0,1,0,0,0,1,0,1,0,1,0,0,0,0,0,5,2,3,1.0,1.5,2.5,400.0,446.0,495.0,0.10986547085201792,0.9259259259259259,0.5833333333333333,-0.34259259259259267,0.75,0.0,0.75,Famílias
873255393900331818,0.5902509649708418,45833.92589760701,718.8105345787741,105,3,6,apartamento,20,4.75,True,200.0,36,0,2.0,False,True,Meia Praia,Meia Praia (inland),0.4598326850773976,281,1950,91774.82510610578,0.5312258684737576,3,0,0,0,1,0,1,0,0,0,1,0,1,1,1,0,0,0,0,1,6,3,3,2.0,1.0,2.0,200.0,535.0,625.0,0.16822429906542058,0.962962962962963,0.9166666666666666,-0.04629629629629639,0.9285714285714286,0.0,0.9285714285714286,Famílias
873260132509992833,0.9891555436037072,39877.75853691644,383.6954410980893,105,2,6,apartamento,13,4.849999904632568,False,200.0,22,0,2.0,True,True,Morretes,Morretes,0.3770259855440054,155,693,79848.58908933436,0.8902399892433365,2,0,1,0,1,0,0,1,0,0,1,0,0,1,0,0,0,0,0,1,6,2,3,2.0,1.5,3.0,200.0,400.0,400.0,0.0,1.0,1.0,0.0,,,,Famílias
881204142086821328,0.8108049645252923,52823.860115499774,612.9104405486003,105,3,7,apartamento,43,4.980000019073486,False,200.0,29,0,2.0,True,True,Meia Praia,Meia Praia (beach band),0.3161818090530893,243,1184,105771.00757983504,0.729724468072763,3,1,1,0,1,0,1,1,0,0,1,0,1,1,1,0,0,0,0,0,7,3,3,2.0,1.0,2.3333333333333335,200.0,550.0,600.0,0.09090909090909083,0.9259259259259259,1.0,0.07407407407407407,0.7857142857142857,0.0,0.7857142857142857,Famílias
892662939259281401,0.9841800530112216,130054.13971543456,1257.2926808759807,105,4,10,apartamento,14,4.789999961853027,False,350.0,19,0,0.0,False,True,Meia Praia,Meia Praia (beach band),0.3427685914427816,407,1892,260411.81707570492,0.8857620477100995,4,0,1,0,1,0,1,1,0,0,1,0,1,0,0,0,0,0,0,1,10,4,5,0.0,1.25,2.5,350.0,1500.0,1500.0,0.0,0.7777777777777778,0.75,-0.02777777777777779,0.5357142857142857,,,Alto padrão e frente-mar
892721989592935461,0.896597240196132,40201.17562630707,424.24077086820125,105,2,6,apartamento,26,5.0,False,220.0,22,0,2.0,True,False,Centro,Centro,0.1978623904893692,166,635,80496.17810192429,0.8069375161765188,2,0,0,0,1,0,0,1,0,0,1,0,0,1,0,0,0,0,0,1,6,2,4,2.0,2.0,3.0,220.0,350.0,375.0,0.0714285714285714,0.8888888888888888,1.0,0.11111111111111116,0.9285714285714286,0.10810810810810811,0.8204633204633205,Famílias
894985131313802009,0.7604888631415769,57087.86301653339,703.7444425038146,105,3,8,apartamento,6,4.329999923706055,True,484.0,35,0,2.0,False,True,Meia Praia,Meia Praia (beach band),0.2506691231985902,452,1990,114308.96527886596,0.6844399768274193,3,0,0,0,1,0,1,1,0,0,1,0,1,1,1,0,0,0,0,1,8,3,3,2.0,1.0,2.6666666666666665,484.0,627.0,680.0,0.08452950558213712,1.0,1.0,0.0,,0.0,,Grupos e amigos
897144549301156856,0.9845354011753104,87868.77417675254,849.1796126206261,105,3,6,apartamento,10,5.0,False,200.0,15,0,2.0,True,False,Meia Praia,Meia Praia (beach band),0.1409330281430581,429,1915,175942.62818277144,0.8860818610577794,3,0,0,0,1,0,0,0,0,0,1,0,0,0,0,0,0,0,0,1,6,3,4,2.0,1.3333333333333333,2.0,200.0,850.0,850.0,0.0,0.6296296296296297,0.9166666666666666,0.287037037037037,0.7142857142857143,,,Famílias
900757690500508426,0.9087751634211992,66243.80898252515,690.2446045994101,105,2,8,apartamento,22,4.949999809265137,True,350.0,35,0,2.0,True,False,Meia Praia,Meia Praia (beach band),0.0290402238207169,135,726,132642.22657503,0.8178976470790793,2,0,0,0,1,0,0,1,0,0,1,0,0,0,0,0,0,0,1,1,8,2,2,2.0,1.0,4.0,350.0,475.0,795.0,0.6736842105263159,0.9259259259259259,1.0,0.07407407407407407,0.9285714285714286,0.08108108108108103,0.8474903474903476,Grupos e amigos
902324773092897293,0.994522819030821,105535.09853027298,1010.2910483366476,105,3,6,apartamento,13,5.0,False,250.0,10,0,2.0,True,False,Meia Praia,Meia Praia (beach band),0.0702769929207176,284,1681,211316.50890671625,0.8950705371277389,3,0,0,0,1,0,0,1,0,0,1,0,0,0,0,0,0,0,1,1,6,3,3,2.0,1.0,2.0,250.0,1250.0,1293.75,0.03499999999999992,0.4444444444444444,0.33333333333333337,-0.11111111111111105,0.5357142857142857,,,Famílias
904512525045117852,0.9267324243210404,56346.08601306928,576.4015991105288,105,3,8,apartamento,41,5.0,False,180.0,19,0,2.0,True,False,Meia Praia,Meia Praia (beach band),0.2273677810993427,368,1710,112823.68001413146,0.8340591818889364,3,0,1,0,1,0,1,1,0,0,1,0,0,0,0,0,0,0,1,1,8,3,4,2.0,1.3333333333333333,2.6666666666666665,180.0,600.0,667.7,0.11283333333333334,1.0,1.0,0.0,0.8928571428571429,0.45945945945945943,0.4333976833976835,Grupos e amigos
906701409648697471,0.8577457708953795,55797.773954560274,613.9291993539063,105,2,6,apartamento,26,4.960000038146973,False,200.0,30,0,2.0,True,False,Meia Praia,Meia Praia (beach band),0.089257796365342,283,1302,111725.7761735211,0.7719711938058416,2,0,1,0,1,0,0,1,0,0,1,0,0,1,0,0,0,0,1,1,6,2,3,2.0,1.5,3.0,200.0,598.0,598.0,0.0,1.0,1.0,0.0,,0.0,,Famílias
910707550951342167,0.9935454453473088,83175.26268539592,796.9748530030515,105,4,8,apartamento,12,5.0,False,0.0,25,0,4.0,True,True,Meia Praia,Meia Praia (beach band),0.2272790090758343,401,1654,166544.65085883375,0.894190900812578,4,0,1,0,1,0,1,1,0,0,1,1,1,0,0,0,0,1,0,1,8,4,4,4.0,1.0,2.0,0.0,2000.0,,,1.0,1.0,0.0,,0.9459459459459459,,Grupos e amigos
910815231577364751,0.8743206531008926,47280.01953687605,510.9095157754364,105,1,5,apartamento,38,4.96999979019165,False,150.0,17,0,1.0,True,False,Meia Praia,Meia Praia (inland),0.4415690297039936,322,1721,94670.38747026924,0.7868885877908033,1,0,1,1,1,0,0,0,0,0,1,0,0,1,0,0,0,0,0,0,5,1,2,1.0,2.0,5.0,150.0,450.0,547.0,0.2155555555555555,0.6666666666666667,0.6666666666666667,0.0,0.5357142857142857,0.18918918918918914,0.34652509652509655,Casais e escapadas curtas
911476333007658783,0.8720773068934268,24088.81547916059,260.935543528157,105,2,8,apartamento,65,4.630000114440918,False,160.0,23,0,2.0,False,False,Meia Praia,Meia Praia (beach band),0.2753068521293808,252,1205,48233.85263902606,0.7848695762040842,2,0,0,0,0,0,0,0,0,0,1,0,0,0,0,0,0,0,0,0,8,2,2,2.0,1.0,4.0,160.0,250.0,200.0,-0.19999999999999996,0.8518518518518519,1.0,0.14814814814814814,0.8571428571428572,0.1351351351351351,0.7220077220077221,Grupos e amigos
913929715874853789,0.8073711481947549,89182.199030815,1038.9293346211166,105,4,9,apartamento,27,4.889999866485596,False,400.0,115,0,3.0,False,False,Meia Praia,Meia Praia (inland),0.4555934039338818,337,1874,178572.5433364696,0.7266340333752794,4,0,1,0,1,0,0,0,0,0,1,0,0,0,1,0,0,1,0,1,9,4,6,3.0,1.5,2.25,400.0,909.0,899.0,-0.011001100110010986,0.8148148148148149,0.9166666666666666,0.10185185185185175,0.8571428571428572,0.0,0.8571428571428572,Grupos e amigos
914342944500490787,0.8907017369346665,67826.77050572347,720.2328166119324,105,3,8,apartamento,5,5.0,False,300.0,18,0,4.0,True,False,Meia Praia,Meia Praia (beach band),0.2375906816429286,456,1988,135811.84414751915,0.8016315632411999,3,0,0,0,0,0,1,1,0,0,1,0,1,1,0,0,0,1,0,1,8,3,3,4.0,1.0,2.6666666666666665,300.0,583.0,609.0,0.04459691252144071,1.0,1.0,0.0,,0.3783783783783784,,Grupos e amigos
915332897455058900,0.6426180870495567,77606.60153203973,1122.4407106021245,105,3,6,apartamento,32,4.71999979019165,True,472.0,13,0,3.0,False,True,Meia Praia,Meia Praia (beach band),0.1118840470066417,348,1908,155394.33167024524,0.578356278344601,3,0,0,0,1,0,1,0,0,0,1,0,1,1,1,0,0,0,1,1,6,3,3,3.0,1.0,2.0,472.0,902.0,1161.0,0.28713968957871394,0.8888888888888888,0.5,-0.38888888888888884,0.8928571428571429,0.0,0.8928571428571429,Alto padrão e frente-mar
916052715744473224,0.849976093714679,97051.73663350614,1077.03882914018,105,3,6,apartamento,12,4.920000076293945,False,300.0,20,0,4.0,True,False,Meia Praia,Meia Praia (beach band),0.2256187362117357,269,1191,194329.9855151377,0.7649784843432111,3,0,1,0,1,0,0,1,0,0,1,0,0,0,0,0,0,0,0,0,6,3,3,4.0,1.0,2.0,300.0,1150.0,1150.0,0.0,0.0,0.0,0.0,0.0,,,Alto padrão e frente-mar
923133320997277084,0.8697940030607494,39739.34389878611,431.5305360866078,105,0,4,apartamento,24,5.0,False,150.0,12,0,1.0,True,True,Meia Praia,Meia Praia (beach band),0.2217976688882643,391,1693,79571.43676258596,0.7828146027546745,0,0,0,1,1,0,0,0,0,0,1,0,0,1,0,0,0,0,0,0,4,0,2,1.0,2.0,4.0,150.0,487.5,550.0,0.1282051282051282,0.9259259259259259,0.8333333333333334,-0.09259259259259256,0.9285714285714286,0.5135135135135135,0.4150579150579151,Casais e escapadas curtas
929120660817262874,0.1166114251458371,9867.873458358894,750.9694579332117,105,3,6,apartamento,4,5.0,False,280.0,13,0,2.0,False,True,Centro,Centro,0.3345269617533189,234,736,19758.77787194645,0.1049502826312534,3,0,1,0,1,0,0,0,0,0,1,0,1,0,0,0,0,0,0,0,6,3,3,2.0,1.0,2.0,280.0,699.0,749.0,0.07153075822603716,0.37037037037037035,0.41666666666666663,0.04629629629629628,0.25,0.0,0.25,Famílias
939218400123538892,0.9338748496409324,43946.4762784469,446.3229805518526,105,2,5,apartamento,6,5.0,False,120.0,25,0,1.0,True,True,Casa Branca,Casa Branca,0.7873197349322042,23,642,87995.5206868863,0.8404873646768393,2,0,1,0,0,0,0,1,0,0,1,0,0,1,0,0,0,0,0,0,5,2,3,1.0,1.5,2.5,120.0,350.0,550.0,0.5714285714285714,1.0,1.0,0.0,,0.6486486486486487,,Famílias
939325387438995809,0.7325537646344734,115617.44480877325,1476.6728377811994,105,4,13,apartamento,4,5.0,False,400.0,20,0,5.0,False,False,Meia Praia,Meia Praia (beach band),0.1205386102231004,156,610,231504.73298413196,0.659298388171026,4,0,0,0,1,0,0,0,0,0,1,0,1,0,0,0,0,0,0,0,13,4,5,5.0,1.25,3.25,400.0,1200.0,1200.0,0.0,0.4444444444444444,0.33333333333333337,-0.11111111111111105,0.4642857142857143,0.0,0.4642857142857143,Alto padrão e frente-mar
939698664229028471,0.949347887483916,36391.55438238533,363.9280096415343,105,2,6,apartamento,20,4.949999809265137,False,250.0,28,0,2.0,True,True,Morretes,Morretes,0.3312433682221311,198,820,72868.04421344853,0.8544130987355244,2,0,0,0,1,0,0,0,0,0,1,0,0,0,0,0,0,0,0,1,6,2,3,2.0,1.5,3.0,250.0,300.0,300.0,0.0,0.9259259259259259,0.9166666666666666,-0.0092592592592593,0.8928571428571429,0.29729729729729726,0.5955598455598456,Famílias
944320965810800803,0.3394127830647515,34391.24558922707,918.2677910290298,105,3,7,apartamento,8,5.0,False,380.0,29,0,2.0,True,False,Meia Praia,Meia Praia (beach band),0.1176064503880355,156,676,68862.75804048534,0.3054715047582763,3,0,0,0,1,0,1,1,0,0,1,0,0,0,0,0,0,0,1,0,7,3,5,2.0,1.6666666666666667,2.3333333333333335,380.0,900.0,895.0,-0.005555555555555536,0.8148148148148149,0.8333333333333334,0.01851851851851849,0.6428571428571428,0.0,0.6428571428571428,Famílias
946451380352813662,0.9814501230530818,125723.44677665376,1218.6003123986798,105,3,6,apartamento,5,5.0,False,300.0,29,0,3.0,True,False,Meia Praia,Meia Praia (beach band),0.1459382021781123,228,1125,251740.3236511016,0.8833051107477736,3,0,0,0,1,0,1,1,1,0,1,0,0,1,0,0,0,0,0,0,6,3,4,3.0,1.3333333333333333,2.0,300.0,1100.0,1100.0,0.0,0.7407407407407407,0.6666666666666667,-0.07407407407407396,0.7142857142857143,0.45945945945945943,0.25482625482625487,Alto padrão e frente-mar
946609581890906389,0.960897661693154,48500.338872174994,479.5388251361525,105,3,7,apartamento,33,4.909999847412109,False,270.0,137,0,2.0,True,False,Meia Praia,Meia Praia (beach band),0.277517981354103,408,1835,97113.87428440026,0.8648078955238385,3,0,0,1,1,0,1,1,0,0,1,0,1,0,0,0,0,0,0,1,7,3,3,2.0,1.0,2.3333333333333335,270.0,397.0,394.0,-0.007556675062972307,1.0,1.0,0.0,,0.2702702702702703,,Famílias
950059146531590785,0.9814486442248288,43038.64560066307,417.1614963740614,105,2,5,apartamento,8,4.880000114440918,False,100.0,16,0,2.0,False,False,Tabuleiro dos Oliveiras,Tabuleiro dos Oliveiras,0.3839162245771522,81,399,86177.7405153667,0.8833037798023459,2,0,0,0,1,0,1,1,1,0,1,0,1,1,0,0,0,0,0,1,5,2,3,2.0,1.5,2.5,100.0,397.0,397.0,0.0,1.0,1.0,0.0,,,,Famílias
956398979498945273,0.9332952443589684,55644.271277697066,565.4565400163157,105,3,8,apartamento,17,5.0,False,250.0,19,0,3.0,True,False,Meia Praia,Meia Praia (beach band),0.282027389712893,265,1208,111418.41255483586,0.8399657199230717,3,0,0,0,1,0,1,1,0,0,1,0,1,1,0,0,0,0,0,1,8,3,3,3.0,1.0,2.6666666666666665,250.0,500.0,500.0,0.0,1.0,1.0,0.0,,0.16216216216216217,,Grupos e amigos
956676934234107014,0.972384499412136,53249.12520590178,520.646236638353,105,3,9,apartamento,47,4.940000057220459,False,210.0,26,0,2.0,True,False,Meia Praia,Meia Praia (beach band),0.1205386081751011,156,610,106622.53030085542,0.8751460494709224,3,0,1,0,1,0,1,1,0,0,1,0,0,1,0,0,0,0,0,0,9,3,6,2.0,2.0,3.0,210.0,585.0,612.0,0.04615384615384621,1.0,1.0,0.0,0.7857142857142857,0.8648648648648649,-0.07915057915057921,Grupos e amigos
957349094500016515,0.4456950531227842,33290.986117671404,683.2956904634333,105,2,6,apartamento,11,4.909999847412109,False,200.0,15,0,2.0,True,True,Centro,Centro,0.3613412406474138,145,603,66659.67116551551,0.4011255478105058,2,0,0,0,1,0,0,0,0,0,1,0,1,1,0,0,0,0,0,1,6,2,2,2.0,1.0,3.0,200.0,699.0,699.0,0.0,0.7777777777777778,0.75,-0.02777777777777779,0.6785714285714286,0.0,0.6785714285714286,Famílias
963040775940890055,0.4824144140509576,37380.995046340686,711.0501426448931,105,2,5,apartamento,37,4.920000076293945,True,400.0,12,0,2.0,True,True,Tabuleiro dos Oliveiras,Tabuleiro dos Oliveiras,0.2227215863767762,94,595,74849.23482954875,0.4341729726458619,2,0,0,0,1,0,1,0,0,0,1,0,1,1,1,0,0,0,0,0,5,2,2,2.0,1.0,2.5,400.0,644.0,687.0,0.06677018633540377,0.8888888888888888,0.8333333333333334,-0.05555555555555547,0.8571428571428572,0.0,0.8571428571428572,Famílias
963916345061155113,0.9294162864128932,127654.7450232868,1302.317852917918,105,3,13,apartamento,18,5.0,True,300.0,33,0,3.0,True,False,Meia Praia,Meia Praia (beach band),0.1740872990532667,316,1332,255607.4276650245,0.836474657771604,3,0,0,0,1,0,1,1,0,0,1,1,1,1,1,0,0,0,0,0,13,3,7,3.0,2.3333333333333335,4.333333333333333,300.0,1450.0,1560.0,0.07586206896551717,0.962962962962963,0.9166666666666666,-0.04629629629629639,0.9285714285714286,0.6216216216216216,0.306949806949807,Alto padrão e frente-mar
964579064376617710,0.7011267205731668,63824.6147119132,849.7727348447971,105,3,8,apartamento,4,5.0,True,456.0,35,0,0.0,False,True,Meia Praia,Meia Praia (inland),0.5111312515247619,323,1758,127798.19179653208,0.6310140485158502,3,0,0,0,1,0,1,0,0,0,1,0,1,1,0,0,0,0,0,0,8,3,3,0.0,1.0,2.6666666666666665,456.0,732.0,784.0,0.0710382513661203,1.0,0.8333333333333334,-0.16666666666666663,0.8928571428571429,0.0,0.8928571428571429,Famílias
965310801955633109,0.8038702821231064,46208.05708315116,540.5157494373666,105,2,6,apartamento,14,5.0,False,250.0,9,0,2.0,True,False,Meia Praia,Meia Praia (beach band),0.070276989397662,284,1681,92523.9606743039,0.7234832539107958,2,0,0,0,1,0,0,0,0,0,1,0,1,0,0,0,0,0,1,1,6,2,2,2.0,1.0,3.0,250.0,500.0,500.0,0.0,1.0,1.0,0.0,,0.0,,Famílias
966687088388761169,0.1166114251458371,10562.756615358594,803.8517764936455,105,3,6,apartamento,14,5.0,False,350.0,8,0,3.0,True,False,Meia Praia,Meia Praia (inland),0.6560224439536199,213,1444,21150.165996657703,0.1049502826312534,3,0,1,0,0,0,0,1,0,0,1,1,1,0,0,0,0,0,0,1,6,3,3,3.0,1.0,2.0,350.0,850.0,850.0,0.0,0.40740740740740744,0.33333333333333337,-0.07407407407407407,0.2857142857142857,0.0,0.2857142857142857,Famílias
968213956640500474,0.3980808194408835,22524.79216317867,515.4842023131837,105,2,6,apartamento,37,5.0,False,300.0,39,0,2.0,True,False,Morretes,Morretes,0.3067118935147268,224,974,45102.15568147598,0.3582727374967951,2,0,0,0,1,0,1,1,0,0,1,0,1,1,0,0,0,0,0,0,6,2,3,2.0,1.5,3.0,300.0,498.0,473.0,-0.050200803212851364,0.7407407407407407,0.8333333333333334,0.09259259259259267,0.7142857142857143,0.08108108108108103,0.6332046332046333,Famílias
970445468070597218,0.993434233208031,45362.59580313858,434.7043368303791,105,2,6,apartamento,7,5.0,,0.0,9,0,1.0,True,,Morretes,Morretes,0.4143981020473671,194,989,90831.06486432072,0.894090809887228,2,0,0,0,1,0,1,0,0,0,1,0,0,1,0,0,0,0,0,1,6,2,3,1.0,1.5,3.0,0.0,570.0,,,0.7777777777777778,1.0,0.2222222222222222,0.9285714285714286,,,Famílias
973272705231391942,0.8688620253188852,27949.538998469154,303.81156965361816,105,2,4,apartamento,12,4.920000076293945,False,120.0,12,0,1.0,True,True,Meia Praia,Meia Praia (beach band),0.2227178966903693,353,1502,55964.310347560946,0.7819758227869967,2,0,0,1,1,0,0,1,0,0,1,0,0,1,0,0,0,0,0,1,4,2,3,1.0,1.5,2.0,120.0,240.0,240.0,0.0,1.0,1.0,0.0,,0.5405405405405406,,Casais e escapadas curtas
978095320445301654,0.5261365797751555,53715.788885736336,940.246795670282,105,3,8,apartamento,17,4.880000114440918,False,250.0,35,0,3.0,True,True,Meia Praia,Meia Praia (inland),0.4555934043594409,337,1874,107556.94682227376,0.4735229217976399,3,0,0,0,0,0,1,1,0,0,1,0,1,1,1,0,0,0,0,1,8,3,4,3.0,1.3333333333333333,2.6666666666666665,250.0,900.0,900.0,0.0,0.8518518518518519,1.0,0.14814814814814814,0.8214285714285714,0.0,0.8214285714285714,Grupos e amigos
978244263452010977,0.896597240196132,52943.681618310045,558.7117280136057,105,2,6,apartamento,33,4.940000057220459,False,200.0,15,0,1.0,True,False,Meia Praia,Meia Praia (beach band),0.1740872990532667,316,1332,106010.93024081177,0.8069375161765188,2,0,0,0,1,0,0,1,0,0,1,0,1,0,1,0,0,0,0,1,6,2,2,1.0,1.0,3.0,200.0,480.0,650.0,0.35416666666666674,0.8148148148148149,1.0,0.18518518518518512,0.8928571428571429,0.2432432432432432,0.6496138996138997,Famílias
978410400232267791,0.9443278896355404,42409.29916638804,426.2266630280174,105,2,6,apartamento,5,5.0,False,250.0,32,0,2.0,False,False,Centro,Centro,0.1995921496519867,153,557,84917.57879442282,0.8498951006719864,2,0,0,0,1,0,0,1,0,0,1,0,1,0,1,0,0,0,0,1,6,2,4,2.0,2.0,3.0,250.0,400.0,400.0,0.0,1.0,1.0,0.0,,0.5405405405405406,,Famílias
980310639590708922,0.4077271929720012,29537.635463903207,660.540225832125,105,2,4,apartamento,21,4.860000133514404,True,400.0,18,0,2.0,True,True,Meia Praia,Meia Praia (inland),0.656022443630634,213,1444,59144.209789132554,0.3669544736748011,2,0,0,0,1,0,1,0,0,0,1,0,0,1,0,0,0,0,1,0,4,2,2,2.0,1.0,2.0,400.0,594.0,631.5,0.06313131313131315,0.9259259259259259,0.8333333333333334,-0.09259259259259256,0.5,0.0,0.5,Casais e escapadas curtas
980365989956218871,0.4641194570594341,76584.03402168826,1511.851983244078,105,3,9,apartamento,10,4.900000095367432,True,449.0,155,0,3.0,True,True,Meia Praia,Meia Praia (beach band),0.3406067990922498,374,1649,153346.81004551376,0.4177075113534906,3,1,1,0,1,0,1,0,0,0,1,0,0,0,0,0,0,0,0,0,9,3,3,3.0,1.0,3.0,449.0,1582.0,1582.0,0.0,1.0,1.0,0.0,0.5357142857142857,0.3783783783783784,0.1573359073359073,Alto padrão e frente-mar
982642009007231841,0.866091748912854,25729.17803240767,280.5193454822651,105,1,4,apartamento,24,4.880000114440918,False,135.0,13,0,1.0,True,False,Centro,Centro,0.1909433491263223,180,745,51518.40624176939,0.7794825740215686,1,0,0,0,0,0,1,1,0,0,0,0,0,0,0,0,0,0,0,1,4,1,3,1.0,3.0,4.0,135.0,238.0,238.0,0.0,1.0,1.0,0.0,0.8214285714285714,0.3513513513513513,0.4700772200772201,Casais e escapadas curtas
983188724209547131,0.6194281960088358,59403.60570727549,889.754038616941,105,3,8,apartamento,13,4.849999904632568,False,300.0,14,0,0.0,True,True,Meia Praia,Meia Praia (inland),0.4929299672911651,323,1585,118945.85544857092,0.5574853764079523,3,0,0,0,1,0,0,1,0,0,1,1,1,0,0,0,0,0,0,1,8,3,3,0.0,1.0,2.6666666666666665,300.0,1000.0,1000.0,0.0,0.8148148148148149,0.8333333333333334,0.01851851851851849,0.75,0.2702702702702703,0.4797297297297297,Famílias
985716714802993034,0.9151393032203076,45410.10978577681,470.0649614765549,105,2,4,apartamento,12,5.0,False,290.0,26,0,2.0,True,False,Morretes,Morretes,0.6319572859414044,64,1136,90926.20372404788,0.823625372898277,2,0,1,0,1,0,0,1,0,0,1,0,0,1,1,0,0,0,0,0,4,2,2,2.0,1.0,2.0,290.0,500.0,500.0,0.0,1.0,1.0,0.0,,0.0,,Casais e escapadas curtas
986245345084467584,0.3295729381379353,32343.551655789954,888.5815876661939,105,3,8,apartamento,8,5.0,False,250.0,29,0,3.0,True,True,Meia Praia,Meia Praia (inland),0.6029166964744271,250,1831,64762.59099322315,0.2966156443241418,3,0,0,0,1,0,1,1,0,0,1,0,0,1,0,0,0,0,0,1,8,3,4,3.0,1.3333333333333333,2.6666666666666665,250.0,900.0,800.0,-0.11111111111111116,0.7777777777777778,0.75,-0.02777777777777779,0.6785714285714286,0.0,0.6785714285714286,Grupos e amigos
986407426689940399,0.9357879473627332,33536.84473419613,339.947259708394,105,2,5,apartamento,25,4.840000152587891,True,300.0,21,0,2.0,True,False,Meia Praia,Meia Praia (beach band),0.3044446831530976,229,1124,67151.96221609654,0.84220915262646,2,0,1,0,1,0,1,1,0,0,1,0,0,1,0,0,0,0,0,1,5,2,3,2.0,1.5,2.5,300.0,300.0,300.0,0.0,1.0,0.8333333333333334,-0.16666666666666663,0.9642857142857143,0.08108108108108103,0.8832046332046333,Famílias
991407580891691701,0.8038702821231064,60531.83197966204,708.0671768654365,105,3,6,apartamento,11,4.550000190734863,True,439.0,29,0,2.0,False,True,Meia Praia,Meia Praia (beach band),0.2375906819369832,456,1988,121204.94119784112,0.7234832539107958,3,0,0,0,1,0,1,1,0,0,1,0,1,1,1,0,0,0,0,0,6,3,3,2.0,1.0,2.0,439.0,627.0,667.0,0.06379585326953752,0.962962962962963,1.0,0.03703703703703698,0.8214285714285714,0.0,0.8214285714285714,Famílias
996227938456591020,0.5569878542192942,21434.96305516837,355.301775166826,105,2,6,apartamento,10,5.0,False,150.0,12,0,2.0,True,False,Tabuleiro dos Oliveiras,Tabuleiro dos Oliveiras,0.5325130925004535,51,468,42919.95387736626,0.5012890687973648,2,0,1,0,1,0,0,0,0,0,1,0,1,0,0,0,0,0,0,1,6,2,2,2.0,1.0,3.0,150.0,350.0,350.0,0.0,0.5555555555555556,0.5,-0.05555555555555558,0.7857142857142857,0.0,0.7857142857142857,Famílias
999226382307972271,0.3688728975905608,19187.66527610172,472.6577753474099,105,2,5,apartamento,16,4.809999942779541,False,200.0,15,0,2.0,False,False,Morretes,Morretes,0.377025987377355,155,693,38420.113276848344,0.3319856078315047,2,0,0,0,1,0,0,0,0,0,0,0,1,0,0,0,0,0,0,1,5,2,2,2.0,1.0,2.5,200.0,500.0,500.0,0.0,0.7777777777777778,0.8333333333333334,0.05555555555555558,0.7142857142857143,0.0,0.7142857142857143,Famílias
1002341236260011015,0.823864449551904,35315.0820569244,403.6218054727358,105,2,4,apartamento,11,4.909999847412109,False,200.0,14,0,2.0,True,False,Morretes,Morretes,0.9962427658254054,47,658,70712.58714827275,0.7414780045967135,2,0,0,0,1,0,0,1,0,0,1,0,1,1,0,0,0,0,0,1,4,2,2,2.0,1.0,2.0,200.0,350.0,350.0,0.0,0.8888888888888888,0.75,-0.13888888888888884,0.9285714285714286,0.0,0.9285714285714286,Casais e escapadas curtas
1002785860497857801,0.6194281960088356,41252.20902706846,617.8803314494597,105,3,6,apartamento,12,5.0,,0.0,54,0,2.0,True,,Meia Praia,Meia Praia (beach band),0.1276190748399649,316,1448,82600.69794495584,0.557485376407952,3,0,1,0,1,0,1,1,1,0,1,0,1,1,0,0,0,1,1,1,6,3,3,2.0,1.0,2.0,0.0,600.0,600.0,0.0,1.0,1.0,0.0,0.6785714285714286,0.0,0.6785714285714286,Famílias
1004496327455456339,0.491364430084507,21632.94913996819,404.3022775702953,105,2,6,apartamento,16,5.0,False,300.0,39,0,2.0,True,False,Morretes,Morretes,0.2801166972430151,211,869,43316.38813321724,0.4422279870760562,2,0,0,0,1,0,1,1,0,0,1,0,1,1,0,0,0,0,0,1,6,2,3,2.0,1.5,3.0,300.0,380.0,400.0,0.05263157894736836,0.8888888888888888,0.6666666666666667,-0.2222222222222221,0.8214285714285714,0.027027027027026973,0.7944015444015444,Famílias
1004910078575857573,0.9635234652675952,75006.69591909318,739.7166719726691,105,3,7,apartamento,12,5.0,False,300.0,28,0,2.0,True,False,Meia Praia,Meia Praia (beach band),0.0824259502256395,292,1348,150188.45243891786,0.8671711187408357,3,0,0,0,1,0,1,1,1,0,1,0,1,0,1,0,0,0,0,1,7,3,5,2.0,1.6666666666666667,2.3333333333333335,300.0,750.0,750.0,0.0,0.7407407407407407,0.8333333333333334,0.09259259259259267,0.7142857142857143,0.9459459459459459,-0.23166023166023164,Famílias
1005860682746801029,0.6591466997339666,30492.65044144032,430.49944928469887,105,2,6,apartamento,10,4.900000095367432,False,200.0,18,0,2.0,True,False,Morretes,Morretes,0.731201954169575,59,651,61056.468685151674,0.5932320297605699,2,0,1,0,1,0,1,1,0,0,1,0,0,1,0,0,0,0,0,1,6,2,2,2.0,1.0,3.0,200.0,385.0,385.0,0.0,1.0,1.0,0.0,0.9285714285714286,0.0,0.9285714285714286,Famílias
1005958896607152946,0.8073711481947549,21570.483385684416,251.28566232821407,105,2,5,apartamento,37,4.809999942779541,False,130.0,17,0,1.0,True,False,Casa Branca,Casa Branca,0.7873197371593261,23,642,43191.31083376613,0.7266340333752794,2,0,1,0,0,0,1,0,0,0,1,0,1,1,0,0,0,0,0,1,5,2,3,1.0,1.5,2.5,130.0,240.0,290.0,0.20833333333333326,0.7777777777777778,0.5833333333333333,-0.19444444444444453,0.6071428571428572,0.5405405405405406,0.06660231660231664,Famílias
1006396584243125090,0.5428667370218169,33486.87418370535,568.8647952691977,105,1,4,apartamento,50,4.800000190734863,True,60.0,16,0,1.0,False,True,Centro,Centro,0.4048888874343969,203,646,67051.90448719957,0.4885800633196352,1,1,0,1,1,1,1,0,0,0,1,1,0,1,0,0,0,0,0,1,4,1,2,1.0,2.0,4.0,60.0,601.0,533.0,-0.11314475873544094,0.8148148148148149,0.75,-0.06481481481481488,0.75,0.0,0.75,Casais e escapadas curtas
1011115904222911872,0.5749340067128813,46374.664469263,745.7669353259779,105,3,6,apartamento,15,5.0,False,350.0,43,0,2.0,True,False,Meia Praia,Meia Praia (inland),0.4598199839134688,319,1973,92857.5642969994,0.5174406060415931,3,1,0,0,1,1,1,1,0,0,1,0,0,0,0,0,0,0,0,0,6,3,3,2.0,1.0,2.0,350.0,700.0,700.0,0.0,0.6666666666666667,0.5,-0.16666666666666674,0.3928571428571429,0.08108108108108103,0.3117760617760619,Famílias
1011714999685071594,0.9760459657179732,70082.07101204846,682.8165220513299,105,3,6,apartamento,6,5.0,True,180.0,35,0,2.0,True,False,Centro,Centro,0.1063210257242627,178,745,140327.7088803828,0.8784413691461758,3,0,0,0,1,0,1,1,1,0,1,0,1,1,1,0,0,0,0,0,6,3,4,2.0,1.3333333333333333,2.0,180.0,557.0,557.0,0.0,1.0,1.0,0.0,,0.2432432432432432,,Famílias
1014245162199655907,0.9253598856249616,66026.21420665599,676.368464788549,105,2,6,apartamento,8,5.0,False,0.0,25,0,2.0,True,False,Meia Praia,Meia Praia (beach band),0.0409234212377487,263,1351,132206.52917166974,0.8328238970624655,2,0,1,0,1,0,1,1,1,0,1,0,1,0,0,0,0,0,1,1,6,2,2,2.0,1.0,3.0,0.0,600.0,600.0,0.0,1.0,1.0,0.0,,0.08108108108108103,,Famílias
1015691857467598452,0.7929502547481152,107384.70562386668,1272.4652327802878,105,3,6,apartamento,21,5.0,True,250.0,44,0,2.0,True,False,Meia Praia,Meia Praia (beach band),0.1382650260232014,130,632,215020.03995288475,0.7136552292733037,3,0,0,0,0,0,0,1,0,0,1,0,0,0,0,0,0,1,0,0,6,3,3,2.0,1.0,2.0,250.0,1296.0,1296.0,0.0,0.6666666666666667,0.75,0.08333333333333326,0.5714285714285714,0.5405405405405406,0.030888030888030826,Alto padrão e frente-mar
1019041007385326527,0.8838109196265833,61950.35127157315,662.6627802031043,105,2,7,apartamento,10,4.900000095367432,True,350.0,20,0,2.0,True,False,Meia Praia,Meia Praia (beach band),0.0992055623505058,407,1899,124045.29051061026,0.795429827663925,2,0,0,0,1,0,0,0,0,0,1,0,1,1,1,0,0,0,1,1,7,2,3,2.0,1.5,3.5,350.0,575.0,514.0,-0.10608695652173916,1.0,1.0,0.0,,0.4864864864864865,,Famílias
1019453731090411731,0.567094918822029,28731.073958161855,468.1300029017771,105,0,4,apartamento,12,5.0,False,200.0,27,0,1.0,True,False,Meia Praia,Meia Praia (inland),0.3642136668467927,393,1770,57529.2043171576,0.5103854269398261,0,0,0,1,0,0,0,0,0,0,1,0,0,1,0,0,0,0,0,0,4,0,2,1.0,2.0,4.0,200.0,380.0,380.0,0.0,1.0,1.0,0.0,0.7142857142857143,0.0,0.7142857142857143,Casais e escapadas curtas
1023885231203292759,0.5826529146296942,34350.32057768904,545.4133555893847,105,1,4,apartamento,11,5.0,False,200.0,22,0,1.0,True,False,Meia Praia,Meia Praia (beach band),0.2946488753890321,393,1706,68780.81250117546,0.5243876231667247,1,0,0,1,0,0,0,1,0,0,1,0,1,1,0,0,0,0,0,1,4,1,1,1.0,1.0,4.0,200.0,490.0,490.0,0.0,0.962962962962963,0.8333333333333334,-0.12962962962962965,0.7142857142857143,0.0,0.7142857142857143,Casais e escapadas curtas
1025356251415331533,0.9572422241991434,42291.17973733039,419.6472095162852,105,2,5,apartamento,27,5.0,False,250.0,25,0,2.0,True,False,Morretes,Morretes,0.3447789249334123,155,682,84681.06425347741,0.8615180017792291,2,0,0,0,1,0,0,1,0,0,1,0,0,0,0,0,0,0,0,1,5,2,5,2.0,2.5,2.5,250.0,350.0,350.0,0.0,0.962962962962963,0.8333333333333334,-0.12962962962962965,0.9285714285714286,0.2702702702702703,0.6583011583011583,Famílias
1028988415727336651,0.5196996254855335,31787.724875734475,563.0112861417256,105,1,4,apartamento,1,5.0,False,200.0,21,0,1.0,False,False,Meia Praia,Meia Praia (beach band),0.3353482795083657,397,1660,63649.640170663464,0.4677296629369801,1,0,0,0,0,0,0,0,0,0,1,0,0,0,0,0,0,0,0,1,4,1,1,1.0,1.0,4.0,200.0,570.0,530.0,-0.07017543859649122,0.8888888888888888,0.5,-0.38888888888888884,0.6071428571428572,0.3783783783783784,0.2287644787644788,Casais e escapadas curtas
1030981527494824971,0.9626588206700616,35519.126299714044,350.5855448441609,105,2,5,apartamento,21,5.0,False,150.0,20,0,2.0,True,False,Morretes,Morretes,0.8614773939004916,49,621,71121.15185943805,0.8663929386030554,2,0,1,0,0,1,1,1,1,0,1,0,0,0,0,0,0,0,0,0,5,2,2,2.0,1.0,2.5,150.0,250.0,250.0,0.0,1.0,1.0,0.0,,0.32432432432432434,,Famílias
1031938290013047428,0.4642302730897197,33719.50967719374,665.5070750298776,105,2,4,apartamento,12,5.0,True,400.0,28,0,2.0,True,True,Meia Praia,Meia Praia (inland),0.656022443630634,213,1444,67517.71842982506,0.4178072457807478,2,0,0,0,1,0,1,0,0,0,1,0,0,1,0,0,0,0,0,0,4,2,2,2.0,1.0,2.0,400.0,594.0,635.5,0.06986531986531985,0.8148148148148149,0.8333333333333334,0.01851851851851849,0.8214285714285714,0.0,0.8214285714285714,Casais e escapadas curtas
1033202997223117530,0.9591873409129884,174349.29888935597,1726.7372514719398,105,4,12,apartamento,17,5.0,False,450.0,46,0,3.0,True,True,Meia Praia,Meia Praia (beach band),0.0901804403060452,369,1939,349105.5173560468,0.8632686068216897,4,0,1,0,1,0,1,0,1,0,1,0,0,0,0,1,0,0,1,0,12,4,7,3.0,1.75,3.0,450.0,1800.0,1800.0,0.0,0.8888888888888888,1.0,0.11111111111111116,0.9642857142857143,0.972972972972973,-0.008687258687258725,Alto padrão e frente-mar
1034873975277447845,0.8499760937146789,80715.9071132407,895.7507521840588,105,3,6,apartamento,16,4.880000114440918,True,456.0,44,0,4.0,True,True,Meia Praia,Meia Praia (beach band),0.2946488753890321,393,1706,161620.1997434634,0.764978484343211,3,0,0,0,1,0,1,0,0,0,1,0,0,1,0,0,0,0,0,1,6,3,3,4.0,1.0,2.0,456.0,732.0,784.0,0.0710382513661203,0.962962962962963,1.0,0.03703703703703698,0.9642857142857143,0.0,0.9642857142857143,Famílias
1035628196408986358,0.9332952443589684,111671.32336336275,1134.8028948561268,105,3,6,apartamento,4,5.0,True,456.0,0,0,2.0,False,True,Centro,Centro,0.0011260430293208,110,493,223603.2801103578,0.8399657199230717,3,0,0,0,1,0,1,1,0,0,1,0,1,1,1,0,0,0,1,0,6,3,3,2.0,1.0,2.0,456.0,935.0,993.0,0.06203208556149731,1.0,0.8333333333333334,-0.16666666666666663,0.9285714285714286,0.21621621621621623,0.7123552123552124,Alto padrão e frente-mar
1036955655225647222,0.5277436606631818,26857.864289641228,468.7526321986029,105,2,6,apartamento,12,4.829999923706055,False,260.0,18,0,2.0,True,False,Centro,Centro,0.0415661268280252,62,425,53778.413034307385,0.4749692945968636,2,0,0,0,1,0,1,0,0,0,1,0,0,1,0,0,0,0,0,0,6,2,2,2.0,1.0,3.0,260.0,500.0,500.0,0.0,0.5555555555555556,0.75,0.19444444444444442,0.4642857142857143,0.3513513513513513,0.11293436293436299,Famílias
1037004838842410100,0.9410185905839452,30078.116628636715,303.29386823743914,105,1,3,apartamento,12,4.579999923706055,False,120.0,17,0,1.0,False,True,Meia Praia,Meia Praia (beach band),0.342672189057679,312,1545,60226.43356541072,0.8469167315255506,1,0,0,1,1,0,0,1,0,0,1,0,0,1,0,0,0,0,0,1,3,1,2,1.0,2.0,3.0,120.0,330.0,275.0,-0.16666666666666663,0.6666666666666667,0.5,-0.16666666666666674,0.8214285714285714,0.5405405405405406,0.2808880308880308,Casais e escapadas curtas
1037047027853581998,0.941714940647259,100011.12393908598,1007.7649134812028,105,2,5,apartamento,17,4.880000114440918,True,250.0,41,0,2.0,True,False,Centro,Centro,0.1538916965100575,214,682,200255.66713790703,0.8475434465825331,2,0,0,0,1,0,1,1,1,0,1,1,0,0,0,0,0,1,0,1,5,2,2,2.0,1.0,2.5,250.0,890.0,890.0,0.0,0.7407407407407407,0.8333333333333334,0.09259259259259267,0.75,0.5405405405405406,0.20945945945945943,Alto padrão e frente-mar
1039235354309448898,0.6780563018779501,14492.064185178093,199.176060071632,105,2,2,apartamento,8,5.0,False,350.0,15,0,1.0,True,True,Centro,Centro,0.3699665294202667,183,617,29017.951876791303,0.6102506716901551,2,0,0,0,1,0,0,0,0,0,1,0,0,0,0,0,0,0,0,1,2,2,3,1.0,1.5,1.0,350.0,150.0,150.0,0.0,0.8148148148148149,0.8333333333333334,0.01851851851851849,0.75,0.18918918918918914,0.5608108108108109,Casais e escapadas curtas
1042032092670718662,0.9643777353290132,47183.50945243704,464.9368632726868,105,1,4,apartamento,11,4.909999847412109,False,140.0,29,0,1.0,True,False,Meia Praia,Meia Praia (inland),0.3642136668467927,393,1770,94477.14205332304,0.8679399617961119,1,0,0,1,0,0,0,0,0,0,1,0,1,1,0,0,0,0,0,1,4,1,1,1.0,1.0,4.0,140.0,385.0,418.0,0.08571428571428563,1.0,1.0,0.0,0.8571428571428572,0.45945945945945943,0.3976833976833978,Casais e escapadas curtas
1043497443334655968,0.910680732879665,98793.6611594924,1027.3787522769198,105,2,5,apartamento,7,4.860000133514404,False,290.0,17,0,2.0,True,False,Centro,Centro,0.0011271494067501,87,449,197817.90010219623,0.8196126595916985,2,0,0,0,1,0,1,1,1,0,1,1,0,0,0,0,0,0,1,1,5,2,2,2.0,1.0,2.5,290.0,870.0,870.0,0.0,1.0,1.0,0.0,,0.05405405405405406,,Alto padrão e frente-mar
1043599286749467076,0.6597223834025332,33283.26838056976,469.5080323600913,105,2,4,apartamento,20,5.0,True,205.0,15,0,1.0,True,False,Morretes,Morretes,1.8473399275878128,6,116,66644.21767863113,0.5937501450622799,2,0,1,0,1,0,1,0,0,0,1,0,1,1,0,0,0,0,0,1,4,2,3,1.0,1.5,2.0,205.0,392.0,441.0,0.125,1.0,1.0,0.0,0.8214285714285714,0.5405405405405406,0.2808880308880308,Casais e escapadas curtas
1044223371798078486,0.5196996254855335,45033.97419130392,797.6234797751772,105,3,8,apartamento,6,5.0,False,250.0,27,0,3.0,True,False,Meia Praia,Meia Praia (beach band),0.1740872994015879,316,1332,90173.05465983618,0.4677296629369801,3,0,0,0,1,0,0,1,0,0,1,0,0,0,0,0,0,0,0,1,8,3,4,3.0,1.3333333333333333,2.6666666666666665,250.0,800.0,750.0,-0.0625,0.4444444444444444,0.5,0.05555555555555558,0.75,0.3783783783783784,0.3716216216216216,Grupos e amigos
1044458170286255125,0.8720773068934268,101285.46952700484,1097.1473074463747,105,4,12,apartamento,2,5.0,False,250.0,3,0,5.0,False,False,Meia Praia,Meia Praia (beach band),0.283331782685023,222,1156,202807.33255093015,0.7848695762040842,4,0,0,0,1,0,1,1,0,0,1,0,1,1,0,0,0,0,0,0,12,4,4,5.0,1.0,3.0,250.0,1100.0,1100.0,0.0,1.0,1.0,0.0,,0.10810810810810811,,Alto padrão e frente-mar
1045459185575382038,0.1705875530381623,10412.09088853715,544.4666013084013,105,2,5,apartamento,15,5.0,False,200.0,34,0,2.0,True,False,Morretes,Morretes,0.2268551609674876,193,800,20848.48289930723,0.153528797734346,2,0,0,0,1,0,1,1,1,0,1,0,0,1,0,0,0,1,0,1,5,2,2,2.0,1.0,2.5,200.0,550.0,550.0,0.0,0.40740740740740744,0.6666666666666667,0.2592592592592593,0.4285714285714286,0.0,0.4285714285714286,Famílias
1045520246239520927,0.4297947297031142,46889.3948062329,996.6432660212844,105,3,6,apartamento,0,0.0,False,400.0,0,0,3.0,False,False,Centro,Centro,0.3494676248158596,141,711,93888.2263170444,0.3868152567328028,3,0,0,0,1,0,0,1,0,0,1,0,1,1,0,0,0,0,0,0,6,3,3,3.0,1.0,2.0,400.0,953.57145,957.14285,0.003745288305349259,0.8888888888888888,0.75,-0.13888888888888884,0.8571428571428572,0.0,0.8571428571428572,Famílias
1045592510645908121,0.6094279348937505,34155.328855083884,519.5758627558783,105,2,7,apartamento,20,5.0,False,250.0,6,0,1.0,True,True,Meia Praia,Meia Praia (inland),0.3860031625998638,393,2002,68390.37395835448,0.5484851414043754,2,0,0,0,0,0,0,0,0,0,1,0,0,1,0,0,0,0,0,0,7,2,3,1.0,1.5,3.5,250.0,500.0,500.0,0.0,0.7777777777777778,1.0,0.2222222222222222,0.9285714285714286,0.3783783783783784,0.5501930501930502,Famílias
1045916135727198441,0.8417660224962298,66227.80672074493,741.7278894034274,105,2,6,apartamento,5,5.0,False,250.0,15,0,2.0,True,True,Meia Praia,Meia Praia (beach band),0.0630275731945519,270,1552,132610.1847032632,0.7575894202466068,2,0,0,0,1,0,1,1,0,0,1,0,1,1,1,0,0,0,1,1,6,2,3,2.0,1.5,3.0,250.0,650.0,650.0,0.0,1.0,1.0,0.0,,0.0,,Famílias
1046547202929220520,0.8499760937146789,41137.59610892252,456.527517009923,105,1,2,apartamento,15,4.869999885559082,False,0.0,24,0,1.0,True,False,Meia Praia,Meia Praia (beach band),0.0824259502256395,292,1348,82371.20460979528,0.764978484343211,1,0,0,0,1,0,0,1,1,0,0,0,0,0,0,0,0,0,0,0,2,1,1,1.0,1.0,2.0,0.0,412.5,442.5,0.07272727272727275,0.962962962962963,1.0,0.03703703703703698,0.9642857142857143,0.0,0.9642857142857143,Casais e escapadas curtas
1047723626454445067,0.04291585358638,8008.286206479234,1644.5201354805956,105,3,8,apartamento,7,5.0,False,0.0,30,0,3.0,True,True,Meia Praia,Meia Praia (beach band),0.2026100715008264,410,1899,16035.26321618553,0.038624268227742,3,1,1,0,1,0,1,1,0,0,1,0,1,0,0,0,0,0,0,1,8,3,3,3.0,1.0,2.6666666666666665,0.0,1750.0,1750.0,0.0,0.11111111111111116,0.0,-0.11111111111111116,0.0357142857142857,0.0,0.0357142857142857,Alto padrão e frente-mar
1048804459244346908,0.567094918822029,45653.09970570142,743.8491762899777,105,2,6,apartamento,27,4.699999809265137,False,100.0,14,0,2.0,False,False,Morretes,Morretes,0.0968975302500917,134,726,91412.75068608308,0.5103854269398261,2,0,0,0,1,0,0,1,0,0,1,0,0,1,0,0,0,0,1,1,6,2,4,2.0,2.0,3.0,100.0,700.0,700.0,0.0,0.9259259259259259,0.8333333333333334,-0.09259259259259256,0.8214285714285714,0.0,0.8214285714285714,Famílias
1049417084065072931,0.9932650566343828,58809.28531851765,563.6524643937634,105,2,4,apartamento,24,4.920000076293945,True,226.0,26,0,2.0,True,True,Morretes,Morretes,0.450489367592518,187,819,117755.82756710396,0.8939385509709444,2,0,1,0,1,0,0,0,0,0,1,0,1,0,0,0,0,0,0,1,4,2,2,2.0,1.0,2.0,226.0,625.0,675.0,0.08000000000000007,1.0,1.0,0.0,0.5714285714285714,,,Casais e escapadas curtas
1050857413300266721,0.8417660224962298,59264.70301806513,663.7436035148219,105,3,8,apartamento,2,5.0,True,500.0,33,0,2.0,False,True,Meia Praia,Meia Praia (inland),0.3635844870711751,373,1593,118667.72588058397,0.7575894202466068,3,0,0,0,0,0,1,0,0,0,1,0,0,1,0,0,0,0,0,0,8,3,6,2.0,2.0,2.6666666666666665,500.0,545.0,614.0,0.12660550458715591,0.7407407407407407,0.5,-0.2407407407407407,0.6785714285714286,0.4864864864864865,0.1920849420849421,Grupos e amigos
1052110098791057231,0.9345506670946038,70319.9678808435,713.687981774857,105,2,6,apartamento,8,4.630000114440918,True,362.0,25,0,2.0,False,True,Meia Praia,Meia Praia (inland),0.4945376190271124,282,1442,140804.05785331887,0.8410956003851434,2,0,0,0,1,0,1,0,0,0,1,0,1,1,1,0,0,0,1,0,6,2,2,2.0,1.0,3.0,362.0,575.0,611.0,0.06260869565217386,0.9259259259259259,1.0,0.07407407407407407,0.9642857142857143,0.0,0.9642857142857143,Famílias
1052490589225547467,0.7560595763635639,61281.25302858475,759.6258060130563,105,3,8,apartamento,16,5.0,False,290.0,25,0,2.0,True,False,Meia Praia,Meia Praia (beach band),0.0710291618816272,273,1579,122705.5323941826,0.6804536187272076,3,0,1,0,1,0,0,0,1,0,1,0,1,1,0,0,0,0,0,1,8,3,6,2.0,2.0,2.6666666666666665,290.0,700.0,725.0,0.03571428571428581,1.0,1.0,0.0,,0.0,,Grupos e amigos
1053030252161966865,0.3724878678494425,12081.240908043435,294.80914942305145,105,2,6,apartamento,5,5.0,False,80.0,29,0,1.0,True,False,Casa Branca,Casa Branca,0.7537884384737349,26,653,24190.678622585656,0.3352390810644983,2,0,0,0,0,0,1,0,0,0,1,0,1,1,0,0,0,0,0,0,6,2,2,1.0,1.0,3.0,80.0,261.0,304.0,0.1647509578544062,0.5555555555555556,0.5,-0.05555555555555558,0.7857142857142857,0.0,0.7857142857142857,Famílias
1053132609735844516,0.990428689801416,83087.32832442806,798.4840234340488,105,3,10,apartamento,17,4.940000057220459,False,300.0,23,0,2.0,False,False,Meia Praia,Meia Praia (beach band),0.0591844206279226,194,1314,166368.57690399358,0.8913858208212745,3,0,0,0,1,0,1,1,0,0,1,0,0,1,0,0,0,0,1,1,10,3,5,2.0,1.6666666666666667,3.3333333333333335,300.0,1000.0,900.0,-0.09999999999999998,1.0,1.0,0.0,,,,Grupos e amigos
1053522951026570547,0.5428667370218168,40519.334702239415,688.3300875854702,105,2,6,apartamento,12,4.829999923706055,False,250.0,31,0,2.0,False,False,Canto da Praia,Canto da Praia,0.0860884761517937,17,333,81133.23881574665,0.4885800633196351,2,0,1,0,1,1,0,0,0,0,1,0,1,1,1,0,0,1,0,1,6,2,3,2.0,1.5,3.0,250.0,599.0,699.0,0.1669449081803005,0.8518518518518519,0.9166666666666666,0.06481481481481477,0.6785714285714286,0.0,0.6785714285714286,Famílias
1053625763515857065,0.5747612214997179,31459.037866629165,506.0487798193414,105,2,5,apartamento,11,4.820000171661377,False,250.0,39,0,2.0,True,False,Meia Praia,Meia Praia (beach band),0.1614387007975162,393,1871,62991.49901900481,0.5172850993497461,2,0,0,0,1,0,1,1,0,0,1,0,0,1,0,0,0,0,0,1,5,2,0,2.0,0.0,2.5,250.0,450.0,450.0,0.0,1.0,1.0,0.0,,0.08108108108108103,,Famílias
1053851019443958006,0.2144415034979537,13977.626874012576,583.8770267628777,105,2,5,apartamento,15,4.869999885559082,False,300.0,25,0,2.0,True,False,Centro,Centro,0.1944028469509053,174,704,27987.876592257675,0.1929973531481583,2,0,0,0,1,0,1,1,0,0,1,0,0,1,0,0,0,0,0,0,5,2,3,2.0,1.5,2.5,300.0,520.0,520.0,0.0,0.6666666666666667,0.6666666666666667,0.0,0.5357142857142857,0.0,0.5357142857142857,Famílias
1054265461023254222,0.7891659313137894,47261.417802952856,562.5666322909452,105,1,4,apartamento,5,5.0,False,200.0,18,0,1.0,True,True,Meia Praia,Meia Praia (inland),0.3642136668467927,393,1770,94633.14058722272,0.7102493381824105,1,1,1,1,0,1,1,1,0,0,1,0,1,1,0,0,0,0,0,0,4,1,2,1.0,2.0,4.0,200.0,500.0,500.0,0.0,0.8518518518518519,0.75,-0.10185185185185186,0.5714285714285714,0.10810810810810811,0.4633204633204633,Casais e escapadas curtas
1055163452693752832,0.7604888631415769,47498.92648272451,585.5378669093589,105,2,4,apartamento,16,4.940000057220459,False,50.0,19,0,2.0,True,False,Morretes,Morretes,0.255779369562739,178,741,95108.71227610492,0.6844399768274193,2,0,1,0,1,0,1,1,1,0,1,0,0,0,0,0,0,1,0,1,4,2,2,2.0,1.0,2.0,50.0,500.0,500.0,0.0,0.7407407407407407,0.6666666666666667,-0.07407407407407396,0.6071428571428572,0.0,0.6071428571428572,Casais e escapadas curtas
1056816282920055514,0.7773576250295703,46728.69583708377,564.2106993704452,105,3,6,apartamento,15,4.929999828338623,True,250.0,35,0,3.0,True,False,Meia Praia,Meia Praia (inland),0.6795159283009164,183,1815,93566.45331812346,0.6996218625266133,3,0,0,0,0,0,0,0,0,0,1,0,1,0,0,0,0,0,0,0,6,3,3,3.0,1.0,2.0,250.0,540.0,540.0,0.0,0.6296296296296297,0.5,-0.12962962962962965,0.5357142857142857,0.5405405405405406,-0.004826254826254872,Famílias
1057137469420115073,0.7066227411769449,54257.62052647589,717.0651741940412,105,2,6,apartamento,28,4.960000038146973,True,400.0,17,0,2.0,True,True,Morretes,Morretes,0.2268551609674876,193,800,108641.87470248448,0.6359604670592505,2,0,0,0,1,0,1,0,0,0,1,0,1,1,1,0,0,1,0,0,6,2,3,2.0,1.5,3.0,400.0,545.0,611.0,0.12110091743119256,0.7777777777777778,0.9166666666666666,0.13888888888888884,0.8214285714285714,0.0,0.8214285714285714,Famílias
1058193595817353204,0.9483014700668309,45040.92469791679,450.8918854876307,105,2,6,apartamento,11,5.0,False,200.0,24,0,2.0,True,True,Tabuleiro dos Oliveiras,Tabuleiro dos Oliveiras,0.1630011405327666,69,426,90186.97189507847,0.8534713230601477,2,0,0,0,1,0,1,1,0,0,1,0,0,0,0,0,0,0,0,0,6,2,5,2.0,2.5,3.0,200.0,400.0,400.0,0.0,1.0,1.0,0.0,,0.4054054054054054,,Famílias
1058777213156843238,0.9827122020863206,51619.564864804874,499.7297859795748,105,1,4,apartamento,24,5.0,True,212.0,37,0,1.0,True,False,Meia Praia,Meia Praia (inland),0.3630913841708426,394,1773,103359.60633405154,0.8844409818776886,1,0,0,1,0,0,0,0,0,0,1,0,1,0,0,0,0,1,0,0,4,1,2,1.0,2.0,4.0,212.0,360.0,360.0,0.0,0.962962962962963,1.0,0.03703703703703698,0.9642857142857143,0.5405405405405406,0.42374517374517373,Casais e escapadas curtas
1060712994513047104,0.6839898811871501,32913.463565929116,448.6291449384083,105,2,5,apartamento,10,4.900000095367432,False,250.0,20,0,2.0,False,True,Morretes,Morretes,0.377025987377355,155,693,65903.74494969973,0.6155908930684351,2,1,0,0,1,0,1,1,0,0,1,0,1,0,1,0,0,0,0,1,5,2,3,2.0,1.5,2.5,250.0,420.0,433.0,0.030952380952380842,0.5555555555555556,0.6666666666666667,0.11111111111111116,0.3928571428571429,0.18918918918918914,0.20366795366795376,Famílias
1062221285605590578,0.5867219702968943,38950.10909378017,614.3561059347131,105,3,8,apartamento,1,5.0,False,0.0,14,0,3.0,False,False,Centro,Centro,0.5359901487714748,71,723,77991.12513143999,0.5280497732672049,3,0,0,0,1,0,0,0,0,0,1,1,1,0,0,0,0,0,0,1,8,3,4,3.0,1.3333333333333333,2.6666666666666665,0.0,500.0,500.0,0.0,0.7777777777777778,0.875,0.09722222222222221,0.8214285714285714,0.0,0.8214285714285714,Grupos e amigos
1062615116593634676,0.8417660224962298,43051.85748776271,482.16549770314055,105,1,4,apartamento,11,5.0,False,180.0,22,0,1.0,True,True,Meia Praia,Meia Praia (inland),0.3642136668467927,393,1770,86204.1951252249,0.7575894202466068,1,0,0,1,0,0,0,0,0,0,1,0,1,1,0,0,0,1,0,1,4,1,1,1.0,1.0,4.0,180.0,400.0,400.0,0.0,0.8518518518518519,1.0,0.14814814814814814,0.8214285714285714,0.0,0.8214285714285714,Casais e escapadas curtas
1063807278503566143,0.8108049645252923,44826.16534092177,520.1139160814018,105,2,6,apartamento,5,5.0,False,280.0,28,0,2.0,True,False,Centro,Centro,0.0650744289136756,151,736,89756.9519471441,0.729724468072763,2,0,0,0,0,0,1,1,1,0,1,0,0,1,0,0,0,0,1,1,6,2,3,2.0,1.5,3.0,280.0,480.0,493.0,0.027083333333333348,0.962962962962963,1.0,0.03703703703703698,0.8928571428571429,0.08108108108108103,0.8117760617760619,Famílias
1066545050089987954,0.6955236044456874,36497.59682848793,489.6492734246154,105,2,6,apartamento,5,5.0,False,200.0,18,0,1.0,True,True,Meia Praia,Meia Praia (inland),0.3860031625998638,393,2002,73080.37660161512,0.6259712440011187,2,0,0,0,1,0,0,1,0,0,1,0,1,1,0,0,0,0,0,1,6,2,3,1.0,1.5,3.0,200.0,400.0,400.0,0.0,0.7407407407407407,1.0,0.2592592592592593,0.7142857142857143,0.0,0.7142857142857143,Famílias
1067320906990424780,0.8238987955055945,56960.72976477962,650.9878071781442,105,3,6,apartamento,8,4.630000114440918,True,489.0,34,0,2.0,False,True,Centro,Centro,0.2934468996318654,160,703,114054.40205487034,0.7415089159550351,3,0,0,0,1,0,1,0,0,0,1,0,1,1,1,0,0,0,0,0,6,3,4,2.0,1.3333333333333333,2.0,489.0,523.0,575.0,0.0994263862332696,1.0,1.0,0.0,,0.0,,Famílias
1070343877574441166,0.990428689801416,35423.026117687434,340.42158999526555,105,2,5,apartamento,12,5.0,False,150.0,29,0,2.0,True,False,Morretes,Morretes,0.5072198888013619,146,714,70928.72720400138,0.8913858208212745,2,0,0,0,1,0,0,1,0,0,1,0,1,0,1,0,0,0,0,1,5,2,2,2.0,1.0,2.5,150.0,300.0,300.0,0.0,0.7407407407407407,0.8333333333333334,0.09259259259259267,0.7857142857142857,0.6216216216216216,0.1640926640926641,Famílias
1074829679064875721,0.990848593981598,84708.12268012998,813.7362612661922,105,3,8,apartamento,10,5.0,False,0.0,22,0,3.0,True,False,Meia Praia,Meia Praia (inland),0.5111312519362451,323,1758,169613.9484407851,0.8917637345834382,3,0,0,0,1,0,1,0,0,0,1,1,0,0,0,0,0,0,0,0,8,3,4,3.0,1.3333333333333333,2.6666666666666665,0.0,749.0,749.0,0.0,1.0,1.0,0.0,,0.8378378378378378,,Grupos e amigos
1075444278753674442,0.8688620253188852,58623.09711317038,637.2332349697894,105,2,6,apartamento,5,4.800000190734863,False,250.0,10,0,1.0,False,False,Meia Praia,Meia Praia (beach band),0.132601121739984,348,1814,117383.01660561796,0.7819758227869967,2,0,0,0,1,0,1,1,0,0,1,0,0,0,0,0,0,0,0,1,6,2,4,1.0,2.0,3.0,250.0,650.0,650.0,0.0,1.0,1.0,0.0,0.9642857142857143,0.3513513513513513,0.612934362934363,Famílias
1075503699104403085,0.6262024196781107,70248.43216207025,1041.348198369755,105,4,12,apartamento,1,5.0,False,250.0,26,0,3.0,False,False,Meia Praia,Meia Praia (beach band),0.0710291618816272,273,1579,140660.81945619968,0.5635821777102997,4,0,1,0,1,0,0,1,0,0,1,0,0,0,0,0,0,0,0,1,12,4,4,3.0,1.0,3.0,250.0,800.0,800.0,0.0,1.0,1.0,0.0,,0.0,,Grupos e amigos
1077396104359577731,0.9793464531949592,71102.42889747511,690.5650404065835,105,3,6,apartamento,9,4.78000020980835,False,30.0,40,0,2.0,True,True,Meia Praia,Meia Praia (beach band),0.056733806157711,235,1616,142370.80609814817,0.8814118078754634,3,0,0,0,1,0,0,1,0,0,1,0,1,0,1,0,0,0,1,1,6,3,3,2.0,1.0,2.0,30.0,600.0,600.0,0.0,1.0,1.0,0.0,,0.5405405405405406,,Famílias
1081972140987250431,0.8038702821231064,59266.86665213403,693.2703270262255,105,2,4,apartamento,9,4.559999942779541,True,400.0,23,0,2.0,False,True,Meia Praia,Meia Praia (beach band),0.0840911701540567,150,589,118672.05819849863,0.7234832539107958,2,0,0,0,1,0,0,0,0,0,1,0,0,1,0,0,0,0,0,1,4,2,2,2.0,1.0,2.0,400.0,575.0,627.0,0.09043478260869575,0.9259259259259259,0.8333333333333334,-0.09259259259259256,0.8571428571428572,0.0,0.8571428571428572,Casais e escapadas curtas
1082133757143221839,0.9938102715140498,110813.39357524057,1061.534316780033,105,3,6,apartamento,19,5.0,False,300.0,20,0,2.0,True,False,Meia Praia,Meia Praia (beach band),0.0001527495459484,233,1216,221885.4181834931,0.8944292443626448,3,0,0,0,1,0,1,1,0,0,1,1,0,1,0,0,0,0,1,0,6,3,0,2.0,0.0,2.0,300.0,1200.0,1200.0,0.0,0.8888888888888888,0.8333333333333334,-0.05555555555555547,0.75,,,Famílias
1082746592587689161,0.8735482489270454,51745.43811719165,559.6288857135011,105,3,6,apartamento,10,5.0,True,300.0,24,0,2.0,True,True,Tabuleiro dos Oliveiras,Tabuleiro dos Oliveiras,0.2355093589161032,92,422,103611.64661855913,0.7861934240343409,3,0,0,0,1,0,1,0,1,0,1,0,0,0,0,0,0,0,0,0,6,3,3,2.0,1.0,2.0,300.0,390.0,390.0,0.0,0.5555555555555556,0.5,-0.05555555555555558,0.7857142857142857,0.6216216216216216,0.1640926640926641,Famílias
1083196219974177016,0.7350288306342397,27925.03500047649,355.5223330797092,105,2,4,apartamento,1,5.0,False,200.0,21,0,1.0,False,False,Casa Branca,Casa Branca,0.7365419155155117,83,520,55915.24516088676,0.6615259475708157,2,0,0,0,1,0,1,1,0,0,1,0,1,0,0,0,0,0,0,0,4,2,3,1.0,1.5,2.0,200.0,315.0,332.5,0.05555555555555558,1.0,1.0,0.0,0.8571428571428572,0.3783783783783784,0.4787644787644788,Casais e escapadas curtas
1083301106167776779,0.9652218076314296,57801.4309954479,569.0957491139891,105,3,8,apartamento,16,5.0,False,250.0,21,0,2.0,True,False,Morretes,Morretes,0.3067118892498053,224,974,115737.7666565288,0.8686996268682867,3,0,0,0,1,0,1,1,0,0,1,0,1,0,0,0,0,1,0,0,8,3,4,2.0,1.3333333333333333,2.6666666666666665,250.0,477.0,530.0,0.11111111111111116,1.0,1.0,0.0,,0.43243243243243246,,Grupos e amigos
1083424325445690046,0.7743681268615981,51763.57811521241,627.2844864589979,105,2,5,apartamento,5,5.0,False,250.0,19,0,3.0,True,False,Meia Praia,Meia Praia (inland),0.7811580415389086,146,1613,103647.96895214016,0.6969313141754383,2,0,0,1,1,0,1,1,0,0,1,0,0,1,0,0,0,0,0,0,5,2,4,3.0,2.0,2.5,250.0,550.0,550.0,0.0,1.0,1.0,0.0,,0.3783783783783784,,Famílias
1083633025910461931,0.8573989745981954,29993.319033820782,330.13497570740174,105,0,4,apartamento,13,4.849999904632568,False,150.0,8,0,1.0,True,False,Meia Praia,Meia Praia (inland),0.485249121883181,326,1621,60056.64046387637,0.7716590771383759,0,0,0,0,0,0,0,1,0,0,1,0,1,0,0,0,0,0,0,1,4,0,1,1.0,1.0,4.0,150.0,310.0,310.0,0.0,1.0,1.0,0.0,,0.3783783783783784,,Casais e escapadas curtas
1084601543056055517,0.6505206927497783,97199.64078780952,1389.5717447910652,105,4,12,apartamento,7,5.0,False,400.0,19,0,3.0,True,False,Meia Praia,Meia Praia (beach band),0.2614967705147959,436,1916,194626.1390221269,0.5854686234748004,4,0,1,0,1,0,1,1,1,0,1,1,1,1,0,0,0,0,0,0,12,4,8,3.0,2.0,3.0,400.0,1400.0,1350.0,-0.0357142857142857,1.0,1.0,0.0,,0.3513513513513513,,Alto padrão e frente-mar
1085437829031467755,0.924302016530542,70619.09988932314,724.1965804840977,105,2,6,apartamento,1,5.0,False,200.0,0,0,2.0,False,False,Centro,Centro,0.185616177298406,186,763,141403.02002433577,0.8318718148774877,2,0,0,0,1,0,0,0,0,0,1,0,0,0,0,0,0,0,1,1,6,2,2,2.0,1.0,3.0,200.0,600.0,595.83335,-0.006944416666666675,1.0,1.0,0.0,,0.10810810810810811,,Famílias
1086855144095843601,0.556246277378779,26484.11280947386,439.55467917082234,105,2,4,apartamento,14,4.929999828338623,True,175.0,38,0,1.0,True,False,Casa Branca,Casa Branca,0.7365419155155117,83,520,53030.037763069726,0.5006216496409011,2,0,0,0,1,0,1,0,0,0,1,0,0,1,0,0,0,0,0,0,4,2,3,1.0,1.5,2.0,175.0,490.0,490.0,0.0,1.0,1.0,0.0,0.6071428571428572,0.5405405405405406,0.06660231660231664,Casais e escapadas curtas
1088251024341369589,0.9954890330896524,58130.922760897825,555.9822482681553,105,2,5,apartamento,16,4.880000114440918,False,0.0,13,0,3.0,True,False,Morretes,Morretes,0.3067118892498053,224,974,116397.51919912409,0.895940129780687,2,0,1,0,1,0,0,1,0,0,1,0,1,0,0,0,0,0,0,1,5,2,2,3.0,1.0,2.5,0.0,600.0,675.0,0.125,0.7777777777777778,0.75,-0.02777777777777779,0.6785714285714286,,,Famílias
1091408953130822622,0.8432922363453202,29175.438915316656,326.1966268314504,105,2,6,apartamento,13,5.0,False,0.0,0,0,1.0,True,True,Centro,Centro,0.4193616147371456,22,453,58418.971349492334,0.7589630127107883,2,0,0,0,1,0,1,0,0,0,1,0,0,0,0,0,0,0,0,1,6,2,3,1.0,1.5,3.0,0.0,280.0,280.0,0.0,0.5555555555555556,1.0,0.4444444444444444,0.7142857142857143,0.3513513513513513,0.362934362934363,Famílias
1100720037663116812,0.8270189212730101,94449.35995977136,1075.589952034273,105,3,6,apartamento,15,4.869999885559082,True,500.0,21,0,3.0,True,True,Centro,Centro,0.3890314292987615,129,723,189119.1583949436,0.7443170291457092,3,0,0,0,1,0,1,1,0,0,1,0,0,1,0,0,0,0,0,0,6,3,3,3.0,1.0,2.0,500.0,947.5,1089.0,0.14934036939313988,0.8888888888888888,0.8333333333333334,-0.05555555555555547,0.7142857142857143,0.32432432432432434,0.38996138996138996,Alto padrão e frente-mar
1100991386372756521,0.1385200910069574,13006.94947078079,835.0477682167708,105,2,8,apartamento,12,5.0,False,0.0,13,0,2.0,True,False,Meia Praia,Meia Praia (inland),0.4972485235556136,172,1236,26044.256289797464,0.1246680819062617,2,0,0,0,1,0,0,1,0,0,1,0,1,0,0,0,0,0,0,1,8,2,0,2.0,0.0,4.0,0.0,800.0,800.0,0.0,0.33333333333333337,0.6666666666666667,0.33333333333333337,0.3571428571428571,0.0,0.3571428571428571,Grupos e amigos
1111626053814730010,0.7648315909623116,59944.798116308,734.9921190401877,105,3,6,apartamento,8,4.75,True,500.0,28,0,2.0,False,True,Centro,Centro,0.1909433269364007,174,740,120029.50337344364,0.6883484318660804,3,0,1,0,1,0,1,0,0,0,1,1,0,1,0,0,0,0,0,1,6,3,4,2.0,1.3333333333333333,2.0,500.0,580.0,647.0,0.11551724137931041,0.962962962962963,0.8333333333333334,-0.12962962962962965,0.8928571428571429,0.0,0.8928571428571429,Famílias
1125970477826966385,0.7560595763635639,52577.16958966674,651.7323464127949,105,2,4,apartamento,10,4.599999904632568,True,400.0,14,0,2.0,False,True,Morretes,Morretes,0.3202136177471328,200,777,105277.05076901682,0.6804536187272076,2,0,1,0,1,0,1,0,0,0,1,0,0,1,0,0,0,0,0,1,4,2,2,2.0,1.0,2.0,400.0,575.0,627.0,0.09043478260869575,0.7777777777777778,1.0,0.2222222222222222,0.8928571428571429,0.0,0.8928571428571429,Casais e escapadas curtas
1131810056799937593,0.5510600317862993,46860.12400486809,784.7269803212504,105,3,6,apartamento,5,5.0,True,456.0,0,0,2.0,True,True,Tabuleiro dos Oliveiras,Tabuleiro dos Oliveiras,0.1630011405327666,69,426,93829.61639822635,0.4959540286076693,3,0,0,0,1,0,1,0,0,0,1,0,0,1,0,0,0,0,0,0,6,3,4,2.0,1.3333333333333333,2.0,456.0,674.75,680.0,0.0077806595035199155,0.962962962962963,1.0,0.03703703703703698,0.6785714285714286,0.0,0.6785714285714286,Famílias
1137698308528017474,0.884968075369316,67027.48489791235,716.0880705480433,105,3,6,apartamento,7,5.0,True,450.0,24,0,2.0,True,True,Meia Praia,Meia Praia (beach band),0.0539719391942479,298,1811,134211.40745286274,0.7964712678323844,3,0,0,0,1,0,1,0,0,0,1,0,0,1,0,0,0,0,0,0,6,3,4,2.0,1.3333333333333333,2.0,450.0,627.0,688.0,0.09728867623604476,1.0,1.0,0.0,,0.21621621621621623,,Famílias
1139831117529014384,0.5002148181084031,34872.909189645354,640.6856402358211,105,3,6,apartamento,11,5.0,False,220.0,14,0,2.0,True,False,Tabuleiro dos Oliveiras,Tabuleiro dos Oliveiras,0.1858317672880558,63,423,69827.20941188037,0.4501933362975627,3,0,0,0,1,0,1,0,0,0,1,0,0,0,0,0,0,0,0,0,6,3,4,2.0,1.3333333333333333,2.0,220.0,610.0,610.0,0.0,0.8888888888888888,1.0,0.11111111111111116,0.75,0.0,0.75,Famílias
1147824179020677628,0.918173544702088,49853.94665052481,514.4605937591472,105,1,4,apartamento,11,5.0,False,140.0,0,0,1.0,True,False,Centro,Centro,0.2553846324881674,242,694,99824.249070925,0.8263561902318793,1,0,0,1,1,0,0,1,0,0,1,0,0,0,0,0,0,0,0,1,4,1,2,1.0,2.0,4.0,140.0,440.0,605.0,0.375,1.0,1.0,0.0,0.8571428571428572,0.027027027027026973,0.8301158301158302,Casais e escapadas curtas
1153493820067017135,0.8577457708953795,40789.99352972613,448.80227820108433,105,2,4,apartamento,4,5.0,True,357.0,0,0,2.0,False,True,Centro,Centro,0.3092522100480985,164,738,81675.18817028175,0.7719711938058416,2,0,0,0,0,0,0,0,0,0,1,0,1,1,0,0,0,0,0,0,4,2,3,2.0,1.5,2.0,357.0,399.5,392.25,-0.01814768460575722,1.0,1.0,0.0,,0.0,,Casais e escapadas curtas
1153552657765472365,0.959092690835414,42508.51729847398,421.0389601022638,105,2,4,apartamento,5,5.0,True,324.0,0,0,2.0,True,True,Centro,Centro,0.309244798690474,163,738,85116.2466270646,0.8631834217518727,2,0,0,0,0,0,0,0,0,0,1,0,0,1,0,0,0,0,0,0,4,2,3,2.0,1.5,2.0,324.0,344.75,346.75,0.005801305293691161,1.0,1.0,0.0,,0.43243243243243246,,Casais e escapadas curtas
1161796266594364332,0.9879136238915982,51435.68312856228,495.48747650406295,105,1,2,apartamento,21,5.0,False,250.0,57,0,1.0,True,True,Centro,Centro,0.2363312651041539,236,710,102991.41369391917,0.8891222615024384,1,0,1,1,0,1,1,1,1,1,1,0,1,1,0,1,0,0,0,0,2,1,1,1.0,1.0,2.0,250.0,450.0,450.0,0.0,1.0,1.0,0.0,,0.32432432432432434,,Casais e escapadas curtas
1161927707286622818,0.9524049663409148,27505.931089918853,274.23871822514036,105,1,2,apartamento,27,5.0,False,250.0,36,0,1.0,True,True,Centro,Centro,0.2312813932736962,237,712,55076.059179335905,0.8571644697068233,1,0,1,1,0,1,1,1,1,1,1,0,0,1,0,1,0,0,0,0,2,1,1,1.0,1.0,2.0,250.0,239.0,250.0,0.046025104602510414,0.9259259259259259,0.9166666666666666,-0.0092592592592593,0.9285714285714286,0.2702702702702703,0.6583011583011583,Casais e escapadas curtas
1171049670344322120,0.7450642463905724,58299.91587934128,732.7624543377693,105,3,8,apartamento,17,4.820000171661377,False,400.0,113,0,3.0,True,False,Meia Praia,Meia Praia (inland),0.3613665550640903,367,1558,116735.89985462216,0.6705578217515152,3,0,0,0,1,0,1,1,0,0,1,0,0,0,0,0,0,1,0,1,8,3,3,3.0,1.0,2.6666666666666665,400.0,599.0,669.0,0.11686143572621033,1.0,1.0,0.0,,0.0,,Grupos e amigos
1173260792743932663,0.9428508979705444,101427.2306301672,1020.8765477220438,105,3,7,apartamento,2,5.0,True,270.0,33,0,2.0,False,True,Meia Praia,Meia Praia (beach band),0.0426333999948996,94,504,203091.1856181677,0.8485658081734899,3,0,0,0,1,0,1,1,0,0,1,0,0,1,0,0,0,0,0,0,7,3,4,2.0,1.3333333333333333,2.3333333333333335,270.0,1109.0,1108.75,-0.00022542831379623873,0.7777777777777778,0.75,-0.02777777777777779,0.6785714285714286,,,Famílias
1174263938200349649,0.2517549737079309,15907.525606809384,568.0070118853923,105,1,2,apartamento,22,4.909999847412109,False,250.0,35,0,1.0,True,False,Centro,Centro,0.2531711459710695,242,693,31852.17831213652,0.2265794763371378,1,0,1,1,1,1,1,1,0,1,1,0,0,0,0,0,0,0,0,1,2,1,1,1.0,1.0,2.0,250.0,500.0,547.0,0.09400000000000008,0.6666666666666667,0.6666666666666667,0.0,0.5714285714285714,0.0,0.5714285714285714,Casais e escapadas curtas
1179103047052148475,0.9320212997785372,77732.88151364314,790.9362312179672,105,4,8,apartamento,4,4.5,True,480.0,0,0,3.0,False,True,Meia Praia,Meia Praia (beach band),0.1770898225699284,346,1480,155647.18636246482,0.8388191698006835,4,0,0,0,1,0,1,0,0,0,1,0,0,1,0,0,0,0,0,0,8,4,5,3.0,1.25,2.0,480.0,627.0,680.0,0.08452950558213712,0.9259259259259259,1.0,0.07407407407407407,0.9285714285714286,0.0,0.9285714285714286,Grupos e amigos
1181723518413479765,0.3189074177885992,18889.60396807348,535.7919938966303,105,1,4,apartamento,12,4.670000076293945,False,150.0,0,0,1.0,False,False,Centro,Centro,0.2531711459710695,242,693,37823.295005677355,0.2870166760097393,1,0,0,1,0,1,0,0,0,0,0,0,1,0,0,0,0,0,0,1,4,1,1,1.0,1.0,4.0,150.0,400.0,450.0,0.125,0.33333333333333337,0.25,-0.08333333333333337,0.6785714285714286,0.0,0.6785714285714286,Casais e escapadas curtas
1181933658424522281,0.6595722005230814,29045.247333576022,409.8133658835239,105,1,2,apartamento,19,4.789999961853027,True,150.0,0,0,1.0,False,True,Centro,Centro,0.196202185867394,243,727,58158.28432758576,0.5936149804707733,1,0,1,1,1,1,1,1,1,1,1,0,0,1,0,0,0,0,0,0,2,1,1,1.0,1.0,2.0,150.0,372.0,407.5,0.09543010752688175,0.8518518518518519,0.9166666666666666,0.06481481481481477,0.7857142857142857,0.0,0.7857142857142857,Casais e escapadas curtas
1181944920258781413,0.473368386606751,20972.00633276457,406.2380354261964,105,1,2,apartamento,17,4.710000038146973,True,150.0,0,0,1.0,False,True,Centro,Centro,0.196202185867394,243,727,41992.9599225996,0.4260315479460759,1,0,0,1,1,1,1,0,0,1,1,0,0,1,0,0,0,0,0,0,2,1,1,1.0,1.0,2.0,150.0,372.0,419.0,0.1263440860215055,0.7037037037037037,0.6666666666666667,-0.03703703703703698,0.6428571428571428,0.0,0.6428571428571428,Casais e escapadas curtas
1181971107577983158,0.6050828265844417,26631.61395883643,407.8957575240329,105,1,2,apartamento,15,4.929999828338623,True,150.0,0,0,1.0,True,True,Centro,Centro,0.196202185867394,243,727,53325.38431959079,0.5445745439259976,1,0,1,1,1,1,1,1,1,1,0,0,0,1,0,0,0,0,0,0,2,1,1,1.0,1.0,2.0,150.0,372.0,419.0,0.1263440860215055,0.8888888888888888,0.6666666666666667,-0.2222222222222221,0.7142857142857143,0.0,0.7142857142857143,Casais e escapadas curtas
1182018398755268829,0.7374420048493442,58585.64742651161,743.5599143220487,105,2,6,apartamento,13,5.0,True,240.0,0,0,1.0,True,True,Centro,Centro,0.196202185867394,243,727,117308.02982724192,0.6636978043644098,2,0,1,1,1,1,1,0,0,1,1,0,0,1,0,0,0,0,0,0,6,2,3,1.0,1.5,3.0,240.0,627.0,680.0,0.08452950558213712,0.7777777777777778,0.8333333333333334,0.05555555555555558,0.6785714285714286,0.0,0.6785714285714286,Famílias
1182028381058524086,0.8626952173757135,58753.74256169989,642.9557651367006,105,1,4,apartamento,12,5.0,True,190.0,0,0,1.0,True,True,Centro,Centro,0.196202185867394,243,727,117644.61242039694,0.7764256956381422,1,0,1,1,1,1,1,1,0,1,0,0,0,1,0,0,0,0,0,0,4,1,2,1.0,2.0,4.0,190.0,565.5,627.0,0.10875331564986745,0.8518518518518519,1.0,0.14814814814814814,0.8214285714285714,0.0,0.8214285714285714,Casais e escapadas curtas
1182040498646675653,0.8003008662124201,64521.82526923631,757.919823945977,105,2,6,apartamento,2,5.0,True,240.0,0,0,1.0,False,True,Centro,Centro,0.196202185867394,243,727,129194.24015388654,0.7202707795911781,2,0,1,1,1,1,1,0,0,1,1,0,0,1,0,0,0,0,0,0,6,2,3,1.0,1.5,3.0,240.0,627.0,662.0,0.05582137161084533,0.6666666666666667,0.9166666666666666,0.2499999999999999,0.7142857142857143,0.10810810810810811,0.6061776061776062,Famílias
1182043782165637473,0.6595722005230814,43891.37384152333,619.2845060215279,105,1,4,apartamento,11,4.820000171661377,True,190.0,0,0,1.0,True,True,Centro,Centro,0.196202185867394,243,727,87885.18720764476,0.5936149804707733,1,0,1,1,1,1,1,1,0,1,0,0,0,1,0,0,0,1,0,0,4,1,2,1.0,2.0,4.0,190.0,544.0,627.0,0.15257352941176472,0.8148148148148149,0.8333333333333334,0.01851851851851849,0.6785714285714286,0.0,0.6785714285714286,Casais e escapadas curtas
1182070530301053205,0.7560595763635639,50842.00525079924,630.2237194781839,105,1,4,apartamento,12,4.920000076293945,True,190.0,0,0,1.0,True,True,Centro,Centro,0.196202185867394,243,727,101802.6723340194,0.6804536187272076,1,0,1,1,1,1,1,0,0,1,0,0,0,1,0,0,0,0,0,0,4,1,2,1.0,2.0,4.0,190.0,539.0,627.0,0.16326530612244894,0.8888888888888888,1.0,0.11111111111111116,0.6428571428571428,0.0,0.6428571428571428,Casais e escapadas curtas
1182188163181410725,0.3908067145889036,39601.792101728955,922.572037797417,105,2,5,apartamento,12,4.920000076293945,False,250.0,0,0,1.0,True,False,Centro,Centro,0.2034948467422629,243,724,79296.01213179714,0.3517260431300132,2,1,1,1,1,1,1,1,0,1,1,0,0,0,0,0,0,0,0,1,5,2,3,1.0,1.5,2.5,250.0,850.0,899.0,0.057647058823529385,0.7777777777777778,0.25,-0.5277777777777778,0.8214285714285714,0.0,0.8214285714285714,Famílias
1183418487997408853,0.8108049645252923,54429.04691685015,631.5352768901189,105,1,4,apartamento,20,4.75,True,190.0,30,0,1.0,False,True,Centro,Centro,0.1954226132540934,242,726,108985.1275809378,0.729724468072763,1,0,1,1,1,1,1,0,0,1,1,0,0,1,0,0,0,0,0,0,4,1,2,1.0,2.0,4.0,190.0,523.0,627.0,0.1988527724665392,0.9259259259259259,0.9166666666666666,-0.0092592592592593,0.8928571428571429,0.0,0.8928571428571429,Casais e escapadas curtas
1184078920130796920,0.609401603397559,28697.603241456312,436.5701144200574,105,2,4,apartamento,11,5.0,True,290.0,12,0,2.0,False,True,Morretes,Morretes,0.4864848542362133,146,705,57462.1847653372,0.5484614430578031,2,0,0,0,1,0,0,0,0,0,1,0,0,0,0,0,0,1,0,1,4,2,2,2.0,1.0,2.0,290.0,407.5,425.0,0.042944785276073594,1.0,1.0,0.0,,0.027027027027026973,,Casais e escapadas curtas
1184152596221501552,0.6264188006880714,41748.11669379816,618.6619156742447,105,1,4,apartamento,11,4.820000171661377,True,190.0,0,0,1.0,False,True,Centro,Centro,0.196202185867394,243,727,83593.67069366973,0.5637769206192643,1,0,1,1,1,1,1,0,0,1,1,0,0,1,0,0,0,0,0,0,4,1,2,1.0,2.0,4.0,190.0,575.0,627.0,0.09043478260869575,0.8148148148148149,0.8333333333333334,0.01851851851851849,0.75,0.0,0.75,Casais e escapadas curtas
1187061700423806804,0.6332885347069396,42887.43153489792,628.9814315402475,105,1,4,apartamento,3,5.0,True,190.0,0,0,1.0,False,True,Centro,Centro,0.195736444325993,240,727,85874.95946034246,0.5699596812362456,1,0,1,1,1,1,1,0,1,1,1,0,0,1,0,0,0,0,0,0,4,1,2,1.0,2.0,4.0,190.0,575.0,648.0,0.1269565217391304,0.7037037037037037,0.8333333333333334,0.12962962962962965,0.7142857142857143,0.0,0.7142857142857143,Casais e escapadas curtas
1187558666042801587,0.7773576250295701,54942.150358942294,663.3814302674014,105,3,6,apartamento,7,5.0,True,400.0,0,0,2.0,True,True,Meia Praia,Meia Praia (beach band),0.2121559406728269,373,1387,110012.53201416363,0.6996218625266131,3,0,0,0,1,0,1,1,0,0,1,0,0,1,0,0,0,0,0,1,6,3,3,2.0,1.0,2.0,400.0,523.0,620.5,0.1864244741873804,0.9259259259259259,0.8333333333333334,-0.09259259259259256,0.6071428571428572,0.0,0.6071428571428572,Famílias
1187772975255244525,0.7732642649216367,35257.211030265025,427.83289691360454,105,1,2,apartamento,23,4.869999885559082,True,150.0,0,0,1.0,True,True,Centro,Centro,0.196202185867394,243,727,70596.71002785675,0.695937838429473,1,0,0,1,1,1,1,0,0,1,1,0,0,1,0,0,0,0,0,0,2,1,1,1.0,1.0,2.0,150.0,372.0,419.0,0.1263440860215055,0.9259259259259259,1.0,0.07407407407407407,0.9285714285714286,0.0,0.9285714285714286,Casais e escapadas curtas
1188323084225041810,0.7011267205731668,47092.748280030115,627.0015679359708,105,1,4,apartamento,14,4.860000133514404,True,190.0,0,0,1.0,True,True,Centro,Centro,0.2473468318154216,240,702,94295.40787801633,0.6310140485158502,1,0,1,1,1,1,1,0,0,1,0,0,0,1,0,0,0,0,0,0,4,1,2,1.0,2.0,4.0,190.0,549.0,627.0,0.14207650273224037,0.9259259259259259,0.6666666666666667,-0.2592592592592592,0.8214285714285714,0.0,0.8214285714285714,Casais e escapadas curtas
1188339469325210376,0.6955236044456874,46893.94756939524,629.1260069332533,105,1,4,apartamento,22,4.949999809265137,True,190.0,0,0,1.0,True,True,Centro,Centro,0.2473468318154216,240,702,93897.34246921314,0.6259712440011187,1,0,1,1,1,1,1,0,0,1,0,0,0,1,0,0,0,0,0,0,4,1,2,1.0,2.0,4.0,190.0,566.33335,648.5,0.14508531062138585,0.8888888888888888,1.0,0.11111111111111116,0.75,0.0,0.75,Casais e escapadas curtas
1188476386889166335,0.6531789108429822,43665.516555534305,621.8289882922381,105,1,4,apartamento,12,4.75,True,190.0,0,0,2.0,True,True,Centro,Centro,0.2473468318154216,240,702,87432.94549989997,0.587861019758684,1,0,1,1,1,1,1,1,0,1,1,0,0,1,0,0,0,0,0,0,4,1,2,2.0,2.0,4.0,190.0,575.0,627.0,0.09043478260869575,0.9259259259259259,0.6666666666666667,-0.2592592592592592,0.75,0.0,0.75,Casais e escapadas curtas
1189331897618015345,0.5510600317862994,44333.63713253844,742.4180352160568,105,2,6,apartamento,17,4.820000171661377,True,240.0,0,0,2.0,True,True,Centro,Centro,0.196202185867394,243,727,88770.74600255223,0.4959540286076694,2,0,1,1,1,1,1,0,0,1,1,0,0,1,0,0,0,0,0,0,6,2,3,2.0,1.5,3.0,240.0,693.0,730.5,0.05411255411255422,1.0,0.8333333333333334,-0.16666666666666663,0.6785714285714286,0.0,0.6785714285714286,Famílias
1191261348067720296,0.7813712499336898,61706.13913398981,741.4316241089274,105,2,6,apartamento,25,5.0,True,240.0,0,0,1.0,True,True,Centro,Centro,0.196202185867394,243,727,123556.29626068346,0.7032341249403208,2,0,1,1,1,1,1,1,0,1,0,0,0,1,0,0,0,0,0,0,6,2,3,1.0,1.5,3.0,240.0,627.0,668.6667,0.06645406698564593,1.0,0.8333333333333334,-0.16666666666666663,0.9642857142857143,0.0,0.9642857142857143,Famílias
1191386301072209798,0.7275684949439919,48862.36369515263,628.1239310970105,105,1,4,apartamento,22,4.860000133514404,True,190.0,0,0,1.0,True,True,Centro,Centro,0.2473468318154216,240,702,97838.76887202656,0.6548116454495927,1,0,0,1,1,1,1,1,0,1,0,0,0,1,0,0,0,1,0,0,4,1,2,1.0,2.0,4.0,190.0,575.0,627.0,0.09043478260869575,0.8518518518518519,1.0,0.14814814814814814,0.7857142857142857,0.08108108108108103,0.7046332046332047,Casais e escapadas curtas
1192836728602105901,0.6780563018779501,45073.348714348554,619.4791781518996,105,1,4,apartamento,22,4.949999809265137,True,190.0,0,0,1.0,True,True,Centro,Centro,0.3993702407681223,206,681,90251.89560342308,0.6102506716901551,1,0,1,1,1,1,1,0,0,1,0,0,0,1,0,0,0,0,0,0,4,1,2,1.0,2.0,4.0,190.0,556.0,635.5,0.14298561151079148,0.8148148148148149,0.8333333333333334,0.01851851851851849,0.7142857142857143,0.0,0.7142857142857143,Casais e escapadas curtas
1193347652334673191,0.7773576250295701,76528.73443738616,924.0217387917452,105,3,6,apartamento,12,5.0,True,200.0,0,0,3.0,True,False,Meia Praia,Meia Praia (inland),0.3933956624836556,372,1670,153236.0818113864,0.6996218625266131,3,0,0,0,1,0,1,0,0,0,1,0,1,1,1,0,0,0,0,1,6,3,3,3.0,1.0,2.0,200.0,1025.0,925.0,-0.09756097560975607,1.0,1.0,0.0,0.9642857142857143,0.21621621621621623,0.7480694980694981,Famílias
1193414131980072087,0.8108049645252923,63754.0102032866,739.7319770837926,105,2,6,apartamento,16,4.940000057220459,True,240.0,0,0,1.0,True,True,Centro,Centro,0.2473468318154216,240,702,127656.81799308825,0.729724468072763,2,0,1,1,1,1,1,1,1,1,0,0,0,1,0,0,0,0,0,0,6,2,3,1.0,1.5,3.0,240.0,597.0,668.6667,0.12004472361809038,0.9259259259259259,0.9166666666666666,-0.0092592592592593,0.75,0.0,0.75,Famílias
1193496259129259761,0.4268464419511398,34496.14798517341,738.0987211049712,105,2,6,apartamento,13,4.769999980926514,True,240.0,0,0,2.0,False,True,Centro,Centro,0.2473468318154216,240,702,69072.80766753876,0.3841617977560259,2,0,1,1,1,1,1,0,0,1,1,0,0,1,0,0,0,0,0,0,6,2,3,2.0,1.5,3.0,240.0,713.0,755.5,0.05960729312762969,0.8518518518518519,0.8333333333333334,-0.01851851851851849,0.6785714285714286,0.0,0.6785714285714286,Famílias
1193657356522503551,0.5196996254855336,40392.864298110704,715.4220243295105,105,2,6,apartamento,11,4.909999847412109,True,250.0,0,0,3.0,True,False,Meia Praia,Meia Praia (inland),0.5431982973670942,172,1264,80880.00283404306,0.4677296629369802,2,0,0,0,0,0,0,0,0,0,1,0,1,1,1,0,0,0,0,0,6,2,4,3.0,2.0,3.0,250.0,702.0,702.0,0.0,1.0,1.0,0.0,0.5357142857142857,0.5405405405405406,-0.004826254826254872,Famílias
1195858349379362032,0.8330846247591832,74555.13346521468,843.1987095834764,105,3,8,apartamento,17,4.710000038146973,False,330.0,0,0,3.0,False,False,Centro,Centro,0.1605114327433518,170,744,149284.27361466078,0.7497761622832649,3,0,1,0,1,0,1,1,0,0,1,0,0,1,0,0,0,1,0,1,8,3,3,3.0,1.0,2.6666666666666665,330.0,1020.0,921.25,-0.09681372549019607,0.8148148148148149,0.9166666666666666,0.10185185185185175,0.6071428571428572,0.29729729729729726,0.30984555984555995,Grupos e amigos
1197121947398131654,0.7813712499336898,35492.35659970032,426.4592788738219,105,1,2,apartamento,21,4.670000076293945,True,170.0,0,0,1.0,False,True,Centro,Centro,0.2473468318154216,240,702,71067.54998072507,0.7032341249403208,1,0,0,1,1,1,1,0,0,1,1,0,0,1,0,0,0,0,0,0,2,1,1,1.0,1.0,2.0,170.0,372.0,419.0,0.1263440860215055,0.8888888888888888,1.0,0.11111111111111116,0.8571428571428572,0.0,0.8571428571428572,Casais e escapadas curtas
1197195878719681680,0.6780563018779501,30675.827285278978,421.6024949964467,105,1,3,apartamento,16,4.559999942779541,True,160.0,0,0,1.0,False,True,Centro,Centro,0.2478946655294867,240,703,61423.249895304536,0.6102506716901551,1,0,0,1,1,1,1,0,1,1,0,0,0,1,0,0,0,0,0,0,3,1,1,1.0,1.0,3.0,160.0,372.0,419.0,0.1263440860215055,0.8888888888888888,1.0,0.11111111111111116,0.6428571428571428,0.0,0.6428571428571428,Casais e escapadas curtas
1198703061430420363,0.943971154386698,43885.016200257385,441.2147855378207,105,1,4,apartamento,11,5.0,False,200.0,0,0,1.0,True,True,Centro,Centro,0.196202185867394,243,727,87872.45708680431,0.8495740389480281,1,0,1,1,0,1,1,1,0,1,1,0,0,1,0,1,0,1,0,1,4,1,2,1.0,2.0,4.0,200.0,400.0,400.0,0.0,1.0,1.0,0.0,,0.05405405405405406,,Casais e escapadas curtas
1199996219082185363,0.7929502547481151,20007.078190170538,237.07576659641705,105,2,5,apartamento,12,4.670000076293945,,0.0,0,0,1.0,False,,Morretes,Morretes,0.5808873827625123,88,625,40060.851559803865,0.7136552292733036,2,0,1,0,1,0,0,0,0,0,1,0,0,1,0,0,0,0,0,0,5,2,2,1.0,1.0,2.5,0.0,200.0,200.0,0.0,0.8518518518518519,0.9166666666666666,0.06481481481481477,0.6071428571428572,0.10810810810810811,0.4990347490347491,Famílias
1203075817950465589,0.8977668217788106,143246.10909437254,1509.8137956544367,105,3,6,apartamento,0,0.0,False,400.0,0,0,2.0,False,False,Centro,Centro,0.0676527529594558,157,743,286826.54500588094,0.8079901396009296,3,0,0,0,1,0,0,0,0,0,1,0,0,1,0,0,0,0,1,1,6,3,4,2.0,1.3333333333333333,2.0,400.0,1400.0,1400.0,0.0,0.8888888888888888,0.75,-0.13888888888888884,0.8571428571428572,0.0,0.8571428571428572,Alto padrão e frente-mar
1203140233522044896,0.4173177775415257,21923.390330905517,479.399253639924,105,1,4,apartamento,13,5.0,False,180.0,0,0,1.0,True,False,Centro,Centro,0.2855555144815237,244,688,43897.94838536386,0.3755859997873731,1,0,1,1,1,1,1,0,0,1,1,0,0,1,0,0,0,1,0,0,4,1,2,1.0,2.0,4.0,180.0,508.1,450.0,-0.11434756937610713,0.5185185185185186,0.5833333333333333,0.06481481481481466,0.5714285714285714,0.027027027027026973,0.5444015444015444,Casais e escapadas curtas
1207335703563012811,0.5176037598740518,25767.92147974573,458.1603300296462,105,1,2,apartamento,1,5.0,True,150.0,0,0,1.0,False,True,Centro,Centro,0.2473468318154216,240,702,51595.98356105471,0.4658433838866466,1,0,1,1,1,1,1,0,0,1,1,0,0,1,0,0,0,0,0,0,2,1,1,1.0,1.0,2.0,150.0,427.0,427.0,0.0,0.8148148148148149,0.8333333333333334,0.01851851851851849,0.8214285714285714,0.0,0.8214285714285714,Casais e escapadas curtas
1207338410880339003,0.368872897590561,18354.711939240773,452.1392877928424,105,1,2,apartamento,0,0.0,True,150.0,0,0,1.0,False,True,Centro,Centro,0.2473468318154216,240,702,36752.26254586935,0.3319856078315049,1,0,1,1,1,1,1,0,0,1,1,0,0,1,0,0,0,0,0,0,2,1,1,1.0,1.0,2.0,150.0,427.0,427.0,0.0,0.7777777777777778,0.75,-0.02777777777777779,0.6785714285714286,0.0,0.6785714285714286,Casais e escapadas curtas
1207383031689344642,0.6595722005230814,46982.81276575046,662.9031048377384,105,1,4,apartamento,8,4.880000114440918,False,150.0,0,0,1.0,False,False,Centro,Centro,0.1690490272720696,223,700,94075.2802673354,0.5936149804707733,1,0,0,1,0,0,0,0,0,0,0,0,1,0,0,0,0,0,0,1,4,1,1,1.0,1.0,4.0,150.0,800.0,800.0,0.0,0.40740740740740744,0.6666666666666667,0.2592592592592593,0.5714285714285714,0.05405405405405406,0.5173745173745173,Casais e escapadas curtas
1207864392976162235,0.3394127830647514,20417.181995606017,545.1515433339146,105,1,4,apartamento,1,5.0,False,0.0,0,0,1.0,False,False,Centro,Centro,0.2801512211881518,242,689,40882.0163254683,0.3054715047582763,1,0,1,1,1,0,0,0,0,0,1,0,1,1,0,0,0,1,0,1,4,1,2,1.0,2.0,4.0,0.0,600.0,600.0,0.0,0.2962962962962963,0.33333333333333337,0.03703703703703709,0.25,0.0,0.25,Casais e escapadas curtas
1207881809440158991,0.2903411389284883,14472.457652596371,449.7055705296984,105,1,2,apartamento,1,5.0,True,150.0,0,0,1.0,False,True,Centro,Centro,0.3993702407681223,206,681,28978.69305129501,0.2613070250356395,1,0,1,1,1,1,1,0,0,1,1,0,0,1,0,0,0,0,0,0,2,1,1,1.0,1.0,2.0,150.0,427.0,427.0,0.0,0.8518518518518519,0.8333333333333334,-0.01851851851851849,0.4642857142857143,0.0,0.4642857142857143,Casais e escapadas curtas
1207940918769840398,0.6400379708275723,28866.71807172643,419.1063905053463,105,1,2,apartamento,2,5.0,True,150.0,0,0,1.0,False,True,Centro,Centro,0.3993702407681223,206,681,57800.80912855586,0.5760341737448151,1,0,1,1,1,1,1,0,0,1,0,0,0,0,0,0,0,0,0,0,2,1,1,1.0,1.0,2.0,150.0,372.0,419.0,0.1263440860215055,0.962962962962963,1.0,0.03703703703703698,0.6428571428571428,0.0,0.6428571428571428,Casais e escapadas curtas
1207992119242235910,0.4268464419511398,18875.010162977906,403.86018949493126,105,1,2,apartamento,3,5.0,True,150.0,0,0,1.0,False,True,Centro,Centro,0.2473468318154216,240,702,37794.07333452331,0.3841617977560259,1,0,1,1,1,1,1,0,0,1,0,0,0,0,0,0,0,0,0,0,2,1,1,1.0,1.0,2.0,150.0,372.0,411.0,0.10483870967741926,0.7777777777777778,0.75,-0.02777777777777779,0.5714285714285714,0.0,0.5714285714285714,Casais e escapadas curtas
1208704132667695539,0.2328985420153078,16399.581059811993,631.8626378123392,105,1,2,apartamento,0,0.0,True,170.0,0,0,1.0,False,True,Centro,Centro,0.3993702407681223,206,681,32837.43764258759,0.209608687813777,1,0,1,1,1,1,1,0,0,1,1,0,0,1,0,0,0,0,0,0,2,1,1,1.0,1.0,2.0,170.0,575.0,627.0,0.09043478260869575,0.5185185185185186,0.33333333333333337,-0.18518518518518523,0.3571428571428571,0.0,0.3571428571428571,Casais e escapadas curtas
1208718899534488031,0.4077271929720012,20256.11333663651,452.9806623896538,105,1,2,apartamento,5,4.800000190734863,True,150.0,0,0,1.0,False,True,Centro,Centro,0.2473468318154216,240,702,40559.50308407536,0.3669544736748011,1,0,1,1,1,1,1,0,0,1,1,0,0,1,0,0,0,0,0,0,2,1,1,1.0,1.0,2.0,150.0,427.0,427.0,0.0,0.8888888888888888,1.0,0.11111111111111116,0.5357142857142857,0.0,0.5357142857142857,Casais e escapadas curtas
1208735754877396448,0.5428667370218168,26943.991668510604,457.7163046081077,105,1,2,apartamento,2,5.0,True,150.0,0,0,1.0,False,True,Centro,Centro,0.2473468318154216,240,702,53950.86880757547,0.4885800633196351,1,0,0,1,1,1,1,0,0,1,1,0,0,1,0,0,0,0,0,0,2,1,1,1.0,1.0,2.0,150.0,427.0,427.0,0.0,0.7777777777777778,1.0,0.2222222222222222,0.7857142857142857,0.0,0.7857142857142857,Casais e escapadas curtas
1208746927423730353,0.582652914629694,25998.635362807338,412.805549278736,105,1,2,apartamento,1,5.0,True,150.0,0,0,1.0,False,True,Centro,Centro,0.2473468318154216,240,702,52057.94979791671,0.5243876231667246,1,0,0,1,1,1,1,0,0,1,0,0,0,0,0,0,0,0,0,0,2,1,1,1.0,1.0,2.0,150.0,372.0,419.0,0.1263440860215055,0.8888888888888888,0.8333333333333334,-0.05555555555555547,0.7142857142857143,0.0,0.7142857142857143,Casais e escapadas curtas
1208757710030861160,0.5591365501312927,24600.34262966997,406.2732505601016,105,1,2,apartamento,4,5.0,True,150.0,0,0,1.0,False,True,Centro,Centro,0.3993702407681223,206,681,49258.1008101275,0.5032228951181634,1,0,1,1,1,1,1,0,0,1,0,0,0,1,0,0,0,0,0,0,2,1,1,1.0,1.0,2.0,150.0,372.0,409.0,0.09946236559139776,1.0,1.0,0.0,0.6428571428571428,0.0,0.6428571428571428,Casais e escapadas curtas
1208757855935244741,0.6050828265844417,26996.14291913436,413.4789646338234,105,1,2,apartamento,0,0.0,True,150.0,0,0,1.0,False,True,Centro,Centro,0.3993702407681223,206,681,54055.29302634636,0.5445745439259976,1,0,1,1,1,1,1,0,0,1,0,0,0,0,0,0,0,0,0,0,2,1,1,1.0,1.0,2.0,150.0,372.0,419.0,0.1263440860215055,0.8518518518518519,0.9166666666666666,0.06481481481481477,0.8214285714285714,0.0,0.8214285714285714,Casais e escapadas curtas
1209010210831577821,0.3905295245012589,45717.5414633982,1065.7757402424415,105,3,8,apartamento,0,0.0,False,350.0,0,0,3.0,False,False,Centro,Centro,0.368706633605204,136,705,91541.78460421972,0.351476572051133,3,0,0,0,1,0,1,1,0,0,1,1,1,0,0,0,0,1,0,1,8,3,4,3.0,1.3333333333333333,2.6666666666666665,350.0,1000.0,1000.0,0.0,0.8888888888888888,1.0,0.11111111111111116,0.4642857142857143,0.4054054054054054,0.05888030888030893,Alto padrão e frente-mar
1213824251801309412,0.6898118293887531,83823.61252463443,1133.4072123352112,105,3,6,apartamento,6,4.5,True,456.0,0,0,3.0,False,True,Meia Praia,Meia Praia (beach band),0.2126790208424546,394,1848,167842.863742378,0.6208306464498777,3,0,0,0,1,0,1,1,0,0,1,1,1,1,1,0,0,0,0,1,6,3,4,3.0,1.3333333333333333,2.0,456.0,954.0,1040.0,0.09014675052410892,0.8518518518518519,1.0,0.14814814814814814,0.9285714285714286,0.0,0.9285714285714286,Alto padrão e frente-mar
1214464056304542513,0.582652914629694,46265.76375682635,734.6064035252754,105,2,5,apartamento,16,5.0,True,220.0,0,0,1.0,True,True,Centro,Centro,0.2478946655294867,240,703,92639.50870516268,0.5243876231667246,2,0,1,1,1,1,1,0,0,1,1,0,0,1,0,0,0,0,0,0,5,2,4,1.0,2.0,2.5,220.0,627.0,703.0,0.1212121212121211,0.9259259259259259,0.8333333333333334,-0.09259259259259256,0.6428571428571428,0.0,0.6428571428571428,Famílias
1216602433904805187,0.5749340067128811,38658.1133054483,621.6744210493857,105,1,4,apartamento,10,4.599999904632568,True,190.0,0,0,1.0,False,True,Centro,Centro,0.3993702407681223,206,681,77406.45205617814,0.517440606041593,1,0,1,1,1,1,1,1,0,1,1,0,0,1,0,0,0,0,0,0,4,1,2,1.0,2.0,4.0,190.0,583.0,653.0,0.12006861063464846,0.7777777777777778,1.0,0.2222222222222222,0.7142857142857143,0.0,0.7142857142857143,Casais e escapadas curtas
1218889785346856352,0.9490110206938284,52250.76314366824,522.6998832739931,105,2,7,apartamento,10,4.699999809265137,True,413.0,0,0,2.0,False,True,Meia Praia,Meia Praia (inland),0.8432908838685048,76,1636,104623.47606625322,0.8541099186244456,2,0,0,0,1,0,1,0,0,0,1,0,1,0,1,0,0,0,0,0,7,2,5,2.0,2.5,3.5,413.0,505.0,505.0,0.0,0.6666666666666667,1.0,0.33333333333333326,0.6071428571428572,,,Famílias
1219597802580113056,0.6658487444121034,44592.879934920784,623.5446708622807,105,1,4,apartamento,6,4.829999923706055,True,190.0,0,0,1.0,False,True,Centro,Centro,0.3993702407681223,206,681,89289.83666264116,0.5992638699708931,1,0,1,1,1,1,1,0,0,1,1,0,0,1,0,0,0,0,0,0,4,1,2,1.0,2.0,4.0,190.0,575.0,644.0,0.1200000000000001,0.962962962962963,0.8333333333333334,-0.12962962962962965,0.6428571428571428,0.0,0.6428571428571428,Casais e escapadas curtas
1219655958873769070,0.6466678179242973,51168.128534343785,735.6466098447419,105,2,6,apartamento,16,4.5,True,240.0,0,0,2.0,False,True,Centro,Centro,0.3993702407681223,206,681,102455.68005099292,0.5820010361318676,2,0,1,1,1,1,1,0,0,1,1,0,0,1,0,0,0,0,0,0,6,2,3,2.0,1.5,3.0,240.0,627.0,693.0,0.10526315789473695,0.9259259259259259,1.0,0.07407407407407407,0.7142857142857143,0.0,0.7142857142857143,Famílias
1226846054624436877,0.5261365797751556,41980.489954771576,734.8308938477455,105,2,6,apartamento,7,4.860000133514404,True,240.0,0,0,1.0,False,True,Centro,Centro,0.3993702407681223,206,681,84058.95955923217,0.47352292179764,2,0,0,1,1,1,1,0,0,1,1,0,0,1,0,0,0,0,0,0,6,2,3,1.0,1.5,3.0,240.0,627.0,713.0,0.13716108452950548,0.7777777777777778,0.75,-0.02777777777777779,0.4285714285714286,0.0,0.4285714285714286,Famílias
1226856286781952840,0.4913644300845068,39628.95540278151,740.6330419126474,105,2,5,apartamento,12,4.579999923706055,True,220.0,0,0,1.0,False,True,Centro,Centro,0.2473468318154216,240,702,79350.40213122619,0.4422279870760562,2,0,0,1,1,1,1,0,0,1,1,0,0,1,0,0,0,0,0,0,5,2,3,1.0,1.5,2.5,220.0,727.0,739.3333,0.0169646492434663,0.9259259259259259,0.8333333333333334,-0.09259259259259256,0.6785714285714286,0.0,0.6785714285714286,Famílias
1229942592150628971,0.962705363237434,30853.36255661029,304.5190767715122,105,2,6,apartamento,13,4.920000076293945,False,250.0,0,0,1.0,True,False,Meia Praia,Meia Praia (inland),0.4147559230915298,245,1271,61778.73479339063,0.8664348269136907,2,1,1,0,1,0,0,1,0,0,1,0,0,0,0,0,0,0,0,1,6,2,2,1.0,1.0,3.0,250.0,226.25,200.0,-0.11602209944751385,1.0,1.0,0.0,,0.7297297297297297,,Famílias
1233370107101543516,0.8765249214734702,41529.99267678132,447.7110008268225,105,1,3,apartamento,10,5.0,True,160.0,0,0,1.0,True,True,Centro,Centro,0.3993702407681223,206,681,83156.91357280074,0.7888724293261231,1,0,1,1,1,1,1,1,0,1,0,0,0,0,0,0,0,0,0,0,3,1,2,1.0,2.0,3.0,160.0,372.0,419.0,0.1263440860215055,1.0,1.0,0.0,0.8928571428571429,0.0,0.8928571428571429,Casais e escapadas curtas
1233973103621276698,0.8270189212730101,38279.510603989,435.9273264739616,105,1,3,apartamento,22,4.909999847412109,True,160.0,0,0,1.0,True,True,Centro,Centro,0.2473468318154216,240,702,76648.3630199313,0.7443170291457092,1,0,1,1,1,1,1,1,0,1,0,0,0,1,0,0,0,0,0,0,3,1,2,1.0,2.0,3.0,160.0,372.0,419.0,0.1263440860215055,0.962962962962963,0.8333333333333334,-0.12962962962962965,0.8928571428571429,0.0,0.8928571428571429,Casais e escapadas curtas
1233994658216308874,0.8651038936651491,41048.26413524721,448.02154023969905,105,1,3,apartamento,16,4.380000114440918,True,180.0,0,0,1.0,False,True,Centro,Centro,0.2473468318154216,240,702,82192.33216760585,0.7785935042986342,1,0,1,1,1,1,1,1,0,1,1,0,0,1,0,0,0,0,0,0,3,1,2,1.0,2.0,3.0,180.0,372.0,419.0,0.1263440860215055,0.9259259259259259,0.9166666666666666,-0.0092592592592593,0.8214285714285714,0.0,0.8214285714285714,Casais e escapadas curtas
1234084273027568746,0.8577457708953795,39910.05724554892,439.12055543437856,105,1,3,apartamento,13,4.769999980926514,True,180.0,0,0,1.0,False,True,Centro,Centro,0.3993702407681223,206,681,79913.26188962036,0.7719711938058416,1,0,1,1,1,1,1,1,0,1,1,0,0,1,0,0,0,0,0,0,3,1,2,1.0,2.0,3.0,180.0,372.0,419.0,0.1263440860215055,0.962962962962963,0.8333333333333334,-0.12962962962962965,0.9285714285714286,0.0,0.9285714285714286,Casais e escapadas curtas
1236367599770739400,0.7699979560944384,53084.048320556394,646.7391781580313,105,1,4,apartamento,15,4.730000019073486,False,200.0,0,0,1.0,False,False,Centro,Centro,0.2531711459710695,242,693,106291.991251779,0.6929981604849946,1,0,1,1,1,1,1,1,0,1,1,0,1,1,0,0,0,0,1,1,4,1,2,1.0,2.0,4.0,200.0,572.0,600.0,0.04895104895104896,0.7777777777777778,1.0,0.2222222222222222,0.9285714285714286,0.0,0.9285714285714286,Casais e escapadas curtas
1238321506456103932,0.6194281960088356,52728.90180190593,789.7795558281384,105,2,6,apartamento,9,4.670000076293945,True,240.0,0,0,2.0,False,True,Centro,Centro,0.196202185867394,243,727,105580.86932630828,0.557485376407952,2,0,1,1,1,1,1,1,0,1,1,0,0,1,0,0,0,0,0,0,6,2,3,2.0,1.5,3.0,240.0,660.0,770.0,0.16666666666666674,1.0,1.0,0.0,,0.0,,Famílias
1242002119123644781,0.1846492335455807,112455.19878869296,5439.965924025715,105,4,6,apartamento,0,0.0,False,0.0,0,0,4.0,False,False,Meia Praia,Meia Praia (beach band),0.0591445130700136,232,1178,225172.8604737194,0.1661843101910226,4,0,1,1,1,0,0,1,0,0,1,0,1,0,0,0,0,1,0,1,6,4,11,4.0,2.75,1.5,0.0,5500.0,5500.0,0.0,0.0,0.0,0.0,0.0357142857142857,0.3783783783783784,-0.3426640926640927,Alto padrão e frente-mar
1242713378625026725,0.5591365501312927,39629.76669605058,654.4833288266653,105,1,4,apartamento,8,4.75,True,190.0,0,0,1.0,False,True,Centro,Centro,0.3993702407681223,206,681,79352.02661126845,0.5032228951181634,1,0,1,1,1,1,1,1,0,1,1,0,0,1,0,0,0,0,0,0,4,1,2,1.0,2.0,4.0,190.0,605.0,660.0,0.09090909090909083,0.8888888888888888,0.8333333333333334,-0.05555555555555547,0.5,0.0,0.5,Casais e escapadas curtas
1248514191377483703,0.4913644300845068,28191.802918397745,526.8819362064042,105,2,6,apartamento,6,5.0,True,351.0,0,0,1.0,True,True,Centro,Centro,0.2788825542771245,40,481,56449.40361516879,0.4422279870760562,2,0,0,0,0,0,0,0,0,0,1,0,0,1,0,0,0,0,0,1,6,2,5,1.0,2.5,3.0,351.0,471.0,523.0,0.11040339702760082,0.7037037037037037,1.0,0.2962962962962963,0.6071428571428572,0.0,0.6071428571428572,Famílias
1248685472424986601,0.912720602805724,31457.797752207764,326.448958931981,105,2,6,apartamento,10,5.0,False,300.0,0,0,2.0,True,False,Morretes,Morretes,0.5755882628045279,118,725,62989.01589581806,0.8214485425251515,2,0,0,0,1,0,1,0,0,0,1,0,0,1,0,0,0,0,0,1,6,2,3,2.0,1.5,3.0,300.0,248.0,353.0,0.4233870967741935,1.0,1.0,0.0,0.9642857142857143,0.3783783783783784,0.5859073359073359,Famílias
1249371220066552412,0.7275684949439919,48828.98620634521,627.6948646766739,105,1,4,apartamento,12,4.920000076293945,True,180.0,0,0,1.0,True,True,Centro,Centro,0.196202185867394,243,727,97771.93599359009,0.6548116454495927,1,0,1,1,1,1,1,1,0,0,1,0,0,1,0,0,0,0,0,0,4,1,2,1.0,2.0,4.0,180.0,575.0,627.0,0.09043478260869575,0.9259259259259259,1.0,0.07407407407407407,0.9285714285714286,0.0,0.9285714285714286,Casais e escapadas curtas
1249385754807434824,0.6595722005230814,44237.545974001354,624.1688151532977,105,1,4,apartamento,7,4.570000171661377,True,190.0,0,0,1.0,False,True,Centro,Centro,0.1363047171962584,210,697,88578.33941515483,0.5936149804707733,1,0,1,1,1,1,1,1,0,0,1,0,0,1,0,0,0,0,0,0,4,1,2,1.0,2.0,4.0,190.0,575.0,646.0,0.12347826086956526,1.0,1.0,0.0,0.8214285714285714,0.0,0.8214285714285714,Casais e escapadas curtas
1249919049392818339,0.4173177775415256,27834.16773851048,608.6503518901328,105,1,2,apartamento,9,5.0,True,250.0,0,0,1.0,True,True,Meia Praia,Meia Praia (inland),0.3541461216422645,382,1736,55733.298558855946,0.3755859997873731,1,0,0,1,0,1,1,0,0,0,1,0,1,1,0,0,0,0,0,1,2,1,1,1.0,1.0,2.0,250.0,545.0,594.0,0.0899082568807339,0.7777777777777778,0.41666666666666663,-0.36111111111111116,0.3928571428571429,0.0,0.3928571428571429,Casais e escapadas curtas
1254384361135492137,0.3786467749801889,26665.55376844441,640.4658890127139,105,2,4,apartamento,4,4.5,True,369.0,0,0,2.0,False,True,Morretes,Morretes,0.5996584707537542,123,852,53393.343152047455,0.3407820974821701,2,0,0,0,1,0,1,0,0,0,1,0,1,1,0,0,0,0,0,1,4,2,2,2.0,1.0,2.0,369.0,575.0,638.0,0.10956521739130443,0.7037037037037037,0.5,-0.20370370370370372,0.6785714285714286,0.0,0.6785714285714286,Casais e escapadas curtas
1254489827996538747,0.4536349037283476,60817.65588084172,1227.262378097024,105,3,8,apartamento,11,5.0,False,100.0,0,0,3.0,True,True,Meia Praia,Meia Praia (inland),0.46926445829009,340,1898,121777.25609402765,0.4082714133555128,3,0,0,0,1,0,0,0,0,0,1,0,0,1,0,0,0,1,0,1,8,3,4,3.0,1.3333333333333333,2.6666666666666665,100.0,1190.0,1190.0,0.0,0.33333333333333337,0.5,0.16666666666666663,0.6428571428571428,0.3513513513513513,0.2915057915057915,Alto padrão e frente-mar
1257312272803306995,0.5261365797751555,33020.83286640943,578.0001176013594,105,2,4,apartamento,8,4.75,True,369.0,0,0,2.0,False,True,Meia Praia,Meia Praia (inland),0.9997233614966018,69,1338,66118.73414341093,0.4735229217976399,2,0,0,0,1,0,1,0,0,0,1,0,0,1,0,0,0,0,0,1,4,2,2,2.0,1.0,2.0,369.0,542.75,575.0,0.059419622293873875,0.8888888888888888,0.6666666666666667,-0.2222222222222221,0.8214285714285714,0.0,0.8214285714285714,Casais e escapadas curtas
1259534245145609058,0.860242841052318,42707.44480564073,468.6133902781383,105,1,2,apartamento,10,5.0,True,150.0,0,0,1.0,True,True,Centro,Centro,0.2801512211881518,242,689,85514.56592486612,0.7742185569470862,1,0,0,1,1,1,1,1,0,0,1,0,0,1,0,0,0,1,0,0,2,1,1,1.0,1.0,2.0,150.0,372.0,419.0,0.1263440860215055,0.8888888888888888,0.9166666666666666,0.02777777777777779,0.8571428571428572,0.0,0.8571428571428572,Casais e escapadas curtas
1260073533686146608,0.6898118293887531,32767.63551460983,443.06220293852886,105,1,2,apartamento,12,4.75,True,150.0,0,0,1.0,True,True,Centro,Centro,0.196202185867394,243,727,65611.74849416391,0.6208306464498777,1,0,0,1,1,1,1,0,1,0,0,0,0,1,0,0,0,1,0,0,2,1,1,1.0,1.0,2.0,150.0,372.0,419.0,0.1263440860215055,0.8148148148148149,1.0,0.18518518518518512,0.75,0.0,0.75,Casais e escapadas curtas
1262982199583014782,0.6264188006880713,52589.03905662446,779.3126546250203,105,2,6,apartamento,9,4.670000076293945,True,240.0,0,0,1.0,False,True,Centro,Centro,0.196202185867394,243,727,105300.81740547255,0.5637769206192642,2,0,0,1,1,1,1,1,0,0,1,0,0,1,0,0,0,0,0,0,6,2,3,1.0,1.5,3.0,240.0,660.0,770.0,0.16666666666666674,0.8148148148148149,0.8333333333333334,0.01851851851851849,0.75,0.0,0.75,Famílias
1263128865886946817,0.2903411389284883,19545.495961643173,607.341104303717,105,1,2,apartamento,1,5.0,True,170.0,0,0,1.0,False,True,Centro,Centro,0.196202185867394,243,727,39136.60980076665,0.2613070250356394,1,0,0,1,1,1,1,1,0,0,1,0,0,1,0,0,0,0,0,0,2,1,1,1.0,1.0,2.0,170.0,594.0,644.0,0.08417508417508412,0.7407407407407407,0.8333333333333334,0.09259259259259267,0.4285714285714286,0.0,0.4285714285714286,Casais e escapadas curtas
1264729892004302735,0.9410185905839452,47789.24613680009,481.88473699784777,105,1,4,apartamento,0,0.0,False,190.0,0,0,2.0,False,False,Centro,Centro,0.3061248419627494,163,767,95690.02917086914,0.8469167315255506,1,0,1,0,1,0,0,0,0,0,1,0,1,0,0,0,0,0,0,1,4,1,2,2.0,2.0,4.0,190.0,450.0,450.0,0.0,1.0,1.0,0.0,,0.5135135135135135,,Casais e escapadas curtas
1265161823691467042,0.5591365501312928,40114.80086079365,662.4936402970919,105,1,4,apartamento,8,5.0,True,190.0,0,0,1.0,True,True,Centro,Centro,0.196202185867394,243,727,80323.22697798426,0.5032228951181635,1,0,0,1,1,1,1,1,0,0,1,0,0,1,0,0,0,0,0,0,4,1,2,1.0,2.0,4.0,190.0,605.0,682.0,0.1272727272727272,0.8518518518518519,0.8333333333333334,-0.01851851851851849,0.8214285714285714,0.0,0.8214285714285714,Casais e escapadas curtas
1265295313956605287,0.5826529146296942,26315.03166781049,417.8292802805344,105,1,2,apartamento,0,0.0,True,190.0,0,0,1.0,False,True,Centro,Centro,0.196202185867394,243,727,52691.48085569151,0.5243876231667247,1,0,0,1,1,1,1,0,0,0,0,0,0,1,0,0,0,0,0,0,2,1,1,1.0,1.0,2.0,190.0,372.0,419.0,0.1263440860215055,0.9259259259259259,0.9166666666666666,-0.0092592592592593,0.9285714285714286,0.0,0.9285714285714286,Casais e escapadas curtas
1265370363028714118,0.5977276910979059,27079.60915569456,419.6207502807466,105,1,2,apartamento,1,5.0,True,190.0,0,0,1.0,False,True,Centro,Centro,0.2801512211881518,242,689,54222.42030406832,0.5379549219881153,1,0,0,1,1,1,1,0,0,0,1,0,0,1,0,0,0,0,0,0,2,1,1,1.0,1.0,2.0,190.0,372.0,419.0,0.1263440860215055,0.7407407407407407,1.0,0.2592592592592593,0.75,0.0,0.75,Casais e escapadas curtas
1266717192483343855,0.7318578734260819,50900.39804053526,650.6885302726554,105,2,6,apartamento,2,5.0,False,250.0,0,0,2.0,False,False,Meia Praia,Meia Praia (inland),0.5326205343237563,261,1439,101919.59419834874,0.6586720860834737,2,0,0,0,1,0,1,0,0,0,1,1,0,0,0,0,0,1,0,0,6,2,4,2.0,2.0,3.0,250.0,550.0,550.0,0.0,1.0,1.0,0.0,,0.0,,Famílias
1267332355220608617,0.5460363652924869,40198.3629637013,679.0870375705244,105,2,5,apartamento,1,5.0,False,150.0,0,0,2.0,False,False,Meia Praia,Meia Praia (inland),0.6682792161193668,135,1596,80490.54621214676,0.4914327287632382,2,0,0,1,1,0,1,0,0,0,1,0,1,0,0,0,0,0,0,0,5,2,3,2.0,1.5,2.5,150.0,697.75,733.0,0.05051952705123619,1.0,1.0,0.0,0.8214285714285714,0.3513513513513513,0.4700772200772201,Famílias
1268755217310742256,0.91806072181667,84999.71951667048,877.243744707664,105,2,4,apartamento,0,0.0,False,300.0,0,0,2.0,False,False,Meia Praia,Meia Praia (beach band),0.0610851458538065,352,1883,170197.82268133745,0.826254649635003,2,0,0,0,1,0,1,1,0,0,1,0,1,1,0,0,0,0,0,0,4,2,2,2.0,1.0,2.0,300.0,800.0,800.0,0.0,1.0,1.0,0.0,0.8571428571428572,0.3783783783783784,0.4787644787644788,Casais e escapadas curtas
1269623861253689862,0.8300804282061232,38758.67904150403,439.84741875864194,105,1,3,apartamento,3,5.0,True,190.0,0,0,1.0,False,True,Centro,Centro,0.2801512211881518,242,689,77607.81824197684,0.7470723853855109,1,0,0,1,1,1,1,1,0,0,1,0,0,1,0,0,0,0,0,0,3,1,1,1.0,1.0,3.0,190.0,372.0,419.0,0.1263440860215055,0.9259259259259259,1.0,0.07407407407407407,0.9285714285714286,0.0,0.9285714285714286,Casais e escapadas curtas
1269636598524749154,0.6839898811871501,30427.58433216038,414.74520340694727,105,1,3,apartamento,9,4.21999979019165,True,190.0,0,0,1.0,False,True,Centro,Centro,0.196202185867394,243,727,60926.18460665398,0.6155908930684351,1,0,0,1,1,1,1,0,0,0,0,0,0,1,0,0,0,0,0,0,3,1,1,1.0,1.0,3.0,190.0,372.0,419.0,0.1263440860215055,1.0,1.0,0.0,0.8214285714285714,0.0,0.8214285714285714,Casais e escapadas curtas
1271171762063321920,0.8037369162075062,48067.91191320587,562.3594221295731,105,2,5,apartamento,5,4.800000190734863,False,250.0,0,0,2.0,True,False,Tabuleiro dos Oliveiras,Tabuleiro dos Oliveiras,0.2590425429259589,69,416,96248.01111092445,0.7233632245867556,2,0,0,0,1,0,0,0,0,0,1,1,1,1,0,0,0,0,0,0,5,2,2,2.0,1.0,2.5,250.0,650.0,575.0,-0.11538461538461542,0.8888888888888888,1.0,0.11111111111111116,0.9642857142857143,0.3513513513513513,0.612934362934363,Famílias
1272260793182499350,0.8937300811631695,60353.9601644499,638.8358895906783,105,2,5,apartamento,2,5.0,False,250.0,0,0,0.0,False,False,Morretes,Morretes,0.3876225841594584,143,671,120848.7824265225,0.8043570730468526,2,0,0,0,1,1,1,1,0,0,1,0,1,0,0,0,0,0,0,1,5,2,2,0.0,1.0,2.5,250.0,582.0,582.0,0.0,1.0,1.0,0.0,,0.05405405405405406,,Famílias
1272537775161574422,0.8697940030607494,51768.42913364569,562.1546755603603,105,2,4,apartamento,7,4.710000038146973,True,369.0,0,0,2.0,False,True,Meia Praia,Meia Praia (beach band),0.1078863369374549,157,623,103657.68231095858,0.7828146027546745,2,0,0,0,1,0,1,0,0,0,1,0,0,1,0,0,0,0,0,1,4,2,2,2.0,1.0,2.0,369.0,471.0,509.0,0.08067940552016983,0.8518518518518519,0.9166666666666666,0.06481481481481477,0.75,0.2702702702702703,0.4797297297297297,Casais e escapadas curtas
1274055523929375490,0.3980808194408836,26706.356820332992,611.1801140045618,105,1,2,apartamento,4,5.0,True,250.0,0,0,1.0,False,True,Meia Praia,Meia Praia (inland),0.3541461216422645,382,1736,53475.044487412786,0.3582727374967952,1,0,0,1,0,1,1,0,0,0,1,0,1,1,0,0,0,0,0,0,2,1,1,1.0,1.0,2.0,250.0,545.0,594.0,0.0899082568807339,0.4444444444444444,0.5,0.05555555555555558,0.3571428571428571,0.0,0.3571428571428571,Casais e escapadas curtas
1274533646308060247,0.378646774980189,26125.192419655996,627.4872344291578,105,2,4,apartamento,4,5.0,True,369.0,0,0,2.0,False,True,Morretes,Morretes,0.4414696616990739,174,963,52311.35928730185,0.3407820974821701,2,0,0,0,1,0,1,0,0,0,1,0,0,1,0,0,0,0,0,0,4,2,2,2.0,1.0,2.0,369.0,575.0,627.0,0.09043478260869575,0.8148148148148149,0.9166666666666666,0.10185185185185175,0.6785714285714286,0.0,0.6785714285714286,Casais e escapadas curtas
1274679812745645557,0.5261365797751554,35005.395099134024,612.7381028164114,105,1,4,apartamento,7,4.860000133514404,True,195.0,0,0,1.0,True,True,Centro,Centro,0.194260535772983,243,725,70092.4904440902,0.4735229217976398,1,0,0,1,1,1,1,0,1,0,1,0,0,1,0,0,0,0,0,0,4,1,2,1.0,2.0,4.0,195.0,575.0,635.5,0.10521739130434793,0.8148148148148149,1.0,0.18518518518518512,0.6071428571428572,0.0,0.6071428571428572,Casais e escapadas curtas
1276789839775235217,0.8838109196265834,36375.07426698288,389.09235136030526,105,2,4,apartamento,15,5.0,False,300.0,0,0,2.0,True,False,Morretes,Morretes,0.6155275074855917,115,829,72835.04551915891,0.7954298276639251,2,0,0,0,1,0,0,1,0,0,1,0,0,0,0,0,0,0,0,0,4,2,2,2.0,1.0,2.0,300.0,500.0,500.0,0.0,1.0,1.0,0.0,0.9642857142857143,0.6486486486486487,0.3156370656370656,Casais e escapadas curtas
1277103969415516416,0.823864449551904,45415.60909492875,519.0623685934477,105,2,8,apartamento,8,5.0,False,100.0,0,0,2.0,True,False,Morretes,Morretes,0.2670735250595719,157,683,90937.21517737072,0.7414780045967135,2,0,1,1,1,0,0,1,0,0,1,0,0,0,0,0,0,0,0,0,8,2,4,2.0,2.0,4.0,100.0,470.0,470.0,0.0,1.0,1.0,0.0,,0.0,,Grupos e amigos
1277671971539993475,0.9565626002785358,33393.683131027916,331.5803176066627,105,1,2,apartamento,13,5.0,False,180.0,0,0,1.0,True,True,Centro,Centro,0.2468157917412474,241,701,66865.30488017414,0.8609063402506822,1,0,0,1,1,1,1,1,0,1,1,0,0,1,0,1,0,0,0,0,2,1,1,1.0,1.0,2.0,180.0,250.0,280.0,0.1200000000000001,1.0,1.0,0.0,,0.43243243243243246,,Casais e escapadas curtas
1280559161534348023,0.5261365797751554,37118.02569449346,649.7178100668652,105,1,4,apartamento,0,0.0,True,190.0,0,0,1.0,False,True,Centro,Centro,0.194260535772983,243,725,74322.68237301336,0.4735229217976398,1,0,0,1,1,1,1,1,1,1,1,0,0,1,0,0,0,0,0,0,4,1,2,1.0,2.0,4.0,190.0,573.5,627.0,0.09328683522231906,0.7037037037037037,0.8333333333333334,0.12962962962962965,0.6785714285714286,0.0,0.6785714285714286,Casais e escapadas curtas
1282577030741754149,0.7172999557138016,32348.082476087715,421.473572374428,105,1,2,apartamento,7,4.139999866485596,True,150.0,0,0,1.0,False,True,Centro,Centro,0.2801512211881518,242,689,64771.663208449565,0.6455699601424214,1,0,1,1,1,1,1,1,0,1,1,0,0,1,0,0,0,0,0,0,2,1,1,1.0,1.0,2.0,150.0,372.0,419.0,0.1263440860215055,0.8518518518518519,0.75,-0.10185185185185186,0.7142857142857143,0.0,0.7142857142857143,Casais e escapadas curtas
1282585098065467787,0.7853068039542624,35759.119304690605,427.6284603187073,105,1,2,apartamento,7,5.0,True,150.0,0,0,1.0,True,True,Centro,Centro,0.196202185867394,243,727,71601.69799697855,0.7067761235588362,1,0,1,1,1,1,1,1,0,1,0,0,0,1,0,0,0,0,0,0,2,1,1,1.0,1.0,2.0,150.0,372.0,419.0,0.1263440860215055,0.8888888888888888,1.0,0.11111111111111116,0.9285714285714286,0.0,0.9285714285714286,Casais e escapadas curtas
1283982403734255309,0.7773576250295701,52172.07075799538,629.9349896817059,105,1,4,apartamento,11,4.909999847412109,True,190.0,0,0,1.0,True,True,Centro,Centro,0.194260535772983,243,725,104465.90763215392,0.6996218625266131,1,0,0,1,1,1,1,1,0,1,1,0,0,1,0,0,0,0,0,0,4,1,2,1.0,2.0,4.0,190.0,523.0,627.0,0.1988527724665392,0.962962962962963,0.9166666666666666,-0.04629629629629639,0.9285714285714286,0.0,0.9285714285714286,Casais e escapadas curtas
1284110666632259028,0.6720096971976683,45080.02026818656,624.8646033116838,105,1,4,apartamento,0,0.0,True,190.0,0,0,1.0,False,True,Centro,Centro,0.194260535772983,243,725,90265.25428205857,0.6048087274779015,1,0,0,1,1,1,1,0,0,1,1,0,0,1,0,0,0,0,0,0,4,1,2,1.0,2.0,4.0,190.0,557.6667,627.0,0.12432748808562533,0.8888888888888888,0.9166666666666666,0.02777777777777779,0.8214285714285714,0.0,0.8214285714285714,Casais e escapadas curtas
1285538056394050628,0.1622904297811497,18370.968387868357,1008.9628764562568,105,2,7,apartamento,3,4.670000076293945,True,240.0,0,0,2.0,False,True,Centro,Centro,0.0967304923366847,214,753,36784.813384585985,0.1460613868030347,2,0,0,1,1,1,1,1,0,1,1,0,0,1,0,0,0,0,0,0,7,2,5,2.0,2.5,3.5,240.0,1320.0,1101.5,-0.16553030303030303,0.37037037037037035,0.33333333333333337,-0.03703703703703698,0.2857142857142857,0.0,0.2857142857142857,Famílias
1292815457899461748,0.8445535109525213,66879.4565841996,746.6937437457279,105,2,4,apartamento,4,5.0,True,240.0,0,0,1.0,False,True,Centro,Centro,0.194260535772983,243,725,133915.00533727507,0.7600981598572691,2,0,0,1,1,1,1,1,1,1,1,0,0,1,0,0,0,0,0,0,4,2,2,1.0,1.0,2.0,240.0,627.0,680.0,0.08452950558213712,0.8888888888888888,0.8333333333333334,-0.05555555555555547,0.5714285714285714,0.08108108108108103,0.49034749034749037,Casais e escapadas curtas
1297930390704189766,0.567094918822029,37371.90155672499,608.9194023749567,105,1,2,apartamento,6,5.0,True,170.0,0,0,1.0,True,True,Meia Praia,Meia Praia (inland),0.3541461216422645,382,1736,74831.02662672212,0.5103854269398261,1,0,0,1,0,1,1,0,0,0,1,0,1,1,0,0,0,0,0,0,2,1,1,1.0,1.0,2.0,170.0,532.0,578.0,0.08646616541353391,0.8518518518518519,0.8333333333333334,-0.01851851851851849,0.7142857142857143,0.0,0.7142857142857143,Casais e escapadas curtas
1297930815921503919,0.6123162943882362,63000.596980537055,954.066732406328,105,3,6,apartamento,3,5.0,True,339.0,0,0,2.0,False,True,Meia Praia,Meia Praia (beach band),0.0764898681850886,152,622,126148.23313162698,0.5510846649494126,3,0,0,0,1,0,1,0,0,0,1,0,0,1,0,0,0,0,0,1,6,3,4,2.0,1.3333333333333333,2.0,339.0,842.0,941.0,0.11757719714964376,0.8148148148148149,1.0,0.18518518518518512,0.7857142857142857,0.0,0.7857142857142857,Famílias
1303745304497797235,0.5002148181084031,40022.18656036224,735.288245687194,105,2,4,apartamento,1,5.0,True,240.0,0,0,1.0,False,True,Centro,Centro,0.196202185867394,243,727,80137.78222155198,0.4501933362975627,2,0,1,1,1,1,1,1,0,0,1,0,0,1,0,0,0,0,0,0,4,2,2,1.0,1.0,2.0,240.0,653.25,713.0,0.09146574818216613,0.8518518518518519,0.5833333333333333,-0.2685185185185186,0.7142857142857143,0.0,0.7142857142857143,Casais e escapadas curtas
1304403734260231676,0.2236149448338652,16055.757189181031,643.731656923708,105,2,4,apartamento,1,4.0,True,215.0,0,0,2.0,False,True,Tabuleiro dos Oliveiras,Tabuleiro dos Oliveiras,0.451738838350089,66,384,32148.987439457414,0.2012534503504787,2,0,0,0,1,0,1,0,0,0,1,0,0,1,0,0,0,0,0,1,4,2,3,2.0,1.5,2.0,215.0,643.25,639.0,-0.006607073455110801,0.4444444444444444,0.5,0.05555555555555558,0.1428571428571429,0.0,0.1428571428571429,Casais e escapadas curtas
1304433283397417052,0.7732642649216367,95152.26315760202,1154.6366602751816,105,2,6,apartamento,2,5.0,True,270.0,0,0,2.0,False,True,Morretes,Morretes,0.1004184141597329,73,581,190526.6053195545,0.695937838429473,2,0,0,0,1,0,1,0,0,0,1,0,0,1,0,0,0,0,1,1,6,2,2,2.0,1.0,3.0,270.0,941.0,993.0,0.05526036131774714,0.8518518518518519,0.8333333333333334,-0.01851851851851849,0.8214285714285714,0.0,0.8214285714285714,Alto padrão e frente-mar
1307990676918354925,0.3786467749801888,25802.08863224516,619.7267747648124,105,1,4,apartamento,3,4.670000076293945,True,190.0,0,0,1.0,False,True,Centro,Centro,0.193094448067534,242,725,51664.39760989735,0.34078209748217,1,0,1,1,1,1,1,0,0,1,1,0,0,1,0,0,0,0,0,0,4,1,2,1.0,2.0,4.0,190.0,585.0,650.5,0.11196581196581201,0.7407407407407407,0.5,-0.2407407407407407,0.6428571428571428,0.0,0.6428571428571428,Casais e escapadas curtas
1311575286815584867,0.3908067145889036,35268.704049986874,821.6274678248678,105,2,6,apartamento,1,5.0,True,210.0,0,0,2.0,False,True,Tabuleiro dos Oliveiras,Tabuleiro dos Oliveiras,0.2656171105893772,111,442,70619.72289123814,0.3517260431300132,2,0,0,1,1,0,1,1,0,0,1,0,0,0,0,0,0,1,0,0,6,2,5,2.0,2.5,3.0,210.0,748.75,770.1667,0.028603272120200307,0.6666666666666667,0.5,-0.16666666666666674,0.8214285714285714,0.0,0.8214285714285714,Famílias
1312949509621922876,0.500214818108403,35517.4805014128,652.5277145896291,105,2,4,apartamento,2,5.0,True,238.0,0,0,2.0,False,True,Morretes,Morretes,0.3718500461171889,193,818,71117.85642165264,0.4501933362975627,2,0,0,0,1,0,1,0,0,0,1,0,0,1,0,0,0,0,0,0,4,2,2,2.0,1.0,2.0,238.0,575.0,671.0,0.16695652173913045,0.8148148148148149,0.6666666666666667,-0.14814814814814814,0.6785714285714286,0.0,0.6785714285714286,Casais e escapadas curtas
1313064371372817918,0.1385200910069574,15387.168105615026,987.8580995977992,105,1,4,apartamento,2,5.0,True,190.0,0,0,1.0,False,True,Centro,Centro,0.196202185867394,243,727,30810.24883021851,0.1246680819062616,1,0,1,1,1,1,1,0,0,1,1,0,0,1,0,0,0,0,0,0,4,1,2,1.0,2.0,4.0,190.0,880.0,880.0,0.0,0.2222222222222222,0.16666666666666663,-0.05555555555555558,0.1785714285714286,0.0,0.1785714285714286,Casais e escapadas curtas
1315954985293478319,0.0847336936663305,7238.81053089064,755.8483159347722,105,1,4,apartamento,0,0.0,True,170.0,0,0,1.0,False,True,Centro,Centro,0.193094448067534,242,725,14494.51596035788,0.0762603242996975,1,0,1,1,1,1,1,0,0,1,1,0,0,1,0,0,0,1,0,0,4,1,2,1.0,2.0,4.0,170.0,1056.0,950.0,-0.10037878787878785,0.2222222222222222,0.0,-0.2222222222222222,0.1071428571428571,0.0,0.1071428571428571,Casais e escapadas curtas
1318315111310867765,0.4092798220084463,35318.19361616773,786.9195226051991,105,2,4,apartamento,2,5.0,False,300.0,0,0,2.0,False,True,Morretes,Morretes,0.2612109288487765,161,711,70718.81752893013,0.3683518398076016,2,0,1,1,1,1,1,1,0,0,1,0,1,0,0,0,0,0,0,1,4,2,2,2.0,1.0,2.0,300.0,700.0,767.0,0.09571428571428564,0.6666666666666667,0.5,-0.16666666666666674,0.8214285714285714,0.027027027027026973,0.7944015444015444,Casais e escapadas curtas
1320994692912931266,0.1705875530381625,20728.44504349515,1083.926959921629,105,2,5,apartamento,0,0.0,True,220.0,0,0,1.0,False,True,Centro,Centro,0.1927045306358863,242,725,41505.26888833702,0.1535287977343463,2,0,0,1,1,1,1,0,0,1,1,0,0,1,0,0,0,0,0,0,5,2,3,1.0,1.5,2.5,220.0,861.5,865.0,0.004062681369704002,0.6296296296296297,0.6666666666666667,0.03703703703703709,0.2142857142857143,0.0,0.2142857142857143,Alto padrão e frente-mar
1320995339425720277,0.590250964970842,46996.064212050405,737.0362755926623,105,2,4,apartamento,1,5.0,True,200.0,0,0,1.0,False,True,Centro,Centro,0.1949260722098207,243,725,94101.81408792276,0.5312258684737577,2,0,0,1,1,1,1,1,0,1,1,0,0,1,0,0,0,0,0,0,4,2,3,1.0,1.5,2.0,200.0,635.5,749.0,0.17859952793076328,0.5555555555555556,0.6666666666666667,0.11111111111111116,0.3928571428571429,0.18918918918918914,0.20366795366795376,Casais e escapadas curtas
1321022086036905023,0.3001120936965499,30547.1229166501,919.123921707622,105,2,5,apartamento,0,0.0,True,220.0,0,0,1.0,False,True,Centro,Centro,0.1949260722098207,243,725,61165.540770677195,0.2701008843268949,2,0,0,1,1,1,1,0,0,1,1,0,0,1,0,0,0,0,0,0,5,2,2,1.0,1.0,2.5,220.0,858.0,858.0,0.0,0.5555555555555556,0.6666666666666667,0.11111111111111116,0.5,0.0,0.5,Famílias
1321134786322096510,0.4913644300845068,38373.7015302842,717.1733649034708,105,3,6,apartamento,1,5.0,True,337.0,0,0,2.0,False,True,Meia Praia,Meia Praia (beach band),0.1811419819173997,410,1984,76836.96470783024,0.4422279870760562,3,0,0,0,1,0,0,0,0,0,1,0,0,1,0,0,0,0,0,0,6,3,4,2.0,1.3333333333333333,2.0,337.0,634.0,693.0,0.09305993690851744,1.0,1.0,0.0,0.6071428571428572,0.0,0.6071428571428572,Famílias
1329787295308110610,0.5922440106135957,64098.29610129526,1002.0229616134084,105,2,5,apartamento,0,0.0,True,220.0,0,0,1.0,False,True,Centro,Centro,0.196202185867394,243,727,128346.19332931474,0.5330196095522362,2,0,0,1,1,1,1,0,0,0,1,0,0,1,0,0,0,0,0,0,5,2,3,1.0,1.5,2.5,220.0,935.0,935.0,0.0,1.0,1.0,0.0,,0.0,,Famílias
