airbnb_listing_id,nights,occ,adr,revpan,rev_window,adr_booked
1977915,105,0.9423058505788735,917.4734895634859,867.6597392764032,91104.27262402234,920.7835637902346
2951220,105,0.6234676474229348,805.2603567748652,515.2025064863846,54096.26318107038,826.3500257245787
3263701,105,0.9924179970078392,1484.3586693244165,1473.7920505096615,154748.16530351446,1485.051717072015
3977675,105,0.9422524497921196,237.5077658186399,224.60043596730418,23583.045776566938,238.3654571732402
5443557,105,0.5939620439765793,796.0063692000833,486.290411050694,51060.49316032287,818.7230412821953
6569062,105,0.12827513013218786,740.1300761622433,101.77423319036943,10686.29448498879,793.4058073883128
8287843,105,0.8797706573883611,669.1479601443532,593.2112652438667,62287.182850606005,674.2794389220039
8838629,105,0.9341463537515968,789.478437105524,740.5331636739942,77755.98218576939,792.7378410245478
8936081,105,0.9886740316759011,523.2364934854292,517.6715419746083,54355.51190733387,523.601839826928
9327293,105,0.9859988048504819,938.0442837530466,925.7095446905336,97199.50219250603,938.8546316046595
9658725,105,0.9971307883470126,340.0334496018025,339.11764359384915,35607.35257735416,340.0934436655188
9784227,105,0.9937404332308748,447.3018013403754,444.67315734606547,46690.681521336875,447.4741516759387
10266012,105,0.9062893691287476,132.2548958773884,120.57159755722961,12660.017743509108,133.03874200040536
10340400,105,0.9989982595316333,335.5768536379046,335.2613318993033,35202.439849426846,335.59751350966917
10982940,105,0.7877776655165398,1882.415311991909,1503.6131101498859,157879.37656573803,1908.6769985589503
11044577,105,0.9237216656454165,413.7044780697529,383.9812458666405,40318.030815997256,415.68933602780413
11508986,105,0.9959217633764691,324.1290857138716,322.8881943052499,33903.26040205124,324.2104010364864
11567423,105,0.9279099011784187,909.0352010184148,847.3224586192333,88968.8581550195,913.1516514083515
12067632,105,0.9901510862592602,716.8374291410132,710.2081316587977,74571.85382417376,717.2724865070113
12359560,105,0.9825687318446383,780.9794926097584,768.1921938638548,80660.18035570475,781.8203133959689
12490354,105,0.8646281373973608,765.40153439906,667.5299131009789,70090.64087560278,772.0427825889724
12931525,105,0.9786726971837761,488.2891761395243,478.50551599953747,50243.07917995143,488.9331411578995
13522176,105,0.983949313738468,2198.1305553241223,2164.9923006368613,227324.19156687043,2200.30876632362
14872547,105,0.8594454162561302,594.6704663178563,515.6989342096288,54148.38809201102,600.0368661643325
14884678,105,0.9829408031250447,692.4119063477003,681.316943524868,71538.27907011114,693.1413787674396
15024197,105,0.9941822712361446,732.638608811399,728.6371227664621,76506.89789047852,732.9009416557896
15500038,105,0.8032671809399643,513.2473730083053,417.5791971625004,43845.815702062544,519.8509376094005
15523493,105,0.9543202131895366,656.4630950738972,628.2588819533154,65967.18260509812,658.331316124536
15549803,105,0.9810923566214715,758.6897988778898,745.214406002746,78247.51263028833,759.5762019479956
15732070,105,0.9551687758641411,781.2379249262872,748.2977188422425,78571.26047843546,783.4193681271225
15754075,105,0.9782431992726007,720.7631787169742,706.0304031981385,74133.19233580455,721.7330043522169
15791567,105,0.9807313702757421,632.8216823164707,621.3671012813803,65243.54563454493,633.5752277473055
15909831,105,0.8828433693051221,803.6016115309509,714.7506527288773,75048.81853653211,809.6007486485976
15934309,105,0.9190455305893738,859.8378494290422,794.2598256090558,83397.28168895087,864.2224995095792
15980018,105,0.9967568261120786,502.15542760163066,500.6266823977245,52565.801651761074,502.2555845947448
15980108,105,0.9746395705781331,1660.17399263129,1620.6118737285108,170164.24674149364,1662.7807064792194
16017693,105,0.9795084605799111,791.8329308154208,776.5896061345385,81541.90864412654,792.8360370412362
16105751,105,0.9906216669643343,318.96884845104853,316.16003418432103,33196.80358935371,319.153158796903
16177778,105,0.6047520378830227,767.2027631897458,476.80722439380884,50064.758561349925,788.4342582174775
16253828,105,0.8733202578179322,1682.0154195526557,1480.8319974396356,155487.35973116173,1695.6345443533226
16270332,105,0.9287950777716177,811.2189450460118,756.8252636274194,79466.65268087904,814.8463334271845
16321793,105,0.8699350783332501,552.8390579445282,484.936598290593,50918.34282051226,557.4399864639395
16350860,105,0.8884599112220556,655.2978758376742,586.3364298092315,61565.32512996931,659.9469738626019
16451544,105,0.9919584243386654,593.5383864099588,589.0570001999996,61850.98502099996,593.8323479562376
16527828,105,0.5837064503418665,1098.192157393446,659.8460534214523,69283.83560925249,1130.4415996002651
16570256,105,0.9548048537781783,526.8075175377053,504.4144528487479,52963.51754911853,528.2906248881872
16586622,105,0.9341463537515968,661.650873138298,620.6305217520122,65166.204783961286,664.382534128102
16618715,105,0.7590775253951895,813.6507902005578,627.5005575802438,65887.5585459256,826.662016180173
16644316,105,0.8239247935438272,809.9756852529758,674.991509325697,70874.10847919818,819.2392250055432
16662563,105,0.8914940415689004,1736.038431639691,1558.339004981446,163625.59552305183,1748.008323464501
16730935,105,0.5424220352509033,263.33241405923513,147.51638159848568,15489.220067840995,271.95868163845955
16992951,105,0.9227459440652545,657.741272453917,609.878144635676,64037.205186745974,660.9383097895761
17013106,105,0.8966730483850015,1792.9579790884375,1618.235549634018,169914.7327115719,1804.7108168898612
17034886,105,0.9578217967028907,731.9543656382359,702.922113766067,73806.82194543704,733.8756710128497
17294276,105,0.9858530864873717,999.54286699819,986.2625771147297,103557.57059704661,1000.415366785346
17511306,105,0.8733992055088213,1014.2040363269342,892.972629185708,93762.12606449935,1022.4106268398582
17570590,105,0.9247548252872941,1647.6963368112874,1530.924210049447,160747.04205519194,1655.4919944038504
18395333,105,0.9326519439382782,658.3928500552317,616.6452575972945,64747.75204771593,661.1740441920992
18505349,105,0.992170859971667,756.4501728976978,750.8896894032449,78843.41738734071,756.8148992248048
18506998,105,0.9964685962432006,438.48937094559204,437.03579107489537,45888.75806286401,438.58461041579216
18735821,105,0.9632616463086463,277.1546602009988,267.5818269230224,28096.09182691735,277.7872740479531
20555680,105,0.9944805948434378,256.7351984720225,255.4048979070987,26817.514280245363,256.8224048125418
20618105,105,0.9701228479532055,592.231064755859,575.6011278359648,60438.11842277631,593.328081129504
20863370,105,0.9948532656262825,604.4607788254319,601.5402295680834,63161.724104648754,604.6522139015145
20943549,105,0.9410355421695024,440.82126647553446,416.3586615509339,43717.65946284806,442.4473283878771
21025393,105,0.9883951926654533,726.9098936442164,718.9883083351078,75493.77237518632,727.429993256217
21077682,105,0.9232009275750446,804.1939275270954,746.0195036104391,78332.0478790961,808.0792396623724
21091876,105,0.6158260485391893,779.8155637754271,493.0977867179827,51775.26760538818,800.7095313484509
21103486,105,0.92953525894286,365.9199375222497,341.64024981380214,35872.226230449225,367.5387743788676
21103807,105,0.7794883893133161,988.8964827084933,782.0383500665189,82114.02675698449,1003.2713261520794
21280090,105,0.943543100862482,906.3777364265945,858.2245571809979,90113.57850400478,909.5764214655426
21295667,105,0.9669973272306994,713.262048878373,691.135104450267,72569.18596727804,714.7228694308282
21324331,105,0.9849235043751441,741.722919139966,731.2201180144575,76778.11239151804,742.413105958273
21397811,105,0.8941995751960876,729.6463432443801,656.8320934149406,68967.36980856876,734.5475346159777
21436592,105,0.8288359781840018,523.0286088205557,438.3167695737784,46023.26080524673,528.8341494708523
21454457,105,0.998012230367682,222.43867739246798,222.02364876022676,23312.48311982381,222.46585964024712
21545686,105,0.9065298959692712,339.5809394878171,309.65995450768725,32514.295223307163,341.58824312859053
21552865,105,0.9873082410187818,666.3185916515669,658.3767893910526,69129.56288606052,666.840164031942
21607605,105,0.9656574198885779,832.9603128411691,806.0692804223021,84637.27444434172,834.7362779186327
21632405,105,0.9745004373028893,526.9593540120665,514.3328831066555,54004.95272619882,527.7913312488264
21662762,105,0.9858530864873717,324.69869078599584,320.38462594616755,33640.385724347594,324.9821198893934
21695053,105,0.7727246728073278,785.4138814449254,616.0221221365289,64682.32282433553,797.2077815226286
21734892,105,0.92953525894286,837.7541243962214,782.167078075283,82127.54319790471,841.4603647900611
21743476,105,0.9158633390252215,715.1238056699473,658.4303248603048,69135.184110332,718.9176559475457
21780661,105,0.8646281373973608,469.60822820987426,409.55959150847895,43003.75710839029,473.6829323428042
22047595,105,0.9492706103826396,736.4978631997818,701.3488398916455,73641.62818862278,738.829193931265
22190101,105,0.9782431992726007,310.4999842562372,304.1532025369043,31936.086266374954,310.9177786904787
22191680,105,0.8032671809399643,455.96567153870063,370.97467823125106,38952.34121428136,461.8322359406558
22223346,105,0.987851267455252,639.2671278563207,631.9739331596346,66357.26298176164,639.7460366555252
22231120,105,0.7136246477636419,358.26839068321357,260.6046842894742,27363.491850394792,365.18453378279116
22243318,105,0.9782431992726006,556.8372842708643,545.4552395827823,57272.800156192134,557.5865387956392
22245880,105,0.9262377078012843,1401.0615389696554,1303.7320395469412,136891.86415242884,1407.556644008543
22306996,105,0.993959517862677,261.82243220913614,260.33765621966006,27335.453903064306,261.9197779598381
22307401,105,0.9886740316759011,466.66860564058004,461.7052894454253,48479.05539176966,466.99445383711435
22335276,105,0.8239247935438272,717.9664327296908,598.3157950254287,62823.158477670004,726.1776799457392
22383070,105,0.978076075094572,335.9277942743714,329.0084562933288,34545.88791079952,336.38329846838997
22421016,105,0.9982233958335835,747.8747958402217,746.6276504903716,78395.90330148902,747.956473076738
22421421,105,0.9676491809387584,441.1759902090865,427.7604792045765,44914.85031648053,442.0615318349027
22421606,105,0.9739907549603891,444.3980649786324,433.53675308618034,45521.35907404894,445.1138277013847
22428497,105,0.9728376177897298,337.51550523658534,328.9002696528453,34534.528313548755,338.08342074610664
22514231,105,0.9788369881727287,410.96961505403397,402.79867138611144,42293.8604955417,411.50740751843387
22648075,105,0.8884599112220556,433.37479887449535,387.7678254588301,40715.62167317716,436.4494340835983
22739656,105,0.9042139779459789,1319.8620070260351,1200.6723389156004,126070.59558613805,1327.8630591876706
22810332,105,0.92953525894286,518.4140598393113,484.0160121084424,50821.68127138645,520.7075336323477
22901902,105,0.5333945453089872,742.6275323853771,409.3883961432604,42985.78159504235,767.5151531707323
23023313,105,0.9130692013490496,550.2713927049404,505.19231998598593,53045.19359852852,553.2902864750773
23068512,105,0.9937404332308748,560.9046131905094,557.6083632348291,58548.87813965705,561.1207359470301
23078040,105,0.9459101523051866,870.0225479914856,825.7436540066623,86703.08367069953,872.9620376674486
23108026,105,0.7290104280091512,678.3604440650727,503.51814962756805,52869.40571089464,690.6871702818049
23263225,105,0.996905004493289,260.78093090507787,260.0232966305699,27302.44614620984,260.83056606054015
23299596,105,0.9788369881727287,541.068914703401,530.3113222669767,55682.68883803256,541.7769543598371
23343001,105,0.7855338483888271,557.5995552772338,444.1933164455217,46640.29822677978,565.4668062446788
23390752,105,0.6690168853000967,1375.0133082690177,940.7500422976104,98778.7544412491,1406.1678605849002
23779860,105,0.986873186183169,439.88521074802503,434.46242170268454,45618.55427878188,440.2413884432421
23787711,105,0.4229905481752835,396.6606335544203,175.02092855131923,18377.19749788852,413.77030599462034
24171739,105,0.993959517862677,523.2437620099349,520.2764846535971,54629.03088862769,523.4383043812024
25104649,105,0.9169891781193459,700.5920263859754,645.7967313549022,67808.65679226474,704.2577456359601
25165914,105,0.6047520378830226,620.9422803923543,385.90810595062476,40520.3511248156,638.1261769725052
25918412,105,0.8594454162561302,434.15256942407655,376.49762350346145,39532.25046786345,438.07043051499426
26026295,105,0.9906216669643343,479.8752863248607,475.6495427858767,49943.20199251705,480.1525735283575
26197944,105,0.943543100862482,505.66453764334256,478.8000702797914,50274.0073793781,507.44907131653616
26334990,105,0.947067315036402,1313.6285276455858,1248.2065844119907,131061.69136325901,1317.970290595462
26570136,105,0.8512488750500625,704.389777595776,605.3528168816816,63562.045772576574,711.1349390577232
26708551,105,0.9171122499980957,557.3132868391842,513.789109317538,53947.85647834149,560.2248899397046
26839303,105,0.9689120093472824,692.0049073566344,671.7846610357182,70537.3894087504,693.3391830784228
26895628,105,0.9836115837887996,1021.8298328904519,1006.1006968273882,105640.57316687577,1022.8638147509023
26898492,105,0.9763219759190946,376.87342694184326,368.4889398598169,38691.338685280774,377.4256330888455
27022969,105,0.9523747948659352,1564.878612275195,1494.7756143499344,156951.4395067431,1569.524542656919
27201205,105,0.9899108295244238,741.2645769393831,734.2420727435455,77095.41763807228,741.7254674305286
27338096,105,0.4433942600337352,1351.7490900843068,624.1120636659688,65531.766684926726,1407.578130620103
27704027,105,0.721039312870203,784.2783957816445,576.1024765458307,60490.76003731222,798.9889958323771
27718978,105,0.9964685962432006,650.6417387394628,648.4848797660577,68090.91237543606,650.7830575001753
27910707,105,0.613365577008457,1496.5803946906778,942.7250201465831,98986.12711539122,1536.9708628653366
27981528,105,0.9570675507219818,502.72732682673904,482.42984898363807,50655.134143282,504.0708449677435
28071688,105,0.9825687318446383,716.570036154716,704.8373399554167,74007.92069531875,717.3415122137878
28075525,105,0.9891693481629689,472.09241121846884,467.2911014067172,49065.565647705305,472.407583468437
28155872,105,0.990378028668468,475.2051954867834,470.91181670124865,49445.74075363111,475.4869383909644
28160414,105,0.9503312337461731,658.5958684716887,627.8233562371928,65921.45240490524,660.6363486153504
28366360,105,0.8941995751960876,772.5914071146369,695.4915021338459,73026.60772405381,777.7810697140319
28410850,105,0.9734709303291355,579.4134913759011,564.968959982387,59321.74079815063,580.3655172233732
28429135,105,0.9022242633046356,442.9616821383781,402.1253653398183,42223.16336068092,445.70444588458247
28932247,105,0.9493507777997829,525.8767862690644,500.81931247955583,52586.027810353364,527.5387393058818
28987242,105,0.9927748226263969,679.6672703104548,675.0567389041292,70880.95758493357,679.9696401629719
29008738,105,0.9642441216563153,617.8460471719396,597.077481722696,62693.135580883085,619.2181713247838
29114516,105,0.9883951926654533,428.05157060888564,423.38682871594364,44455.61701517408,428.3578389066986
29145061,105,0.9158633390252215,422.4555322594399,388.96416416179915,40841.23723698891,424.6967288545302
29302246,105,0.9034930658503695,403.4535328073009,366.74432870799444,38508.15451433942,405.91825501484504
29341170,105,0.9677985343806615,409.3092935811027,396.9203492043724,41676.636666459104,410.1270410151838
29739100,105,0.747465321274442,755.6908744905179,574.3580106200739,60307.59111510775,768.4075692512168
29761442,105,0.9981195557660285,514.3928777947622,513.4849423485473,53915.91894659747,514.4523412873745
29800671,105,0.9635171814384142,594.996119895673,574.5883300190421,60331.774651999425,596.3446642033425
29870406,105,0.7369493206971696,789.8566882185738,592.3240071326869,62194.020748932126,803.7513442204356
30032994,105,0.9579405874590345,397.63199898003256,381.9048223144527,40100.006343017536,398.6727645891553
30085847,105,0.7590775253951895,554.3561599336277,427.52837414519087,44890.47928524504,563.220962078428
30098696,105,0.9967696615149292,226.12725186378066,225.44156253267985,23671.364065931386,226.17217521452753
30105402,105,0.4817514771933666,777.9364783896373,388.984552309515,40843.377992499074,807.43821394321
30153564,105,0.9707096668670463,441.1043991305487,428.9617316336475,45040.98182153299,441.9052846337837
30209117,105,0.9688390969163684,486.5612945373977,472.31067721027466,49592.62110707884,487.5016694862442
30271062,105,0.7035739435147552,539.6752861488859,387.31484844408874,40668.05908662932,550.4962939776152
30332330,105,0.962013639357557,403.94353733347634,389.5166650087232,40899.24982591593,404.8972374953505
30354217,105,0.9889265115398325,398.1857050425486,394.0452021621379,41374.74622702448,398.45751687714403
30402651,105,0.9262377078012842,581.7393628587216,541.3268617610418,56839.32048490939,584.4362167526637
30491733,105,0.9570675507219818,861.8832689902174,827.084968555482,86843.9216983256,864.1866166411712
30493854,105,0.9769057944360442,515.5168254833301,504.3309579982512,52954.75058981638,516.2534206170773
30494198,105,0.7975464366897995,440.6322487717277,356.0865349751638,37389.0861723922,446.47749471879507
30519162,105,0.410845376220865,3801.8974081146216,1631.090055045007,171264.45577972571,3970.082540659177
30560948,105,0.7916370895425676,887.885312826954,712.4981785974416,74812.30875273136,900.0313249713263
30617740,105,0.8351453572226879,596.0788959714629,503.12346883741884,52827.96422792898,602.4382037045356
30756202,105,0.7035739435147552,569.5054960427825,408.72343156924325,42915.96031477054,580.9246282308799
30785010,105,0.962013639357557,545.5086076705068,526.025728734337,55232.701517105386,546.796539273209
30795921,105,0.9920582452801754,1680.2245427111777,1667.6958946282123,175108.06893596228,1681.046352431882
30910938,105,0.962013639357557,534.6816498048694,515.585456443184,54136.47292653432,535.9440192422818
30922946,105,0.773485298190014,197.26010245853217,154.8606703991107,16260.370391906621,200.21152407355476
31055581,105,0.9410355421695024,456.0936200499879,430.7835025841987,45232.26777134086,457.7760172490962
31059537,105,0.9065298959692712,832.69571701282,759.3256507207072,79729.19332567426,837.6178812159619
31069380,105,0.9929926714104044,692.4437155526373,687.8881874652055,72228.25968384658,692.7424615210489
31084342,105,0.9335352716419975,834.1356635677545,781.9403998854932,82103.74198797678,837.6120577748886
31115702,105,0.9589738405634627,370.41689957132974,356.12674340148067,37393.30805715547,371.36231285749346
31122806,105,0.9901638504996242,480.3161681082467,475.8799736766402,49967.39723604722,480.607298919787
31141252,105,0.9763219759190946,409.3348904617545,400.22821735628014,42023.96282240941,409.9346601099615
31167122,105,0.5339048174607524,9687.91798965836,5345.547870476442,561282.5264000264,10012.173885037842
31169655,105,0.8884599112220556,436.73369720566217,390.7732441061453,41031.190631145255,439.83216256617123
31278015,105,0.9383398761479879,547.0082321754593,515.261198677739,54102.42586116259,549.1200062742254
31284638,105,0.9867396447642808,929.8595436403425,918.2797930270272,96419.37826783785,930.6201467626166
31380471,105,0.8914940415689004,886.9133681805022,796.1296653840433,83593.61486532455,893.0285882595135
31397917,105,0.9953445003807723,332.98201844256084,331.5267539359428,34810.309163273996,333.0773956244457
31430342,105,0.8996673457511187,485.2523850142425,439.341834170932,46130.892587947856,488.338091013109
31441134,105,0.23893368198560785,1533.0474451269095,388.5431810222472,40797.034007335955,1626.1549137540644
31454750,105,0.9248927452890403,529.3845939222974,491.93615579248967,51653.29635821142,531.8845436924188
31511990,105,0.6038062596941772,509.16058700955983,315.96547188530695,33176.37454795723,523.2894936288684
31530689,105,0.772724672807328,739.1408319316946,579.728872383382,60871.53160025512,750.2398885196881
31543199,105,0.9807068838126016,828.36801750052,813.3548192187965,85402.25601797363,829.3556746097199
31560419,105,0.9795084605799111,491.31675196541426,481.8585689574747,50595.14974053484,491.93915963951315
31682871,105,0.9739907549603891,330.2262481122682,322.155352763086,33826.31204012403,330.75812180187245
31859744,105,0.8590921779760411,515.5686141692292,446.92845668028735,46927.48795143017,520.2334139896587
31945494,105,0.9341463537515968,574.407697145254,538.7961585945286,56573.596652425505,576.7791700205067
31972121,105,0.8966730483850015,358.59359806723523,323.64891705861334,33983.1362911544,360.94417875226384
32134287,105,0.5541753899497075,646.2527751147007,369.5198554627594,38799.584823589736,666.7922505477808
32185033,105,0.9810923566214715,1303.1766503949293,1280.0304088403989,134403.1929282419,1304.6991959537454
32234626,105,0.9757077864594972,455.3091046323624,444.9165745542511,46716.24032819636,455.9936701629674
32371924,105,0.9906216669643343,614.859014540069,609.4446150447804,63991.68457970194,615.2142996350617
32443120,105,0.996407588718299,451.24520585788093,449.7234943560067,47220.9669073807,451.34491090588335
32486859,105,0.9689120093472824,1024.721932800954,994.7797609010049,104451.87489460551,1026.697730345141
32585103,105,0.9649551524086122,441.7385835683267,427.18553661287126,44854.48134435148,442.699886669944
32592683,105,0.9701228479532055,1205.5039062536557,1171.653176174259,123023.58349829719,1207.736915635219
32600458,105,0.9712845393323756,629.6900681765546,612.6967002870791,64333.15353014331,630.8107207268263
32606991,105,0.8858192209191289,605.374935068865,540.1506379229943,56715.8169819144,609.7752511652799
32697747,105,0.9820123376506198,370.3762671701774,364.11821434961684,38232.41250670977,370.7878204674479
32766950,105,0.9633695805357518,370.4405520968797,357.68330835635874,37556.74737741767,371.28358169399837
32990586,105,0.8032671809399643,1031.3173640793732,839.0820870407882,88103.61913928276,1044.5865422497582
33336758,105,0.9822091450851382,454.9523988634702,447.3494830693384,46971.695722280536,455.45237010653375
34218930,105,0.9552580440337736,769.5560190500212,737.1731150677863,77403.17708211756,771.7005050854337
34540951,105,0.9171122499980957,622.6802745693619,574.0511687332316,60275.37271698932,625.9333780945828
34866449,105,0.9326519439382782,501.9081129608033,470.0829566738505,49358.710450754304,504.02828164261035
35481220,105,0.6576209463081288,720.2274439236057,484.78177185181227,50902.086044440286,737.1750771829389
35826155,105,0.9940844551134733,715.807991636442,711.8326790531587,74742.43130058167,716.0686150875421
35912580,105,0.9807072376885608,390.75447894906824,383.6726425565737,40285.62746844024,391.2203640516162
35934720,105,0.9971307883470126,433.01458771901713,431.84835727483903,45344.0775138581,433.0909869814901
36032020,105,0.9950341080541675,687.8960719978304,684.6892035587296,71892.3663736666,688.1062649175606
36632832,105,0.8765975158118399,566.940903513671,500.89474064873883,52593.94776811758,571.4078942886887
36698654,105,0.6430515447546732,1864.338007337201,1228.4264846416377,128984.78088737196,1910.3079600100918
36908385,105,0.9927913333485612,619.6840998237946,615.4900741835603,64626.45778927383,619.9591530554452
37118794,105,0.9513656821486278,1081.042494598597,1031.5857916898785,108316.50812743724,1084.3210040539577
37153670,105,0.9493295820116016,434.1545111522286,413.45882928612116,43413.177075042724,435.5271731973358
37347085,105,0.4949177082811507,508.4203103140655,260.8819648581464,27392.60631010537,527.1219042943311
37487828,105,0.9769057944360442,477.14931389989425,466.7959583311862,49013.57562477455,477.83108769526933
37494985,105,0.721039312870203,921.8778340795947,677.1780354304526,71103.69372019752,939.1693675270574
37708447,105,0.9825687318446383,812.9300691815802,799.6196304920622,83960.06120166654,813.8052887057436
37744392,105,0.6509377398978189,715.2789098985925,476.79804913152606,50063.79515881024,732.4787301568525
37989675,105,0.9022242633046356,459.2339120037308,416.8974701140057,43774.2343619706,462.0774313772145
38262480,105,0.9891693481629689,1222.4187857161903,1209.9864500749961,127048.5772578746,1223.2348811880559
38319706,105,0.8032671809399644,580.8451542944068,472.57690143513355,49620.57465068902,588.3184482679039
38447436,105,0.1682447044303784,996.0346807091735,178.95474422814274,18790.24814395499,1063.6575150107997
38514587,105,0.41405583347414243,890.5252791545279,384.9308172353262,40417.73580970925,929.6592056331093
38616586,105,0.9757077864594972,416.6766976495342,407.1659607257308,42752.425876201734,417.3031786526926
38638326,105,0.8512488750500625,684.7476445489971,588.4723609925902,61789.59790422198,691.3047150376343
38693604,105,0.92953525894286,635.1984742505854,593.0514934325511,62270.40681041786,638.008604543969
38695314,105,0.9523747948659352,604.4657214849665,577.3870337920324,60625.638548163406,606.2603051914142
38730549,105,0.8699350783332501,854.2233023619723,749.3033215998582,78676.84876798511,861.3324606193419
38800430,105,0.9886570092512097,411.0882772317251,406.7095184039878,42704.499432418714,411.37574972742266
38852725,105,0.9423058505788735,552.0233294296928,522.0515072488275,54815.40826112689,554.0149272427026
38899673,105,0.8088046190482477,573.443998310439,469.5929595481176,49307.26075255235,580.6012335843311
38957661,105,0.9729406869157086,574.5449875680873,559.9351863440096,58793.194566121005,575.5080385414285
38980085,105,0.6674359473522823,1009.3088741778605,688.9936576023536,72344.33404824712,1032.299294539934
38998610,105,0.8642374685933498,216.2389352720476,188.50821424960293,19793.36249620831,218.12085346915433
39007372,105,0.3587837943328246,1124.788847288135,423.35587455702085,44452.36682848719,1179.974907574271
39051477,105,0.40026981355717395,1568.6943976886512,656.2850614918924,68909.9314566487,1639.606683450661
39059902,105,0.6690168853000966,491.0205946458202,335.94412679799177,35274.133313789134,502.1459610056023
39109062,105,0.8628251404040392,1594.51620714786,1387.8921955409437,145728.6805317991,1608.5439917652714
39145712,105,0.9899108295244238,820.1604015448829,812.3904634684006,85300.99866418207,820.670346498474
39316910,105,0.9958431360026717,743.319343386144,740.4187545536076,77743.9692281288,743.5094221020177
39363955,105,0.9535898052916251,427.2813058436662,408.62946494801514,42906.09381954159,428.51702344180245
39394196,105,0.9914681984967271,424.0547925692966,420.65779751277006,44169.068738840855,424.27765020660786
39394644,105,0.6674359473522823,781.7259774956586,533.6366837319573,56031.85179185552,799.5324283159957
39414948,105,0.9383911193952993,620.5400848540911,584.5554577163315,61378.32306021481,622.9337060361567
39420557,105,0.9829222364403747,731.8660657449884,720.1261299406733,75613.2436437707,732.6379475843275
39507664,105,0.9875861145878758,472.5911307981066,467.081746530566,49043.58338570943,472.9529300090265
39583346,105,0.9745004373028893,582.7310610654408,568.7682445176324,59720.6656743514,583.6510921347598
39629644,105,0.9908521223150163,433.08639879612144,429.36642918445,45083.47506436725,433.33048344417216
39635217,105,0.9955364322955981,499.55171444808707,497.45850052696096,52233.1425553309,499.6888957442533
39642773,105,0.9578217967028907,377.6138508447358,362.6361678868855,38076.79762812298,378.6050485958742
39685785,105,0.9279099011784187,557.2033531166259,519.3758333942626,54534.46250639758,559.7265776932334
39715668,105,0.9481829397373744,256.6287325048567,244.11801266432673,25632.391329754308,257.4587692243672
39745810,105,0.5424220352509027,2424.5354928619035,1358.2023475607352,142611.2464938772,2503.9586508178736
39820601,105,0.9827982368196854,401.5599429717707,395.07167247458847,41482.52560983179,401.9865499077737
39837626,105,0.9914681984967271,504.74908494697223,500.70566844420756,52574.095186641796,505.01435064017386
39972515,105,0.9523747948659352,370.87445526089476,354.2601243065685,37197.3130521897,371.9755354890899
40023421,105,0.6674359473522818,491.1448215259275,335.2746375793498,35203.83694583173,502.3323045595373
40039627,105,0.8141640349518896,334.37740124564385,275.5347948912505,28931.153463581304,338.42663525112897
40191152,105,0.7035739435147552,1873.4676701343265,1344.552669626587,141178.03031079163,1911.0324963283535
40209404,105,0.8968213815911741,353.1084568831245,318.74794184619986,33468.53389385099,355.4196503217457
40236441,105,0.9548048537781783,237.57151201171163,227.473033801687,23884.668549177135,238.24034084197683
40246675,105,0.9807068838126016,370.31451911625606,363.6030029970453,38178.31531468975,370.75604240025336
40250642,105,0.7727246728073278,964.7622725916343,756.6900923953599,79452.4597015128,979.2492967078251
40289385,105,0.9084640018728479,2769.7909902796437,2530.8125867521558,265735.32160897634,2785.81493766924
40320100,105,0.7877776655165398,831.4896530911869,664.1673255509851,69737.56918285343,843.089814072725
40342798,105,0.751927198784043,680.9912452525625,520.5076375644759,54653.30194426997,692.2314266676343
40351988,105,0.9604404787686698,399.2084947090587,384.3591788232876,40357.7137764452,400.1905243686253
40371384,105,0.5580719739700983,583.5950905268681,335.9344422621854,35273.11643752947,601.9554070640087
40391575,105,0.997725938622877,7670.091975234004,7653.719657683572,803640.5640567751,7671.164356263715
40400432,105,0.8594454162561301,594.985218153241,515.9718873748556,54177.048174359836,600.354458369799
40449599,105,0.9087760861781791,620.7001325286319,567.3293211721402,59569.57872307472,624.2784441633149
40532740,105,0.978076075094572,359.73538370702,352.3256642791125,36994.194749306815,360.22317000755334
40560834,105,0.6674359473522818,708.3994177652647,483.58111018001136,50776.01656890119,724.5356083956481
40576710,105,0.9248927452890403,587.2114408543251,545.6723564827536,57295.59743068913,589.9844703746967
40777141,105,0.9986894618172677,1342.575686076945,1340.9241933161966,140797.04029820065,1342.683831745036
40794806,105,0.9361453908588983,627.4898476329714,589.7718430075436,61926.04351579207,630.0002635984113
40892344,105,0.9543202131895366,471.54101688366785,451.28177697348565,47384.58658221599,472.8829702403641
40899047,105,0.9778930615051966,343.08293254777817,335.95716434356933,35275.50225607478,343.5520483461208
40910065,105,0.5632246296642683,601.4592221351531,349.2705161002003,36673.40419052103,620.1264960809623
40960741,105,0.7129482339175327,290.01752661771866,210.76935394505514,22130.78216423079,295.63065580078995
40971559,105,0.9870261176883327,709.5018290670521,700.857238310775,73590.01002263137,710.0695977044859
41141790,105,0.9913036706127036,666.3490802658266,660.9081486833518,69395.35561175193,666.7060440468849
41147466,105,0.9795084605799111,638.4309802308918,626.1407478608238,65744.7785253865,639.2397544888194
41193865,105,0.9503312337461731,452.8416704465523,431.68290448519986,45326.70497094598,454.2446771779989
41227471,105,0.8088046190482477,689.9246418639559,564.9788913871912,59322.78359565507,698.5356884484958
41260111,105,0.7369493206971695,1884.287973074365,1413.052544152769,148370.51713604075,1917.4351674766344
41270247,105,0.9955364322955981,692.1706996570892,689.2703766226293,72373.38954537608,692.3607758213803
41285546,105,0.5818776298518002,586.397125142998,351.28193176569505,36884.60283539798,603.7041359626832
41404141,105,0.9341463537515968,747.7562869119118,701.3976605037823,73646.75435289714,750.8434387041394
41473656,105,0.9935806566708218,872.9638597735981,867.7027555593409,91108.78933373079,873.3088247377335
41478160,105,0.989195500274524,430.9960301591224,426.6232713233111,44795.44348894766,431.2830691252775
41493620,105,0.29057765784159334,776.5106851698371,238.18602436198853,25009.532558008796,819.6983420240596
41532894,105,0.9190455305893738,786.0425677901698,726.0927548477694,76239.73925901578,790.0509068164819
41533462,105,0.7794883893133161,597.4249196839882,472.45511198365995,49607.786758284296,606.1092358282148
41590719,105,0.9190455305893738,433.72348912086244,400.64431108776904,42067.65266421575,435.93521512567537
41634696,105,0.5457283046091094,504.0296182752219,283.9980593206646,29819.796228669784,520.4019233051964
41664387,105,0.9617022813595028,202.87436869992158,195.5692005611383,20534.766058919522,203.35732206507146
41676390,105,0.4684386564928467,625.6088369389253,304.5137637353518,31973.945192211937,650.0611329031124
41682475,105,0.9734376708684451,512.745227354526,499.94666222637557,52494.399533769436,513.5887763418401
41686810,105,0.9248927452890403,110.76843095446857,102.93271986472887,10807.935585796531,111.29152043738992
41702158,105,0.9822091450851382,1456.3102712086654,1431.973210035258,150357.1870537021,1457.9106875564005
41761142,105,0.9818433248150793,389.8913116284245,383.2415723709617,40240.36509895098,390.3286427527951
41762297,105,0.5545421422006476,1708.4216841269795,977.4735009542787,102634.71760019926,1762.667661424736
41769298,105,0.8797706573883612,1091.1205282962935,967.2972611088406,101566.21241642827,1099.4879779013156
41786765,105,0.996407588718299,319.74951820029503,318.67124298928394,33460.48051387481,319.8201685709738
41883230,105,0.9493295820116016,533.8558305481745,508.4074932682754,53382.78679316892,535.5437172735889
41888100,105,0.7453057073440696,545.0237555113315,413.10847547540686,43376.38992491772,554.2805742727202
42003334,105,0.9227459440652545,662.2834329989929,614.089777023489,64479.42658746635,665.5025480990486
42013117,105,0.9896762951877757,514.8996501434001,509.90820662745904,53540.3616958832,515.2272607789517
42138941,105,0.7999663810984553,1188.7538723850596,963.4173965807588,101158.82664097968,1204.3223557193296
42180312,105,0.8926017072243054,209.53282319048893,188.30529695698144,19772.05618048305,210.96228635115247
42270655,105,0.8005914987674105,537.7940266957916,436.17326615084113,45798.19294583832,544.8137618527962
42335961,105,0.8243697742797697,607.7820031654074,506.7520605938761,53208.96636235699,614.7145084699546
42362925,105,0.8858192209191289,1091.7338202653636,974.1082514282851,102281.36639996993,1099.6693551281799
42515348,105,0.986011088477355,932.850712987722,920.5950349940756,96662.47867437794,933.6558642719749
42588365,105,0.9803145273993905,506.7279686140003,497.3571807285609,52222.50397649889,507.3444969217846
42625075,105,0.9503312337461731,1157.096018050084,1103.03137374164,115818.29424287219,1160.6809653025168
42704327,105,0.819350683215497,1206.418720215468,1000.0962568030599,105010.10696432128,1220.5961101762148
42709234,105,0.7852084560922135,661.3181117207918,526.610978098747,55294.15270036843,670.6639160759402
42735835,105,0.9975488551427685,278.1715411940937,277.5315225766871,29140.809870552144,278.21346407837535
42788291,105,0.9266901048463074,606.5737190987808,564.6953493857321,59293.01168550187,609.3680578140927
42841323,105,0.9945084070562996,559.1869567545243,556.3040745170246,58411.92782428758,559.3759394791439
43300431,105,0.463901276464538,2335.632237104985,1126.2840640839556,118259.82672881534,2427.8529101440226
43379132,105,0.9945084070562996,474.0286660918103,471.58481649010776,49516.40573146132,474.1888687356376
43499385,105,0.8551124339714118,637.7297466228509,550.4106390146031,57793.11709653333,643.6704895733097
43712530,105,0.9925872754069092,626.6495923375074,622.2883272590062,65340.274362195654,626.935628410006
43754654,105,0.647551574580921,916.1976461598892,607.7070094701585,63809.23599436664,938.4688931741865
44075219,105,0.9977944027470115,1979.0240825029439,1974.9269186437962,207367.3264575986,1979.292440613675
44153810,105,0.9633695805357518,222.9803055030387,215.3013025144724,22606.636764019604,223.48775263875206
44192417,105,0.9746395705781329,345.5918531440032,337.35636334197056,35422.41815090691,346.1344824547384
44369632,105,0.9991934055495952,636.8899434484711,636.4077760905346,66822.81648950613,636.9215134486258
44425260,105,0.8808869877845105,533.8623495219708,473.8439964219148,49753.619624301056,537.9168985270904
44890294,105,0.9984849795338056,525.0576066275034,524.3109554685925,55052.650324202215,525.1065025669132
44895797,105,0.9986033816209229,629.5500068109777,628.7247332774165,66016.09699412873,629.6040498649994
45002455,105,0.9937713879600831,404.0965578165819,401.7335635753346,42182.02417541013,404.2514892685469
45184991,105,0.8733992055088213,649.1424862067923,571.5481814917249,60012.559056631115,654.3951241159588
45350304,105,0.7474653212744418,706.4063299125036,536.8996080725651,56374.45884761933,718.2936690054617
45382246,105,0.9757077864594972,592.0784206564597,578.5641009719428,60749.23060205399,592.96862134446
45480718,105,0.9982233958335835,342.06397973711347,341.4935587200486,35856.8236656051,342.10133738137705
45512442,105,0.8850694004589218,608.5130315291198,542.5176933679585,56964.35780363564,612.9662748329735
45513430,105,0.5424220352509027,810.9651917065112,454.29519609369635,47700.995589838116,837.5308644744817
45531969,105,0.9855481583158091,757.3969807329414,747.1168816806795,78447.27257647135,758.072424342427
45621607,105,0.8914940415689004,363.03781827635817,325.8775740172275,34217.14527180889,365.54094455160924
45687710,105,0.7297981784714046,414.5268456022477,308.0006985765335,32340.07335053602,422.0354444041707
45711835,105,0.9985264026661889,823.6540520308714,822.5148122782565,86364.05528921694,823.728656630451
45726200,105,0.9750002450452796,1492.2001927112567,1457.1472140801952,153000.4574784205,1494.5095875463335
45768161,105,0.7916370895425676,689.2062534114305,553.0648982920125,58071.81432066131,698.6343939640202
45780750,105,0.9966642204282973,1017.6069144578589,1014.420472948688,106514.14965961225,1017.8156817074864
45803876,105,0.92953525894286,550.0344697351989,513.5383300482483,53921.524655066074,552.4678328310904
45822839,105,0.8993624675770368,485.16979333306074,439.12689999878376,46108.324499872295,488.26464949313595
45889892,105,0.9513656821486278,694.3545636917672,662.5884790638288,69571.79030170203,696.4603532549071
45911573,105,0.9883951926654533,872.8473318771239,863.3353763214926,90650.21451375673,873.4718488394245
45911990,105,0.9941450590820262,692.0892576843416,688.2850571423422,72269.93099994594,692.3386590865231
45923984,105,0.9913036706127034,404.835886562065,401.5302852996817,42160.67995646658,405.052757498118
45973790,105,0.25126065618564386,659.0798039654902,175.45439915416094,18422.7119111869,698.2963501636582
46011731,105,0.9926104133972083,578.6067950833178,574.592465105175,60332.208836043385,578.8700756610368
46036384,105,0.9642441216563153,379.30563533817065,366.55547864647383,38488.325257879755,380.148004446041
46048925,105,0.6674359473522818,1001.1090157172388,683.3961139592267,71756.5919657188,1023.9126565931292
46048941,105,0.9815665104864078,413.8879499404642,406.7212268908822,42705.72882354263,414.3593149783957
46072703,105,0.9795084605799111,770.7800946932035,755.9420514851867,79373.9154059446,771.7565308600158
46088002,105,0.9423058505788735,660.8411606660045,624.9611304184773,65620.91869394011,663.225353036441
46116173,105,0.9913036706127036,400.31009038191723,397.0414435449269,41689.351572217325,400.52453684502564
46220279,105,0.8292264614059603,707.4440371228682,593.1271478629457,62278.3505256093,715.2776418365783
46222390,105,0.8127476994646252,517.1828088054559,425.47054781289273,44674.407520353736,523.4964652538044
46298558,105,0.9712845393323756,643.9686660650073,626.5899634225683,65791.94615936968,645.1147300802942
46327705,105,0.9739907549603891,1027.3109126683714,1002.2029180294945,105231.30639309692,1028.9655347603918
46372862,105,0.7358070212053043,418.9543532127382,313.7181027953478,32940.40079351152,426.35921342725874
46451253,105,0.8914940415689004,595.1560548883257,534.236384103187,56094.820330834635,599.2596239488133
46530405,105,0.7041661072852012,1076.9919861237697,773.5540593382377,81223.17623051496,1098.5391817856025
46550767,105,0.9604404787686698,786.5608836397934,757.3032621729185,79516.84252815644,788.4957776288409
46598066,105,0.7445526488001527,1090.8458438543987,826.0309576318991,86733.25055134941,1109.4325686209684
46604700,105,0.5837064503418665,370.16963171211404,222.4155116545805,23353.628723730955,381.0400099644534
46678933,105,0.5391440927559811,783.4593149404926,436.34993793315556,45816.743482981336,809.338252604484
46690986,105,0.4027500508083845,1256.344740955069,528.7510294209362,55518.8580891983,1312.8515523701296
46704215,105,0.996905004493289,547.47960388662,545.8890377702288,57318.34896587403,547.5838071930391
46710652,105,0.9018257339390765,616.5471153371412,559.4753204893698,58744.90865138383,620.3807447871803
46724379,105,0.5333945453089872,421.84914827716733,232.55284607192488,24418.048837552113,435.98654713877994
46755580,105,0.9296789889770697,306.7340788645038,286.42317035067316,30074.432886820683,308.08824739152817
46769078,105,0.5458378304723852,872.225033392394,491.5539421200389,51613.163922604086,900.5494208685254
46866680,105,0.9326519439382782,537.9963677256343,503.88291539732273,52907.70611671889,540.2689810194285
46878566,105,0.7916370895425675,525.5747458876976,421.7561026767215,44284.39078105576,532.7644551374233
46896012,105,0.9561735921124248,667.9732274891998,640.4412781173673,67246.33420232357,669.7960322272376
46936020,105,0.9459101523051866,406.316250091305,385.63720653819473,40491.90668651045,407.6890448827465
46990438,105,0.9190455305893738,532.8746348898727,492.23340756651294,51684.507794483856,535.5919714345916
47000276,105,0.9829222364403747,681.5795386822082,670.6462540223727,70417.85667234912,682.2983845101513
47006355,105,0.9649551524086122,721.4853938136889,697.7161076240395,73260.19130052415,723.0554766016629
47052262,105,0.9410355421695026,445.4849139972826,420.76350811295464,44180.16835186024,447.12817875391715
47089646,105,0.9404094435955768,549.0248953259796,518.2333057092762,54414.497099474,551.071992352453
47172145,105,0.9042139779459789,661.034145575698,601.3396926696995,63140.66773031845,665.0413589443825
47213093,105,0.9919584243386654,304.1109669169055,301.8148413003604,31690.558336537844,304.26158384770923
47222306,105,0.9548048537781783,210.94997605192697,201.983102378704,21208.22574976392,211.5438579720805
47232230,105,0.9955364322955981,882.464160628412,878.7664728565603,92270.47964993883,882.7064930514105
47254288,105,0.9209227657178175,518.2458342180574,479.6403031511339,50362.23183086906,520.8257641207034
47260862,105,0.9807068838126018,565.7601204757696,555.5063821744968,58328.17012832217,566.4346721162057
47269826,105,0.9971668486911609,622.4856015440292,620.83014562015,65187.16529011575,622.594048764282
47325492,105,0.6674359473522823,682.5674980500075,465.9472328775823,48924.45945214614,698.1152794151926
47326216,105,0.6863043599834536,1178.6411790169957,826.1734013995894,86748.20714695688,1203.8003101415648
47402735,105,0.8808869877845105,491.80639836690693,436.5160972237711,45834.190208495966,495.54154310036773
47421617,105,0.9793604853259785,423.403088011131,415.19337405066324,43595.30427531964,423.94335923453843
47543180,105,0.9807072376885608,280.17972176874184,275.1018863069518,28885.69806222994,280.5137718319917
47558531,105,0.5207523310147031,783.6536974579637,422.200406016164,44331.042631697215,810.7508711357901
47783121,105,0.9729406869157086,485.52578630715357,473.1796073645151,49683.858773274085,486.3396235021564
47802450,105,0.989195500274524,244.50891431901582,242.02819885829945,25412.96088012144,244.671754765495
47816646,105,0.7444622711205814,516.9470562379128,391.40744892708955,41097.7821373444,525.7586100877002
47891397,105,0.7574377322862308,534.5091051427597,411.3791822371943,43194.8141349054,543.1194733268673
47909482,105,0.9190455305893738,930.20459375837,859.2598463883239,90222.28387077402,934.9480714380824
48080102,105,0.9852383369614114,491.0188814030516,484.2113411912923,50842.190825085694,491.46619962501256
48109229,105,0.8679290565064165,568.2882574787845,497.4047771603022,52227.50160183173,573.093818476885
48158176,105,0.9875861145878758,436.49119381980313,431.4026562670783,45297.27890804323,436.8253561838551
48243472,105,0.9718477915769387,1281.1313577503072,1247.2366712742528,130959.85048379654,1283.3662658742712
48254075,105,0.9948614558058039,456.1191253213566,453.91882040110295,47661.47614211581,456.2633497881815
48526011,105,0.845437978076693,547.8302928072147,467.7736711304722,49116.23546869958,553.2915284863612
48624860,105,0.998012230367682,362.19359299542856,361.5178080408084,37959.36984428488,362.2378534455636
48699117,105,0.9750002450452796,498.25135321924614,486.5470295483329,51087.43810257495,499.0224689899819
48848529,105,0.615826048539189,1088.5526926038067,688.3203521229226,72273.63697290687,1117.718800228893
48941838,105,0.975971265505419,459.3677170043403,448.99639923652,47144.6219198346,460.05083869349534
49050392,105,0.9627738528520037,781.5768850859286,754.2224172407326,79193.35381027692,783.3848156620751
49123621,105,0.6674359473522817,765.0602835297334,522.2600301268676,54837.3031633211,782.4871168516966
49369605,105,0.9963201612118336,269.17467559394345,268.24485661986563,28165.70994508589,269.2356002247278
49824103,105,0.9803145273993905,503.27499565269125,493.96806269375816,51866.64658284461,503.88732278014106
49968308,105,0.9952041655607914,746.6688503610047,743.3072206478115,78047.25816802021,746.8891774874782
50047341,105,0.9901510862592602,391.1579046737597,387.5404845905062,40691.75088200315,391.39530316995797
50059423,105,0.9864487195274159,550.1806252118038,543.1786891415387,57033.76235986156,550.6405739993892
50085393,105,0.9938821427569056,599.0138113596524,595.573322177315,62535.19882861808,599.2393831780382
50243281,105,0.9802482175737324,568.0752018594615,557.5345167237698,58541.124255995834,568.7687125856295
50535771,105,0.9632616463086463,561.8023947749494,542.3979198278271,56951.78158192184,563.0847256364581
50561328,105,0.9988509266883904,684.0758999741906,683.3381027256378,71750.50078619197,684.1242115990123
50958684,105,0.8887016654535251,1061.574437116254,950.1011860824989,99760.62453866238,1069.0890126751817
51301217,105,0.8288359781840018,512.4493570019715,429.4509763773297,45092.35251961962,518.137469512685
51403736,105,0.921458674231644,177.18852764941423,164.07906089056237,17228.30139350905,178.06448132617479
51405106,105,0.8628251404040392,909.6788970277456,791.7989393732307,83138.88863418922,917.6818132610872
51453135,105,0.8828433693051221,640.5266414463773,569.7062182240295,59819.1529135231,645.308372959113
51507847,105,0.9949826128939695,500.1823782797079,497.82641741578436,52271.77382865736,500.336800828936
51669111,105,0.42778521564644884,742.0117791221592,330.9759926969403,34752.47923317873,773.6966603597671
51683537,105,0.99038800971678,494.40430714755223,489.942104017218,51443.92092180789,494.6971280047364
51785337,105,0.9604404787686698,360.0318480576414,346.63978172738416,36397.17708137534,360.91750544686823
51825638,105,0.8628251404040392,706.6772312951906,615.1030699370799,64585.82234339339,712.8942367732154
51861410,105,0.9948532656262825,643.8422576776977,640.7314304852963,67276.80020095612,644.046165021071
51866473,105,0.9795084605799111,547.2228126234937,536.6883997682269,56352.28197566383,547.9160429614709
51983017,105,0.987268988481133,654.3329750070098,646.5098940350697,67883.53887368232,654.8467556240118
51990592,105,0.8926017072243054,916.2950262127372,823.466244495419,86463.955672019,922.5461231259858
52025452,105,0.937962424168107,448.6879110667948,422.4872773705778,44361.16412391067,450.43091970905766
52059007,105,0.3312435534308509,933.4874807433129,325.19166009887533,34145.12431038191,981.7297777744106
52172003,105,0.9829222364403747,382.95879092769525,376.81571115993364,39565.649671793035,383.36268851192256
52214716,105,0.8088046190482477,1534.2302128758672,1256.3802366320829,131919.9248463687,1553.3791561558028
52266549,105,0.9065298959692712,711.4071738466498,648.7240226794274,68116.02238133988,715.6123869316025
52346232,105,0.9543202131895366,726.5067964762092,695.2932329489868,73005.78945964361,728.5743541207958
52348108,105,0.9817687262482806,625.5393574867948,614.8266836602177,64556.80178432286,626.24390777827
52354467,105,0.9410355421695024,619.1421582809656,584.7839474548725,61402.31448276161,621.4259942899579
52358821,105,0.5457283046091094,674.9170402835306,380.2854488965896,39929.97213414191,696.840251247327
52365560,105,0.7877776655165398,349.62899707711165,279.27245403535096,29323.60767371185,354.5066917481522
52472131,105,0.48445028244255334,675.8155059294644,339.73825038813925,35672.51629075462,701.2861024153201
52474050,105,0.9932160742687041,775.2564465373473,770.3187569864748,80883.46948357986,775.5802357041529
52530322,105,0.802001074169213,507.2927134927108,412.1198274656348,43272.58188389165,513.8644332771582
52536443,105,0.9968965265787353,419.94183565963516,418.71845643556196,43965.437925734004,420.02198349769395
52596621,105,0.19043566094127073,1060.5531981918127,215.22237591583198,22598.349471162357,1130.1579486323487
52619006,105,0.9579405874590345,519.7556665084392,499.1982435367409,52415.815571357794,521.1160797152137
52627650,105,0.9966642204282973,318.050701031106,317.0547860649362,33290.7525368183,318.1159507548972
52646204,105,0.9245169783103725,1038.6053987077753,964.7660081412545,101300.43085483172,1043.5351981360475
52650644,105,0.8827771109632334,718.1559590137838,638.7072165163554,67064.25773421732,723.5203638429597
52652931,105,0.9578217967028907,466.63261963195015,448.1240945367935,47053.02992636332,467.8574825498551
52670832,105,0.9988509266883904,598.6281872819326,597.9825480633905,62788.167546656005,598.6704643163853
52758042,105,0.1576800077941512,3028.9564696075972,510.54713100658927,53607.448755691876,3237.8685043769196
52826190,105,0.9807072376885608,361.12324256121565,354.57842769889135,37230.734908383594,361.55379920984467
52884842,105,0.4517226664302379,1865.129030043864,876.693989993739,92052.86894934259,1940.779277076927
52969803,105,0.9190455305893738,383.22202217090955,353.99448477539374,37169.42090141634,385.17622140916245
53008127,105,0.9642441216563153,339.00182079758247,327.6064553422653,34398.67781093786,339.7546824340753
53077335,105,0.996905004493289,1177.8971930280934,1174.4751050625835,123319.88603157125,1178.1213854569326
53113087,105,0.9707096668670463,561.35413128125,545.9012439883652,57319.63061877835,562.3733466570441
53133732,105,0.7975464366897995,818.9234727441433,661.7936445463373,69488.33267736541,829.7869742771326
53143021,105,0.948104657200186,652.2104169920296,620.3668318324916,65138.51734241162,654.323156332208
53154219,105,0.6674359473522823,648.3277194030757,442.5738226867121,46470.25138210477,663.095574103256
53175731,105,0.17916859434976973,1055.7845306370766,201.79531053077582,21188.50760573146,1126.287289706781
53190433,105,0.9896671697161799,931.443274968848,922.4058672453697,96852.61606076382,932.0364416149124
53195241,105,0.676996794156858,1903.3467937677485,1316.9726584362456,138282.1291358058,1945.3159450724186
53240300,105,0.8292264614059601,1069.59504069438,896.7576551150237,94159.55378707749,1081.4387828320912
53280496,105,0.9929926714104044,453.7102909229061,450.7253696543138,47326.16381370295,453.90603841428435
53314692,105,0.9561735921124248,717.376795236186,687.808571849135,72219.90004415918,719.3344153435519
53325047,105,0.9663313172261,515.1761825563744,498.87126708013903,52381.4830434146,516.252819490703
53337464,105,0.47558727284920294,664.1904616083466,328.0293062207864,34443.077153182574,689.7352493383407
53340772,105,0.9262377078012843,530.8345739702892,493.9583469640199,51865.62643122209,533.2954411201688
53365226,105,0.9266901048463073,344.9894251969042,321.17105944747203,33722.961241984565,346.57870820875837
53445765,105,0.9604404787686698,436.62204544482813,420.38106169465283,44140.01147793855,437.69611026140956
53448627,105,0.9915248781032558,491.3231219859747,487.4134149067856,51178.408565212485,491.5796120407854
53458717,105,0.969523745151923,444.6779107499602,431.9405502101682,45353.75777206766,445.51827881480483
53474066,105,0.9861532363198516,1024.6570535897263,1011.3321142482397,106189.87199606517,1025.5324193046827
53492577,105,0.9881252922226801,341.41036956499164,337.60323152891283,35448.33931053585,341.66034832436196
53581602,105,0.8993624675770368,557.566083530572,504.65274048329496,52988.53775074597,561.1227493658644
53605382,105,0.9746395705781331,767.7240806926106,749.4291360062717,78690.05928065853,768.9295187981423
53643568,105,0.9929926714104045,608.3235705944999,604.3214617590138,63453.75348469645,608.5860240042471
53645678,105,0.9384022115568411,790.6921494671479,744.8488182330852,78209.12591447395,793.7415418036533
53656846,105,0.9657109227616375,255.53200844726902,247.2953648674216,25966.013311079267,256.0759737088119
53669499,105,0.9130692013490496,679.0761716384571,623.4452147527635,65461.74754904016,682.8017129825755
53671997,105,0.9916496862118567,442.47773609053,439.00858837931054,46095.9017798276,442.70531668934575
53717416,105,0.9109550512888115,708.4611211485912,649.0054299291191,68145.57014255751,712.4450641235388
53733977,105,0.9832698060443816,407.34189683230494,400.9407732890095,42098.781195346,407.762722728122
53738511,105,0.8733202578179322,469.6096641111975,413.44033404146273,43411.235074353586,473.41205055116876
53794321,105,0.9209227657178175,709.8279572374703,656.950956698433,68979.85045333546,713.3616207069975
53796581,105,0.9034930658503695,1134.7177262914647,1031.4726652811066,108304.6298545162,1141.6497860006068
53803935,105,0.9927748226263969,597.3503248174652,593.2981914377134,62296.31010095991,597.6160735705772
53815397,105,0.7655637386320565,242.9651762505461,188.89336750118662,19833.803587624596,246.73761042902802
53825192,105,0.981471115370694,882.7066369664542,867.3428645700992,91071.00077986042,883.7171578325161
53893648,105,0.9635171814384142,679.6016120156328,656.2919358109099,68910.65326014554,681.1419126238576
53899162,105,0.7655637386320565,307.5331524328009,239.09176482717012,25104.635306852862,312.3081106928992
53903158,105,0.9130692013490496,1233.2581713282493,1132.22777882816,118883.9167769568,1240.0240607779845
53914255,105,0.9769057944360442,574.1146513429621,561.6573073849961,58974.01727542459,574.9349738571609
53915734,105,0.9209227657178175,499.33751814205374,462.14051857793856,48524.75445068355,501.8233187206758
53918137,105,0.8770474979136365,442.2469194107604,390.91605243514607,41046.18550569034,445.7182232035054
53936201,105,0.9818433248150793,883.1561618239698,868.0936097111186,91149.82901966745,884.1467755302158
53972959,105,0.9311154159661391,996.8178339231437,932.1645492187781,97877.2776679717,1001.1267488805888
53973724,105,0.9423058505788735,642.0908423861965,607.2288510065149,63759.02935568407,644.4073870850792
53986731,105,0.995858088403589,362.1793239157863,360.77110847742694,37880.966390129826,362.27160544105357
54005716,105,0.9657109227616375,856.8580865221885,829.238710381881,87070.0645900975,858.6821281988944
54020562,105,0.987268988481133,334.5311241175127,330.5315334326975,34705.81101043324,334.79379712028106
54145466,105,0.4229905481752835,1952.2866714071736,861.4190497458807,90449.00022331747,2036.4971592436539
54167570,105,0.855234887603476,1496.6285637757085,1291.8819035242957,135647.59987005105,1510.5580025440543
54237040,105,0.8808869877845105,761.380025474621,675.7834756276743,70957.2649409058,767.1625134653367
54245203,105,0.9913036706127036,537.704974307587,533.3144587904097,55998.01817299303,537.9930233293493
54246694,105,0.5818776298518002,762.6476919104595,456.8650543872022,47970.83071065623,785.1565878268292
54287612,105,0.9642441216563152,455.809474280924,440.48768183389024,46251.206592558476,456.8217445570209
54365625,105,0.6967989620524134,703.4172609832596,500.2163007808144,52522.71158198551,717.8775055970707
525472560929976068,105,0.751927198784043,1099.1817846679076,840.1466509003466,88215.39834453638,1117.3244594143755
543584528464360785,105,0.9197757985892085,413.1890977956001,381.96138798734034,40105.945738670736,415.27662346977286
549056203343531816,105,0.9870261176883327,560.039468672883,553.2159316280158,58087.67282094166,560.4876322053938
552912581186899747,105,0.9495548235046753,1352.6361624510728,1288.444740455166,135286.69774779244,1356.893471089636
553578003486746447,105,0.9953445003807723,643.6040170398342,640.7912102501592,67283.07707626672,643.7883667464106
557386903732882183,105,0.9315788457894733,1158.9264149888766,1084.2661525353133,113847.9460162079,1163.9016465819857
572368704250611987,105,0.9793604853259785,565.6422233622161,554.6745167269619,58240.824256331,566.363994706545
573122310094338767,105,0.9782431992726006,702.1654607396682,687.8128322819101,72220.34738960056,703.1102621447837
577333685681759877,105,0.984603539220862,585.4376623432258,576.9718039338984,60582.03941305933,585.9940381592257
577547502503396579,105,0.9492706103826396,716.2853201481963,682.1009312026777,71620.59777628115,718.5526695361724
580407424598756855,105,0.9933873075261005,461.3644385969964,458.50015288733385,48142.51605317005,461.55225601700886
580589381711973141,105,0.9361453908588983,420.84502523009604,395.5483058200608,41532.57211110638,422.5287115467735
599368528094352718,105,0.9952041655607914,443.30303835462905,441.30721294292044,46337.257359006646,443.4338482639354
604521043281534642,105,0.9889265115398325,811.5193823944801,803.0808616295159,84323.49047109917,812.0733464603543
605748852048435444,105,0.9481829397373746,481.99660578042284,458.499141407874,48142.40984782677,483.55556949260034
610155932497817911,105,0.862825140404039,520.7307664256211,453.2523178255508,47591.49337168283,525.3119045804625
612245203931813020,105,0.9227459440652545,769.0015283680152,713.0421109098692,74869.42164553626,772.7393607047321
613221032690703355,105,0.9803145273993905,729.490413007052,716.00013745852,75180.0144331446,730.377973034785
618150693526656201,105,0.9515709152918049,304.4174467703989,290.54953091436323,30507.70074600814,305.3367082213358
618943952389206201,105,0.8243697742797698,531.4510136608138,443.1093630194707,46526.48311704442,537.5128696422714
621626596784793972,105,0.9666229026145854,524.567581058295,508.1094399983924,53351.4911998312,525.6542531984546
622878708674009200,105,0.8005914987674106,709.0029809508819,575.030830691911,60378.23722265065,718.2574778488499
627388721154300829,105,0.9908521223150163,499.4339247219023,495.1440670210654,51990.12703721187,499.7154023995186
628340205412932131,105,0.9976697222385428,429.19240919970997,428.253619646537,44966.63006288638,429.2539004648089
628897724940732017,105,0.990378028668468,879.4808493363767,871.5349252246739,91511.16714859076,880.0022819533115
629724091250673746,105,0.9570675507219818,678.6788352442961,651.2773635401326,68384.12317171392,680.4925765676928
630326155301078742,105,0.9778930615051966,392.2915581604163,384.1437360255168,40335.09228267926,392.82795956669685
633809099013662442,105,0.9807068838126016,535.2470225612701,525.5462983545809,55182.361327231,535.8851936589496
639163267116212627,105,0.9972945161244225,100.88065841077284,100.62446446815555,10565.568769156333,100.89744086750963
639216644351145145,105,0.9955333498544091,1157.364097229797,1152.5111782739045,121013.67371875998,1157.6821393702708
645092818132652927,105,0.987268988481133,391.11289529869714,386.4368236869022,40575.86648712473,391.4199961668169
667324814851452653,105,0.9262377078012843,963.0258965162217,896.1260310699371,94093.23326234339,967.4903359280991
668715506986619718,105,0.9773599595625992,639.4202274308127,625.8189954858067,65710.9945260097,640.3157704208398
670778657683556451,105,0.9822091450851382,916.6541747067998,901.3355512199356,94640.23287809324,917.6615344401091
673825002694927178,105,0.9786726971837761,781.5887431071566,765.9283537201618,80422.47714061699,782.619517152357
673826204715344716,105,0.9676491809387584,940.0392157385911,911.4540100082537,95702.67105086664,941.9260905321211
673826267743797671,105,0.9883951926654533,827.0497412131355,818.036870240846,85893.87137528883,827.6414902775946
674566887638611404,105,0.981471115370694,556.3358333652433,546.6526421873289,57398.527429669535,556.9727255609172
675242237586865339,105,0.855234887603476,500.28183762934685,431.84065060520345,45343.26831354636,504.9380665647301
676838365540390245,105,0.9940844551134733,315.66770738670283,313.9146146244361,32961.03453556579,315.7826410117269
678242953903453952,105,0.9707096668670463,402.3490943990502,391.2732781510217,41083.69420585728,403.0796143339661
679166677359467385,105,0.7916370895425675,1173.1763901440463,941.434697787445,98850.64326768172,1189.2251010263242
681139047695558927,105,0.9560492998599184,213.1599347931355,204.34912298706834,21456.657913642175,213.74329024351556
681894806923375678,105,0.9799151128733822,768.6860032151529,754.1822044333062,79189.13146549715,769.6403438679863
684782448665574114,105,0.9561735921124248,680.8365869277255,652.7744466047612,68541.31689349993,682.694493959638
686743101124580615,105,0.990523287573246,797.5134050396116,790.4168633323626,82993.77064989807,797.9790816113587
687757820659405525,105,0.5207523310147031,591.3163921791676,318.57697050609465,33450.58190313994,611.7629274656092
693024169316156606,105,0.969523745151923,604.8962173362758,587.5695612935365,61694.803935821335,606.0393716313416
694313018923554703,105,0.9925872754069092,1051.5054393029097,1044.1873240302584,109639.66902317714,1051.9854020919176
694947516825280143,105,0.995371613308992,396.47420399704276,394.75154668620706,41448.91240205174,396.5871051655809
703527486074504582,105,0.9209227657178175,357.4074475862856,330.78320208287346,34732.23621870171,359.1866923010021
703538637731385185,105,0.8765975158118399,439.0335198039248,387.8880138571393,40728.241454999625,442.4927139998864
703678241822238330,105,0.9197757985892085,362.0903290646642,334.72452541511535,35146.075168587115,363.91969209075756
705946468067026302,105,0.9423058505788735,481.5860738569511,455.43860616689227,47821.05364752369,483.3235471127651
708045427082372124,105,0.34498657981244374,1279.2985842249695,463.57066454426973,48674.91977714832,1343.73535572397
711032530664362412,105,0.9807313702757421,187.72351268134705,184.3255662324689,19354.184454409235,187.94704831420248
716703779507124462,105,0.7655637386320565,720.9819775260689,560.5277091319704,58855.40945885689,732.1764091564035
718922870189236806,105,0.9869716497073623,1922.0994191892264,1898.5821262708207,199351.1232584362,1923.6440345918259
719355891470345652,105,0.8088046190482477,581.8796719679187,476.5009278419169,50032.597423401276,589.1421940723264
721143022842232721,105,0.8966730483850015,523.7288565057685,472.6918666536159,49632.64599862967,527.1618986485448
721635424816164605,105,0.9587933452759783,835.1209907205093,802.7611980122091,84289.92579128196,837.2619626194244
725205326528652381,105,0.9978426782626972,486.164352721518,485.17988130431587,50943.88753695317,486.2288333357745
725867973010290782,105,0.9279099011784187,528.0359248107756,492.188528616598,51679.79550474279,530.4270683948224
728531681504670920,105,0.9819025496269318,167.29606239915972,164.45208159094682,17267.468567049415,167.4830986572236
730437501239201082,105,0.676996794156858,691.4995236795016,478.4656001678248,50238.888017621604,706.7472169697836
730503580289648392,105,0.9971307883470126,635.9805491554905,634.2676741176374,66598.10578235192,636.0927588737788
730553947980169722,105,0.9130692013490496,911.5408808507783,836.8660600279458,87870.93630293431,916.5417679092508
731853350375474350,105,0.9850685470619253,726.6821312438519,716.4913686386471,75231.59370705795,727.3517876249942
732572931172602640,105,0.9022242633046356,326.9480813007739,296.80697437652117,31164.73230953472,328.9725032326075
734707774394612996,105,0.9315788457894733,1477.4493635701187,1382.2692418476763,145138.27039400602,1483.7920033234138
734774611454860165,105,0.9492706103826396,663.0187887628499,631.376520639071,66294.53466710246,665.1175267973067
734843676958831992,105,0.9843286888964689,449.52692017514863,442.91030338464674,46505.58185538791,449.96179465336286
734991572208138176,105,0.5658265210576773,257.11647275093173,149.96756325503688,15746.59414177887,265.04159432949234
735732850757918650,105,0.9870261176883327,1332.7305359947813,1316.4925086915707,138231.71341261492,1333.7970344440994
739015384619300207,105,0.9190455305893738,1627.5450944708318,1503.415654199992,157858.64369099916,1635.8445845831686
739663897909156017,105,0.7655637386320565,724.1080396487397,562.9580673029714,59110.59706681199,735.3510085376954
742262889162653132,105,0.9182940927875646,183.04360614547713,168.9531693748389,17740.082784358085,183.9859046266608
744210382596366805,105,0.9701228479532055,559.2818527416582,543.577134625648,57075.59913569304,560.3178358003871
745632820094188215,105,0.9968958390211351,649.9188330643066,648.0250627735088,68042.63159121842,650.0429005800776
746451645715267085,105,0.4549951644647395,1005.0056204141986,475.6872073319113,49947.156769850684,1045.4775006049001
748336742434217963,105,0.9807068838126016,529.4822040706875,519.8859604345042,54588.02584562294,530.1135018175794
753461577197808016,105,0.819350683215497,848.8598323660441,703.6873074616509,73887.16728347335,858.8353215256604
753566944813003124,105,0.8471296328407956,577.0791114828679,493.6781947567763,51836.21044946151,582.7658195608832
754141022905987471,105,0.772724672807328,770.4564989055564,604.290627759884,63450.51591478782,782.0257965420998
754375397775403281,105,0.4002698135571739,857.4578962513528,358.7294051646876,37666.587542292196,896.2189828323071
754796838418506202,105,0.9130692013490496,589.74131683108,541.4288076597096,56850.02480426951,592.9767501299513
756997201912524343,105,0.40026981355717395,939.3419437331031,392.98673228713164,41263.606890148825,981.8045702589512
758758164947604865,105,0.6793410345842892,162.55089560371914,112.8428046905368,11848.494492506363,166.10626908411174
760805979001764233,105,0.9981751430799012,457.215842213406,456.43268572953315,47925.43200160098,457.26713282119573
762112217871324562,105,0.9642441216563153,618.276731271836,597.4936886062087,62736.83730365192,619.6498118960509
762192750283483456,105,0.8239247935438272,377.50956061116784,314.5967869667933,33032.662631513296,381.82706653803217
762916089194134311,105,0.12827513013218803,1016.5163118047573,139.77971101495066,14676.86965656982,1089.6867605661914
766052072199682693,105,0.9579405874590345,678.0974715136665,651.2772991977208,68384.11641576068,679.8723300003948
766156195693050227,105,0.9335352716419975,1935.6856295892528,1814.561900854007,190528.99958967074,1943.752910013105
766788707373767791,105,0.9864487195274159,564.9220630002349,557.732518351535,58561.91442691117,565.3943355704607
767407262472265686,105,0.8699350783332501,814.3589902925247,714.3353438306532,75005.21110221859,821.1363831876766
768032727158094436,105,0.994063001881118,1372.4170343640194,1364.7675277296432,143300.59041161253,1372.9185425340463
769009482417170004,105,0.9370145723213369,610.6172491758824,574.4145349119965,60313.526165759635,613.0262558126029
769461318721075633,105,0.9788369881727287,575.0561751525036,563.6228442176989,59180.39864285839,575.8086903416448
769616108652112172,105,0.9832095393814739,424.0052987734325,417.31829984333655,43818.42148355034,424.44492565223356
770131545986036241,105,0.8384728836626768,1008.4861665461247,854.4177959399146,89713.86857369104,1019.016610540327
771111761043546355,105,0.8512488750500625,620.9528203035339,533.6470671172657,56032.9420473129,626.8989983521348
771134836709283777,105,0.9953445003807723,379.40310607326404,377.7449628601515,39663.2211003159,379.5117798065332
772261416620745030,105,0.7855338483888271,867.3574984288105,690.9517773546817,72549.93662224157,879.5951680145438
772706520794806760,105,0.9973423730173943,395.331378011077,394.3451658430659,41406.24241352192,395.3959808706415
778933432062496662,105,0.8828433693051221,1035.4084086561284,920.9275159591095,96697.3891757065,1043.138055942996
779104726998664227,105,0.9763219759190946,453.9125476224329,443.8141336196403,46600.48403006223,454.57763377889796
780376166619260652,105,0.9642478358472554,555.3183877077936,536.653598448208,56348.62783706183,556.5515197414641
780872235421635957,105,0.9642478358472554,540.170948985521,522.0152798232199,54811.60438143809,541.3704448343831
781223884036842600,105,0.9084640018728479,394.63540796083714,360.58614572376916,37861.545300995764,396.91847445842785
782548209247570691,105,0.9669973272306994,781.237226069683,757.0015433867267,79485.1620556063,782.8372654913518
782734966853311782,105,0.7916370895425677,778.7088745165717,624.8877492794561,65613.21367434289,789.3613848241187
783879004243392314,105,0.8141640349518896,709.3723797334537,584.5394228893684,61376.639403383684,717.9627173336269
784598714032826222,105,0.7343836619853614,1223.949399830582,914.8285824028213,96057.00115229624,1245.7093339054386
784836681288428817,105,0.8498225204389305,385.5719976536512,330.8370381200463,34737.88900260486,389.30133076394605
785658004981722606,105,0.7975464366897994,680.7264688630052,550.1130029383796,57761.86530852986,689.7567058560409
786307999394390316,105,0.943543100862482,641.9432960481657,607.8387396829733,63823.06766671219,644.2087691885562
786807324710664147,105,0.9754904374147135,1235.1059141021926,1206.6618273425747,126699.49187097035,1236.9796576791891
787195284335262595,105,0.9447483952507157,629.883954067174,597.1363449392026,62699.31621861627,632.058596702602
787606557854537606,105,0.845437978076693,606.4553414286586,517.8316080023671,54372.318840248554,612.5010011738467
787847078680683474,105,0.9513656821486278,399.6996718108092,381.41377831427326,40048.44672299869,400.91185279341045
790006111813482352,105,0.8174390420592631,441.0984049040327,364.85589953135764,38309.869450792554,446.34019267323686
790431243381422888,105,0.21392780690674343,953.2636462348615,216.82800770884754,22766.94080942899,1013.5569136338053
790518755885066166,105,0.9745004373028893,915.2569957745283,893.3265266783171,93799.2853012233,916.7020275032036
790752171303746450,105,0.7041661072852012,681.9331915014724,489.80140547008784,51429.147574359224,695.5765129884455
791313913845076166,105,0.9443898681076893,918.0866573650604,870.0448805379198,91354.71245648157,921.2772287373883
792096103347120988,105,0.9712845393323756,472.50398900658195,459.7525823698455,48274.02114883378,473.3448992051929
792184367926408145,105,0.9803145273993905,437.4905496344783,429.40015124237397,45087.01588044927,438.0228378146147
794707921952592251,105,0.9515709152918049,168.39004990177045,160.7189421258988,16875.488923219375,168.8985440214021
794710559970994170,105,0.9604404787686698,548.2067789889294,527.8151897822407,55420.59492713527,549.5553357548243
794996321339600522,105,0.9846035392208621,436.0796958825429,429.77366332264955,45126.234648878206,436.49412804542504
795495744056169046,105,0.9523747948659352,939.2698541367756,897.1927037946947,94205.23389844294,942.0584297603039
795757968903961791,105,0.7444622711205814,365.23577140685455,276.53896045687594,29036.590847971976,371.4613502718188
796481545034280714,105,0.8590921779760411,669.2949875550314,580.1884902047925,60919.79147150321,675.3506842207252
797261187302809924,105,0.8765975158118399,578.3340952508942,510.96067483166587,53650.87085732492,582.8908542576143
798475021925579344,105,0.9739907549603891,351.07911441530007,342.4985645410026,35962.349276805275,351.6445744445815
798609957167332367,105,0.7655637386320565,689.0910882884873,535.7341253202632,56252.08315862763,699.7903613845881
798631136594423222,105,0.9182940927875646,1152.5084273704542,1063.7899658767237,111697.946417056,1158.4414777704746
799251513158018593,105,0.9579405874590345,596.8706598941924,573.2631777530768,60192.633664073066,598.4329145857304
800942299109284552,105,0.9656507356801846,349.64276786867924,338.35280870352227,35527.04491386984,350.3883922018591
801271167231006592,105,0.9883951926654533,308.29429745260865,304.93462440518437,32018.135562544358,308.5148801491561
801611117719633492,105,0.9356000978184146,490.32386647122183,460.59836774958114,48362.82861370602,492.30260751744396
802047490248101970,105,0.9873082410187818,307.11278076497683,303.4523261310057,31862.494243755595,307.3531785958556
802357806571870530,105,0.9769057944360442,780.2822424086588,763.3514007113771,80151.8970746946,781.397147052496
802922826036667371,105,0.855314420454951,1235.3804975529072,1066.4674577065223,111979.08305918484,1246.8718312258275
803403468437987911,105,0.7444622711205814,382.86009712817116,289.883252268581,30437.741488201,389.3860891462534
805381324514930766,105,0.983949313738468,809.953967200078,797.7433818074029,83763.0550897773,810.7565813287835
805726391815686158,105,0.9649551524086122,433.62357422229667,419.337875686132,44030.47694704386,434.56721759496077
806702099486447309,105,0.9279099011784187,647.7236351147524,603.7508584885935,63393.840141302324,650.6567692853018
807400945391416643,105,0.9891693481629689,702.0100828336341,694.8704469942054,72961.39693439157,702.4787497557226
807898347637042057,105,0.9949826128939695,480.22585047298526,477.9638889191816,50186.20833651407,480.3741117937665
809946874989632205,105,0.7877776655165398,411.5410946660442,328.7258562779684,34516.21490918668,417.2825286464873
811053746893495263,105,0.9356000978184146,436.79976796009674,410.3191256092458,43083.50818897081,438.562508240441
812231708820863156,105,0.9669973272306994,698.5113263913317,676.8419815470793,71068.40806244333,699.9419362258517
813090046454458015,105,0.6426396210162615,409.3009120630511,269.52714581848335,28300.350310940754,419.40636245281104
815806026505024003,105,0.9829222364403747,890.8549644963445,876.5646720731038,92039.2905676759,891.7945281689407
816613605644920543,105,0.5391440927559813,2015.9180219743878,1122.7713896460182,117890.9959128319,2082.5070787786385
821574780923920105,105,0.9729274628725879,711.7729000772539,693.664746375728,72834.79836945144,712.966560043098
821920276390293366,105,0.9712845393323756,616.844598163758,600.1978893827433,63020.77838518804,617.9423897710724
822365439954007216,105,0.8797706573883612,733.6054818295595,650.3539754825955,68287.16742567252,739.2312644447592
826063757882656916,105,0.7916370895425676,638.3157299356664,512.2269603730878,53783.83083917421,647.0477029683744
826617189908528565,105,0.9579405874590345,503.9331927794985,484.0015817149401,50820.16608006871,505.25219209968805
828036946101813387,105,0.9929926714104045,365.9837878841373,363.5760117894113,38175.48123788819,366.1416868998676
831740758559247685,105,0.9818433248150793,874.8478224986524,859.926972158906,90292.33207668512,875.829116952916
832123000813215722,105,0.7127248448675959,538.6077680047889,391.31525840619304,41088.10213265027,549.041135894299
834645644371228115,105,0.9807072376885608,281.5916178039074,276.4881938530202,29031.260354567123,281.9273512293823
836385234465202348,105,0.9803145273993905,1019.114266677508,1000.2680528989773,105028.14555439261,1020.3542076975232
836415940545761422,105,0.8926017072243054,533.29953501045,479.27158035696857,50323.5159374817,536.9377814068314
837646263953285868,105,0.92953525894286,501.8278878053094,468.5303733768644,49195.689204570765,504.04798405357286
837846012155525926,105,0.9632616463086463,437.04140925605856,421.94613882710024,44304.34457684553,438.0389694161052
839184834439414765,105,0.97508482070241,181.2906499041006,177.04641114254062,18589.873169966766,181.57026689740061
840525492567265584,105,0.9803145273993905,1310.8814054148465,1286.6396181957427,135097.159910553,1312.4763351298905
841394344184198064,105,0.9861532363198516,695.1839191883952,686.1435446338945,72045.07218655893,695.7778156206841
844864653127085626,105,0.8471296328407956,1090.6737761765432,933.0468737775083,97969.92174663837,1101.421597835735
850675824952359571,105,0.8339258292077388,802.7148526453911,676.6019469154209,71043.20442611919,811.345473683455
850931966820064700,105,0.9676491809387582,864.1694397030933,837.8913219328953,87978.58880295401,865.9040264158759
856482117556875618,105,0.9952822242820124,452.8602462920677,450.85458500954354,47339.73142600207,452.991698243969
859653300578357102,105,0.9245169783103725,711.246742414903,660.6808334877184,69371.48751621043,714.622715415313
859925561562240250,105,0.989195500274524,774.4289745275574,766.5718461456012,80490.04384528812,774.944736336609
863830918159371125,105,0.8728209732795933,347.2992304478002,305.5945391020435,32087.42660571457,350.12281837566644
869504505210568410,105,0.7136246477636419,1214.2991585090783,883.2820786471344,92744.61825794911,1237.7404303721364
871084107630048364,105,0.9649551524086122,513.1254178285539,496.2205365764466,52103.15634052689,514.2420716007751
873125740517449213,105,0.8292264614059601,494.11204274221734,414.2677742091492,43498.116291960665,499.58339909553155
873255393900331818,105,0.8339258292077387,718.810534578777,605.879666430148,63617.36497516553,726.5390340598474
873260132509992833,105,0.9972190730410597,383.6954410980908,382.6938424641598,40182.853458736776,383.76105392481065
881204142086821328,105,0.9410355421695024,612.9104405486028,578.8980479950882,60784.295039484256,615.1712895566862
883930877150990341,105,0.9978426782626972,173.7347992528374,173.38299035718242,18205.213987504154,173.75784192659748
892662939259281401,105,0.9959217633764691,1257.2926808759858,1252.479278578609,131510.32425075394,1257.608101998227
892721989592935461,105,0.9707096668670463,424.2407708682028,412.56232325027946,43319.04394127934,425.0110381426604
894985131313802009,105,0.9209227657178175,703.7444425038175,651.3206193982282,68388.66503681397,707.2478210380145
897144549301156856,105,0.9960148682363432,849.1796126206281,846.0028574769874,88830.30003508368,849.3877796975221
900757690500508426,105,0.9745004373028893,690.2446045994129,673.7056564789627,70739.09393029108,691.3343808685896
902324773092897293,105,0.9986033816209229,1010.2910483366501,1008.9666635310497,105941.49967076021,1010.3777757024067
904512525045117852,105,0.9799151128733822,576.401599110531,565.5258803175952,59380.2174333475,577.1172144282141
906701409648697471,105,0.9579405874590345,613.9291993539088,589.6470163224527,61912.93671385754,615.5361032217131
910707550951342167,105,0.9983524645321586,796.9748530030548,795.742388785858,83552.9508225151,797.0555661008493
910815231577364751,105,0.9635171814384142,510.9095157754384,493.38581487173417,51805.510561532086,512.0674798296477
911476333007658783,105,0.9627738528520037,260.93554352815806,251.80304092820595,26439.319297461625,261.5391352624455
912678193847993947,105,0.6865730681502383,306.4744538570063,214.90437964156132,22564.95986236394,313.01020912538206
913929715874853789,105,0.939731029240973,1038.929334621121,979.9966446094685,102899.64768399419,1042.8480215248596
914342944500490787,105,0.9688390969163684,720.2328166119344,699.1383268298587,73409.52431713516,721.6248075197253
915332897455058900,105,0.8642374685933498,1122.4407106021274,978.497668287464,102742.25517018372,1132.2092640580445
916052715744473224,105,0.9552580440337736,1077.038829140183,1031.7170538232413,108330.29065144034,1080.040163249088
923133320997277084,105,0.962013639357557,431.5305360866096,416.11839212844484,43692.43117348671,432.5493684334176
929120660817262874,105,0.30401508562748325,750.9694579332141,240.7046320372693,25273.98636391328,791.7522630183237
936216057908307884,105,0.9087760861781791,391.20106757333116,357.56370021067585,37544.18852212097,393.45632620505626
939218400123538892,105,0.9820123376506198,446.322980551854,438.7816960935813,46072.078089826035,446.81892403035255
939325387438995809,105,0.9087760861781791,1476.6728377812053,1349.7013368417554,141718.6403683843,1485.1857980967234
939698664229028471,105,0.986448719527416,363.92800964153577,359.29643858846964,37726.12605178931,364.23225199237936
942057172413556286,105,0.9739745210170775,112.77122386417861,110.01331614227206,11551.398194938567,112.95297132351075
944320965810800803,105,0.6266524591783816,918.2677910290336,590.3611202445027,61987.91762567278,942.0869759587933
946451380352813662,105,0.9952041655607914,1218.6003123986836,1213.113967258284,127376.96656211981,1218.9598971128719
946609581890906389,105,0.9896671697161799,479.53882513615446,474.88605883416125,49863.03617758693,479.8442075939034
950059146531590785,105,0.9952037757124467,417.1614963740629,415.28321190996604,43604.73725054644,417.2846024550831
956398979498945273,105,0.9818433248150793,565.456540016318,555.8124714249176,58360.30949961634,566.0907981725084
956676934234107014,105,0.9927913333485612,520.6462366383548,517.122499839922,54297.86248319181,520.8773308845599
957349094500016515,105,0.7291128922645367,683.2956904634361,507.24891973652853,53261.1365723355,695.7069681775544
963040775940890055,105,0.7590775253951896,711.0501426448963,548.373290299643,57579.19548146251,722.4206644955665
963916345061155113,105,0.9807068838126016,1302.3178529179233,1278.7148700182695,134265.0613519183,1303.8705969383327
964579064376617710,105,0.8941995751960876,849.772734844801,764.970604626338,80321.91348576549,855.4808410176092
965258538716677226,105,0.5049791759938809,616.6983179777449,322.6060082478604,33873.63086602534,638.8501221123018
965310801955633109,105,0.9383911193952993,540.5157494373685,509.17167001312987,53463.02535137864,542.6006912141719
966687088388761169,105,0.3040150856274833,803.8517764936487,257.65474751253697,27053.74848881638,847.5064550850851
968213956640500474,105,0.6863043599834536,515.4842023131857,361.3307802023585,37939.73192124764,526.4876653429246
970445468070597218,105,0.9983238807657601,434.7043368303809,434.02043403331476,45572.14557349805,434.74912540447417
973272705231391942,105,0.9617022813595028,303.8115696536194,292.87182101484416,30751.541206558635,304.53480946393125
978095320445301654,105,0.7916370895425675,940.2467956702849,754.516512064126,79224.23376673323,953.1090976297097
978244263452010977,105,0.9707096668670463,558.711728013608,543.3315804719815,57049.815949558055,559.7261457440488
978410400232267791,105,0.9850252357294043,426.2266630280191,420.232043705383,44124.36458906521,426.6205864200058
980310639590708922,105,0.695360121678753,660.5402258321279,468.80501385479874,49224.52645475387,674.1902493962406
980365989956218871,105,0.7444622711205814,1511.8519832440813,1144.7016106898725,120193.66912243661,1537.6220597006775
982642009007231841,105,0.9607731306465915,280.51934548226603,270.1727997141181,28368.143969982404,281.2035340042184
983188724209547131,105,0.8512488750500625,889.754038616944,764.6549264911557,80288.76728157134,898.2742284930313
984846668146064982,105,0.9513656821486278,925.2499778153565,882.9206397016835,92706.66716867677,928.0560107104521
985445004274818605,105,0.9248927452890403,183.30962905226224,170.34238485782836,17885.95041007198,184.17528489164906
985716714802993034,105,0.9764429725931418,470.06496147655685,459.66069511622555,48264.372987203686,470.750169767215
986245345084467584,105,0.6158260485391893,888.5815876661975,561.8733897477515,58996.7059235139,912.3897748082924
986407426689940399,105,0.9825687318446383,339.94725970839534,334.38116327580354,35110.02214395937,340.3132548784131
986565062867231257,105,0.4517226664302379,240.0920562830068,112.85399529897421,11849.669506392293,249.83026906931377
991407580891691701,105,0.9383911193952993,708.0671768654389,667.0069231124843,70035.72692681085,710.7984179798125
995680028058206783,105,0.4430280956270508,3559.21829626895,1642.0105609052669,172411.108895053,3706.3350543969605
996227938456591020,105,0.8127476994646252,355.30177516682716,292.29595095839244,30691.07485063121,359.6392227882456
999226382307972271,105,0.657620946308129,472.65777534741176,318.14376936844207,33405.09578368642,483.7798600462696
1002341236260011015,105,0.9459101523051866,403.62180547273704,383.0798928800703,40223.38875240738,404.98549671604974
1002785860497857801,105,0.8512488750500625,617.8803314494622,531.0065691404236,55755.689759744484,623.7970876721508
1004496327455456339,105,0.7660083792848058,404.3022775702966,314.49767903679174,33022.25629886313,410.5668913575421
1004910078575857573,105,0.99038800971678,739.7166719726715,733.0404234013746,76969.24445714433,740.154783993196
1005860682746801029,105,0.873096439789587,430.49944928470023,378.9164986394678,39786.23235714412,433.99157455135804
1005958896607152946,105,0.939731029240973,251.28566232821512,237.03162256933007,24888.320369779656,252.23347446639292
1006396584243125090,105,0.8032671809399644,568.8647952691998,462.82965485081724,48597.11375933581,576.1839470513719
1008029204257210230,105,0.9109550512888115,324.84157117388617,297.5801173348236,31245.912320156483,326.66827733575855
1011115904222911872,105,0.8243697742797698,745.766935325981,621.800134309621,65289.0141025102,754.2733294083606
1011714999685071594,105,0.9937713879600831,682.8165220513322,678.8236854922834,71276.48697668976,683.0783153112371
1014245162199655907,105,0.9795084605799111,676.3684647885516,663.3479099322834,69651.53054288976,677.2252988397393
1015691857467598452,105,0.9341463537515968,1272.4652327802933,1193.5762399676603,125325.50519660432,1277.7186734971185
1016100494032497541,105,0.661314181363525,368.7250307815964,249.5117531280859,26198.73407844902,377.2968434060074
1019041007385326527,105,0.9666229026145854,662.6627802031063,641.8719461799152,67396.55434889109,664.0355245502021
1019453731090411731,105,0.8193506832154971,468.13000290177905,388.07012503557473,40747.36312873535,473.6312948597476
1019756845213291605,105,0.8242600946462018,189.40806902721508,157.90344826273792,16579.86206758748,191.56992955059292
1021217453140595481,105,0.9578217967028907,422.8413640380822,406.0697761372152,42637.32649440759,423.9512793872816
1023885231203292759,105,0.8292264614059601,545.4133555893872,457.2792348674596,48014.31966108326,551.4527769556929
1024067179174522246,105,0.7870438930416025,220.30777624952805,175.81984947754927,18461.084195142674,223.39268626820487
1025356251415331533,105,0.9886570092512097,419.647209516287,415.1772841377801,43593.614834466905,419.9406672413395
1028988415727336651,105,0.7870438930416025,563.0112861417274,449.3194079154162,47178.5378311187,570.8949804298469
1030981527494824971,105,0.9901510862592602,350.58554484416203,347.3433370920897,36471.05039466942,350.7983194810551
1031938290013047428,105,0.7445526488001526,665.5070750298803,503.94787640691743,52914.52702272633,676.8465295490251
1032037416009523135,105,0.9819025496269318,498.1131512357218,489.6453832433534,51412.76524055211,498.6700395363994
1033202997223117530,105,0.989195500274524,1726.7372514719461,1709.218283673772,179467.91978574605,1727.887240893661
1034873975277447845,105,0.9552580440337736,895.7507521840624,858.0575760124319,90096.04548130535,898.2468992243263
1035628196408986358,105,0.9818433248150793,1134.8028948561305,1115.448415455474,117122.08362282478,1136.0757742744322
1036955655225647222,105,0.7927734501420004,468.7526321986048,376.66858063158975,39550.20096631692,475.1276427888969
1037004838842410100,105,0.9840785675218857,303.2938682374401,298.7583624697179,31369.628059320377,303.59198170736863
1037047027853581998,105,0.9842783167872711,1007.7649134812068,992.8838410972396,104252.80331521016,1008.7429786506498
1039235354309448898,105,0.8828433693051221,199.1760600716328,177.15397393610442,18601.167263290965,200.66297159318393
1042032092670718662,105,0.9906216669643343,464.93686327268847,460.842666296935,48388.47996117818,465.20551858020974
1043497443334655968,105,0.97508482070241,1027.378752276924,1003.3265426040952,105349.28697342999,1028.9633489334196
1043599286749467076,105,0.8733992055088213,469.50803236009284,413.38607130651417,43405.53748718399,473.3071300032674
1044223371798078486,105,0.7870438930416025,797.6234797751799,636.5551073194661,66838.28626854393,808.7923849576431
1044458170286255125,105,0.9627738528520038,1097.1473074463797,1058.7481667915408,111168.5575131118,1099.685210244581
1045077329214831775,105,0.987695260084762,952.4638388801976,941.4578639903254,98853.07571898417,953.1865769098976
1045459185575382038,105,0.40026981355717395,544.466601308404,227.78515525169115,23917.44130142757,569.0790250390808
1045520246239520927,105,0.7153352689507949,996.6432660212874,726.6065884204612,76293.69178414842,1015.756694740074
1045592510645908121,105,0.845437978076693,519.5758627558805,443.6481734273674,46583.058209873576,524.7554343804536
1045916135727198441,105,0.9523747948659352,741.7278894034301,708.5001691930061,74392.51776526564,743.9299874507293
1046547202929220520,105,0.9552580440337736,456.52751700992485,437.31684698381,45918.26893330005,457.79970104951923
1047723626454445067,105,0.13768370166068056,1644.5201354806031,242.50378718464086,25462.89765438729,1761.3107743303403
1048804459244346908,105,0.8193506832154971,743.84917628998,616.635637667147,64746.74195505043,752.590618765574
1049417084065072931,105,0.9982803861310702,563.652464393766,562.742679518661,59087.981349459405,563.7120465720292
1050857413300266721,105,0.9523747948659352,663.7436035148246,634.0094017082998,66570.98717937148,665.7141758960018
1052110098791057231,105,0.9822091450851382,713.6879817748602,701.761218354614,73684.92792723447,714.4722912285499
1052490589225547467,105,0.9190455305893738,759.6258060130593,701.6907439149217,73677.52811106677,763.4994356209264
1053030252161966865,105,0.6612770612055445,294.8091494230524,199.48313090136324,20945.72874464314,301.663466955431
1053132609735844516,105,0.9975488551427685,798.4840234340522,796.6468669855318,83647.92103348084,798.6043619603136
1053425333694349352,105,0.9529146022617195,201.88776002076128,192.94638412549472,20259.370333176947,202.48024709406408
1053522951026570547,105,0.8032671809399643,688.3300875854727,560.0268807456401,58802.82247829221,697.1863086579857
1053625763515857065,105,0.8242600946462018,506.04877981934345,421.87667998000626,44297.05139790066,511.8247052358988
1053851019443958006,105,0.4684386564928467,583.8770267628801,284.200894360974,29841.093907902272,606.6982099401397
1054265461023254222,105,0.9326519439382782,562.5666322909475,526.8952204684367,55323.998149185856,564.9430357090491
1055163452693752832,105,0.9209227657178175,585.5378669093612,541.9195706891195,56901.55492235755,588.4527898131804
1056816282920055514,105,0.9279099011784187,564.2106993704476,525.9074636870529,55220.28368714055,566.7656558240898
1056827534457537585,105,0.5700878964246795,366.9276164136146,215.5556049098054,22633.338515529565,378.1094218306821
1057137469420115073,105,0.8968213815911741,717.0651741940441,647.2885143036679,67965.29400188512,721.7585659646344
1057964852411462810,105,0.8243697742797698,354.1998423578133,295.3221698603002,31008.827835331525,358.2399295489883
1058193595817353204,105,0.9861532363198516,450.89188548763224,445.0283558289599,46727.97736204079,451.27708295084705
1058777213156843238,105,0.9955364322955981,499.7297859795768,497.6358259058545,52251.76172011472,499.8670161757523
1060712994513047104,105,0.8858192209191289,448.62914493840964,400.29295035441675,42030.759787213756,451.8901158399695
1062221285605590578,105,0.8317530912166792,614.3561059347156,516.5625250666485,54239.06513199809,621.0527264900533
1062615116593634676,105,0.9523747948659352,482.1654977031425,460.5655815051878,48359.38605804472,483.59698722394376
1063807278503566143,105,0.9410355421695024,520.1139160814039,491.2511042969085,51581.365951175394,522.0324656009888
1066545050089987954,105,0.8914940415689003,489.6492734246174,439.52918762156327,46150.56470026414,493.0253788887422
1067320906990424780,105,0.945922793586559,650.9878071781468,617.8642215620662,64875.74326401695,653.1867354833191
1070343877574441166,105,0.9975488551427685,340.4215899952669,339.6383461219761,35662.02634280749,340.47289450637203
1074031328011239995,105,0.26790313588843473,1852.2306657043225,524.9242455818946,55117.04578609893,1959.3807434956395
1074829679064875721,105,0.9976574288767069,813.7362612661952,811.9469527672552,85254.4300405618,813.8534623868351
1075444278753674442,105,0.9617022813595028,637.233234969791,614.2875274617094,64500.19038347949,638.7502030184714
1075503699104403085,105,0.8551124339714118,1041.3481983697588,898.7649240711568,94370.31702747146,1051.0488309671855
1077396104359577731,105,0.9946483673391309,690.5650404065857,687.0955984651735,72145.03783884321,690.7924659880376
1081972140987250431,105,0.9383911193952993,693.2703270262282,653.0681308545218,68572.15373972479,695.9444919676561
1082133757143221839,105,0.9984205032657635,1061.5343167800359,1059.960528365929,111295.85547842254,1061.6373811423866
1082746592587689161,105,0.9632616463086463,559.6288857135033,540.2994830738728,56731.445722756645,560.906255475214
1083196219974177016,105,0.9098822550022276,355.5223330797103,325.32507258508974,34159.13262143442,357.54634272353553
1083301106167776779,105,0.9908521223150163,569.0957491139908,564.207535356366,59241.79121241842,569.4164877380063
1083424325445690046,105,0.9266901048463074,627.2844864590005,583.9762276075948,61317.50389879745,630.1742346805871
1083633025910461931,105,0.9578217967028907,330.13497570740276,317.0404957555109,33289.252054328645,331.0015462655572
1084601543056055517,105,0.8685134573333446,1389.5717447910697,1217.0201510838035,127787.11586379936,1401.2680411659967
1085437829031467755,105,0.9791942325718446,724.1965804841,710.0413133740399,74554.33790427419,725.128161252669
1086855144095843601,105,0.8122572900423777,439.5546791708238,361.402180527424,37947.22895537952,444.93559486375153
1088251024341369589,105,0.9988509266883904,555.982248268157,555.3826040283411,58315.173422975815,556.0215135101965
1091408953130822622,105,0.9529146022617195,326.19662683145145,311.749754688395,32733.724242281478,327.1539274856998
1100720037663116812,105,0.947067315036402,1075.5899520342768,1022.022917439854,107312.40633118467,1079.1449575055508
1100991386372756521,105,0.34498657981244374,835.0477682167743,302.59053954396137,31772.006652115946,877.1081463762113
1111626053814730010,105,0.9227459440652545,734.9921190401901,681.5075298676518,71558.29063610344,738.5646442022802
1124052077567202180,105,0.9986033816209229,1021.7743736015545,1020.4349353699898,107145.66821384893,1021.8620867412147
1125970477826966385,105,0.9190455305893738,651.7323464127971,602.0260914884598,63212.739606288276,655.0557849972756
1131810056799937593,105,0.8088046190482477,784.7269803212537,642.6124716834563,67474.30952676291,794.5212682386058
1137698308528017474,105,0.9669973272306994,716.0880705480455,693.8734567640054,72856.71296022057,717.554679030117
1139831117529014384,105,0.772724672807328,640.6856402358237,502.5077058663474,52763.30911596648,650.3062779666714
1147824179020677628,105,0.9773599595625992,514.4605937591492,503.51740247100554,52869.32725945558,515.181123949815
1153493820067017135,105,0.9579405874590345,448.8022782010862,431.0512100393469,45260.37705413143,449.97697736424647
1153552657765472365,105,0.9891693481629689,421.03896010226504,416.75687794582643,43759.47218431177,421.3200487053146
1161796266594364332,105,0.9968965265787353,495.48747650406494,494.0440168792544,51874.62177232171,495.58204257644644
1161927707286622818,105,0.9873082410187819,274.2387182251412,270.97008712342966,28451.859147960116,274.453383316057
1163772289534164479,105,0.9245169783103725,1866.139929012303,1733.4671783780757,182014.05372969795,1874.9976680213306
1171049670344322120,105,0.914306907271913,732.7624543377717,673.5916052579597,70727.11855208577,736.7237411208082
1173260792743932663,105,0.9846035392208621,1020.8765477220471,1006.1139233431751,105641.96195103339,1021.8467467010477
1174263938200349649,105,0.520752331014703,568.0070118853946,306.0188343600656,32131.97760780689,587.6475555352347
1179103047052148475,105,0.981471115370694,790.9362312179704,777.1697501159082,81602.82376217036,791.8416934994335
1181723518413479765,105,0.6038062596941772,535.7919938966321,332.49189843663265,34911.64933584643,550.6599063829466
1181933658424522281,105,0.8733202578179322,409.81336588352553,360.79618422294936,37883.59934340968,413.131587173336
1181944920258781413,105,0.7519271987840432,406.23803542619805,310.50325768887495,32602.84205733187,412.94324529156023
1181971107577983158,105,0.8428725434971398,407.8957575240346,347.29127375268286,36465.5837440317,412.0329656388449
1182018398755268829,105,0.9109550512888115,743.5599143220518,681.1586514306803,71521.65840022142,747.7412309937605
1182028381058524086,105,0.9596264434930991,642.9557651367028,618.546752299334,64947.40899143007,644.5703497371185
1182040498646675653,105,0.9370145723213369,757.9198239459802,712.9837287762423,74863.29152150544,760.9099685716882
1182043782165637473,105,0.8733202578179322,619.2845060215305,545.2127854328345,57247.34247044762,624.2987959481175
1182070530301053205,105,0.9190455305893738,630.223719478186,582.1578822795742,61126.57763935529,633.437477146799
1182188163181410725,105,0.6793410345842892,922.5720377974201,640.4493551848685,67247.18229441119,942.7508755992932
1183418487997408853,105,0.9410355421695024,631.5352768901216,596.4893316297454,62631.379821123264,633.8648275224273
1184078920130796920,105,0.8454225061376538,436.570114420059,372.76595053347194,39140.424806014555,440.92267218726874
1184152596221501552,105,0.855234887603476,618.661915674247,534.0257112579143,56072.699682081,624.4199330482782
1187061700423806804,105,0.8590921779760411,628.9814315402502,545.2420739998166,57250.41776998075,634.6723762336743
1187558666042801587,105,0.9279099011784187,663.3814302674042,618.3456744763986,64926.295820021856,666.3854687735496
1187772975255244525,105,0.9262377078012843,427.83289691360625,398.1120313163722,41801.76328821908,429.8162641871016
1188323084225041810,105,0.8941995751960876,627.0015679359733,564.430639932502,59265.217192912714,631.2132722817821
1188339469325210376,105,0.8914940415689003,629.126006933256,564.7292005663371,59296.5660594654,633.4637969901576
1188476386889166335,105,0.8699350783332501,621.8289882922404,545.4528401486012,57272.54821560313,627.0040762049282
1189331897618015345,105,0.8088046190482479,742.4180352160597,607.9657009336627,63836.39859803458,751.6842592331875
1191261348067720296,105,0.92953525894286,741.4316241089309,692.2358125540128,72684.76031817135,744.7117319049065
1191386301072209798,105,0.9065298959692712,628.123931097013,572.7789911355401,60141.794069231706,631.836846950446
1192836728602105901,105,0.8828433693051221,619.4791781519021,550.9858872638249,57853.51816270161,624.1037837748057
1193347652334673191,105,0.9279099011784187,924.0217387917489,861.2915876673329,90435.61670506996,928.2060538135411
1193414131980072087,105,0.9410355421695024,739.731977083795,698.6818452465214,73361.59375088476,742.4606339902435
1193496259129259761,105,0.712724844867596,738.0987211049742,536.251626760618,56306.42080986489,752.3964270675007
1193657356522503551,105,0.7870438930416025,715.4220243295133,570.9530311270985,59950.06826834534,725.439884833613
1195858349379362032,105,0.9492706103826396,843.1987095834795,802.9574372357545,84310.53090975422,845.8677941288963
1197121947398131654,105,0.92953525894286,426.4592788738237,398.16265699107475,41807.07898406285,428.3459429434624
1197195878719681680,105,0.8828433693051221,421.60249499644846,374.9876234279161,39373.70045993119,424.74988935247416
1198703061430420363,105,0.9849235043751441,441.21478553782254,434.9671814439504,45671.55405161479,441.62534401075396
1199996219082185363,105,0.9341463537515968,237.075766596418,222.3777866710965,23349.66760046513,238.0545465686525
1203075817950465589,105,0.9710779924835725,1509.8137956544408,1468.7751697804777,154221.39282695015,1512.5202930652601
1203140233522044896,105,0.7041661072852012,479.399253639926,344.3305460717406,36154.70733753277,488.99051304705876
1207335703563012811,105,0.7855338483888271,458.1603300296481,364.978333525499,38322.72502017739,464.6245789078211
1207338410880339003,105,0.657620946308129,452.1392877928442,304.33286999721827,31954.951349707917,462.77855306424925
1207383031689344642,105,0.8733202578179322,662.9031048377411,583.6142269771135,61279.49383259692,668.270570564028
1207864392976162235,105,0.6266524591783817,545.1515433339168,350.48193889603067,36800.60358408322,559.292369738013
1207881809440158991,105,0.5700878964246795,449.70557052970025,264.18441117707573,27739.363173592952,463.40996333006694
1207940918769840398,105,0.8628251404040392,419.1063905053478,364.79684927389917,38303.669173759416,422.793486410322
1207992119242235910,105,0.7127248448675961,403.8601894949329,293.41696091315686,30808.780895881468,411.6833628378218
1208704132667695539,105,0.4949177082811506,631.8626378123419,324.22301613227796,34043.41669388919,655.104900688045
1208718899534488031,105,0.695360121678753,452.9806623896556,321.49382793457335,33756.8519331302,462.34148020800535
1208735754877396448,105,0.8032671809399644,457.71630460810957,372.3989971661248,39101.8947024431,463.60539307774553
1208746927423730353,105,0.8292264614059601,412.80554927873766,346.09971279349367,36340.46984331684,417.3765899928939
1208757710030861160,105,0.8141640349518896,406.2732505601033,334.77865533335904,35151.7588100027,411.19312689013793
1208757855935244741,105,0.8428725434971398,413.4789646338247,352.0449370919486,36964.71839465461,417.6728021431194
1209010210831577821,105,0.6790733658532256,1065.7757402424459,739.5845108604074,77656.37364034278,1089.1084057333808
1213824251801309412,105,0.8887016654535251,1133.4072123352148,1014.3909829624306,106511.05321105522,1141.4302711413998
1214464056304542513,105,0.8292264614059601,734.6064035252783,615.9003088029846,64669.53242431338,742.7407800743847
1216602433904805187,105,0.8243697742797698,621.6744210493883,518.3351797923276,54425.1938781944,628.7653865586997
1218889785346856352,105,0.986353667553155,522.6998832739948,516.0009945055432,54180.10442308203,523.1399359882602
1219597802580113056,105,0.8765975158118399,623.5446708622827,550.9044139499716,57844.96346474702,628.4576490497634
1219655958873769070,105,0.8664380534563687,735.6466098447443,642.8456129470779,67498.78935944318,741.940650439645
1226846054624436877,105,0.7916370895425676,734.8308938477486,589.677141720771,61916.09988068096,744.8831661759364
1226856286781952840,105,0.7660083792848059,740.633041912651,576.1218415569975,60492.79336348474,752.1090592963247
1229942592150628971,105,0.9901638504996242,304.5190767715134,301.7065421903596,31679.186929987758,304.70365287333226
1233370107101543516,105,0.9642441216563153,447.7110008268241,432.6614342469627,45429.450595931085,448.70528586035374
1233973103621276698,105,0.947067315036402,435.9273264739634,414.2170695738125,43492.79230525032,437.36813951592404
1233994658216308874,105,0.9604404787686698,448.0215402397009,431.3565306950078,45292.43572297582,449.1236471499278
1234084273027568746,105,0.9579405874590345,439.1205554343804,421.7524196442051,44284.004062641536,440.26991356835157
1236367599770739400,105,0.9248927452890403,646.7391781580334,600.989127292502,63103.8583657127,649.7933196618227
1238321506456103932,105,0.8512488750500625,789.7795558281416,678.7368216329944,71267.36627146442,797.3424007086969
1242002119123644781,105,0.4229905481752835,5439.965924025732,2400.308492372469,252032.39169910926,5674.614959428841
1242713378625026725,105,0.8141640349518896,654.4833288266675,539.3095618789162,56627.50399728619,662.4089725491067
1247028916537033972,105,0.7199924845603565,1773.7333503110926,1301.1270940331979,136618.34487348577,1807.1398270604109
1248514191377483703,105,0.7660083792848058,526.8819362064064,409.84964779110044,43034.213018065544,535.0459066436874
1248685472424986601,105,0.9757077864594972,326.448958931982,318.9976899146227,33494.757441035385,326.93978088681024
1249371220066552412,105,0.9065298959692712,627.6948646766765,572.3877303998739,60100.71169198676,631.4052442670641
1249385754807434824,105,0.8733202578179322,624.1688151533003,549.5128894411764,57698.85339132352,629.2226528835859
1249919049392818339,105,0.7041661072852012,608.6503518901353,437.1656952776555,45902.39800415383,620.8275160573651
1250122800440869898,105,0.5726779083437941,800.2270151241247,472.14083294731745,49574.78745946833,824.4439432154218
1254384361135492137,105,0.6674359473522823,640.465889012717,437.207030206546,45906.73817168733,655.0546639583107
1254489827996538747,105,0.7358070212053042,1227.262378097028,918.9889589074216,96493.84068527927,1248.953777856118
1257312272803306995,105,0.7916370895425677,578.0001176013614,463.825704818636,48701.699005956776,585.9069906472532
1259534245145609058,105,0.9587933452759783,468.61339027814023,450.4552642841435,47297.802749835064,469.81475883573717
1260073533686146608,105,0.8887016654535251,443.06220293853085,396.53735979526397,41636.42277850272,446.19851094000353
1262982199583014782,105,0.855234887603476,779.3126546250228,672.6985840478901,70633.35132502846,786.5658824243175
1263128865886946817,105,0.5700878964246798,607.3411043037195,356.78911389761504,37462.85695924958,625.8493052303454
1264729892004302735,105,0.9840785675218857,481.88473699784976,474.6785543713021,49841.24820898672,482.3583909226286
1265161823691467042,105,0.8141640349518896,662.4936402970944,545.910245776204,57320.575806501416,670.5162870630398
1265295313956605287,105,0.8292264614059603,417.8292802805362,350.31165194962216,36782.72345471033,422.45594931409437
1265370363028714118,105,0.8384728836626768,419.6207502807484,355.51448148608034,37329.020556038435,424.00236002039406
1266717192483343855,105,0.9084640018728479,650.6885302726581,594.5469272766471,62427.42736404795,654.4529293961635
1267332355220608617,105,0.8054215107519721,679.0870375705265,553.9064771024458,58160.18009575681,687.7224778678903
1268755217310742256,105,0.9773259681671239,877.2437447076668,858.5556772691649,90148.34611326232,878.4742299227958
1268889705366032062,105,0.8424346027224167,1011.338158784468,860.6531187669967,90368.57747053466,1021.6260300629925
1269623861253689862,105,0.9481829397373746,439.8474187586437,418.40473860759903,43932.4975537979,441.27005567458093
1269636598524749154,105,0.8858192209191289,414.7452034069489,370.05973194162937,38856.27185387108,417.7598805743391
1271171762063321920,105,0.9383398761479879,562.3594221295759,529.7214427318918,55620.75148684863,564.5304608671966
1272260793182499350,105,0.9698028702835025,638.8358895906804,620.7048946357107,65174.01393674963,640.0320247085473
1272537775161574422,105,0.962013639357557,562.1546755603621,542.0772811190269,56918.11451749782,563.4819080954319
1274055523929375490,105,0.6863043599834533,611.1801140045643,428.4092246599322,44982.96858929288,624.2262903156568
1274533646308060247,105,0.6674359473522823,627.4872344291604,428.3472936867754,44976.46583711142,641.7803766579079
1274679812745645557,105,0.7916370895425675,612.7381028164133,491.701772635396,51628.68612671658,621.1201813693654
1276789839775235217,105,0.9666229026145854,389.09235136030685,376.8847025553658,39572.893768313406,389.8983787120533
1277103969415516416,105,0.9459101523051866,519.0623685934497,492.6452284359678,51727.74898577662,520.8160915023374
1277671971539993475,105,0.9884683395191987,331.5803176066637,327.98967055684426,34438.915408468645,331.81606071104085
1280559161534348023,105,0.7916370895425676,649.7178100668679,521.3767471848969,54744.558454414175,658.605760230568
1282577030741754149,105,0.9018257339390765,421.47357237442975,382.45911158475036,40158.20671639879,424.0942536804873
1282585098065467787,105,0.9311154159661391,427.6284603187089,399.89261566205465,41988.724644515736,429.4769572117116
1283982403734255309,105,0.9279099011784187,629.9349896817085,587.1698517608604,61652.83443489035,632.78757023195
1284110666632259028,105,0.8797706573883611,624.8646033116863,553.9533018327776,58165.09669244164,629.6564873818512
1285538056394050628,105,0.38644796586580504,1008.9628764562607,408.0343999910027,42843.61199905528,1055.858578726983
1286394668026043637,105,0.5339048174607524,1958.7625354897084,1080.7955756369165,113483.53544187624,2024.3225764044848
1292815457899461748,105,0.9533593794823336,746.6937437457307,713.9366075096017,74963.34378850818,748.8640935145187
1297930390704189766,105,0.8193506832154971,608.9194023749592,504.7816357667167,53002.071755505254,616.075199676076
1297930815921503919,105,0.8471296328407956,954.0667324063327,816.1826216886687,85699.17527731022,963.4683878920067
1303745304497797235,105,0.772724672807328,735.2882456871963,576.7071810049669,60554.254005521514,746.3294512258491
1304403734260231676,105,0.4817514771933666,643.7316569237106,321.87932733823504,33797.32937051468,668.1439343237101
1304433283397417052,105,0.9262377078012843,1154.636660275186,1074.425902193608,112814.71973032884,1159.989377612465
1307990676918354925,105,0.6674359473522818,619.7267747648146,423.04970082337303,44420.21858645417,633.8431462998226
1311575286815584867,105,0.6793410345842892,821.6274678248711,570.37365150033,59889.23340753465,839.5984085509572
1312949509621922876,105,0.7727246728073278,652.5277145896317,511.7957767118878,53738.55655474822,662.3261747971901
1313064371372817918,105,0.34498657981244363,987.8580995978023,357.9633725487355,37586.154117617225,1037.6153551925029
1314095834089788250,105,0.7453057073440696,839.7699015764059,636.5154918153818,66834.12664061508,854.0327620509352
1315954985293478319,105,0.23856550835732068,755.8483159347754,191.2774273248091,20084.129869104956,801.7815678464129
1317427472349939673,105,0.4027500508083845,985.6933793095935,414.84345181175735,43558.56244023452,1030.0270626387246
1318315111310867765,105,0.6967989620524137,786.9195226052022,559.5966923807786,58757.65269998174,803.0963346048802
1318376138623084691,105,0.6234676474229348,825.5824362799297,528.2044954827857,55461.4720256925,847.2043379734082
1320994692912931266,105,0.4002698135571737,1083.9269599216327,453.4758794275222,47614.96733988983,1132.925501919591
1320995339425720277,105,0.8339258292077387,737.036275592665,621.2419981639305,65230.409807212694,744.9607344026433
1321022086036905023,105,0.5818776298518001,919.123921707625,550.6023356966166,57813.24524814474,946.2510800369676
1321134786322096510,105,0.7660083792848058,717.1733649034736,557.8730846747011,58576.67389084362,728.2858774933597
1329787295308110610,105,0.8351453572226879,1002.0229616134126,845.7626527442428,88805.07853814549,1012.7131108731334
1333504785474035960,105,0.6793410345842892,619.7557190426403,430.23431707362266,45174.60329273038,633.3112460031168
