airbnb_listing_id,occ,adr,rev,n,number_of_reviews,star_rating,number_of_bedrooms,number_of_guests,listing_type,is_professional,picture_count,cleaning_fee,min_nights,suburb,latitude,longitude,rb
1977915,0.8141732046155117,917.4734895634859,79382.90250407299,105,42.0,4.880000114440918,3.0,6.0,apartamento,False,42.0,240.0,0.0,Meia Praia,-27.13283,-48.59872,30+
2951220,0.33649463580022093,805.2603567748652,29907.481596381454,105,236.0,4.880000114440918,3.0,5.0,apartamento,False,16.0,200.0,0.0,Tabuleiro dos Oliveiras,-27.10719263436897,-48.61494767563308,30+
3263701,0.9709971145975972,1484.3586693244165,151609.39161712243,105,42.0,4.900000095367432,4.0,12.0,apartamento,False,62.0,250.0,0.0,Meia Praia,-27.13068,-48.59912,30+
3977675,0.8140311212882749,237.5077658186399,20546.586706078255,105,21.0,4.619999885559082,0.0,5.0,apartamento,False,8.0,50.0,0.0,Meia Praia,-27.14327,-48.60145,11-30
5443557,0.3103668401499948,796.0063692000833,27333.435691196766,105,107.0,4.869999885559082,1.0,5.0,casa,True,41.0,198.0,0.0,Canto da Praia,-27.08924,-48.59807,30+
6569062,0.03946522346294983,740.1300761622433,3315.466260006208,105,21.0,4.949999809265137,3.0,6.0,apartamento,False,13.0,250.0,0.0,Meia Praia,-27.14416,-48.58828,11-30
8287843,0.6720096971976677,669.1479601443532,48274.783762517916,105,42.0,4.880000114440918,2.0,6.0,apartamento,False,16.0,270.0,0.0,Meia Praia,-27.13834,-48.59205,30+
8838629,0.7929502547481149,789.478437105524,66624.93196747737,105,88.0,4.699999809265137,3.0,15.0,apartamento,True,40.0,200.0,0.0,Morretes,-27.11535,-48.60848,30+
8936081,0.9573035900778217,523.2364934854292,52733.87085947383,105,35.0,4.889999866485596,2.0,5.0,apartamento,False,25.0,250.0,0.0,Meia Praia,-27.12977,-48.59872,30+
9327293,0.9477554871855212,938.0442837530466,93653.30216645822,105,50.0,4.960000038146973,4.0,9.0,apartamento,False,40.0,450.0,0.0,Meia Praia,-27.13233,-48.59719,30+
9658725,0.9888152928942624,340.0334496018025,35328.5212915576,105,165.0,4.639999866485596,2.0,6.0,apartamento,False,14.0,250.0,0.0,Meia Praia,-27.13083,-48.59539,30+
9784227,0.9759298865692323,447.3018013403754,45904.47645049266,105,24.0,4.539999961853027,2.0,6.0,apartamento,False,51.0,180.0,0.0,Meia Praia,-27.14155,-48.59225,11-30
10266012,0.7270378516813676,132.2548958773884,10281.124651002756,105,69.0,4.739999771118164,1.0,2.0,outros,False,14.0,15.0,0.0,Morretes,-27.12133,-48.6129,30+
10340400,0.9960650349005847,335.5768536379046,35105.41408571417,105,55.0,4.929999828338623,3.0,6.0,apartamento,False,18.0,250.0,0.0,Meia Praia,-27.13319,-48.59961,30+
10982940,0.5207216675649115,1882.415311991909,106481.63754218249,105,7.0,5.0,4.0,8.0,apartamento,False,35.0,300.0,0.0,Meia Praia,-27.14,-48.59169,3-10
11044577,0.7671725628000584,413.70447806975295,33838.785241984064,105,26.0,4.380000114440918,1.0,4.0,apartamento,False,40.0,306.0,0.0,Centro,-27.09914,-48.61549,11-30
11508986,0.9841800530112214,324.1290857138716,33527.85714929808,105,15.0,4.869999885559082,2.0,5.0,casa,False,13.0,150.0,0.0,Centro,-27.09954,-48.61661,11-30
11567423,0.7773576250295698,909.0352010184148,75287.52904010747,105,24.0,4.880000114440918,3.0,6.0,apartamento,False,41.0,400.0,0.0,Centro,-27.09902,-48.61393,11-30
12067632,0.9626588206700614,716.8374291410132,72625.46775378272,105,21.0,5.0,3.0,8.0,apartamento,False,35.0,350.0,0.0,Meia Praia,-27.13567,-48.60029,11-30
12359560,0.9357879473627331,780.9794926097584,77046.03357212472,105,29.0,4.789999961853027,3.0,6.0,apartamento,False,30.0,295.0,0.0,Meia Praia,-27.13953,-48.59034,11-30
12490354,0.6433343904492208,765.40153439906,52976.688972926444,105,42.0,4.980000019073486,3.0,6.0,apartamento,False,39.0,250.0,0.0,Centro,-27.10159,-48.61487,30+
12931525,0.92255143324476,488.2891761395243,47530.04591784109,105,20.0,4.849999904632568,3.0,6.0,apartamento,True,23.0,300.0,0.0,Meia Praia,-27.12938,-48.602,11-30
13522176,0.9405685406896237,2198.1305553241223,217893.9366452671,105,144.0,4.829999923706055,5.0,15.0,apartamento,False,34.0,435.0,0.0,Meia Praia,-27.13158,-48.59957,30+
14872547,0.6339229057971575,594.6704663178563,40586.57320608213,105,32.0,4.690000057220459,2.0,5.0,apartamento,False,44.0,230.0,0.0,Meia Praia,-27.1262207031,-48.6029510498,30+
14884678,0.9370715941304373,692.4119063477003,68396.6815405604,105,20.0,4.699999809265137,3.0,6.0,apartamento,False,28.0,250.0,0.0,Meia Praia,-27.13012,-48.59922,11-30
15024197,0.9775894577815986,732.638608811399,75307.3279954725,105,12.0,4.75,3.0,8.0,apartamento,False,24.0,250.0,0.0,Centro,-27.10046,-48.61441,11-30
15500038,0.5428667370218159,513.2473730083053,30212.89126691891,105,25.0,4.880000114440918,3.0,9.0,apartamento,False,12.0,300.0,0.0,Meia Praia,-27.14104,-48.59176,11-30
15523493,0.847289819587209,656.4630950738972,58977.40482827033,105,96.0,4.960000038146973,3.0,8.0,apartamento,False,30.0,250.0,0.0,Meia Praia,-27.129932403564453,-48.59961318969727,30+
15549803,0.9307284457857177,758.6897988778898,74466.42861794044,105,82.0,4.929999828338623,4.0,8.0,apartamento,False,53.0,350.0,0.0,Morretes,-27.11511,-48.60905,30+
15732070,0.8497197356182462,781.2379249262872,70377.15586706348,105,40.0,4.949999809265137,3.0,6.0,apartamento,False,17.0,240.0,0.0,Meia Praia,-27.144,-48.587,30+
15754075,0.9211146266778962,720.7631787169742,70056.24576592249,105,36.0,4.920000076293945,3.0,9.0,apartamento,False,37.0,450.0,0.0,Meia Praia,-27.13747,-48.59243,30+
15791567,0.9294995309509375,632.8216823164707,62035.15989344225,105,22.0,4.090000152587891,3.0,10.0,apartamento,False,26.0,300.0,0.0,Meia Praia,-27.12828,-48.60102,11-30
15909831,0.6780563018779495,803.6016115309509,58470.10995915242,105,32.0,4.940000057220459,3.0,6.0,apartamento,False,26.0,190.0,0.0,Meia Praia,-27.14446,-48.5869,30+
15934309,0.7560595763635635,859.8378494290422,69365.6539803093,105,32.0,4.940000057220459,3.0,8.0,apartamento,False,23.0,320.0,0.0,Meia Praia,-27.13171,-48.59928,30+
15980018,0.987376733210788,502.15542760163066,52101.27218047329,105,103.0,4.900000095367432,2.0,5.0,apartamento,False,26.0,130.0,0.0,Centro,-27.10304,-48.61346,30+
15980108,0.9092281561360545,1660.17399263129,159404.13805022975,105,26.0,4.849999904632568,4.0,10.0,apartamento,False,20.0,180.0,0.0,Meia Praia,-27.11931,-48.60673,11-30
16017693,0.9253598856249613,791.8329308154208,77297.70595121973,105,41.0,4.900000095367432,3.0,7.0,apartamento,True,23.0,350.0,0.0,Meia Praia,-27.12353,-48.60785,30+
16105751,0.9643777353290129,318.96884845104853,32370.13638795101,105,138.0,4.860000133514404,2.0,4.0,apartamento,False,19.0,250.0,0.0,Centro,-27.10033,-48.61512,30+
16177778,0.3197370396630561,767.2027631897458,27116.40606608557,105,9.0,5.0,3.0,8.0,apartamento,False,17.0,300.0,0.0,Meia Praia,-27.12398,-48.6075,3-10
16253828,0.6595722005230807,1682.0154195526557,119211.71427503107,105,24.0,4.960000038146973,3.0,7.0,apartamento,False,22.0,420.0,0.0,Meia Praia,-27.13702,-48.59192,11-30
16270332,0.7795391567770227,811.2189450460118,67364.53992598772,105,43.0,4.809999942779541,4.0,11.0,casa,False,14.0,100.0,0.0,Centro,-27.08918,-48.60961,30+
16321793,0.6531789108429817,552.8390579445282,38820.96764822705,105,31.0,4.96999979019165,3.0,7.0,apartamento,False,25.0,250.0,0.0,Meia Praia,-27.14282,-48.58983,30+
16350860,0.6893206696883207,655.2978758376742,48431.23537762725,105,10.0,4.900000095367432,2.0,5.0,apartamento,False,34.0,230.0,0.0,Meia Praia,-27.11882,-48.6081,3-10
16451544,0.9692948084128133,593.5383864099588,60522.962732499866,105,11.0,5.0,3.0,6.0,apartamento,False,14.0,200.0,0.0,Centro,-27.0979995728,-48.6150016785,11-30
16527828,0.30164818515945996,1098.192157393446,36680.074771861495,105,18.0,4.829999923706055,4.0,8.0,apartamento,False,24.0,350.0,0.0,Meia Praia,-27.12126,-48.60656,11-30
16570256,0.8486760794818183,526.8075175377053,47402.03127531155,105,13.0,4.769999980926514,3.0,10.0,apartamento,False,14.0,250.0,0.0,Meia Praia,-27.13493,-48.59933,11-30
16586622,0.7929502547481149,661.650873138298,55837.42675820406,105,30.0,4.829999923706055,3.0,6.0,apartamento,False,111.0,0.0,0.0,Meia Praia,-27.1383,-48.59238,11-30
16618715,0.4824144140509566,813.6507902005578,42774.86823194096,105,59.0,4.920000076293945,3.0,8.0,apartamento,False,15.0,189.0,0.0,Meia Praia,-27.131,-48.599,30+
16644316,0.574233415392728,809.9756852529758,50308.8252117329,105,12.0,5.0,3.0,8.0,apartamento,False,36.0,300.0,0.0,Meia Praia,-27.13423,-48.5944,11-30
16662563,0.6955236044456868,1736.038431639691,129401.25554276085,105,56.0,4.880000114440918,4.0,11.0,apartamento,True,61.0,350.0,0.0,Meia Praia,-27.134,-48.596,30+
16730935,0.26826565862930796,263.33241405923513,7846.351157669137,105,22.0,5.0,1.0,2.0,outros,False,10.0,70.0,0.0,Meia Praia,-27.13672,-48.60095,11-30
16992951,0.7648315909623111,657.741272453917,53644.34089647386,105,11.0,5.0,3.0,8.0,apartamento,False,17.0,250.0,0.0,Centro,-27.10152,-48.61475,11-30
17013106,0.7063100263334593,1792.9579790884375,135609.43053320594,105,29.0,4.659999847412109,4.0,8.0,apartamento,False,62.0,350.0,0.0,Morretes,-27.10962,-48.61049,11-30
17034886,0.8573989745981949,731.9543656382359,66499.28793440858,105,29.0,4.760000228881836,2.0,16.0,casa,False,16.0,100.0,0.0,Meia Praia,-27.13589,-48.60302,11-30
17294276,0.9472408846083755,999.54286699819,99742.31391429261,105,21.0,4.949999809265137,4.0,9.0,apartamento,False,27.0,300.0,0.0,Meia Praia,-27.13113,-48.59911,11-30
17511306,0.6597223834025332,1014.2040363269342,71896.58708082997,105,33.0,4.849999904632568,4.0,13.0,casa,False,25.0,350.0,0.0,Meia Praia,-27.129,-48.603,30+
17570590,0.7696643082045518,1647.6963368112874,135186.70620218146,105,45.0,4.820000171661377,4.0,10.0,apartamento,True,32.0,420.0,0.0,Meia Praia,-27.13766,-48.59209,30+
18395333,0.7891659313137892,658.3928500552317,55311.811577271896,105,63.0,4.980000019073486,3.0,8.0,apartamento,False,26.0,450.0,0.0,Meia Praia,-27.13346,-48.59545,30+
18505349,0.9700809341161236,756.4501728976978,77193.80536924445,105,23.0,4.829999923706055,3.0,6.0,apartamento,False,27.0,380.0,0.0,Centro,-27.10681,-48.61325,11-30
18506998,0.9862709351491391,438.4893709455921,45447.74088588259,105,29.0,5.0,2.0,4.0,apartamento,False,22.0,180.0,0.0,Centro,-27.09714,-48.61485,11-30
18735821,0.8735482489270449,277.1546602009988,25626.785329419352,105,10.0,4.199999809265137,2.0,8.0,apartamento,False,15.0,250.0,0.0,Meia Praia,-27.13563,-48.59754,3-10
20555680,0.9787132690459168,256.7351984720225,26418.09352577038,105,12.0,4.829999923706055,1.0,4.0,apartamento,False,18.0,150.0,0.0,Centro,-27.1038,-48.61318,11-30
20618105,0.8947398175530679,592.231064755859,56010.49987804212,105,15.0,4.730000019073486,2.0,5.0,apartamento,False,31.0,300.0,0.0,Meia Praia,-27.13683,-48.59712,11-30
20863370,0.9801208993983077,604.4607788254319,62283.12232654093,105,25.0,4.880000114440918,3.0,7.0,apartamento,False,41.0,410.0,0.0,Meia Praia,-27.12149,-48.60639,11-30
20943549,0.810804964525292,440.82126647553446,37992.30585042485,105,27.0,4.960000038146973,2.0,6.0,apartamento,False,24.0,220.0,0.0,Meia Praia,-27.13207,-48.59984,11-30
21025393,0.9562993731459645,726.9098936442164,73188.66517997406,105,23.0,4.909999847412109,3.0,6.0,apartamento,False,22.0,250.0,0.0,Meia Praia,-27.11835,-48.60785,11-30
21077682,0.765921724389169,804.1939275270954,65677.2349516671,105,31.0,4.96999979019165,4.0,10.0,apartamento,False,30.0,300.0,0.0,Meia Praia,-27.13947,-48.59267,30+
21091876,0.3295729381379351,779.8155637754271,28384.5685292709,105,11.0,4.909999847412109,3.0,6.0,apartamento,False,24.0,350.0,0.0,Meia Praia,-27.12244,-48.60431,11-30
21103486,0.7813712499336893,365.9199375222497,30453.929725192706,105,8.0,5.0,3.0,6.0,apartamento,False,29.0,250.0,0.0,Meia Praia,-27.13927,-48.59544,3-10
21103807,0.5093112774466906,988.8964827084933,54763.91390432951,105,38.0,4.96999979019165,5.0,10.0,apartamento,False,26.0,350.0,0.0,Meia Praia,-27.13463,-48.59678,30+
21280090,0.8174773149556828,906.3777364265945,78723.35850317277,105,36.0,5.0,3.0,8.0,apartamento,False,37.0,150.0,0.0,Meia Praia,-27.13978,-48.59218,30+
21295667,0.8849680753693157,713.262048878373,66762.96279151828,105,31.0,4.869999885559082,3.0,9.0,apartamento,False,44.0,320.0,0.0,Meia Praia,-27.13691,-48.59562,30+
21324331,0.9439711543866977,741.722919139966,73774.77679693347,105,195.0,4.900000095367432,2.0,6.0,apartamento,False,42.0,100.0,0.0,Meia Praia,-27.13354,-48.59698,30+
21397811,0.7011267205731664,729.6463432443801,54802.17806945089,105,19.0,4.889999866485596,3.0,8.0,apartamento,False,50.0,350.0,0.0,Meia Praia,-27.12771,-48.60075,11-30
21436592,0.5820273474747147,523.0286088205557,32906.77580102208,105,18.0,4.71999979019165,3.0,9.0,apartamento,False,15.0,350.0,0.0,Meia Praia,-27.1339797974,-48.600189209,11-30
21454457,0.9922233679562655,222.43867739246798,23185.52818817684,105,57.0,4.809999942779541,2.0,5.0,apartamento,False,39.0,320.0,0.0,Meia Praia,-27.13150978088379,-48.604339599609375,30+
21545686,0.7275684949439916,339.5809394878171,26416.327332436325,105,92.0,4.760000228881836,2.0,5.0,apartamento,False,11.0,120.0,0.0,Centro,-27.09595,-48.61447,30+
21552865,0.9524049663409146,666.3185916515669,66831.23879996172,105,49.0,4.960000038146973,2.0,6.0,apartamento,False,36.0,200.0,0.0,Meia Praia,-27.13115,-48.60259,30+
21607605,0.8808401397326387,832.9603128411691,77624.3429000184,105,13.0,4.849999904632568,4.0,11.0,apartamento,False,31.0,300.0,0.0,Meia Praia,-27.12907218933105,-48.60113525390625,11-30
21632405,0.9087751634211989,526.9593540120665,50573.07881311035,105,11.0,4.820000171661377,3.0,8.0,apartamento,False,40.0,250.0,0.0,Meia Praia,-27.13204,-48.6004,11-30
21662762,0.9472408846083755,324.69869078599584,32401.010315043623,105,157.0,4.849999904632568,3.0,9.0,apartamento,False,42.0,280.0,0.0,Meia Praia,-27.126,-48.60681,30+
21695053,0.500214818108402,785.4138814449254,42750.555410972185,105,78.0,4.880000114440918,3.0,8.0,apartamento,False,31.0,450.0,0.0,Meia Praia,-27.131,-48.602,30+
21734892,0.7813712499336893,837.7541243962214,69722.64316644831,105,37.0,4.920000076293945,3.0,8.0,apartamento,False,17.0,250.0,0.0,Centro,-27.09705,-48.61401,30+
21743476,0.7486469293670882,715.1238056699473,57155.567765241845,105,18.0,4.78000020980835,3.0,7.0,apartamento,False,53.0,250.0,0.0,Meia Praia,-27.13982,-48.59497,11-30
21780661,0.6433343904492207,469.60822820987426,32503.57874515403,105,20.0,4.900000095367432,2.0,4.0,apartamento,False,34.0,200.0,0.0,Casa Branca,-27.09167,-48.61828,11-30
22047595,0.833084624759183,736.4978631997818,65120.707448460635,105,37.0,4.889999866485596,3.0,10.0,apartamento,False,20.0,290.0,0.0,Morretes,-27.1144,-48.60876,30+
22190101,0.9211146266778962,310.4999842562372,30179.764796103256,105,38.0,4.889999866485596,2.0,7.0,apartamento,False,12.0,200.0,0.0,Meia Praia,-27.13518,-48.59939,30+
22191680,0.5428667370218159,455.96567153870063,26840.9386586836,105,94.0,4.769999980926514,2.0,6.0,apartamento,False,15.0,250.0,0.0,Meia Praia,-27.13939,-48.5928,30+
22223346,0.954346564112975,639.2671278563207,64240.8477932708,105,21.0,5.0,2.0,6.0,apartamento,False,25.0,200.0,0.0,Meia Praia,-27.13279914855957,-48.59666061401367,11-30
22231120,0.4278604509662592,358.26839068321357,16782.51461552383,105,62.0,4.96999979019165,1.0,4.0,apartamento,False,16.0,100.0,0.0,Ilhota,-27.06739,-48.59644,30+
22243318,0.9211146266778962,556.8372842708643,54123.088956833,105,32.0,4.840000152587891,2.0,6.0,apartamento,False,22.0,250.0,0.0,Meia Praia,-27.12686,-48.60388,30+
22245880,0.7732642649216364,1401.0615389696554,115459.85056828432,105,63.0,4.900000095367432,3.0,8.0,apartamento,True,30.0,250.0,0.0,Meia Praia,-27.14078,-48.59027,30+
22306996,0.9767520572079659,261.82243220913614,26890.862911045646,105,15.0,5.0,2.0,5.0,apartamento,False,29.0,220.0,0.0,Meia Praia,-27.13764381408692,-48.5985221862793,11-30
22307401,0.9573035900778217,466.66860564058004,47032.73240765722,105,57.0,4.880000114440918,2.0,6.0,apartamento,False,29.0,230.0,0.0,Meia Praia,-27.13537,-48.59646,30+
22335276,0.574233415392728,717.9664327296908,44593.990202074034,105,21.0,4.949999809265137,3.0,8.0,casa,False,47.0,0.0,0.0,Canto da Praia,-27.08961,-48.60606,11-30
22383070,0.9205567197618079,335.9277942743714,32632.67211091595,105,36.0,4.940000057220459,2.0,6.0,apartamento,False,11.0,200.0,0.0,Meia Praia,-27.137,-48.599,30+
22421016,0.9930434785544563,747.8747958402217,78013.97909647504,105,7.0,5.0,3.0,8.0,apartamento,False,42.0,300.0,0.0,Centro,-27.097000122070312,-48.61600112915039,3-10
22421421,0.8869894212288661,441.1759902090865,41383.925430955205,105,4.0,4.5,2.0,11.0,casa,False,23.0,100.0,0.0,Morretes,-27.11609,-48.61405,3-10
22421606,0.9071194269598304,444.3980649786324,42576.40263828897,105,27.0,4.849999904632568,2.0,11.0,casa,False,26.0,100.0,0.0,Morretes,-27.11525,-48.61363,11-30
22428497,0.9033946492639624,337.51550523658534,32211.30898825984,105,36.0,4.809999942779541,2.0,4.0,casa,False,27.0,250.0,0.0,Meia Praia,-27.14021,-48.59486,30+
22514231,0.9231021936612489,410.96961505403397,40026.23171417712,105,34.0,4.820000171661377,2.0,6.0,apartamento,False,27.0,250.0,0.0,Centro,-27.10512,-48.61245,30+
22648075,0.6893206696883207,433.37479887449535,32029.520718638454,105,16.0,5.0,2.0,6.0,apartamento,False,35.0,150.0,0.0,Centro,-27.09328,-48.61578,11-30
22739656,0.7224844642335438,1319.8620070260351,101993.27334094519,105,41.0,4.829999923706055,3.0,8.0,apartamento,False,25.0,350.0,0.0,Meia Praia,-27.1299991607666,-48.5989990234375,30+
22810332,0.7813712499336893,518.4140598393113,43145.354291984324,105,31.0,4.769999980926514,1.0,2.0,apartamento,False,14.0,0.0,0.0,Meia Praia,-27.12723,-48.602,30+
22901902,0.26130737364138557,742.6275323853771,21567.709263252298,105,29.0,4.929999828338623,3.0,6.0,apartamento,False,28.0,300.0,0.0,Meia Praia,-27.14200019836425,-48.5890007019043,11-30
23023313,0.7422349574044765,550.2713927049404,43623.14336738154,105,11.0,4.820000171661377,2.0,6.0,apartamento,False,38.0,300.0,0.0,Morretes,-27.11599922180176,-48.60900115966797,11-30
23068512,0.9759298865692322,560.9046131905094,57562.997801529986,105,19.0,4.369999885559082,2.0,6.0,apartamento,False,21.0,250.0,0.0,Meia Praia,-27.128999710083008,-48.60300064086914,11-30
23078040,0.8238644495519035,870.0225479914856,76123.0371032795,105,213.0,4.590000152587891,3.0,7.0,apartamento,False,23.0,190.0,0.0,Meia Praia,-27.12434,-48.60313,30+
23108026,0.4455746363149167,678.3604440650727,33041.945946863685,105,28.0,4.639999866485596,2.0,5.0,apartamento,False,20.0,180.0,0.0,Meia Praia,-27.13234,-48.59925,11-30
23263225,0.9879462253822223,260.78093090507787,27072.048372168127,105,40.0,4.829999923706055,1.0,4.0,casa,False,23.0,200.0,0.0,Centro,-27.09164,-48.6145,30+
23299596,0.9231021936612489,541.068914703401,52697.20426997803,105,214.0,4.920000076293945,2.0,6.0,apartamento,False,43.0,100.0,0.0,Meia Praia,-27.13328,-48.5977,30+
23343001,0.5176037598740509,557.5995552772338,31360.59718787772,105,80.0,4.889999866485596,3.0,8.0,apartamento,False,13.0,250.0,0.0,Meia Praia,-27.12475,-48.60604,30+
23390752,0.38024199162188105,1375.0133082690177,57481.192925824536,105,47.0,4.940000057220459,7.0,13.0,casa,False,20.0,250.0,0.0,Tabuleiro dos Oliveiras,-27.10788,-48.61457,30+
23779860,0.9508551351985984,439.88521074802503,44052.65774978539,105,14.0,4.570000171661377,3.0,12.0,apartamento,False,11.0,200.0,0.0,Meia Praia,-27.1265,-48.60202,11-30
23787711,0.1846492335455825,396.6606335544203,8199.784892218877,105,19.0,5.0,3.0,6.0,apartamento,,29.0,0.0,0.0,Meia Praia,-27.13537,-48.59887,11-30
24171739,0.9767520572079659,523.2437620099349,53740.53000176039,105,23.0,4.829999923706055,3.0,8.0,apartamento,False,30.0,250.0,0.0,Meia Praia,-27.1299991607666,-48.5989990234375,11-30
25104649,0.7512558965011034,700.5920263859754,56178.85141944145,105,43.0,4.980000019073486,4.0,12.0,apartamento,False,18.0,250.0,0.0,Meia Praia,-27.12957,-48.60342,30+
25165914,0.319737039663056,620.9422803923543,21946.90090624178,105,15.0,4.869999885559082,3.0,6.0,apartamento,False,16.0,210.0,0.0,Meia Praia,-27.13756,-48.59238,11-30
25918412,0.6339229057971575,434.15256942407655,29631.14201827621,105,37.0,4.889999866485596,2.0,5.0,apartamento,False,45.0,147.0,0.0,Meia Praia,-27.12254,-48.60642,30+
26026295,0.9643777353290129,479.8752863248607,48699.515777092245,105,150.0,4.829999923706055,2.0,5.0,apartamento,False,22.0,250.0,0.0,Meia Praia,-27.12726,-48.60148,30+
26197944,0.8174773149556828,505.66453764334256,43919.44890016822,105,38.0,4.789999961853027,2.0,6.0,apartamento,False,36.0,210.0,0.0,Meia Praia,-27.13813,-48.59385,30+
26334990,0.8270189212730099,1313.6285276455858,115351.92702978024,105,6.0,5.0,3.0,11.0,apartamento,False,19.0,350.0,0.0,Meia Praia,-27.12738,-48.60367,3-10
26570136,0.6194281960088349,704.389777595776,47027.9322109931,105,22.0,4.860000133514404,3.0,8.0,apartamento,False,15.0,370.0,0.0,Meia Praia,-27.13654,-48.59565,11-30
26708551,0.7515419935617582,557.3132868391842,44705.77241652549,105,361.0,4.829999923706055,3.0,10.0,apartamento,True,19.0,60.0,0.0,Centro,-27.09036,-48.61327,30+
26839303,0.8909301624446296,692.0049073566344,65184.192565917176,105,29.0,4.860000133514404,2.0,8.0,apartamento,False,37.0,200.0,0.0,Meia Praia,-27.13544,-48.59686,11-30
26895628,0.9393946083718756,1021.8298328904519,101171.97648613795,105,99.0,4.800000190734863,4.0,12.0,apartamento,False,87.0,300.0,0.0,Meia Praia,-27.13273,-48.59691,30+
26898492,0.9147403833368627,376.87342694184326,36392.50867542191,105,20.0,4.699999809265137,2.0,10.0,casa,False,60.0,200.0,0.0,Ilhota,-27.06375,-48.59624,11-30
27022969,0.8417660224962294,1564.878612275195,139725.74006694776,105,2.0,5.0,4.0,8.0,apartamento,False,23.0,365.0,0.0,Meia Praia,-27.13995,-48.59131,1-2
27201205,0.961783616902703,741.2645769393831,75036.11450348783,105,56.0,4.880000114440918,3.0,10.0,apartamento,False,37.0,390.0,0.0,Meia Praia,-27.12546,-48.60328,30+
27338096,0.19774129465685064,1351.7490900843068,29887.313589942787,105,12.0,5.0,3.0,8.0,apartamento,False,51.0,350.0,0.0,Centro,-27.097,-48.61414,11-30
27704027,0.43630736806303455,784.2783957816445,37436.288735746864,105,24.0,4.960000038146973,3.0,14.0,apartamento,False,47.0,400.0,0.0,Centro,-27.09789,-48.616,11-30
27718978,0.9862709351491391,650.6417387394628,67436.5198134764,105,11.0,4.820000171661377,4.0,9.0,apartamento,False,25.0,450.0,0.0,Meia Praia,-27.13281,-48.59774,11-30
27910707,0.32736789604103983,1496.5803946906778,54120.56289509696,105,10.0,4.699999809265137,3.0,6.0,apartamento,False,66.0,200.0,0.0,Centro,-27.09154,-48.60982,3-10
27981528,0.855202988900498,502.72732682673904,45563.31377279688,105,138.0,4.929999828338623,3.0,6.0,apartamento,False,49.0,100.0,0.0,Casa Branca,-27.08789,-48.61559,30+
28071688,0.9357879473627331,716.570036154716,70691.84221197186,105,22.0,4.769999980926514,3.0,8.0,apartamento,False,44.0,250.0,0.0,Meia Praia,-27.12683,-48.60571,11-30
28075525,0.9590926908354138,472.09241121846884,47662.92512190411,105,20.0,4.949999809265137,2.0,6.0,apartamento,False,90.0,250.0,0.0,Meia Praia,-27.13625,-48.59592,11-30
28155872,0.9634870079538121,475.2051954867834,48183.72456794926,105,13.0,4.619999885559082,3.0,6.0,apartamento,False,9.0,200.0,0.0,Meia Praia,-27.13771,-48.59637,11-30
28160414,0.8360327917197049,658.5958684716887,58427.104759027185,105,7.0,5.0,3.0,6.0,apartamento,False,21.0,200.0,0.0,Centro,-27.10505,-48.61448,3-10
28366360,0.7011267205731663,772.5914071146369,58027.69007154901,105,43.0,4.880000114440918,3.0,8.0,apartamento,False,22.0,350.0,0.0,Meia Praia,-27.12878,-48.60303,30+
28410850,0.9054366941010413,579.4134913759011,55414.87347796462,105,62.0,4.849999904632568,1.0,2.0,apartamento,False,63.0,0.0,0.0,Centro,-27.09385,-48.61161,30+
28429135,0.7181610400051874,442.9616821383781,34035.983061772065,105,11.0,4.909999847412109,0.0,8.0,apartamento,False,27.0,350.0,0.0,Meia Praia,-27.12125,-48.60759,11-30
28932247,0.8333068153942106,525.8767862690644,46509.41886933658,105,25.0,4.920000076293945,3.0,9.0,casa,False,16.0,250.0,0.0,Meia Praia,-27.14033,-48.59733,11-30
28987242,0.9723230568506284,679.6672703104548,69508.88502956,105,47.0,4.940000057220459,4.0,10.0,apartamento,False,34.0,297.0,0.0,Meia Praia,-27.12571,-48.60316,30+
29008738,0.87652492147347,617.8460471719396,57311.84127046735,105,46.0,5.0,4.0,10.0,apartamento,False,24.0,297.0,0.0,Meia Praia,-27.12544,-48.60338,30+
29114516,0.9562993731459645,428.05157060888564,43098.22077671348,105,33.0,4.909999847412109,3.0,5.0,apartamento,False,21.0,200.0,0.0,Meia Praia,-27.13934,-48.59179,30+
29145061,0.7486469293670882,422.4555322594399,33764.34347509296,105,36.0,4.809999942779541,2.0,6.0,apartamento,False,19.0,250.0,0.0,Meia Praia,-27.12275,-48.60631,30+
29302246,0.7209132956173171,403.4535328073009,31112.890462370564,105,56.0,4.909999847412109,2.0,5.0,apartamento,True,19.0,180.0,0.0,Casa Branca,-27.09008,-48.61904,30+
29341170,0.8874537763304096,409.3092935811027,38413.645097363435,105,81.0,4.880000114440918,2.0,5.0,apartamento,True,46.0,180.0,0.0,Casa Branca,-27.08897,-48.61601,30+
29739100,0.4678167350547023,755.6908744905179,38572.99516081696,105,19.0,5.0,3.0,7.0,apartamento,False,20.0,350.0,0.0,Meia Praia,-27.1362800598,-48.5939407349,11-30
29761442,0.9926400143263878,514.3928777947622,53638.02777591893,105,28.0,4.960000038146973,3.0,7.0,apartamento,False,24.0,200.0,0.0,Meia Praia,-27.13813,-48.59385,11-30
29800671,0.8743206531008921,594.996119895673,55061.468429172186,105,120.0,4.800000190734863,3.0,8.0,apartamento,False,40.0,196.0,0.0,Meia Praia,-27.13655,-48.5951,30+
29870406,0.4550043111078019,789.8566882185738,39255.360762961485,105,25.0,4.960000038146973,3.0,11.0,apartamento,False,19.0,250.0,0.0,Meia Praia,-27.12975,-48.60284,11-30
30032994,0.8577457708953793,397.63199898003256,36139.31446742909,105,11.0,5.0,2.0,8.0,apartamento,False,19.0,280.0,0.0,Meia Praia,-27.131000518798828,-48.60100173950195,11-30
30085847,0.4824144140509567,554.3561599336277,29143.35238202226,105,34.0,4.880000114440918,2.0,5.0,apartamento,False,52.0,290.0,0.0,Meia Praia,-27.14368,-48.58887,30+
30098696,0.9874260363525007,226.12725186378066,23462.994138290847,105,25.0,5.0,1.0,2.0,casa,,28.0,0.0,0.0,Casa Branca,-27.095609664916992,-48.6214485168457,11-30
30105402,0.22361494483386507,777.9364783896373,19403.052609405622,105,12.0,4.75,3.0,8.0,apartamento,False,27.0,350.0,0.0,Meia Praia,-27.13775,-48.59519,11-30
30153564,0.8965972401961319,441.1043991305487,41799.177817572156,105,39.0,4.900000095367432,2.0,6.0,apartamento,False,56.0,300.0,0.0,Meia Praia,-27.14334,-48.58953,30+
30209117,0.890701736934666,486.5612945373977,45821.129640830375,105,16.0,4.940000057220459,3.0,9.0,apartamento,False,11.0,160.0,0.0,Meia Praia,-27.12226,-48.606,11-30
30271062,0.41666616809323354,539.6752861488859,24642.73274001981,105,6.0,5.0,2.0,6.0,apartamento,False,30.0,250.0,0.0,Meia Praia,-27.1336,-48.59922,3-10
30332330,0.8697940030607493,403.94353733347634,37198.87656470604,105,57.0,4.670000076293945,2.0,6.0,apartamento,False,48.0,150.0,0.0,Centro,-27.09807,-48.61547,30+
30354217,0.9582147135065826,398.1857050425486,40166.64478558485,105,36.0,4.559999942779541,3.0,8.0,apartamento,False,29.0,200.0,0.0,Meia Praia,-27.12409,-48.60721,30+
30402651,0.7732642649216361,581.7393628587216,47940.463739196006,105,10.0,5.0,2.0,6.0,apartamento,False,19.0,200.0,0.0,Meia Praia,-27.1350097656,-48.6000709534,3-10
30491733,0.855202988900498,861.8832689902174,78114.42848830725,105,18.0,4.940000057220459,4.0,9.0,apartamento,False,51.0,350.0,0.0,Meia Praia,-27.11791,-48.60875,11-30
30493854,0.9166683144613448,515.5168254833301,49879.23369852181,105,19.0,4.889999866485596,3.0,6.0,apartamento,False,20.0,260.0,0.0,Meia Praia,-27.13426,-48.59919,11-30
30494198,0.5345582909256101,440.6322487717277,25558.511466346463,105,29.0,4.789999961853027,3.0,7.0,apartamento,False,12.0,280.0,0.0,Meia Praia,-27.134,-48.599,11-30
30519162,0.1770663370790954,3801.8974081146216,75420.05076125523,105,13.0,5.0,4.0,8.0,casa,False,16.0,900.0,0.0,Canto da Praia,-27.09379,-48.60215,11-30
30560948,0.5261365797751547,887.885312826954,50724.40580300923,105,10.0,5.0,3.0,6.0,apartamento,False,23.0,300.0,0.0,Meia Praia,-27.12092,-48.60609,3-10
30617740,0.592244010613596,596.0788959714629,38130.505025745006,105,22.0,4.909999847412109,3.0,8.0,apartamento,False,34.0,350.0,0.0,Meia Praia,-27.12086,-48.60717,11-30
30756202,0.4166661680932336,569.5054960427825,26004.844196409886,105,17.0,4.760000228881836,2.0,6.0,apartamento,False,19.0,350.0,0.0,Meia Praia,-27.13915061950684,-48.59531021118164,11-30
30785010,0.8697940030607493,545.5086076705068,50235.50443627343,105,46.0,4.829999923706055,2.0,6.0,apartamento,False,23.0,280.0,0.0,Meia Praia,-27.13524,-48.59563,30+
30795921,0.9696640372835644,1680.2245427111777,171393.39302939357,105,8.0,5.0,3.0,8.0,apartamento,False,34.0,250.0,0.0,Meia Praia,-27.13181,-48.6035,3-10
30910938,0.8697940030607493,534.6816498048694,49238.457492847214,105,46.0,4.929999828338623,2.0,6.0,apartamento,False,18.0,300.0,0.0,Meia Praia,-27.12907,-48.60141,30+
30922946,0.5012284485207096,197.26010245853217,10757.84184327016,105,92.0,4.980000019073486,1.0,2.0,outros,False,19.0,50.0,0.0,Meia Praia,-27.14261,-48.59479,30+
31055581,0.810804964525292,456.0936200499879,39308.55797386605,105,66.0,4.789999961853027,2.0,6.0,apartamento,False,39.0,315.0,0.0,Meia Praia,-27.13226318359375,-48.59761047363281,30+
31059537,0.7275684949439916,832.69571701282,64776.19934177012,105,61.0,4.980000019073486,3.0,8.0,apartamento,False,40.0,250.0,0.0,Centro,-27.10646,-48.61335,30+
31069380,0.9731343938631396,692.4437155526373,70871.02405441749,105,58.0,4.840000152587891,3.0,6.0,apartamento,False,24.0,350.0,0.0,Meia Praia,-27.12714,-48.60851,30+
31084342,0.7913990764733042,834.1356635677545,70263.44540934931,105,5.0,5.0,4.0,12.0,apartamento,False,25.0,500.0,0.0,Meia Praia,-27.1397399902,-48.5957984924,3-10
31115702,0.860773077583851,370.41689957132974,33777.84847095248,105,27.0,4.590000152587891,2.0,7.0,apartamento,False,10.0,200.0,0.0,Meia Praia,-27.13937,-48.59383,11-30
31122806,0.9627053632374338,480.3161681082467,48664.8292565422,105,,,,,,,,,,,,,
31141252,0.9147403833368627,409.3348904617545,39527.12631708323,105,84.0,4.960000038146973,2.0,5.0,apartamento,False,29.0,250.0,0.0,Meia Praia,-27.12152,-48.60787,30+
31167122,0.2616975961651289,9687.91798965836,281770.55608929315,105,13.0,4.769999980926514,2.0,6.0,apartamento,False,11.0,180.0,0.0,Meia Praia,-27.12486,-48.6083,11-30
31169655,0.6893206696883207,436.73369720566217,32277.76751095151,105,27.0,5.0,2.0,6.0,apartamento,False,23.0,210.0,0.0,Meia Praia,-27.13388,-48.59679,11-30
31278015,0.8037369162075058,547.0082321754593,46755.76239202785,105,14.0,4.429999828338623,3.0,8.0,apartamento,False,16.0,250.0,0.0,Meia Praia,-27.12911,-48.60287,11-30
31284638,0.9503804235893651,929.8595436403425,93077.82967216133,105,21.0,5.0,3.0,8.0,apartamento,True,32.0,300.0,0.0,Centro,-27.09808,-48.61508,11-30
31380471,0.6955236044456868,886.9133681805022,66108.96470294014,105,27.0,4.670000076293945,3.0,7.0,apartamento,False,35.0,250.0,0.0,Meia Praia,-27.12558,-48.60579,11-30
31397917,0.9819827604964988,332.98201844256084,34371.38645398424,105,213.0,4.900000095367432,1.0,3.0,apartamento,False,8.0,0.0,0.0,Meia Praia,-27.13105,-48.60793,30+
31430342,0.7126643078757546,485.2523850142425,37014.86490006895,105,12.0,5.0,2.0,7.0,apartamento,False,16.0,250.0,0.0,Meia Praia,-27.13026,-48.60684,11-30
31441134,0.08490249040283136,1533.0474451269095,14711.112107339055,105,9.0,5.0,4.0,11.0,apartamento,False,31.0,450.0,0.0,Meia Praia,-27.13541,-48.59883,3-10
31454750,0.769997956094438,529.3845939222974,43451.63910429222,105,38.0,4.949999809265137,2.0,4.0,apartamento,False,34.0,300.0,0.0,Canto da Praia,-27.09186,-48.60839,30+
31511990,0.31890741778860093,509.16058700955983,17950.70093305274,105,51.0,4.920000076293945,2.0,5.0,casa,False,18.0,100.0,0.0,Sertaozinho,-27.08377,-48.61115,30+
31530689,0.5002148181084021,739.1408319316946,40231.88517355451,105,24.0,4.920000076293945,3.0,6.0,apartamento,False,47.0,0.0,0.0,Meia Praia,-27.1422,-48.59011,11-30
31543199,0.929416286412893,828.36801750052,81197.61840210238,105,27.0,5.0,3.0,7.0,apartamento,False,15.0,200.0,0.0,Meia Praia,-27.13332,-48.59783,11-30
31560419,0.9253598856249613,491.31675196541426,47961.70548656264,105,16.0,5.0,2.0,6.0,apartamento,False,30.0,220.0,0.0,Centro,-27.09713,-48.61486,11-30
31682871,0.9071194269598304,330.2262481122682,31637.95436876052,105,59.0,4.679999828338623,2.0,5.0,apartamento,False,21.0,180.0,0.0,Centro,-27.09026,-48.61435,30+
31859744,0.6332885347069388,515.5686141692292,35154.31860616078,105,22.0,5.0,2.0,6.0,apartamento,False,32.0,300.0,0.0,Meia Praia,-27.11998,-48.60809,11-30
31945494,0.7929502547481149,574.407697145254,48474.88157397595,105,32.0,4.78000020980835,3.0,8.0,apartamento,False,14.0,100.0,0.0,Meia Praia,-27.12986,-48.60147,30+
31972121,0.7063100263334593,358.59359806723523,27122.03754572907,105,11.0,4.639999866485596,2.0,5.0,apartamento,False,6.0,150.0,0.0,Meia Praia,-27.13233,-48.60051,11-30
32134287,0.2775024821767154,646.2527751147007,19901.834235982038,105,83.0,4.960000038146973,2.0,5.0,apartamento,False,45.0,200.0,0.0,Meia Praia,-27.13299,-48.60651,30+
32185033,0.9307284457857175,1303.1766503949293,127908.54860145506,105,28.0,4.929999828338623,4.0,15.0,casa,False,84.0,500.0,0.0,Sertao do Trombudo,-27.1254,-48.63112,11-30
32234626,0.9127206028057234,455.3091046323624,43875.225625234714,105,44.0,4.929999828338623,3.0,6.0,casa,True,31.0,283.0,0.0,Meia Praia,-27.141569,-48.594418,30+
32371924,0.9643777353290129,614.859014540069,62398.16288228431,105,30.0,4.929999828338623,3.0,8.0,apartamento,False,56.0,250.0,0.0,Centro,-27.1050300598,-48.6139183044,11-30
32443120,0.9860372087002044,451.24520585788093,46759.42724303775,105,12.0,4.920000076293945,2.0,5.0,apartamento,False,17.0,250.0,0.0,Meia Praia,-27.13206,-48.60071,11-30
32486859,0.8909301624446296,1024.721932800954,96524.85276349659,105,70.0,4.889999866485596,4.0,8.0,apartamento,False,129.0,400.0,0.0,Meia Praia,-27.14191,-48.59225,30+
32585103,0.878690970448703,441.7385835683267,41071.38924419232,105,75.0,4.909999847412109,2.0,5.0,apartamento,False,19.0,250.0,0.0,Meia Praia,-27.13984,-48.59174,30+
32592683,0.8947398175530679,1205.5039062536557,114011.03456475126,105,10.0,5.0,4.0,12.0,casa,False,24.0,300.0,0.0,Morretes,-27.11100006103516,-48.61100006103516,3-10
32600458,0.8984239604837165,629.6900681765546,59784.07280515512,105,31.0,4.900000095367432,3.0,8.0,apartamento,False,11.0,350.0,0.0,Meia Praia,-27.13826,-48.59214,30+
32606991,0.6839898811871494,605.374935068865,44413.043811166644,105,22.0,4.769999980926514,3.0,8.0,apartamento,False,20.0,190.0,0.0,Meia Praia,-27.13012,-48.6046,11-30
32697747,0.933874849640932,370.3762671701774,36468.50498078469,105,65.0,4.889999866485596,2.0,5.0,apartamento,False,29.0,300.0,0.0,Meia Praia,-27.13467,-48.59709,30+
32766950,0.8738743464297509,370.4405520968797,34264.40676841744,105,11.0,4.820000171661377,2.0,6.0,apartamento,False,14.0,250.0,0.0,Centro,-27.09755,-48.6148,11-30
32990586,0.5428667370218159,1031.3173640793732,60709.67143968471,105,23.0,4.960000038146973,3.0,6.0,apartamento,False,23.0,350.0,0.0,Meia Praia,-27.13829,-48.5921,11-30
33336758,0.9345506670946035,454.9523988634702,44826.64538616865,105,29.0,4.860000133514404,2.0,6.0,apartamento,False,27.0,250.0,0.0,Meia Praia,-27.13058,-48.60356,11-30
34218930,0.8499760937146786,769.5560190500212,69344.52692406253,105,20.0,4.900000095367432,3.0,8.0,apartamento,False,63.0,300.0,0.0,Meia Praia,-27.13172,-48.60031,11-30
34540951,0.7515419935617582,622.6802745693619,49949.28938629474,105,67.0,4.869999885559082,3.0,8.0,apartamento,False,111.0,400.0,0.0,Meia Praia,-27.12384,-48.60459,30+
34866449,0.7891659313137892,501.9081129608033,42165.474565623204,105,23.0,4.829999923706055,3.0,8.0,apartamento,False,22.0,150.0,0.0,Meia Praia,-27.14122,-48.59192,11-30
35481220,0.3688728975905603,720.2274439236057,29237.820337369703,105,17.0,4.940000057220459,3.0,6.0,apartamento,False,19.0,300.0,0.0,Meia Praia,-27.14024,-48.59128,11-30
35826155,0.977221554085378,715.807991636442,73551.31569811661,105,32.0,4.909999847412109,2.0,6.0,apartamento,False,44.0,250.0,0.0,Meia Praia,-27.137910842895508,-48.60295867919922,30+
35912580,0.9294174893506099,390.75447894906824,38302.265451471794,105,13.0,5.0,3.0,8.0,apartamento,False,49.0,260.0,0.0,Meia Praia,-27.1269,-48.60522,11-30
35934720,0.9888152928942624,433.01458771901713,44989.00064008655,105,14.0,4.929999828338623,2.0,4.0,apartamento,False,2.0,250.0,0.0,Canto da Praia,-27.08966,-48.60553,11-30
36032020,0.980805473447598,687.8960719978304,70926.71548988017,105,19.0,4.840000152587891,3.0,8.0,apartamento,True,20.0,300.0,0.0,Meia Praia,-27.11728,-48.60799,11-30
36632832,0.6658487444121027,566.940903513671,40544.85399677867,105,41.0,4.849999904632568,3.0,8.0,apartamento,False,19.0,250.0,0.0,Meia Praia,-27.1354503632,-48.5957489014,30+
36698654,0.3547613655164853,1864.338007337201,72880.12290847977,105,14.0,4.789999961853027,4.0,12.0,apartamento,False,30.0,300.0,0.0,Meia Praia,-27.12145,-48.60714,11-30
36908385,0.9723844994121359,619.6840998237946,63378.22862732859,105,22.0,4.820000171661377,3.0,7.0,apartamento,True,26.0,350.0,0.0,Meia Praia,-27.12426,-48.60745,11-30
37118794,0.8389261823360563,1081.042494598597,96217.45654651901,105,6.0,5.0,3.0,6.0,apartamento,False,13.0,350.0,0.0,Meia Praia,-27.12267,-48.60619,3-10
37153670,0.8332480592604603,434.15451115222874,38394.79313483715,105,25.0,4.920000076293945,3.0,8.0,apartamento,False,27.0,200.0,0.0,Meia Praia,-27.122,-48.607,11-30
37347085,0.23289854201530746,508.4203103140655,13195.716272001782,105,41.0,4.710000038146973,3.0,6.0,apartamento,False,24.0,250.0,0.0,Meia Praia,-27.14369,-48.58791,30+
37487828,0.9166683144613449,477.14931389989425,46166.955103333996,105,96.0,4.980000019073486,3.0,8.0,apartamento,False,31.0,250.0,0.0,Meia Praia,-27.13755,-48.59893,30+
37494985,0.4363073680630346,921.8778340795947,44004.38028296429,105,22.0,4.639999866485596,3.0,6.0,apartamento,False,22.0,350.0,0.0,Meia Praia,-27.13897,-48.59139,11-30
37708447,0.9357879473627331,812.9300691815802,80198.05640818576,105,95.0,4.989999771118164,3.0,10.0,apartamento,False,69.0,300.0,0.0,Meia Praia,-27.13962,-48.59076,30+
37744392,0.3623422562067225,715.2789098985925,28539.529263135613,105,10.0,5.0,3.0,6.0,apartamento,False,20.0,100.0,0.0,Meia Praia,-27.13167,-48.60139,3-10
37989675,0.7181610400051874,459.2339120037308,35286.297394607274,105,20.0,4.849999904632568,2.0,6.0,apartamento,False,13.0,300.0,0.0,Meia Praia,-27.13782,-48.59363,11-30
38262480,0.9590926908354137,1222.4187857161903,123416.63129220907,105,45.0,4.869999885559082,4.0,8.0,apartamento,False,34.0,250.0,0.0,Meia Praia,-27.14075,-48.59029,30+
38319706,0.542866737021816,580.8451542944068,34192.11166489434,105,40.0,5.0,3.0,7.0,apartamento,False,29.0,350.0,0.0,Meia Praia,-27.14247,-48.59146,30+
38447436,0.0546529037801166,996.0346807091735,6170.132783551421,105,19.0,4.840000152587891,3.0,7.0,apartamento,True,26.0,350.0,0.0,Meia Praia,-27.13797,-48.59189,11-30
38514587,0.17905585593145387,890.5252791545279,17860.871529333435,105,9.0,5.0,4.0,7.0,apartamento,False,16.0,300.0,0.0,Meia Praia,-27.12364,-48.60868,3-10
38616586,0.9127206028057234,416.6766976495342,40152.46771072715,105,7.0,5.0,3.0,8.0,apartamento,False,19.0,300.0,0.0,Meia Praia,-27.125280380249023,-48.60651016235352,3-10
38638326,0.6194281960088348,684.7476445489971,45716.54335955903,105,106.0,4.980000019073486,3.0,6.0,apartamento,False,33.0,300.0,0.0,Meia Praia,-27.13142,-48.60489,30+
38693604,0.7813712499336893,635.1984742505854,52864.814711553474,105,20.0,4.849999904632568,3.0,8.0,apartamento,False,17.0,300.0,0.0,Meia Praia,-27.13587951660156,-48.59550857543945,11-30
38695314,0.8417660224962294,604.4657214849665,53971.866965957146,105,62.0,4.849999904632568,3.0,9.0,apartamento,False,20.0,200.0,0.0,Meia Praia,-27.14043,-48.59737,30+
38730549,0.6531789108429817,854.2233023619723,59984.50129166388,105,37.0,4.96999979019165,3.0,8.0,apartamento,True,58.0,300.0,0.0,Meia Praia,-27.12700080871582,-48.608001708984375,30+
38800430,0.9572422241991433,411.0882772317251,41428.62820500111,105,53.0,4.980000019073486,3.0,7.0,apartamento,False,40.0,150.0,0.0,Meia Praia,-27.13278,-48.60149,30+
38852725,0.8141732046155117,552.0233294296928,47762.92136892179,105,44.0,4.980000019073486,3.0,8.0,apartamento,False,25.0,200.0,0.0,Meia Praia,-27.12819,-48.60244,30+
38899673,0.5510600317862983,573.443998310439,34243.319708051546,105,7.0,5.0,2.0,4.0,apartamento,False,30.0,245.0,0.0,Morretes,-27.11734,-48.61156,3-10
38957661,0.9037263835541288,574.5449875680873,54851.53558930501,105,23.0,4.829999923706055,3.0,8.0,apartamento,False,23.0,350.0,0.0,Meia Praia,-27.1285,-48.60494,11-30
38980085,0.37864677498018856,1009.3088741778605,42022.19121278368,105,13.0,5.0,3.0,8.0,apartamento,False,16.0,350.0,0.0,Meia Praia,-27.14055,-48.59169,11-30
38998610,0.6426180870495565,216.2389352720476,14950.962422209333,105,13.0,4.849999904632568,1.0,3.0,casa,False,12.0,100.0,0.0,Meia Praia,-27.14459,-48.60141,11-30
39007372,0.14624765781585647,1124.788847288135,18483.760567981157,105,9.0,5.0,3.0,6.0,apartamento,False,15.0,250.0,0.0,Meia Praia,-27.1390209198,-48.5993270874,3-10
39051477,0.17058755303816234,1568.6943976886512,29998.88075011886,105,10.0,4.800000190734863,4.0,10.0,apartamento,False,41.0,450.0,0.0,Meia Praia,-27.13168,-48.59845,3-10
39059902,0.3802419916218808,491.0205946458202,20526.673714104465,105,14.0,4.860000133514404,3.0,8.0,apartamento,False,21.0,200.0,0.0,Meia Praia,-27.1259,-48.60931,11-30
39109062,0.6400379708275716,1594.51620714786,109825.21587665592,105,12.0,4.920000076293945,4.0,12.0,apartamento,False,43.0,450.0,0.0,Meia Praia,-27.13907,-48.59437,11-30
39145712,0.961783616902703,820.1604015448829,83022.5154635724,105,166.0,4.900000095367432,3.0,8.0,apartamento,False,72.0,150.0,0.0,Morretes,-27.1154308319,-48.6085090637,30+
39316910,0.9838801672153893,743.319343386144,76866.82572869984,105,52.0,4.789999961853027,4.0,10.0,apartamento,False,30.0,300.0,0.0,Meia Praia,-27.12098,-48.6058,30+
39363955,0.8452082756141203,427.2813058436662,38298.48565398725,105,6.0,5.0,2.0,7.0,apartamento,False,18.0,200.0,0.0,Meia Praia,-27.13961,-48.59398,3-10
39394196,0.9674856625984336,424.0547925692966,43164.93677081699,105,16.0,4.809999942779541,3.0,8.0,apartamento,False,25.0,300.0,0.0,Meia Praia,-27.12137,-48.60851,11-30
39394644,0.37864677498018856,781.7259774956586,32546.863841934268,105,5.0,5.0,3.0,8.0,apartamento,False,26.0,300.0,0.0,Meia Praia,-27.12987,-48.59797,3-10
39414948,0.8038702821231061,620.5400848540911,53049.24360329658,105,72.0,4.960000038146973,3.0,8.0,apartamento,False,15.0,250.0,0.0,Meia Praia,-27.13277,-48.59753,30+
39420557,0.9370074565489294,731.8660657449884,72289.32352300444,105,7.0,5.0,3.0,8.0,apartamento,False,17.0,250.0,0.0,Meia Praia,-27.13242,-48.60324,3-10
39507664,0.9533975140604287,472.5911307981066,47446.95349564559,105,50.0,4.840000152587891,4.0,8.0,apartamento,False,32.0,275.0,0.0,Meia Praia,-27.12024,-48.60706,30+
39583346,0.9087751634211989,582.7310610654408,55925.57310869015,105,60.0,4.980000019073486,3.0,6.0,apartamento,False,82.0,250.0,0.0,Meia Praia,-27.12876,-48.60354,30+
39629644,0.9652218076314295,433.08639879612144,43987.34946457483,105,84.0,4.949999809265137,3.0,6.0,apartamento,False,23.0,350.0,0.0,Meia Praia,-27.1368,-48.6008,30+
39635217,0.9827122020863206,499.55171444808707,51601.17097429024,105,46.0,4.960000038146973,3.0,9.0,apartamento,False,27.0,350.0,0.0,Meia Praia,-27.13276,-48.59706,30+
39642773,0.8573989745981949,377.6138508447358,34306.854872638185,105,61.0,4.889999866485596,3.0,8.0,casa,False,89.0,300.0,0.0,Meia Praia,-27.14226,-48.59491,30+
39685785,0.7773576250295698,557.2033531166259,46148.33791036373,105,125.0,4.940000057220459,2.0,7.0,apartamento,False,31.0,220.0,0.0,Meia Praia,-27.14,-48.592,30+
39715668,0.8300804282061227,256.6287325048567,22613.72978851498,105,18.0,4.940000057220459,2.0,4.0,apartamento,False,15.0,200.0,0.0,Casa Branca,-27.09159,-48.61944,11-30
39745810,0.2682656586293075,2424.5354928619035,72242.36689277299,105,0.0,0.0,4.0,8.0,apartamento,False,0.0,700.0,0.0,Meia Praia,-27.1388312285142,-48.59243340790272,0
39820601,0.9365793291332424,401.5599429717707,39646.63068789455,105,23.0,4.739999771118164,2.0,6.0,apartamento,True,16.0,200.0,0.0,Meia Praia,-27.14094,-48.59568,11-30
39837626,0.9674856625984336,504.74908494697223,51378.884801315886,105,22.0,5.0,3.0,6.0,apartamento,False,18.0,350.0,0.0,Meia Praia,-27.12528419494629,-48.60732650756836,11-30
39972515,0.8417660224962294,370.87445526089476,33114.841832946964,105,140.0,4.829999923706055,2.0,6.0,apartamento,False,22.0,200.0,0.0,Meia Praia,-27.1346,-48.59988,30+
40023421,0.3786467749801882,491.1448215259275,20448.62789910833,105,11.0,4.730000019073486,2.0,6.0,apartamento,False,48.0,280.0,0.0,Morretes,-27.11765,-48.61065,11-30
40039627,0.5591365501312918,334.37740124564385,20246.960947886902,105,504.0,4.840000152587891,1.0,3.0,apartamento,True,8.0,35.0,0.0,Centro,-27.0902,-48.61245,30+
40191152,0.41666616809323354,1873.4676701343265,85546.55786007426,105,6.0,5.0,4.0,10.0,apartamento,False,35.0,250.0,0.0,Meia Praia,-27.13888,-48.59569,3-10
40209404,0.7066227411769445,353.1084568831245,26718.386762804268,105,373.0,4.860000133514404,1.0,4.0,apartamento,True,7.0,35.0,0.0,Centro,-27.09006,-48.61213,30+
40236441,0.8486760794818183,237.57151201171163,21376.635426802153,105,84.0,4.900000095367432,1.0,2.0,casa,True,22.0,80.0,0.0,Morretes,-27.1229,-48.61899,30+
40246675,0.929416286412893,370.31451911625606,36298.669645271446,105,38.0,4.820000171661377,2.0,7.0,apartamento,False,19.0,150.0,0.0,Meia Praia,-27.13311,-48.5991,30+
40250642,0.500214818108402,964.7622725916343,52512.5974562193,105,25.0,4.880000114440918,3.0,6.0,apartamento,False,22.0,350.0,0.0,Meia Praia,-27.13098,-48.60124,11-30
40289385,0.7318578734260816,2769.7909902796437,216668.12512469874,105,15.0,4.670000076293945,12.0,16.0,casa,False,61.0,700.0,0.0,Alto Sao Bento,-27.08592987060547,-48.62060928344727,11-30
40320100,0.5207216675649113,831.4896530911869,47034.45583793221,105,25.0,4.960000038146973,2.0,5.0,apartamento,False,12.0,0.0,0.0,Morretes,-27.1099,-48.6115,11-30
40342798,0.47336838660674996,680.9912452525625,35156.11898085935,105,14.0,5.0,3.0,6.0,apartamento,False,25.0,300.0,0.0,Meia Praia,-27.12416,-48.6064,11-30
40351988,0.8651038936651488,399.2084947090587,36575.95509154459,105,35.0,4.909999847412109,3.0,7.0,apartamento,False,17.0,200.0,0.0,Meia Praia,-27.1313705444336,-48.59917068481445,30+
40371384,0.2806102896066911,583.5950905268681,18168.25905163903,105,343.0,4.829999923706055,1.0,6.0,apartamento,True,7.0,60.0,0.0,Centro,-27.09208,-48.61173,30+
40391575,0.9911137436069279,7670.091975234004,798639.9868006923,105,46.0,4.78000020980835,2.0,4.0,apartamento,False,9.0,190.0,0.0,Morretes,-27.11888,-48.61286,30+
40400432,0.6339229057971574,594.985218153241,40608.05518497994,105,34.0,4.820000171661377,3.0,8.0,apartamento,False,50.0,250.0,0.0,Ilhota,-27.06431007385254,-48.59523010253906,30+
40449599,0.732553764634473,620.7001325286319,48598.28221886787,105,34.0,4.849999904632568,3.0,8.0,apartamento,False,72.0,300.0,0.0,Meia Praia,-27.12394,-48.6073,30+
40532740,0.9205567197618078,359.7353837070201,34945.38714357677,105,28.0,4.960000038146973,2.0,6.0,apartamento,False,20.0,200.0,0.0,Meia Praia,-27.13009,-48.60155,11-30
40560834,0.3786467749801882,708.3994177652647,29493.940408088343,105,293.0,4.860000133514404,2.0,9.0,apartamento,True,16.0,60.0,0.0,Centro,-27.0914,-48.61215,30+
40576710,0.769997956094438,587.2114408543251,48198.03957056348,105,10.0,4.800000190734863,4.0,10.0,casa,False,15.0,300.0,0.0,Meia Praia,-27.12091,-48.60825,3-10
40777141,0.9948585830283535,1342.575686076945,140290.0295738402,105,20.0,4.800000190734863,3.0,8.0,apartamento,True,30.0,350.0,0.0,Meia Praia,-27.13705,-48.5931,11-30
40794806,0.7980610651020051,627.4898476329714,53277.02861040715,105,41.0,5.0,1.0,2.0,casa,True,58.0,0.0,0.0,none,-27.09866,-48.6607,30+
40892344,0.847289819587209,471.54101688366785,42363.79113246536,105,38.0,4.820000171661377,3.0,8.0,apartamento,False,42.0,350.0,0.0,Meia Praia,-27.1310501099,-48.5999183655,30+
40899047,0.9199465228957516,343.08293254777817,33306.94980997681,105,57.0,4.960000038146973,2.0,6.0,apartamento,False,22.0,230.0,0.0,Meia Praia,-27.13476,-48.60678,30+
40910065,0.2847555386568057,601.4592221351531,18993.675323315034,105,10.0,5.0,0.0,8.0,apartamento,False,28.0,300.0,0.0,Meia Praia,-27.13818,-48.60005,3-10
40960741,0.42709796391233773,290.01752661771866,13562.094922377779,105,12.0,4.5,1.0,4.0,apartamento,False,29.0,200.0,0.0,Meia Praia,-27.1320334,-48.6044236,11-30
40971559,0.9513993586194427,709.5018290670521,71091.85629524401,105,10.0,4.900000095367432,3.0,8.0,apartamento,False,17.0,300.0,0.0,Meia Praia,-27.1299991607666,-48.60100173950195,3-10
41141790,0.9668800253393732,666.3490802658266,67788.40866539614,105,10.0,4.900000095367432,3.0,8.0,apartamento,False,24.0,330.0,0.0,Meia Praia,-27.13362,-48.59582,3-10
41147466,0.9253598856249613,638.4309802308918,62322.80606114365,105,42.0,4.860000133514404,0.0,6.0,apartamento,False,18.0,300.0,0.0,Meia Praia,-27.13412,-48.59637,30+
41193865,0.8360327917197049,452.8416704465523,40173.69222165253,105,46.0,4.71999979019165,3.0,7.0,apartamento,False,29.0,250.0,0.0,Meia Praia,-27.13144,-48.60254,30+
41227471,0.5510600317862983,689.9246418639559,41198.98395557125,105,34.0,5.0,3.0,7.0,apartamento,False,16.0,300.0,0.0,Meia Praia,-27.13434,-48.59926,30+
41260111,0.45500431110780176,1884.287973074365,93647.87975799816,105,6.0,5.0,4.0,11.0,apartamento,False,47.0,400.0,0.0,Meia Praia,-27.13599967956543,-48.595001220703125,3-10
41270247,0.9827122020863206,692.1706996570892,71497.7400405083,105,18.0,4.889999866485596,3.0,9.0,apartamento,False,21.0,250.0,0.0,Meia Praia,-27.1218795776,-48.6061210632,11-30
41285546,0.300112093696549,586.397125142998,19488.933577567634,105,37.0,4.96999979019165,3.0,8.0,apartamento,False,25.0,200.0,0.0,Meia Praia,-27.14166,-48.59257,30+
41404141,0.7929502547481149,747.7562869119118,63103.95496856444,105,5.0,5.0,3.0,6.0,apartamento,False,20.0,180.0,0.0,Meia Praia,-27.13329,-48.59653,3-10
41473656,0.9753311809026424,872.963859773598,89536.54569035886,105,43.0,4.880000114440918,4.0,10.0,apartamento,False,37.0,270.0,0.0,Meia Praia,-27.132999420166016,-48.59700012207031,30+
41478160,0.9591873409129883,430.9960301591224,43517.82856267394,105,7.0,5.0,2.0,6.0,apartamento,False,18.0,200.0,0.0,Meia Praia,-27.132890701293945,-48.60046005249024,3-10
41493620,0.10975729049462005,776.5106851698371,9610.030847671302,105,7.0,5.0,2.0,4.0,apartamento,False,24.0,300.0,0.0,Meia Praia,-27.13692,-48.59443,3-10
41532894,0.7560595763635635,786.0425677901698,63412.37107360711,105,119.0,4.820000171661377,3.0,10.0,apartamento,False,35.0,300.0,0.0,Meia Praia,-27.12496,-48.60491,30+
41533462,0.5093112774466906,597.4249196839882,33084.683218070764,105,82.0,4.789999961853027,3.0,10.0,apartamento,False,20.0,300.0,0.0,Meia Praia,-27.13227,-48.59856,30+
41590719,0.7560595763635635,433.72348912086244,34989.752416072246,105,58.0,4.929999828338623,2.0,6.0,apartamento,False,22.0,250.0,0.0,Meia Praia,-27.14307,-48.59441,30+
41634696,0.27084345029900236,504.0296182752219,15158.913794454018,105,22.0,4.590000152587891,3.0,8.0,casa,False,9.0,0.0,0.0,Sertaozinho,-27.0827,-48.60887,11-30
41664387,0.8688620253188847,202.87436869992158,18663.690412557447,105,142.0,4.989999771118164,1.0,2.0,outros,False,10.0,0.0,0.0,Meia Praia,-27.12346,-48.60769,30+
41676390,0.21444150349795338,625.6088369389253,14976.658595900777,105,20.0,4.949999809265137,2.0,6.0,apartamento,False,45.0,250.0,0.0,Meia Praia,-27.14099,-48.5961,11-30
41682475,0.9053292329579051,512.745227354526,49033.26868617747,105,7.0,5.0,3.0,8.0,apartamento,False,16.0,200.0,0.0,Meia Praia,-27.1251296997,-48.6068916321,3-10
41686810,0.769997956094438,110.76843095446857,9091.82084488227,105,24.0,4.710000038146973,2.0,2.0,outros,False,32.0,100.0,0.0,Meia Praia,-27.1271,-48.60526,11-30
41702158,0.9345506670946035,1456.3102712086654,143490.84489451547,105,59.0,4.949999809265137,4.0,12.0,apartamento,False,22.0,400.0,0.0,Meia Praia,-27.11758,-48.60828,30+
41761142,0.9332952443589684,389.8913116284245,38367.613384475444,105,60.0,4.769999980926514,2.0,6.0,apartamento,False,20.0,170.0,0.0,Meia Praia,-27.13614,-48.59508,30+
41762297,0.27779401397989384,1708.4216841269795,52665.95576579372,105,1.0,5.0,6.0,16.0,casa,False,37.0,600.0,0.0,Sertaozinho,-27.08394,-48.60881,1-2
41769298,0.6720096971976678,1091.1205282962935,78717.42977589706,105,35.0,4.889999866485596,3.0,10.0,apartamento,False,28.0,250.0,0.0,Meia Praia,-27.1307,-48.59803,30+
41786765,0.9860372087002044,319.74951820029503,33133.4364070606,105,32.0,4.840000152587891,3.0,8.0,apartamento,False,1.0,500.0,0.0,Meia Praia,-27.12047,-48.60686,30+
41883230,0.8332480592604603,533.8558305481745,47211.95715167133,105,5.0,5.0,3.0,7.0,apartamento,False,1.0,300.0,0.0,Meia Praia,-27.12806,-48.60174,3-10
41888100,0.46515472383395995,545.0237555113315,27667.760875269858,105,126.0,4.869999885559082,2.0,6.0,apartamento,False,39.0,250.0,0.0,Meia Praia,-27.12243,-48.60522,30+
42003334,0.7648315909623111,662.2834329989929,54014.79234735745,105,30.0,4.929999828338623,3.0,8.0,apartamento,False,42.0,300.0,0.0,Meia Praia,-27.131999969482425,-48.59999847412109,11-30
42013117,0.9609308124217402,514.8996501434001,52078.40491083971,105,20.0,5.0,2.0,6.0,apartamento,False,1.0,350.0,0.0,Meia Praia,-27.12721,-48.60374,11-30
42138941,0.5380538674978392,1188.7538723850596,69383.93458168353,105,19.0,4.949999809265137,2.0,4.0,apartamento,False,18.0,150.0,0.0,Meia Praia,-27.12781,-48.60133,11-30
42180312,0.6978092625952179,209.53282319048893,15666.905780512894,105,61.0,5.0,1.0,4.0,casa,False,22.0,100.0,0.0,Jardim Praiamar,-27.13455,-48.61453,30+
42270655,0.5389613431065213,537.7940266957916,31440.02825815737,105,41.0,5.0,3.0,8.0,casa,False,25.0,150.0,0.0,Ilhota,-27.05835,-48.59616,30+
42335961,0.5749340067128801,607.7820031654074,37794.22917822461,105,17.0,4.940000057220459,3.0,8.0,apartamento,False,27.0,250.0,0.0,Meia Praia,-27.13217,-48.59864,11-30
42362925,0.6839898811871494,1091.7338202653636,80094.53180294325,105,175.0,4.940000057220459,4.0,8.0,apartamento,False,112.0,495.0,0.0,Meia Praia,-27.1343002319336,-48.601539611816406,30+
42515348,0.9477988921871324,932.850712987722,93138.79154084079,105,28.0,5.0,4.0,12.0,apartamento,False,33.0,250.0,0.0,Meia Praia,-27.12973,-48.60286,11-30
42588365,0.9280844170716495,506.7279686140003,49603.12260731418,105,130.0,4.920000076293945,3.0,6.0,apartamento,False,91.0,250.0,0.0,Meia Praia,-27.12993,-48.60141,30+
42625075,0.8360327917197049,1157.096018050084,102651.37317023976,105,31.0,4.769999980926514,3.0,8.0,apartamento,False,29.0,200.0,0.0,Meia Praia,-27.12701,-48.60411,30+
42704327,0.567094918822028,1206.418720215468,74042.90530443567,105,9.0,5.0,3.0,8.0,apartamento,False,18.0,300.0,0.0,Centro,-27.10189,-48.61433,3-10
42709234,0.5171534320220074,661.3181117207918,37162.96362510173,105,12.0,4.920000076293945,3.0,8.0,apartamento,False,20.0,300.0,0.0,Centro,-27.09704,-48.61589,11-30
42735835,0.9904286898014161,278.1715411940937,28945.513617549313,105,87.0,4.849999904632568,2.0,5.0,apartamento,False,40.0,250.0,0.0,Meia Praia,-27.12217,-48.60558,30+
42788291,0.7743681268615978,606.5737190987808,50054.52353596019,105,43.0,4.880000114440918,3.0,7.0,apartamento,False,17.0,200.0,0.0,Meia Praia,-27.12104,-48.60725,30+
42841323,0.9788181757579518,559.1869567545243,57546.22091025986,105,36.0,5.0,1.0,4.0,apartamento,False,31.0,300.0,0.0,Centro,-27.09874,-48.61364,30+
43300431,0.21136269698218563,2335.632237104985,55126.83897419531,105,13.0,4.690000057220459,4.0,10.0,apartamento,False,24.0,250.0,0.0,Meia Praia,-27.14314,-48.58792,11-30
43379132,0.9788181757579518,474.0286660918103,48782.536872887125,105,48.0,4.980000019073486,2.0,5.0,apartamento,False,18.0,250.0,0.0,Meia Praia,-27.1257,-48.60331,30+
43499385,0.6262024196781109,637.7297466228509,43020.68694554214,105,67.0,4.96999979019165,2.0,5.0,apartamento,False,32.0,200.0,0.0,Ilhota,-27.061279296875,-48.59869003295898,30+
43712530,0.9716256811809705,626.6495923375074,64043.64217892585,105,15.0,5.0,3.0,7.0,apartamento,False,42.0,400.0,0.0,Meia Praia,-27.14229,-48.58914,11-30
43754654,0.3590708071855582,916.1976461598892,36236.7421177588,105,12.0,5.0,3.0,8.0,apartamento,False,28.0,390.0,0.0,Centro,-27.09491,-48.61382,11-30
44075219,0.9913788646324903,1979.0240825029439,206115.47896850223,105,17.0,4.880000114440918,3.0,8.0,apartamento,,16.0,0.0,0.0,Centro,-27.10524,-48.61392,11-30
44153810,0.8738743464297509,222.9803055030387,20624.869080488726,105,35.0,4.909999847412109,2.0,4.0,apartamento,False,58.0,200.0,0.0,Alto Sao Bento,-27.08712,-48.61605,30+
44192417,0.9092281561360545,345.5918531440032,33182.52888679973,105,6.0,5.0,2.0,7.0,apartamento,False,14.0,250.0,0.0,Meia Praia,-27.13159,-48.60156,3-10
44369632,0.9968290406981279,636.8899434484711,66674.39064777803,105,44.0,4.889999866485596,3.0,8.0,apartamento,False,24.0,190.0,0.0,Meia Praia,-27.12988,-48.59979,30+
44425260,0.674197171213507,533.8623495219708,38633.86222059199,105,6.0,5.0,2.0,8.0,apartamento,False,11.0,350.0,0.0,Meia Praia,-27.13103,-48.60139,3-10
44890294,0.9940613678997211,525.0576066275036,54823.67753161942,105,80.0,4.949999809265137,3.0,7.0,apartamento,,24.0,0.0,0.0,Meia Praia,-27.1294174194336,-48.59959411621094,30+
44895797,0.994522819030821,629.5500068109777,65762.8532965004,105,65.0,4.880000114440918,3.0,7.0,apartamento,False,18.0,179.0,0.0,Meia Praia,-27.12884,-48.60094,30+
45002455,0.9760459657179731,404.0965578165819,41475.15876673106,105,52.0,4.650000095367432,2.0,5.0,apartamento,False,32.0,300.0,0.0,Meia Praia,-27.134,-48.5981,30+
45184991,0.6597223834025332,649.1424862067923,46017.495115143094,105,123.0,4.809999942779541,2.0,5.0,apartamento,True,33.0,200.0,0.0,Meia Praia,-27.12501,-48.60569,30+
45350304,0.46781673505470217,706.4063299125036,36057.34681347851,105,13.0,5.0,3.0,8.0,apartamento,False,23.0,500.0,0.0,Meia Praia,-27.1322,-48.60087,11-30
45382246,0.9127206028057234,592.0784206564597,57054.80964434105,105,32.0,4.630000114440918,5.0,12.0,apartamento,False,30.0,250.0,0.0,Centro,-27.10677,-48.61386,30+
45480718,0.9930434785544563,342.06397973711347,35682.13865916864,105,34.0,4.760000228881836,3.0,8.0,apartamento,False,20.0,250.0,0.0,Meia Praia,-27.1280923167239,-48.6044189786553,30+
45512442,0.6824875065487926,608.5130315291198,44550.16244552742,105,20.0,4.800000190734863,4.0,8.0,apartamento,False,24.0,250.0,0.0,Centro,-27.1059183919171,-48.6123293465051,11-30
45513430,0.2682656586293075,810.9651917065112,24163.822344120537,105,14.0,4.860000133514404,3.0,8.0,apartamento,False,36.0,250.0,0.0,Meia Praia,-27.12275,-48.60783,11-30
45531969,0.9461658378471567,757.3969807329413,75498.43572740859,105,31.0,5.0,3.0,8.0,apartamento,False,40.0,300.0,0.0,Meia Praia,-27.13751983642578,-48.59339904785156,30+
45621607,0.6955236044456868,363.03781827635817,27060.201340182903,105,9.0,5.0,2.0,4.0,apartamento,False,7.0,180.0,0.0,Meia Praia,-27.14178,-48.59554,3-10
45687710,0.44650126234312965,414.5268456022477,20231.382625144914,105,11.0,4.909999847412109,2.0,6.0,apartamento,False,12.0,130.0,0.0,Meia Praia,-27.14386940002441,-48.58829116821289,11-30
45711835,0.9942227562232657,823.6540520308714,86014.61150948267,105,17.0,4.940000057220459,4.0,10.0,apartamento,False,33.0,280.0,0.0,Meia Praia,-27.12329,-48.60572,11-30
45726200,0.9104044711769275,1492.2001927112567,143450.33758879994,105,15.0,5.0,3.0,11.0,apartamento,True,32.0,350.0,0.0,Meia Praia,-27.1367797852,-48.5921707153,11-30
45768161,0.5261365797751546,689.2062534114305,39373.97902067394,105,22.0,4.820000171661377,3.0,6.0,apartamento,False,9.0,300.0,0.0,Meia Praia,-27.13302,-48.59938,11-30
45780750,0.9870211693572291,1017.6069144578589,105546.38122653696,105,26.0,4.960000038146973,3.0,6.0,apartamento,,56.0,0.0,0.0,Meia Praia,-27.12946,-48.60173,11-30
45803876,0.7813712499336893,550.0344697351989,45776.983897552316,105,40.0,5.0,3.0,7.0,apartamento,False,35.0,260.0,0.0,Meia Praia,-27.12397,-48.60881,30+
45822839,0.7120132721769489,485.16979333306074,36976.50629739807,105,8.0,5.0,2.0,5.0,apartamento,False,8.0,150.0,0.0,Meia Praia,-27.14504,-48.5876,3-10
45889892,0.8389261823360561,694.3545636917672,61800.558621607845,105,58.0,4.980000019073486,2.0,6.0,apartamento,False,12.0,250.0,0.0,Meia Praia,-27.13125,-48.59979,30+
45911573,0.9562993731459645,872.8473318771239,87882.32445939937,105,11.0,4.820000171661377,3.0,8.0,apartamento,False,33.0,350.0,0.0,Meia Praia,-27.12817,-48.60404,11-30
45911990,0.9774494627096626,692.0892576843416,71129.72497905807,105,38.0,4.949999809265137,3.0,6.0,apartamento,False,8.0,200.0,0.0,Morretes,-27.11645,-48.60857,30+
45923984,0.9668800253393732,404.835886562065,41184.39018440502,105,35.0,4.940000057220459,3.0,8.0,apartamento,False,60.0,150.0,0.0,Canto da Praia,-27.08799934387207,-48.604000091552734,30+
45973790,0.09062234117807409,659.0798039654902,6746.9476364932325,105,12.0,4.829999923706055,2.0,4.0,apartamento,False,27.0,380.0,0.0,Meia Praia,-27.14006,-48.5906,11-30
46011731,0.9717116621258653,578.6067950833178,59138.57974322785,105,19.0,4.889999866485596,3.0,8.0,apartamento,False,17.0,180.0,0.0,Meia Praia,-27.12366,-48.60651,11-30
46036384,0.8765249214734698,379.30563533817065,35184.662044856246,105,51.0,4.920000076293945,2.0,6.0,apartamento,False,13.0,150.0,0.0,Morretes,-27.11811,-48.60932,30+
46048925,0.3786467749801882,1001.1090157172388,41680.793223559886,105,11.0,5.0,3.0,8.0,apartamento,False,27.0,300.0,0.0,Meia Praia,-27.13571,-48.59369,11-30
46048941,0.9323474780859448,413.8879499404642,40690.12327548735,105,58.0,4.909999847412109,2.0,6.0,apartamento,False,19.0,250.0,0.0,Meia Praia,-27.13308,-48.60092,30+
46072703,0.9253598856249613,770.7800946932035,75242.55533461357,105,14.0,5.0,3.0,8.0,apartamento,False,41.0,300.0,0.0,Meia Praia,-27.131759643554688,-48.600318908691406,11-30
46088002,0.8141732046155117,660.8411606660045,57178.20735374812,105,103.0,4.829999923706055,2.0,5.0,apartamento,True,44.0,200.0,0.0,Meia Praia,-27.1375,-48.59726,30+
46116173,0.9668800253393732,400.31009038191723,40723.97607101905,105,39.0,4.949999809265137,2.0,6.0,apartamento,False,34.0,180.0,0.0,Meia Praia,-27.14269,-48.58676,30+
46220279,0.5826529146296933,707.4440371228682,44555.068585889174,105,24.0,4.880000114440918,3.0,8.0,apartamento,False,26.0,350.0,0.0,Meia Praia,-27.12299919128418,-48.60599899291992,11-30
46222390,0.5569878542192948,517.1828088054559,31201.06673913463,105,6.0,4.829999923706055,2.0,6.0,apartamento,False,29.0,250.0,0.0,Meia Praia,-27.1259994506836,-48.604000091552734,3-10
46298558,0.8984239604837165,643.9686660650073,61139.7123155427,105,6.0,5.0,2.0,4.0,apartamento,False,33.0,220.0,0.0,Meia Praia,-27.139169693,-48.5935783386,3-10
46327705,0.9071194269598304,1027.3109126683714,98423.47773179384,105,6.0,5.0,3.0,7.0,apartamento,False,23.0,400.0,0.0,Meia Praia,-27.13223,-48.5969,3-10
46372862,0.45363490372834875,418.9543532127382,20761.511261334028,105,10.0,4.900000095367432,2.0,8.0,apartamento,False,21.0,250.0,0.0,Meia Praia,-27.14168,-48.58968,3-10
46451253,0.6955236044456868,595.1560548883257,44361.887008276564,105,10.0,5.0,3.0,7.0,apartamento,False,48.0,250.0,0.0,Meia Praia,-27.1323299407959,-48.597599029541016,3-10
46530405,0.4173177775415248,1076.9919861237697,49251.88246701551,105,41.0,4.849999904632568,3.0,8.0,apartamento,False,33.0,520.0,0.0,Morretes,-27.11400032043457,-48.61000061035156,30+
46550767,0.8651038936651488,786.5608836397934,72065.63972978976,105,42.0,4.809999942779541,3.0,8.0,apartamento,False,41.0,200.0,0.0,Meia Praia,-27.1326198578,-48.5984306335,30+
46598066,0.46423027308971876,1090.8458438543987,55270.31697825824,105,18.0,5.0,2.0,6.0,apartamento,False,129.0,250.0,0.0,Centro,-27.09461,-48.61287,11-30
46604700,0.30164818515945996,370.16963171211404,12363.819644915093,105,33.0,5.0,1.0,4.0,apartamento,False,13.0,100.0,0.0,Ilhota,-27.06739,-48.59626,30+
46678933,0.26572558644196315,783.4593149404926,23128.70821599398,105,8.0,5.0,3.0,7.0,apartamento,False,18.0,250.0,0.0,Meia Praia,-27.12766,-48.6052,3-10
46690986,0.17209674968508842,1256.344740955069,24234.730813937305,105,9.0,5.0,3.0,8.0,apartamento,False,45.0,250.0,0.0,Meia Praia,-27.13369,-48.60201,3-10
46704215,0.9879462253822223,547.47960388662,56834.655309167865,105,61.0,4.840000152587891,2.0,4.0,apartamento,False,13.0,100.0,0.0,Meia Praia,-27.13025283813477,-48.60078048706055,30+
46710652,0.717299955713801,616.5471153371412,47319.97032450199,105,16.0,4.940000057220459,3.0,9.0,apartamento,False,23.0,250.0,0.0,Meia Praia,-27.12696,-48.60653,11-30
46724379,0.2613073736413857,421.84914827716733,12251.525005769781,105,55.0,4.909999847412109,2.0,7.0,apartamento,False,28.0,199.0,0.0,Meia Praia,-27.13789,-48.59593,30+
46755580,0.781727849686484,306.7340788645038,25539.163093867308,105,11.0,4.909999847412109,1.0,2.0,casa,False,11.0,150.0,0.0,Casa Branca,-27.0897,-48.61935,11-30
46769078,0.2709291170649308,872.225033392394,26240.64104879617,105,13.0,4.920000076293945,3.0,8.0,apartamento,False,19.0,300.0,0.0,Meia Praia,-27.1331,-48.59806,11-30
46866680,0.7891659313137892,537.9963677256343,45197.26135908165,105,9.0,5.0,3.0,6.0,apartamento,False,8.0,300.0,0.0,Meia Praia,-27.1283,-48.60554,3-10
46878566,0.5261365797751546,525.5747458876976,30025.799847211652,105,20.0,4.800000190734863,3.0,6.0,apartamento,False,34.0,250.0,0.0,Centro,-27.09488,-48.61336,11-30
46896012,0.8526134524157779,667.9732274891998,60367.04315172441,105,14.0,4.929999828338623,3.0,8.0,apartamento,True,17.0,350.0,0.0,Meia Praia,-27.13048,-48.60246,11-30
46936020,0.8238644495519035,406.316250091305,35550.833771802994,105,68.0,4.989999771118164,2.0,6.0,apartamento,False,21.0,200.0,0.0,Morretes,-27.11841,-48.60977,30+
46990438,0.7560595763635635,532.8746348898727,42988.5676272558,105,17.0,5.0,2.0,6.0,apartamento,False,13.0,300.0,0.0,Centro,-27.0944309235,-48.6145896912,11-30
47000276,0.9370074565489294,681.5795386822082,67322.32314706915,105,28.0,4.820000171661377,3.0,8.0,apartamento,False,4.0,390.0,0.0,Meia Praia,-27.13907,-48.59049,11-30
47006355,0.878690970448703,721.4853938136889,67081.3203681538,105,27.0,4.929999828338623,3.0,8.0,apartamento,False,27.0,150.0,0.0,Meia Praia,-27.13593,-48.59386,11-30
47052262,0.810804964525292,445.4849139972826,38394.2436345101,105,19.0,4.889999866485596,3.0,7.0,apartamento,False,9.0,610.0,0.0,Centro,-27.09841,-48.61409,11-30
47089646,0.8091537562298673,549.0248953259796,47226.845631549826,105,15.0,5.0,2.0,7.0,apartamento,False,9.0,350.0,0.0,Centro,-27.09778,-48.61428,11-30
47172145,0.7224844642335437,661.034145575698,51081.88275630119,105,5.0,5.0,3.0,9.0,apartamento,False,32.0,300.0,0.0,Centro,-27.0956,-48.61805,3-10
47213093,0.9692948084128133,304.1109669169055,31010.12021915547,105,14.0,4.929999828338623,2.0,4.0,apartamento,False,17.0,250.0,0.0,Meia Praia,-27.13907,-48.59275,11-30
47222306,0.8486760794818183,210.94997605192697,18981.235137032705,105,65.0,4.96999979019165,1.0,5.0,apartamento,False,32.0,75.0,0.0,Morretes,-27.12273,-48.61557,30+
47232230,0.9827122020863206,882.464160628412,91154.09418938604,105,20.0,4.949999809265137,3.0,6.0,apartamento,False,61.0,400.0,0.0,Meia Praia,-27.14165,-48.58762,11-30
47254288,0.7604888631415765,518.2458342180574,42040.18590536738,105,38.0,4.96999979019165,3.0,6.0,apartamento,False,11.0,249.0,0.0,Meia Praia,-27.13393,-48.59852,30+
47260862,0.9294162864128932,565.7601204757696,55456.47996904972,105,24.0,5.0,2.0,8.0,apartamento,False,24.0,250.0,0.0,Meia Praia,-27.14253,-48.59484,11-30
47269826,0.9889542406242837,622.4856015440292,64683.03982089739,105,28.0,5.0,3.0,7.0,apartamento,False,41.0,400.0,0.0,Meia Praia,-27.14242,-48.58943,11-30
47325492,0.37864677498018856,682.5674980500075,28418.43825266342,105,11.0,5.0,3.0,8.0,apartamento,False,26.0,150.0,0.0,Meia Praia,-27.12907,-48.6067,11-30
47326216,0.39808081944088275,1178.6411790169957,51502.349583531766,105,8.0,5.0,3.0,8.0,apartamento,False,29.0,280.0,0.0,Meia Praia,-27.12118,-48.60636,3-10
47402735,0.6741971712135071,491.80639836690693,35590.41136863447,105,6.0,5.0,2.0,6.0,apartamento,False,11.0,610.0,0.0,Centro,-27.09939,-48.61525,3-10
47421617,0.9248614228688592,423.403088011131,41311.11607634015,105,7.0,4.710000038146973,2.0,5.0,apartamento,False,13.0,260.0,0.0,Centro,-27.09758,-48.61531,3-10
47543180,0.9294174893506099,280.17972176874184,27463.58303087968,105,42.0,4.809999942779541,2.0,5.0,casa,False,18.0,150.0,0.0,Centro,-27.09516,-48.61596,30+
47558531,0.2517549737079306,783.6536974579637,21946.896778271916,105,68.0,4.929999828338623,3.0,9.0,apartamento,False,32.0,300.0,0.0,Meia Praia,-27.13306,-48.59563,30+
47783121,0.9037263835541288,485.52578630715357,46352.91495602176,105,9.0,4.889999866485596,2.0,6.0,apartamento,False,17.0,250.0,0.0,Centro,-27.09734,-48.61534,3-10
47802450,0.9591873409129883,244.50891431901584,24688.155506796717,105,54.0,4.980000019073486,2.0,5.0,casa,False,39.0,100.0,0.0,Ilhota,-27.05884,-48.60226,30+
47816646,0.4641194570594351,516.9470562379128,26186.35381050025,105,19.0,4.840000152587891,2.0,4.0,apartamento,False,29.0,250.0,0.0,Ilhota,-27.06568,-48.59673,11-30
47891397,0.4803233282480234,534.5091051427597,27983.060880882113,105,8.0,5.0,3.0,6.0,apartamento,False,1.0,250.0,0.0,Meia Praia,-27.13258,-48.60086,3-10
47909482,0.7560595763635635,930.20459375837,75042.3466754613,105,26.0,5.0,3.0,12.0,apartamento,False,43.0,350.0,0.0,Meia Praia,-27.13404,-48.59595,11-30
48080102,0.9450760299380659,491.0188814030516,48892.47535723343,105,17.0,4.940000057220459,3.0,8.0,apartamento,False,10.0,250.0,0.0,Meia Praia,-27.13524,-48.59563,11-30
48109229,0.6494324619196686,568.2882574787845,39688.15749387816,105,15.0,4.670000076293945,2.0,6.0,apartamento,False,20.0,180.0,0.0,Meia Praia,-27.13648,-48.59504,11-30
48158176,0.9533975140604287,436.49119381980313,43822.611184962174,105,33.0,4.909999847412109,2.0,6.0,apartamento,False,18.0,280.0,0.0,Meia Praia,-27.13105,-48.5996,30+
48243472,0.9002206338449097,1281.1313577503072,121862.26108958168,105,49.0,5.0,3.0,8.0,apartamento,False,64.0,550.0,0.0,Centro,-27.09499931335449,-48.61399841308594,30+
48254075,0.9801518817725436,456.1191253213566,46999.52027087387,105,33.0,4.849999904632568,2.0,5.0,apartamento,False,31.0,300.0,0.0,Meia Praia,-27.13701,-48.59592,30+
48526011,0.6094279348937509,547.8302928072147,36012.688711828734,105,17.0,4.880000114440918,3.0,10.0,casa,False,20.0,300.0,0.0,Morretes,-27.11858,-48.61127,11-30
48624860,0.9922233679562655,362.19359299542856,37752.651015613854,105,13.0,4.920000076293945,2.0,7.0,apartamento,False,20.0,200.0,0.0,Meia Praia,-27.14062,-48.59507,11-30
48699117,0.9104044711769275,498.25135321924614,47898.61653449583,105,24.0,4.920000076293945,2.0,6.0,apartamento,False,16.0,250.0,0.0,Meia Praia,-27.13706,-48.59403,11-30
48848529,0.3295729381379348,1088.5526926038067,39622.315758028635,105,61.0,4.840000152587891,3.0,12.0,apartamento,False,15.0,350.0,0.0,Meia Praia,-27.13125,-48.60243,30+
48941838,0.9135860056611935,459.3677170043403,44305.82688254308,105,25.0,4.480000019073486,2.0,6.0,apartamento,False,24.0,180.0,0.0,Centro,-27.09509,-48.6124,11-30
49050392,0.8720773068934266,781.5768850859286,72152.91988605763,105,44.0,4.949999809265137,3.0,8.0,apartamento,False,35.0,150.0,0.0,Meia Praia,-27.13206,-48.59931,30+
49123621,0.37864677498018817,765.0602835297334,31852.994010362305,105,16.0,4.940000057220459,3.0,6.0,apartamento,False,21.0,300.0,0.0,Meia Praia,-27.12809,-48.60407,11-30
49369605,0.9857024648430066,269.17467559394345,27883.823166177302,105,12.0,4.75,3.0,8.0,apartamento,False,39.0,220.0,0.0,Meia Praia,-27.14059,-48.59244,11-30
49824103,0.9280844170716495,503.27499565269125,49265.11434298246,105,43.0,4.929999828338623,3.0,8.0,apartamento,False,37.0,250.0,0.0,Meia Praia,-27.1299991607666,-48.60300064086914,30+
49968308,0.9814501230530818,746.6688503610047,77034.10257902107,105,26.0,5.0,3.0,6.0,apartamento,False,16.0,250.0,0.0,Meia Praia,-27.13561,-48.59567,11-30
50047341,0.9626588206700614,391.1579046737597,39629.6630695787,105,81.0,4.78000020980835,3.0,8.0,apartamento,False,26.0,200.0,0.0,Meia Praia,-27.13452339172364,-48.596866607666016,30+
50059423,0.9493478874839156,550.1806252118038,55016.17795852405,105,145.0,4.929999828338623,2.0,6.0,apartamento,False,19.0,80.0,0.0,Meia Praia,-27.130732,-48.598942,30+
50085393,0.9764615248754055,599.0138113596524,61505.41799728022,105,37.0,4.96999979019165,3.0,11.0,apartamento,False,16.0,250.0,0.0,Meia Praia,-27.12674,-48.60404,30+
50243281,0.9278596952073337,568.0752018594615,55595.67952713755,105,10.0,5.0,3.0,6.0,apartamento,False,35.0,350.0,0.0,Meia Praia,-27.12536,-48.60665,3-10
50535771,0.8735482489270449,561.8023947749494,51946.409120489494,105,14.0,4.570000171661377,3.0,6.0,apartamento,False,15.0,200.0,0.0,Centro,-27.1054,-48.61253,11-30
50561328,0.9954890330896523,684.0758999741906,71523.80031531485,105,32.0,4.78000020980835,3.0,7.0,apartamento,False,32.0,200.0,0.0,Meia Praia,-27.12856,-48.6008,30+
50958684,0.6898118293887525,1061.574437116254,78511.06232114909,105,42.0,4.980000019073486,3.0,8.0,apartamento,False,67.0,495.0,0.0,Meia Praia,-27.13458,-48.59693,30+
51301217,0.5820273474747147,512.4493570019715,32241.173457544646,105,29.0,4.789999961853027,3.0,8.0,apartamento,False,21.0,275.0,0.0,Meia Praia,-27.13153,-48.60304,11-30
51403736,0.761761148637414,177.18852764941423,14396.31637086673,105,26.0,5.0,1.0,2.0,outros,False,14.0,100.0,0.0,Meia Praia,-27.12699,-48.60573,11-30
51405106,0.6400379708275716,909.6788970277456,62655.795404684846,105,32.0,4.880000114440918,3.0,8.0,apartamento,False,57.0,280.0,0.0,Meia Praia,-27.141209,-48.592384,30+
51453135,0.6780563018779495,640.5266414463773,46604.763628816865,105,13.0,4.849999904632568,3.0,8.0,apartamento,False,23.0,300.0,0.0,Meia Praia,-27.12209,-48.60704,11-30
51507847,0.9806104394146455,500.1823782797079,51562.53930383995,105,5.0,5.0,3.0,6.0,apartamento,False,23.0,300.0,0.0,Meia Praia,-27.12661,-48.60526,3-10
51669111,0.18768550801244846,742.0117791221592,15586.60409919363,105,8.0,5.0,3.0,8.0,apartamento,False,57.0,300.0,0.0,Meia Praia,-27.13891,-48.59301,3-10
51683537,0.9635234652675951,494.40430714755223,50132.21268680091,105,22.0,5.0,2.0,5.0,apartamento,False,14.0,300.0,0.0,Meia Praia,-27.130836,-48.599079,11-30
51785337,0.8651038936651488,360.0318480576414,32986.54432611522,105,9.0,5.0,2.0,6.0,apartamento,False,17.0,200.0,0.0,Morretes,-27.11956,-48.61128,3-10
51825638,0.6400379708275716,706.6772312951906,48673.68492976059,105,8.0,5.0,3.0,6.0,apartamento,False,13.0,50.0,0.0,Meia Praia,-27.14132,-48.59172,3-10
51861410,0.9801208993983078,643.8422576776977,66340.95626825995,105,26.0,4.960000038146973,3.0,7.0,casa,False,27.0,350.0,0.0,Varzea,-27.09874,-48.62054,11-30
51866473,0.9253598856249613,547.2228126234937,53419.18277686572,105,30.0,4.96999979019165,3.0,8.0,apartamento,False,23.0,250.0,0.0,Meia Praia,-27.12732,-48.60225,11-30
51983017,0.9522649258597462,654.3329750070098,65620.02029665787,105,41.0,5.0,2.0,5.0,apartamento,False,14.0,275.0,0.0,Meia Praia,-27.134571,-48.59547,30+
51990592,0.6978092625952179,916.2950262127372,68511.9764256542,105,44.0,4.929999828338623,3.0,12.0,apartamento,True,24.0,250.0,0.0,Meia Praia,-27.123768,-48.605423,30+
52025452,0.8027557319456694,448.6879110667948,38307.5573924309,105,36.0,4.559999942779541,3.0,8.0,apartamento,False,48.0,200.0,0.0,Meia Praia,-27.13402,-48.59875,30+
52059007,0.13099973234319456,933.4874807433129,13760.761562993466,105,1.0,5.0,2.0,6.0,apartamento,False,44.0,50.0,0.0,Centro,-27.09535,-48.6131,1-2
52172003,0.9370074565489293,382.95879092769525,37826.36363276466,105,25.0,5.0,2.0,6.0,apartamento,False,12.0,610.0,0.0,Centro,-27.09852,-48.6142,11-30
52214716,0.5510600317862981,1534.2302128758672,91616.85507225216,105,7.0,5.0,4.0,11.0,apartamento,True,31.0,350.0,0.0,Meia Praia,-27.13719,-48.59333,3-10
52266549,0.7275684949439916,711.4071738466498,55341.04711330758,105,14.0,4.789999961853027,3.0,8.0,apartamento,False,26.0,300.0,0.0,Morretes,-27.1147,-48.60836,11-30
52346232,0.847289819587209,726.5067964762092,65270.21209233994,105,47.0,4.769999980926514,3.0,8.0,apartamento,True,12.0,300.0,0.0,Meia Praia,-27.1279,-48.60001,30+
52348108,0.9330396446082326,625.5393574867948,61540.920665951795,105,25.0,4.760000228881836,2.0,6.0,apartamento,False,18.0,250.0,0.0,Meia Praia,-27.12175,-48.60798,11-30
52354467,0.810804964525292,619.1421582809656,53360.94247532883,105,20.0,4.900000095367432,3.0,6.0,apartamento,False,20.0,250.0,0.0,Meia Praia,-27.14266,-48.58799,11-30
52358821,0.27084345029900236,674.9170402835306,20298.428626231085,105,35.0,5.0,3.0,6.0,casa,False,28.0,250.0,0.0,Canto da Praia,-27.09022,-48.60523,30+
52365560,0.5207216675649113,349.62899707711165,19777.287139471482,105,10.0,4.800000190734863,1.0,4.0,apartamento,False,20.0,200.0,0.0,Meia Praia,-27.13252639770508,-48.60519790649414,3-10
52472131,0.225500537380923,675.8155059294644,16995.080013635637,105,19.0,4.840000152587891,2.0,6.0,apartamento,False,25.0,200.0,0.0,Meia Praia,-27.1355,-48.59625,11-30
52474050,0.97396785834251,775.2564465373473,79410.66938851435,105,41.0,4.929999828338623,2.0,7.0,apartamento,False,17.0,250.0,0.0,Meia Praia,-27.12652,-48.60601,30+
52530322,0.5410144526870913,507.2927134927108,29764.92250741926,105,11.0,4.909999847412109,2.0,6.0,apartamento,False,14.0,250.0,0.0,Meia Praia,-27.141527,-48.594387,11-30
52536443,0.9879136238915981,419.94183565963516,43593.4230746166,105,13.0,5.0,2.0,5.0,apartamento,False,13.0,260.0,0.0,Centro,-27.09896,-48.61409,11-30
52596621,0.06368228867084214,1060.5531981918127,7648.743874038637,105,11.0,5.0,3.0,6.0,apartamento,False,51.0,300.0,0.0,Meia Praia,-27.13582,-48.59379,11-30
52619006,0.8577457708953793,519.7556665084392,47238.68684200116,105,70.0,5.0,2.0,6.0,apartamento,False,70.0,260.0,0.0,Centro,-27.09687,-48.61349,30+
52627650,0.9870211693572291,318.050701031106,32988.278738535046,105,50.0,4.800000190734863,1.0,3.0,apartamento,False,7.0,200.0,0.0,Morretes,-27.12237,-48.61066,30+
52646204,0.7690894867653031,1038.6053987077753,85153.09542639114,105,12.0,5.0,4.0,10.0,apartamento,False,29.0,250.0,0.0,Meia Praia,-27.12354,-48.60619,11-30
52650644,0.6779250647264022,718.1559590137838,52243.473659579395,105,12.0,4.920000076293945,3.0,7.0,apartamento,False,13.0,150.0,0.0,Meia Praia,-27.13848,-48.59684,11-30
52652931,0.8573989745981949,466.63261963195015,42394.36007111565,105,18.0,5.0,2.0,5.0,apartamento,False,27.0,250.0,0.0,Meia Praia,-27.13172,-48.60008,11-30
52670832,0.9954890330896523,598.6281872819326,62589.784162674405,105,27.0,4.929999828338623,3.0,8.0,apartamento,False,88.0,300.0,0.0,Meia Praia,-27.131212,-48.598259,11-30
52758042,0.050504042626390605,3028.9564696075972,17345.80616680224,105,1.0,5.0,4.0,8.0,apartamento,True,50.0,300.0,0.0,Meia Praia,-27.14416,-48.58964,1-2
52826190,0.9294174893506099,361.12324256121565,35397.77287896114,105,12.0,4.75,2.0,6.0,casa,False,8.0,250.0,0.0,Morretes,-27.1211395264,-48.6170883179,11-30
52884842,0.20321608643376712,1865.129030043864,42357.84720226041,105,5.0,5.0,4.0,10.0,apartamento,False,29.0,200.0,0.0,Meia Praia,-27.13071,-48.60049,3-10
52969803,0.7560595763635635,383.22202217090955,30915.650206830585,105,27.0,5.0,2.0,5.0,apartamento,False,30.0,160.0,0.0,Centro,-27.09458,-48.61383,11-30
53008127,0.87652492147347,339.00182079758247,31446.051379436336,105,34.0,4.849999904632568,3.0,9.0,apartamento,False,9.0,250.0,0.0,Meia Praia,-27.131344,-48.601601,30+
53077335,0.9879462253822223,1177.8971930280934,122279.22370100216,105,7.0,5.0,3.0,7.0,apartamento,False,18.0,250.0,0.0,Centro,-27.097563,-48.616962,3-10
53113087,0.8965972401961317,561.35413128125,53194.07650049143,105,12.0,5.0,3.0,8.0,apartamento,False,19.0,300.0,0.0,Meia Praia,-27.12912,-48.60299,11-30
53133732,0.5345582909256102,818.9234727441433,47500.983022771485,105,10.0,5.0,2.0,6.0,apartamento,True,36.0,350.0,0.0,Meia Praia,-27.13867,-48.59181,3-10
53143021,0.8298649500572663,652.2104169920296,57457.699571997786,105,14.0,4.710000038146973,2.0,6.0,apartamento,False,14.0,250.0,0.0,Meia Praia,-27.132378,-48.597416,11-30
53154219,0.37864677498018856,648.3277194030757,26992.87808748924,105,27.0,4.849999904632568,2.0,5.0,apartamento,False,21.0,300.0,0.0,Meia Praia,-27.1395,-48.59329,11-30
53175731,0.059044469730882086,1055.7845306370766,7062.892874281533,105,7.0,5.0,3.0,7.0,apartamento,False,25.0,360.0,0.0,Meia Praia,-27.13184928894043,-48.59804916381836,3-10
53190433,0.9608976616931538,931.443274968848,94205.74958319849,105,20.0,4.699999809265137,3.0,8.0,apartamento,False,26.0,350.0,0.0,Centro,-27.0956,-48.61421,11-30
53195241,0.38838509792775305,1903.3467937677485,81213.07095362598,105,12.0,4.920000076293945,4.0,10.0,apartamento,False,36.0,350.0,0.0,Meia Praia,-27.12357,-48.60636,11-30
53240300,0.5826529146296932,1069.59504069438,67363.46325156486,105,15.0,4.929999828338623,3.0,14.0,apartamento,False,28.0,350.0,0.0,Meia Praia,-27.1411,-48.59305,11-30
53280496,0.9731343938631396,453.7102909229061,46436.86153765046,105,12.0,5.0,3.0,7.0,apartamento,False,24.0,260.0,0.0,Centro,-27.0991,-48.61369,11-30
53314692,0.8526134524157779,717.376795236186,64831.813869020385,105,19.0,4.579999923706055,1.0,5.0,apartamento,False,86.0,250.0,0.0,Centro,-27.09766,-48.61253,11-30
53325047,0.8829117401350945,515.1761825563744,48116.1113073633,105,20.0,4.900000095367432,2.0,6.0,apartamento,False,38.0,250.0,0.0,Meia Praia,-27.12604,-48.6031,11-30
53337464,0.21934114639581942,664.1904616083466,16256.00788618322,105,14.0,5.0,2.0,6.0,apartamento,False,11.0,250.0,0.0,Meia Praia,-27.14161,-48.58837,11-30
53340772,0.7732642649216364,530.8345739702892,43745.459340894726,105,17.0,5.0,3.0,7.0,apartamento,False,15.0,300.0,0.0,Meia Praia,-27.1317806244,-48.5987701416,11-30
53365226,0.7743681268615976,344.9894251969042,28468.561626494855,105,20.0,4.650000095367432,2.0,5.0,apartamento,False,14.0,200.0,0.0,Meia Praia,-27.144073486328125,-48.58872985839844,11-30
53445765,0.8651038936651488,436.62204544482813,40003.82892104322,105,24.0,5.0,2.0,6.0,apartamento,False,11.0,200.0,0.0,Meia Praia,-27.13015,-48.60173,11-30
53448627,0.9676944827794896,491.3231219859747,50022.38467570509,105,6.0,5.0,3.0,12.0,apartamento,False,10.0,290.0,0.0,Meia Praia,-27.14387,-48.58931,3-10
53458717,0.8928510210073614,444.6779107499602,41971.9888616373,105,11.0,5.0,3.0,6.0,apartamento,False,21.0,200.0,0.0,Meia Praia,-27.13854,-48.59464,11-30
53474066,0.9483014700668305,1024.6570535897263,102356.02519662151,105,15.0,4.670000076293945,3.0,7.0,apartamento,False,21.0,200.0,0.0,Centro,-27.10185,-48.61511,11-30
53492577,0.9553293676844271,341.41036956499164,34342.0115570878,105,15.0,4.929999828338623,3.0,8.0,apartamento,False,21.0,300.0,0.0,Meia Praia,-27.12491,-48.60564,11-30
53581602,0.7120132721769489,557.566083530572,42494.08368408183,105,6.0,5.0,3.0,8.0,apartamento,False,28.0,250.0,0.0,Centro,-27.09575,-48.61526,3-10
53605382,0.9092281561360545,767.7240806926106,73714.1985637585,105,66.0,4.920000076293945,4.0,7.0,apartamento,False,25.0,300.0,0.0,Centro,-27.09658,-48.61303,30+
53643568,0.9731343938631396,608.3235705944999,62261.398921158485,105,19.0,5.0,3.0,7.0,apartamento,True,52.0,199.0,0.0,Meia Praia,-27.13755,-48.59968,11-30
53645678,0.8038991556593251,790.6921494671479,67597.6376100907,105,13.0,5.0,3.0,7.0,apartamento,False,20.0,300.0,0.0,Meia Praia,-27.13588,-48.59957,11-30
53656846,0.8810042785019363,255.53200844726902,23817.445090874702,105,40.0,4.849999904632568,1.0,2.0,casa,False,15.0,150.0,0.0,Alto Sao Bento,-27.08743,-48.61068,30+
53669499,0.7422349574044765,679.0761716384571,53834.23086404443,105,58.0,4.900000095367432,3.0,6.0,apartamento,True,20.0,200.0,0.0,Meia Praia,-27.12877,-48.60177,30+
53671997,0.9681546274726036,442.47773609053,45069.4831630739,105,12.0,4.920000076293945,2.0,6.0,apartamento,False,21.0,250.0,0.0,Meia Praia,-27.13499,-48.59574,11-30
53717416,0.7374420048493437,708.4611211485912,55820.18699440758,105,34.0,4.5,3.0,6.0,apartamento,True,6.0,484.0,0.0,Meia Praia,-27.1319999695,-48.5999984741,30+
53733977,0.9382095582343831,407.34189683230494,40283.31812440733,105,39.0,4.949999809265137,2.0,4.0,apartamento,False,19.0,220.0,0.0,Meia Praia,-27.13436,-48.60539,30+
53738511,0.6595722005230809,469.6096641111975,33283.269848802265,105,81.0,4.829999923706055,2.0,5.0,apartamento,True,22.0,200.0,0.0,Meia Praia,-27.14046,-48.59394,30+
53794321,0.7604888631415766,709.8279572374703,57581.35871582207,105,17.0,4.880000114440918,2.0,5.0,apartamento,False,27.0,250.0,0.0,Meia Praia,-27.144075,-48.588612,11-30
53796581,0.7209132956173171,1134.7177262914647,87505.36419439096,105,6.0,5.0,4.0,12.0,apartamento,False,29.0,400.0,0.0,Morretes,-27.11673,-48.60955,3-10
53803935,0.9723230568506285,597.3503248174652,61090.4141833131,105,13.0,4.849999904632568,3.0,12.0,apartamento,False,18.0,290.0,0.0,Meia Praia,-27.14353,-48.58944,11-30
53815397,0.49078474555667884,242.9651762505461,12985.595783789551,105,86.0,4.929999828338623,1.0,2.0,apartamento,False,30.0,0.0,0.0,Alto Sao Bento,-27.08593,-48.61291,30+
53825192,0.9320212997785369,882.7066369664542,86752.03855177884,105,65.0,4.889999866485596,3.0,7.0,apartamento,True,1.0,200.0,0.0,Meia Praia,-27.135511,-48.598106,30+
53893648,0.8743206531008922,679.6016120156328,62890.93567698309,105,18.0,5.0,2.0,6.0,apartamento,False,5.0,250.0,0.0,Meia Praia,-27.13708,-48.59322,11-30
53899162,0.49078474555667884,307.5331524328009,16436.51682613472,105,20.0,4.900000095367432,2.0,7.0,apartamento,False,9.0,180.0,0.0,Meia Praia,-27.14542,-48.5879,11-30
53903158,0.7422349574044765,1233.2581713282493,97767.39029152878,105,17.0,4.940000057220459,3.0,8.0,apartamento,False,19.0,400.0,0.0,Morretes,-27.1140804291,-48.6089096069,11-30
53914255,0.9166683144613449,574.1146513429621,55548.91217611087,105,8.0,5.0,2.0,5.0,apartamento,True,12.0,300.0,0.0,Meia Praia,-27.12743,-48.60484,3-10
53915734,0.7604888631415765,499.33751814205374,40506.34024659422,105,95.0,4.75,2.0,4.0,apartamento,True,79.0,300.0,0.0,Morretes,-27.11812,-48.61205,30+
53918137,0.6667173588199481,442.2469194107604,31666.549136927333,105,14.0,4.929999828338623,2.0,6.0,apartamento,False,12.0,290.0,0.0,Meia Praia,-27.13368,-48.59851,11-30
53936201,0.9332952443589684,883.1561618239698,86907.79497869937,105,34.0,4.760000228881836,3.0,6.0,apartamento,True,57.0,417.0,0.0,Meia Praia,-27.1370506287,-48.5928611755,30+
53972959,0.7853068039542621,996.8178339231436,83355.83609597638,105,13.0,4.769999980926514,3.0,6.0,apartamento,False,19.0,400.0,0.0,Meia Praia,-27.12606,-48.60417,11-30
53973724,0.8141732046155117,642.0908423861965,55555.86653969964,105,15.0,4.929999828338623,3.0,6.0,apartamento,False,24.0,300.0,0.0,Meia Praia,-27.138261795043945,-48.59214019775391,11-30
53986731,0.9839371812813202,362.1793239157863,37455.08588403533,105,31.0,4.940000057220459,3.0,6.0,apartamento,False,15.0,250.0,0.0,Centro,-27.09297,-48.61155,30+
54005716,0.8810042785019363,856.8580865221885,79865.4170584096,105,43.0,4.860000133514404,1.0,4.0,casa,False,41.0,220.0,0.0,none,-27.0917,-48.64525,30+
54020562,0.9522649258597462,334.5311241175127,33548.57540875085,105,16.0,4.880000114440918,3.0,7.0,casa,False,14.0,0.0,0.0,Centro,-27.08848,-48.61129,11-30
54145466,0.1846492335455825,1952.2866714071736,40357.75017560077,105,0.0,0.0,4.0,8.0,apartamento,False,27.0,200.0,0.0,Meia Praia,-27.14099,-48.59296,0
54167570,0.6264188006880705,1496.6285637757085,100994.45649516776,105,8.0,5.0,3.0,15.0,apartamento,False,30.0,150.0,0.0,Meia Praia,-27.139,-48.59015,3-10
54237040,0.6741971712135071,761.380025474621,55098.56806353932,105,9.0,5.0,3.0,8.0,apartamento,False,17.0,350.0,0.0,Meia Praia,-27.125023,-48.605911,3-10
54245203,0.9668800253393732,537.704974307587,54701.30539572139,105,8.0,5.0,2.0,5.0,apartamento,False,12.0,200.0,0.0,Meia Praia,-27.13743,-48.59675,3-10
54246694,0.300112093696549,762.6476919104593,25346.628715315906,105,10.0,5.0,3.0,8.0,apartamento,False,16.0,300.0,0.0,Meia Praia,-27.12549,-48.60478,3-10
54287612,0.8765249214734698,455.80947428092406,42281.212867084454,105,10.0,4.900000095367432,2.0,6.0,apartamento,False,11.0,610.0,0.0,Centro,-27.09865,-48.61512,3-10
54365625,0.40927982200844726,703.4172609832596,31570.479957230917,105,10.0,4.300000190734863,3.0,8.0,casa,False,12.0,180.0,0.0,Ilhota,-27.0600700378,-48.599521637,3-10
525472560929976068,0.47336838660674996,1099.1817846679076,56745.17238330511,105,18.0,4.940000057220459,3.0,8.0,apartamento,False,25.0,350.0,0.0,Meia Praia,-27.138884,-48.591633,11-30
543584528464360785,0.7577775850988689,413.1890977956001,33404.86635293026,105,26.0,4.920000076293945,2.0,6.0,apartamento,False,25.0,350.0,0.0,Meia Praia,-27.135307,-48.597923,11-30
549056203343531816,0.9513993586194428,560.039468672883,56115.77559836667,105,24.0,5.0,3.0,8.0,apartamento,False,32.0,200.0,0.0,Meia Praia,-27.13664,-48.59714,11-30
552912581186899747,0.8338728210032567,1352.6361624510728,119706.0735070918,105,19.0,5.0,7.0,16.0,casa,False,15.0,250.0,0.0,Meia Praia,-27.119652,-48.608742,11-30
553578003486746447,0.9819827604964988,643.6040170398342,66434.70568315012,105,16.0,4.809999942779541,2.0,6.0,apartamento,False,23.0,280.0,0.0,Meia Praia,-27.13445,-48.596,11-30
557386903732882183,0.7864673781907608,1158.9264149888766,97047.06205042407,105,6.0,5.0,3.0,9.0,apartamento,False,33.0,300.0,0.0,Meia Praia,-27.13484,-48.59793,3-10
572368704250611987,0.9248614228688592,565.6422233622161,55189.27992887316,105,35.0,4.860000133514404,2.0,5.0,apartamento,False,21.0,200.0,0.0,Meia Praia,-27.13214,-48.59797,30+
573122310094338767,0.9211146266778962,702.1654607396682,68248.59751227178,105,15.0,4.929999828338623,3.0,6.0,apartamento,False,22.0,300.0,0.0,Meia Praia,-27.1259543281,-48.603679575,11-30
577333685681759877,0.9428508979705441,585.4376623432258,58165.03565545677,105,55.0,4.849999904632568,2.0,6.0,apartamento,False,33.0,200.0,0.0,Meia Praia,-27.13742,-48.59424,30+
577547502503396579,0.833084624759183,716.2853201481963,63333.52629204407,105,26.0,4.849999904632568,2.0,4.0,apartamento,False,29.0,250.0,0.0,Meia Praia,-27.137562,-48.592739,11-30
580407424598756855,0.9746076819864772,461.3644385969964,47287.404708032605,105,11.0,5.0,3.0,10.0,apartamento,False,33.0,270.0,0.0,Meia Praia,-27.13282,-48.59775,11-30
580589381711973141,0.7980610651020051,420.84502523009604,35731.84894434493,105,11.0,5.0,2.0,4.0,apartamento,False,16.0,180.0,0.0,Morretes,-27.12061,-48.60943,11-30
599368528094352718,0.9814501230530818,443.30303835462905,45735.73909463531,105,48.0,4.960000038146973,3.0,6.0,apartamento,False,73.0,300.0,0.0,Meia Praia,-27.136614,-48.596977,30+
604521043281534642,0.9582147135065826,811.5193823944801,81861.32841150888,105,40.0,4.949999809265137,4.0,7.0,apartamento,False,26.0,300.0,0.0,Centro,-27.097000122070312,-48.61399841308594,30+
605748852048435444,0.8300804282061228,481.99660578042284,42472.80067088194,105,33.0,5.0,3.0,6.0,apartamento,False,30.0,250.0,0.0,Meia Praia,-27.132032,-48.60078,30+
610155932497817911,0.6400379708275715,520.7307664256211,35866.28256266267,105,85.0,4.880000114440918,2.0,5.0,apartamento,True,30.0,200.0,0.0,Canto da Praia,-27.089041,-48.609604,30+
612245203931813020,0.7648315909623111,769.0015283680152,62718.55190685711,105,24.0,4.920000076293945,4.0,9.0,apartamento,False,18.0,300.0,0.0,Meia Praia,-27.12744,-48.60161,11-30
613221032690703355,0.9280844170716495,729.490413007052,71409.1280499517,105,23.0,4.909999847412109,3.0,8.0,apartamento,False,38.0,300.0,0.0,Meia Praia,-27.14196,-48.58879,11-30
618150693526656201,0.8395023566252048,304.4174467703989,27112.02574704932,105,28.0,4.860000133514404,2.0,6.0,apartamento,False,19.0,150.0,0.0,Meia Praia,-27.135462,-48.599304,11-30
618943952389206201,0.5749340067128803,531.4510136608138,33047.67384142213,105,13.0,4.849999904632568,2.0,6.0,apartamento,False,13.0,360.0,0.0,Meia Praia,-27.138018,-48.592251,11-30
621626596784793972,0.8838109196265829,524.567581058295,49040.24623546909,105,39.0,5.0,3.0,8.0,apartamento,False,105.0,310.0,0.0,Meia Praia,-27.11923,-48.60638,30+
622878708674009200,0.5389613431065216,709.0029809508819,41449.09138015158,105,5.0,5.0,2.0,8.0,apartamento,False,13.0,300.0,0.0,Meia Praia,-27.13289,-48.59809,3-10
627388721154300829,0.9652218076314295,499.4339247219023,50726.078312028534,105,38.0,4.869999885559082,3.0,8.0,apartamento,False,24.0,270.0,0.0,Meia Praia,-27.128237,-48.603851,30+
628340205412932131,0.9908961614287635,429.19240919970997,44679.98237034197,105,27.0,4.960000038146973,1.0,4.0,apartamento,False,34.0,60.0,0.0,Morretes,-27.115776,-48.610996,11-30
628897724940732017,0.9634870079538119,879.4808493363767,89175.50441299553,105,21.0,4.949999809265137,4.0,10.0,apartamento,False,24.0,250.0,0.0,Meia Praia,-27.13028,-48.60231,11-30
629724091250673746,0.855202988900498,678.6788352442961,61510.19662364504,105,46.0,4.71999979019165,2.0,6.0,apartamento,True,18.0,400.0,0.0,Meia Praia,-27.138999939,-48.5909996033,30+
630326155301078742,0.9199465228957516,392.2915581604163,38084.18897873036,105,17.0,4.880000114440918,2.0,6.0,apartamento,False,27.0,250.0,0.0,Meia Praia,-27.13633,-48.59653,11-30
633809099013662442,0.9294162864128932,535.2470225612701,52465.549816768755,105,40.0,4.980000019073486,3.0,7.0,apartamento,False,14.0,250.0,0.0,Meia Praia,-27.13237953186035,-48.598140716552734,30+
639163267116212627,0.9894464958138274,100.88065841077284,10487.498825129158,105,23.0,5.0,1.0,2.0,outros,,33.0,0.0,0.0,Tabuleiro dos Oliveiras,-27.11508,-48.60987,11-30
639216644351145145,0.9827004783417792,1157.364097229797,119548.5309756029,105,29.0,4.96999979019165,5.0,14.0,apartamento,False,32.0,450.0,0.0,Meia Praia,-27.129429,-48.602386,11-30
645092818132652927,0.9522649258597462,391.11289529869714,39222.89890328419,105,38.0,4.949999809265137,2.0,6.0,apartamento,False,10.0,150.0,0.0,Meia Praia,-27.12332,-48.60587,30+
667324814851452653,0.7732642649216364,963.0258965162217,79361.8431542422,105,6.0,5.0,3.0,12.0,apartamento,False,26.0,250.0,0.0,Meia Praia,-27.14419,-48.58928,3-10
668715506986619718,0.9181735447020879,639.4202274308127,61963.19463979426,105,17.0,4.940000057220459,3.0,8.0,apartamento,False,14.0,320.0,0.0,Meia Praia,-27.1315382903,-48.5999644484,11-30
670778657683556451,0.9345506670946035,916.6541747067998,90318.3096385078,105,6.0,5.0,3.0,8.0,apartamento,False,21.0,300.0,0.0,Meia Praia,-27.1304644,-48.5999387,3-10
673825002694927178,0.92255143324476,781.5887431071566,76079.81225890593,105,9.0,5.0,3.0,8.0,apartamento,False,24.0,300.0,0.0,Meia Praia,-27.12955,-48.60092,3-10
673826204715344716,0.8869894212288661,940.0392157385911,88179.12504228165,105,7.0,5.0,3.0,8.0,apartamento,False,20.0,300.0,0.0,Meia Praia,-27.13078,-48.59923,3-10
673826267743797671,0.9562993731459645,827.0497412131355,83271.21026427919,105,14.0,4.929999828338623,3.0,8.0,apartamento,False,23.0,300.0,0.0,Meia Praia,-27.13111,-48.59955,11-30
674566887638611404,0.9320212997785369,556.3358333652433,54676.452677076406,105,15.0,5.0,3.0,6.0,apartamento,False,25.0,420.0,0.0,Meia Praia,-27.1280719,-48.6037175,11-30
675242237586865339,0.6264188006880705,500.28183762934685,33759.67391555922,105,6.0,5.0,2.0,6.0,apartamento,False,11.0,250.0,0.0,Morretes,-27.1178901266,-48.6103804037,3-10
676838365540390245,0.977221554085378,315.66770738670283,32435.75857349796,105,8.0,5.0,2.0,6.0,apartamento,False,16.0,200.0,0.0,Meia Praia,-27.120297,-48.6080199,3-10
678242953903453952,0.8965972401961319,402.3490943990502,38126.71416262079,105,10.0,5.0,2.0,6.0,apartamento,False,25.0,200.0,0.0,Meia Praia,-27.13409,-48.59766,3-10
679166677359467385,0.5261365797751546,1173.1763901440463,67022.93013802124,105,7.0,5.0,3.0,10.0,apartamento,True,32.0,350.0,0.0,Meia Praia,-27.13449,-48.59377,3-10
681139047695558927,0.8522545418787036,213.1599347931355,19256.3505708314,105,22.0,4.730000019073486,2.0,4.0,apartamento,False,11.0,260.0,0.0,Morretes,-27.1191261793,-48.6119957641,11-30
681894806923375678,0.9267324243210402,768.6860032151529,75142.83048666212,105,19.0,5.0,3.0,8.0,apartamento,False,16.0,300.0,0.0,Meia Praia,-27.13073,-48.59938,11-30
684782448665574114,0.8526134524157779,680.8365869277255,61529.549285720896,105,29.0,5.0,3.0,9.0,apartamento,False,37.0,250.0,0.0,Meia Praia,-27.12936,-48.60297,11-30
686743101124580615,0.9640178648025127,797.5134050396116,80906.22720033569,105,6.0,5.0,3.0,8.0,apartamento,False,20.0,300.0,0.0,Meia Praia,-27.13114,-48.60092,3-10
687757820659405525,0.2517549737079306,591.3163921791676,16560.324878901596,105,8.0,5.0,2.0,6.0,apartamento,False,22.0,220.0,0.0,Morretes,-27.1179432516,-48.6103539169,3-10
693024169316156606,0.8928510210073614,604.8962173362758,57094.57718209129,105,29.0,4.71999979019165,2.0,6.0,apartamento,False,12.0,200.0,0.0,Meia Praia,-27.1371247,-48.594679,11-30
694313018923554703,0.9716256811809705,1051.5054393029097,107463.94624260748,105,5.0,5.0,3.0,7.0,apartamento,True,26.0,380.0,0.0,Meia Praia,-27.14393,-48.58896,3-10
694947516825280143,0.9820857358606633,396.47420399704276,40929.267313391036,105,24.0,5.0,3.0,8.0,apartamento,False,23.0,500.0,0.0,Meia Praia,-27.1302070834,-48.6008587105,11-30
703527486074504582,0.7604888631415765,357.4074475862856,28992.94996391263,105,18.0,4.940000057220459,2.0,5.0,apartamento,False,35.0,300.0,0.0,Meia Praia,-27.1405906677,-48.5980682373,11-30
703538637731385185,0.6658487444121028,439.0335198039248,31397.54046642488,105,22.0,4.820000171661377,2.0,6.0,apartamento,,17.0,0.0,0.0,Meia Praia,-27.13524,-48.59871,11-30
703678241822238330,0.7577775850988688,362.0903290646642,29273.71296731839,105,15.0,4.929999828338623,2.0,5.0,apartamento,False,9.0,300.0,0.0,Meia Praia,-27.14152,-48.59796,11-30
705946468067026302,0.8141732046155117,481.5860738569511,41668.45231298672,105,22.0,5.0,2.0,6.0,apartamento,False,26.0,300.0,0.0,Meia Praia,-27.14038,-48.59706,11-30
708045427082372124,0.13852009100695753,1279.2985842249695,19926.730752887917,105,8.0,5.0,2.0,5.0,apartamento,False,15.0,250.0,0.0,Centro,-27.0943841485,-48.6122039706,3-10
711032530664362412,0.9294995309509375,187.72351268134705,18402.43223385978,105,13.0,5.0,1.0,2.0,casa,False,7.0,80.0,0.0,Varzea,-27.09522,-48.61969,11-30
716703779507124462,0.49078474555667884,720.9819775260689,38533.83712032984,105,10.0,4.800000190734863,2.0,6.0,apartamento,True,19.0,300.0,0.0,Meia Praia,-27.124883,-48.603892,3-10
718922870189236806,0.9512054567859761,1922.0994191892264,192556.85119899118,105,13.0,5.0,5.0,16.0,apartamento,False,30.0,500.0,0.0,Meia Praia,-27.13152,-48.59645,11-30
719355891470345652,0.5510600317862981,581.8796719679187,34747.05759851158,105,9.0,5.0,2.0,6.0,apartamento,False,24.0,300.0,0.0,Meia Praia,-27.1386,-48.59121,3-10
721143022842232721,0.7063100263334593,523.7288565057685,39611.95566929192,105,13.0,4.460000038146973,3.0,8.0,apartamento,False,9.0,200.0,0.0,Meia Praia,-27.12386,-48.60724,11-30
721635424816164605,0.8602428410523177,835.1209907205093,76109.39925566185,105,14.0,5.0,3.0,8.0,apartamento,False,36.0,310.0,0.0,Meia Praia,-27.1440118,-48.5887433,11-30
725205326528652381,0.9915658961408166,486.164352721518,50643.01488021381,105,20.0,4.849999904632568,3.0,7.0,casa,False,25.0,100.0,0.0,Meia Praia,-27.1418691947,-48.5948046884,11-30
725867973010290782,0.7773576250295698,528.0359248107756,43732.65191366989,105,26.0,5.0,2.0,6.0,apartamento,False,46.0,300.0,0.0,Meia Praia,-27.1405391693,-48.5942497253,11-30
728531681504670920,0.9334982666833804,167.29606239915972,16466.29111620848,105,55.0,4.840000152587891,2.0,10.0,apartamento,False,16.0,250.0,0.0,Tabuleiro dos Oliveiras,-27.1076568035,-48.6166237721,30+
730437501239201082,0.38838509792775305,691.4995236795016,29505.29039945128,105,11.0,4.820000171661377,3.0,8.0,apartamento,False,20.0,350.0,0.0,Meia Praia,-27.13304,-48.59873,11-30
730503580289648392,0.9888152928942624,635.9805491554905,66076.59451788574,105,8.0,4.880000114440918,2.0,6.0,apartamento,False,21.0,250.0,0.0,Centro,-27.1040166852,-48.6141370973,3-10
730553947980169722,0.7422349574044765,911.5408808507784,72263.03067494674,105,7.0,5.0,3.0,8.0,apartamento,False,22.0,300.0,0.0,Centro,-27.0956,-48.61182,3-10
731853350375474350,0.9444798483769229,726.6821312438519,72315.37819670905,105,10.0,5.0,2.0,6.0,apartamento,False,17.0,150.0,0.0,Morretes,-27.118879085,-48.6136382818,3-10
732572931172602640,0.7181610400051874,326.9480813007739,25121.810318924396,105,14.0,4.860000133514404,1.0,4.0,apartamento,False,33.0,0.0,0.0,Alto Sao Bento,-27.08693,-48.61496,11-30
734707774394612996,0.7864673781907608,1477.4493635701187,123719.77910618686,105,36.0,5.0,3.0,9.0,apartamento,False,23.0,250.0,0.0,Meia Praia,-27.11862,-48.60651,30+
734774611454860165,0.833084624759183,663.0187887628499,58623.7309478063,105,10.0,4.900000095367432,4.0,8.0,apartamento,False,29.0,300.0,0.0,Meia Praia,-27.13800048828125,-48.59299850463867,3-10
734843676958831992,0.9418907054936632,449.52692017514863,44619.11855009378,105,64.0,4.769999980926514,2.0,6.0,apartamento,False,15.0,200.0,0.0,Meia Praia,-27.1235414568,-48.6043343693,30+
734991572208138176,0.2868643546444113,257.11647275093173,8178.093060915241,105,40.0,4.949999809265137,1.0,3.0,apartamento,False,8.0,80.0,0.0,Centro,-27.0939,-48.61322,30+
735732850757918650,0.9513993586194428,1332.7305359947813,133539.1733518286,105,15.0,4.730000019073486,3.0,6.0,apartamento,True,43.0,200.0,0.0,Meia Praia,-27.124357223510746,-48.60388946533203,11-30
739015384619300207,0.7560595763635635,1627.5450944708318,131298.86051815428,105,45.0,4.869999885559082,4.0,12.0,apartamento,True,66.0,300.0,0.0,Meia Praia,-27.12201,-48.60579,30+
739663897909156017,0.49078474555667884,724.1080396487397,38700.91365263979,105,14.0,4.929999828338623,2.0,5.0,apartamento,False,8.0,0.0,0.0,Meia Praia,-27.134,-48.59944,11-30
742262889162653132,0.7542984059472096,183.04360614547713,14734.10710230238,105,14.0,4.710000038146973,1.0,2.0,casa,False,35.0,100.0,0.0,Sertaozinho,-27.0809402466,-48.6135787964,11-30
744210382596366805,0.8947398175530679,559.2818527416582,52894.3144137356,105,7.0,5.0,3.0,6.0,apartamento,False,18.0,250.0,0.0,Meia Praia,-27.1356169252,-48.6014012963,3-10
745632820094188215,0.9879109800136999,649.9188330643066,67466.7610066507,105,7.0,5.0,3.0,8.0,apartamento,False,44.0,400.0,0.0,Meia Praia,-27.12774,-48.60623,3-10
746451645715267085,0.20538856711019235,1005.0056204141986,23063.32129330366,105,7.0,5.0,3.0,9.0,apartamento,False,20.0,400.0,0.0,Meia Praia,-27.1308307648,-48.6016616821,3-10
748336742434217963,0.929416286412893,529.4822040706875,51900.47545118894,105,45.0,4.869999885559082,2.0,6.0,apartamento,False,25.0,200.0,0.0,Meia Praia,-27.1281795502,-48.6033706665,30+
753461577197808016,0.567094918822028,848.8598323660441,52098.03787974433,105,16.0,5.0,3.0,6.0,apartamento,False,21.0,300.0,0.0,Meia Praia,-27.141,-48.58987,11-30
753566944813003124,0.6123162943882355,577.0791114828679,38106.69347700793,105,15.0,4.929999828338623,1.0,3.0,apartamento,False,37.0,200.0,0.0,Centro,-27.1009998322,-48.6139984131,11-30
754141022905987471,0.5002148181084021,770.4564989055564,41936.41597931861,105,15.0,4.929999828338623,3.0,8.0,apartamento,False,17.0,250.0,0.0,Meia Praia,-27.1267204285,-48.6050186157,11-30
754375397775403281,0.17058755303816228,857.4578962513528,16397.570626753448,105,8.0,5.0,3.0,6.0,apartamento,False,25.0,250.0,0.0,Meia Praia,-27.12255,-48.60682,3-10
754796838418506202,0.7422349574044765,589.74131683108,46752.14876668186,105,12.0,5.0,3.0,9.0,apartamento,False,35.0,350.0,0.0,Meia Praia,-27.12502,-48.60405,11-30
756997201912524343,0.17058755303816234,939.3419437331031,17963.477778179156,105,6.0,5.0,3.0,8.0,apartamento,False,14.0,300.0,0.0,Meia Praia,-27.12545,-48.60509,3-10
758758164947604865,0.3908067145889049,162.55089560371914,6977.565447373636,105,14.0,4.860000133514404,1.0,2.0,outros,False,7.0,100.0,0.0,Meia Praia,-27.1369991302,-48.6030006409,11-30
760805979001764233,0.9928559528006822,457.215842213406,47685.660831241155,105,9.0,4.78000020980835,3.0,9.0,casa,False,19.0,280.0,0.0,Meia Praia,-27.14200019836425,-48.595001220703125,3-10
762112217871324562,0.87652492147347,618.276731271836,57351.79183563476,105,40.0,4.929999828338623,3.0,7.0,apartamento,False,45.0,200.0,0.0,Meia Praia,-27.1306991577,-48.6009597778,30+
762192750283483456,0.574233415392728,377.50956061116784,23447.694599145445,105,14.0,4.929999828338623,2.0,4.0,apartamento,False,15.0,120.0,0.0,Meia Praia,-27.1245994568,-48.6078186035,11-30
762916089194134311,0.039465223462949894,1016.5163118047573,4553.5584123402705,105,3.0,5.0,2.0,5.0,apartamento,False,6.0,170.0,0.0,Centro,-27.09348,-48.61434,3-10
766052072199682693,0.8577457708953792,678.0974715136665,61629.79293784533,105,23.0,4.78000020980835,1.0,6.0,apartamento,False,18.0,200.0,0.0,Meia Praia,-27.1219997406,-48.6059989929,11-30
766156195693050227,0.7913990764733042,1935.6856295892528,163052.54349463366,105,16.0,4.940000057220459,5.0,16.0,apartamento,True,42.0,550.0,0.0,Meia Praia,-27.1284599304,-48.6026802063,11-30
766788707373767791,0.9493478874839156,564.9220630002349,56490.27124274434,105,23.0,4.909999847412109,3.0,8.0,apartamento,False,12.0,150.0,0.0,Meia Praia,-27.1329994202,-48.5979995728,11-30
767407262472265686,0.6531789108429817,814.3589902925247,57185.185384208344,105,16.0,5.0,3.0,8.0,apartamento,False,25.0,300.0,0.0,Meia Praia,-27.1196498871,-48.6062393188,11-30
768032727158094436,0.9771409027925305,1372.4170343640194,141008.83922824258,105,5.0,5.0,3.0,7.0,apartamento,,28.0,0.0,0.0,Meia Praia,-27.1170005798,-48.6069984436,3-10
769009482417170004,0.8003008662124199,610.6172491758824,51981.93557280036,105,17.0,4.940000057220459,1.0,4.0,apartamento,False,13.0,250.0,0.0,Morretes,-27.1159992218,-48.6090011597,11-30
769461318721075633,0.9231021936612489,575.0561751525036,56007.38077022126,105,9.0,5.0,2.0,10.0,casa,False,24.0,300.0,0.0,Meia Praia,-27.137818,-48.600387,3-10
769616108652112172,0.9380009018038087,424.0052987734325,41922.44491979051,105,14.0,5.0,2.0,6.0,apartamento,False,22.0,280.0,0.0,Meia Praia,-27.1236896515,-48.6049194336,11-30
770131545986036241,0.597727691097905,1008.4861665461247,65081.1743955044,105,36.0,4.920000076293945,3.0,8.0,apartamento,False,17.0,300.0,0.0,Meia Praia,-27.131439209,-48.602519989,30+
771111761043546355,0.6194281960088348,620.9528203035339,41457.3409045377,105,18.0,4.940000057220459,2.0,6.0,apartamento,False,21.0,150.0,0.0,Centro,-27.09696,-48.61464,11-30
771134836709283777,0.9819827604964988,379.40310607326404,39163.1080911825,105,10.0,4.199999809265137,3.0,8.0,apartamento,False,16.0,250.0,0.0,Meia Praia,-27.13671,-48.59669,3-10
772261416620745030,0.5176037598740509,867.3574984288105,48782.04953479057,105,10.0,5.0,3.0,6.0,apartamento,False,19.0,300.0,0.0,Meia Praia,-27.1314907074,-48.6008911133,3-10
772706520794806760,0.9896311521425124,395.331378011077,41105.63781191041,105,19.0,5.0,1.0,4.0,casa,False,15.0,50.0,0.0,Varzea,-27.0970001221,-48.6279983521,11-30
778933432062496662,0.6780563018779495,1035.4084086561284,75336.38887485373,105,15.0,5.0,3.0,6.0,apartamento,False,15.0,300.0,0.0,Meia Praia,-27.1299991608,-48.6030006409,11-30
779104726998664227,0.9147403833368627,453.9125476224329,43831.73539529323,105,16.0,4.940000057220459,2.0,6.0,apartamento,False,11.0,250.0,0.0,Meia Praia,-27.1359996796,-48.5950012207,11-30
780376166619260652,0.8765362103714003,555.3183877077936,51512.35597654735,105,5.0,5.0,3.0,6.0,apartamento,False,18.0,250.0,0.0,Meia Praia,-27.12725,-48.60352,3-10
780872235421635957,0.8765362103714003,540.170948985521,50107.25167446322,105,7.0,5.0,2.0,7.0,apartamento,False,16.0,180.0,0.0,Meia Praia,-27.1318,-48.60299,3-10
781223884036842600,0.7318578734260816,394.63540796083714,30870.529310972466,105,26.0,4.650000095367432,2.0,5.0,apartamento,False,21.0,250.0,0.0,Meia Praia,-27.13019,-48.59945,11-30
782548209247570691,0.8849680753693157,781.237226069683,73125.5951966866,105,32.0,4.940000057220459,3.0,8.0,apartamento,False,14.0,300.0,0.0,Meia Praia,-27.13207,-48.60261,30+
782734966853311782,0.5261365797751548,778.7088745165717,44487.21516478279,105,9.0,5.0,3.0,8.0,apartamento,False,19.0,350.0,0.0,Meia Praia,-27.13400077819824,-48.60200119018555,3-10
783879004243392314,0.5591365501312919,709.3723797334537,42953.365916680494,105,30.0,4.670000076293945,3.0,6.0,apartamento,False,19.0,250.0,0.0,Meia Praia,-27.125,-48.6030006409,11-30
784598714032826222,0.4519345421722234,1223.949399830582,60434.887570902196,105,15.0,4.869999885559082,4.0,12.0,apartamento,False,15.0,300.0,0.0,Meia Praia,-27.1319999695,-48.6020011902,11-30
784836681288428817,0.6169528299722155,385.5719976536512,25644.37465587569,105,13.0,4.769999980926514,2.0,5.0,apartamento,False,15.0,200.0,0.0,Casa Branca,-27.09131,-48.61837,11-30
785658004981722606,0.5345582909256101,680.7264688630052,39484.97938673114,105,10.0,5.0,2.0,6.0,apartamento,False,20.0,200.0,0.0,Tabuleiro dos Oliveiras,-27.1140003204,-48.6119995117,3-10
786307999394390316,0.8174773149556828,641.9432960481657,55755.92846393896,105,14.0,4.860000133514404,2.0,6.0,apartamento,False,27.0,300.0,0.0,Meia Praia,-27.1329994202,-48.5979995728,11-30
786807324710664147,0.9120079047076983,1235.1059141021926,118931.7878093803,105,13.0,4.849999904632568,4.0,8.0,apartamento,True,48.0,200.0,0.0,Meia Praia,-27.1359996796,-48.5979995728,11-30
787195284335262595,0.8207187147121535,629.883954067174,54913.311343884365,105,11.0,5.0,3.0,7.0,apartamento,False,18.0,300.0,0.0,Meia Praia,-27.1340007782,-48.5970001221,11-30
787606557854537606,0.6094279348937508,606.4553414286586,39866.520189276525,105,11.0,4.639999866485596,2.0,6.0,apartamento,False,35.0,200.0,0.0,Meia Praia,-27.1329994202,-48.5989990234,11-30
787847078680683474,0.8389261823360563,399.6996718108092,35574.99912933057,105,6.0,5.0,2.0,6.0,apartamento,False,26.0,300.0,0.0,Tabuleiro dos Oliveiras,-27.1060009003,-48.6160011292,3-10
790006111813482352,0.5641451193422251,441.0984049040327,26937.536548701642,105,8.0,5.0,2.0,6.0,apartamento,False,10.0,180.0,0.0,Meia Praia,-27.13206,-48.60513,3-10
790431243381422888,0.07370616704781632,953.2636462348615,7949.612168727933,105,7.0,5.0,3.0,8.0,apartamento,False,16.0,300.0,0.0,Meia Praia,-27.13396,-48.59889,3-10
790518755885066166,0.9087751634211989,915.2569957745283,87838.58532758092,105,6.0,5.0,3.0,6.0,apartamento,False,30.0,0.0,0.0,Centro,-27.0949993134,-48.6139984131,3-10
790752171303746450,0.4173177775415248,681.9331915014724,31185.462687674517,105,10.0,5.0,2.0,6.0,apartamento,False,16.0,250.0,0.0,Meia Praia,-27.131479263305664,-48.60348892211914,3-10
791313913845076166,0.8197521757553693,918.0866573650604,79949.83810676588,105,6.0,5.0,4.0,8.0,apartamento,False,18.0,300.0,0.0,Meia Praia,-27.1240005493,-48.6040000916,3-10
792096103347120988,0.8984239604837165,472.5039890065819,44860.502502916046,105,15.0,5.0,2.0,6.0,apartamento,False,18.0,250.0,0.0,Tabuleiro dos Oliveiras,-27.1060009003,-48.6150016785,11-30
792184367926408145,0.9280844170716495,437.4905496344783,42825.53700838041,105,23.0,5.0,2.0,6.0,apartamento,False,24.0,230.0,0.0,Meia Praia,-27.1229991913,-48.6049995422,11-30
794707921952592251,0.8395023566252048,168.39004990177045,14997.154128051943,105,25.0,5.0,1.0,2.0,outros,False,11.0,5.0,0.0,Meia Praia,-27.13487,-48.6051,11-30
794710559970994170,0.8651038936651488,548.2067789889294,50227.35436477273,105,11.0,5.0,2.0,4.0,apartamento,False,12.0,10.0,0.0,Meia Praia,-27.13371,-48.60694,11-30
794996321339600522,0.9428508979705441,436.0796958825429,43325.86147277675,105,8.0,5.0,2.0,6.0,apartamento,False,26.0,250.0,0.0,Meia Praia,-27.13696,-48.59683,3-10
795495744056169046,0.8417660224962297,939.2698541367756,83866.0420446436,105,39.0,4.949999809265137,3.0,8.0,apartamento,False,29.0,450.0,0.0,Meia Praia,-27.121000289916992,-48.60699844360352,30+
795757968903961791,0.4641194570594351,365.23577140685455,18501.30108857645,105,12.0,4.670000076293945,2.0,3.0,apartamento,False,9.0,0.0,0.0,Casa Branca,-27.0900001526,-48.6180000305,11-30
796481545034280714,0.6332885347069388,669.2949875550314,45636.23267085261,105,9.0,5.0,2.0,4.0,apartamento,False,15.0,290.0,0.0,Centro,-27.097000122070312,-48.61399841308594,3-10
797261187302809924,0.6658487444121028,578.3340952508942,41359.639616726236,105,15.0,5.0,2.0,5.0,apartamento,False,41.0,250.0,0.0,Centro,-27.09499931335449,-48.61299896240234,11-30
798475021925579344,0.9071194269598304,351.07911441530007,33635.80292357586,105,20.0,4.900000095367432,2.0,5.0,apartamento,False,25.0,100.0,0.0,Morretes,-27.12377,-48.61239,11-30
798609957167332367,0.49078474555667884,689.0910882884873,36829.38628825753,105,5.0,5.0,2.0,6.0,apartamento,False,10.0,250.0,0.0,Meia Praia,-27.1280002594,-48.6049995422,3-10
798631136594423222,0.7542984059472096,1152.5084273704542,92771.24157883048,105,4.0,4.75,4.0,10.0,apartamento,False,21.0,300.0,0.0,Tabuleiro dos Oliveiras,-27.1148,-48.61015,3-10
799251513158018593,0.8577457708953792,596.8706598941924,54247.38584829364,105,26.0,4.960000038146973,3.0,6.0,apartamento,False,33.0,250.0,0.0,Morretes,-27.1149997711,-48.6090011597,11-30
800942299109284552,0.8808196376016088,349.64276786867924,32582.81880630113,105,22.0,4.860000133514404,2.0,5.0,apartamento,False,24.0,100.0,0.0,Morretes,-27.1229991913,-48.611000061,11-30
801271167231006592,0.9562993731459645,308.29429745260865,31040.502145370447,105,17.0,4.940000057220459,2.0,6.0,apartamento,False,16.0,300.0,0.0,Meia Praia,-27.141000747680664,-48.59600067138672,11-30
801611117719633492,0.7966613742898646,490.32386647122183,41561.950952051615,105,9.0,5.0,2.0,6.0,apartamento,False,26.0,250.0,0.0,Meia Praia,-27.13800048828125,-48.59299850463867,3-10
802047490248101970,0.9524049663409146,307.11278076497683,30803.17410767566,105,22.0,5.0,2.0,6.0,apartamento,False,19.0,300.0,0.0,Meia Praia,-27.14005,-48.59588,11-30
802357806571870530,0.9166683144613448,780.2822424086588,75496.81871860973,105,23.0,4.909999847412109,3.0,6.0,apartamento,False,100.0,150.0,0.0,Meia Praia,-27.13975,-48.5954,11-30
802922826036667371,0.6265593944678008,1235.3804975529072,83382.9068950861,105,15.0,5.0,3.0,8.0,apartamento,False,19.0,300.0,0.0,Meia Praia,-27.13284,-48.59791,11-30
803403468437987911,0.464119457059435,382.86009712817116,19394.07496830136,105,21.0,5.0,1.0,2.0,casa,False,18.0,44.0,0.0,Morretes,-27.12800025939941,-48.617000579833984,11-30
805381324514930766,0.9405685406896237,809.953967200078,80288.25129936532,105,59.0,4.980000019073486,3.0,8.0,apartamento,False,46.0,380.0,0.0,Meia Praia,-27.121999740600582,-48.60599899291992,30+
805726391815686158,0.878690970448703,433.62357422229667,40316.88257448118,105,6.0,5.0,2.0,5.0,apartamento,False,9.0,200.0,0.0,Tabuleiro dos Oliveiras,-27.1047,-48.61687,3-10
806702099486447309,0.7773576250295698,647.7236351147524,53645.35051451548,105,9.0,5.0,3.0,8.0,apartamento,False,25.0,300.0,0.0,Meia Praia,-27.13599967956543,-48.595001220703125,3-10
807400945391416643,0.9590926908354137,702.0100828336341,70875.64472083218,105,39.0,4.900000095367432,4.0,12.0,apartamento,False,64.0,250.0,0.0,Centro,-27.0949993134,-48.6129989624,30+
807898347637042057,0.9806104394146455,480.22585047298526,49505.2712070681,105,11.0,5.0,3.0,7.0,apartamento,False,16.0,250.0,0.0,Morretes,-27.11599922180176,-48.60900115966797,11-30
809946874989632205,0.5207216675649113,411.5410946660442,23279.437537921538,105,24.0,5.0,1.0,2.0,casa,False,25.0,150.0,0.0,Sertao do Trombudo,-27.12912,-48.64156,11-30
811053746893495263,0.7966613742898646,436.79976796009674,37025.01912150054,105,8.0,5.0,3.0,8.0,apartamento,False,22.0,300.0,0.0,Meia Praia,-27.13011,-48.60021,3-10
812231708820863156,0.8849680753693157,698.5113263913317,65382.26135352789,105,19.0,4.789999961853027,4.0,8.0,apartamento,False,27.0,348.0,0.0,Meia Praia,-27.138999938964844,-48.59099960327149,11-30
813090046454458015,0.3543690366199206,409.3009120630511,15983.13402576135,105,47.0,5.0,1.0,2.0,casa,False,19.0,150.0,0.0,Sertao do Trombudo,-27.13191,-48.64368,30+
815806026505024003,0.9370074565489293,890.8549644963445,87993.28969433346,105,7.0,5.0,3.0,9.0,apartamento,False,18.0,250.0,0.0,Meia Praia,-27.126489639282227,-48.60377883911133,3-10
816613605644920543,0.2657255864419633,2015.9180219743878,59512.445417986775,105,5.0,5.0,4.0,12.0,casa,False,32.0,0.0,0.0,Centro,-27.09456,-48.61248,3-10
821574780923920105,0.9036838081391697,711.7729000772539,67949.60512983496,105,6.0,5.0,3.0,6.0,apartamento,False,17.0,300.0,0.0,Meia Praia,-27.13653,-48.59887,3-10
821920276390293366,0.8984239604837165,616.844598163758,58564.49740882513,105,19.0,5.0,3.0,8.0,apartamento,False,16.0,250.0,0.0,Meia Praia,-27.12813,-48.60358,11-30
822365439954007216,0.6720096971976678,733.6054818295595,52924.98537196447,105,15.0,4.869999885559082,3.0,8.0,apartamento,False,20.0,350.0,0.0,Meia Praia,-27.13599967956543,-48.5989990234375,11-30
826063757882656916,0.5261365797751547,638.3157299356664,36466.631047889845,105,45.0,5.0,1.0,4.0,apartamento,False,36.0,200.0,0.0,Meia Praia,-27.12700080871582,-48.604000091552734,30+
826617189908528565,0.8577457708953792,503.9331927794985,45800.64021796289,105,106.0,4.980000019073486,1.0,4.0,apartamento,False,23.0,150.0,0.0,Meia Praia,-27.12800025939941,-48.60499954223633,30+
828036946101813387,0.9731343938631396,365.9837878841373,37458.12872886393,105,12.0,5.0,2.0,6.0,apartamento,False,18.0,260.0,0.0,Morretes,-27.11762237548828,-48.609676361083984,11-30
831740758559247685,0.9332952443589684,874.8478224986524,86090.20520023155,105,21.0,5.0,3.0,5.0,apartamento,False,30.0,350.0,0.0,Meia Praia,-27.128999710083008,-48.59999847412109,11-30
832123000813215722,0.42684644195113897,538.6077680047889,25172.639837719857,105,13.0,4.849999904632568,0.0,4.0,apartamento,False,10.0,120.0,0.0,Meia Praia,-27.12700080871582,-48.60499954223633,11-30
834645644371228115,0.9294174893506099,281.5916178039074,27601.97892815573,105,14.0,4.929999828338623,1.0,2.0,outros,False,10.0,70.0,0.0,Centro,-27.099000930786133,-48.6150016784668,11-30
836385234465202348,0.9280844170716495,1019.114266677508,99760.1337442159,105,16.0,5.0,3.0,7.0,apartamento,True,24.0,380.0,0.0,Meia Praia,-27.12657,-48.60356,11-30
836415940545761422,0.6978092625952179,533.29953501045,39875.15388080407,105,14.0,4.929999828338623,1.0,4.0,apartamento,False,18.0,200.0,0.0,Meia Praia,-27.12800025939941,-48.60499954223633,11-30
837646263953285868,0.7813712499336893,501.8278878053094,41764.95911331839,105,24.0,5.0,2.0,7.0,apartamento,False,46.0,250.0,0.0,Meia Praia,-27.1264,-48.60495,11-30
837846012155525926,0.8735482489270449,437.04140925605856,40410.52878905031,105,10.0,4.599999904632568,3.0,9.0,apartamento,False,22.0,350.0,0.0,Meia Praia,-27.121000289916992,-48.608001708984375,3-10
839184834439414765,0.9106807328796647,181.2906499041006,17433.071297528935,105,37.0,5.0,1.0,2.0,outros,False,16.0,5.0,0.0,Meia Praia,-27.13449,-48.60569,30+
840525492567265584,0.9280844170716495,1310.8814054148465,128320.94359088514,105,24.0,4.960000038146973,4.0,11.0,casa,False,54.0,200.0,0.0,Centro,-27.0944900513,-48.6129188538,11-30
841394344184198064,0.9483014700668305,695.1839191883952,69443.97884096792,105,39.0,4.900000095367432,3.0,8.0,apartamento,False,31.0,290.0,0.0,Centro,-27.1019992828,-48.6150016785,30+
844864653127085626,0.6123162943882355,1090.6737761765432,72021.27133898894,105,15.0,5.0,3.0,8.0,apartamento,False,39.0,370.0,0.0,Meia Praia,-27.13517,-48.59393,11-30
850675824952359571,0.5902509649708411,802.7148526453911,51183.964762866635,105,27.0,4.699999809265137,3.0,8.0,apartamento,True,30.0,200.0,0.0,Meia Praia,-27.1299991608,-48.6030006409,11-30
850931966820064700,0.8869894212288661,864.1694397030933,81062.26187747464,105,18.0,5.0,3.0,7.0,apartamento,False,26.0,300.0,0.0,Meia Praia,-27.1329994202,-48.5970001221,11-30
856482117556875618,0.9817463193227568,452.8602462920677,46735.00111155673,105,26.0,4.960000038146973,2.0,6.0,apartamento,False,26.0,250.0,0.0,Meia Praia,-27.125,-48.6040000916,11-30
859653300578357102,0.7690894867653032,711.246742414903,58313.64039116339,105,26.0,5.0,2.0,4.0,apartamento,True,47.0,250.0,0.0,Morretes,-27.1170005798,-48.6119995117,11-30
859925561562240250,0.9591873409129883,774.4289745275574,78194.37996914994,105,5.0,5.0,3.0,8.0,apartamento,False,26.0,300.0,0.0,Meia Praia,-27.1299991608,-48.5999984741,3-10
863830918159371125,0.6586235574857773,347.2992304478002,24580.94860739833,105,44.0,4.730000019073486,3.0,6.0,apartamento,True,10.0,60.0,0.0,Casa Branca,-27.0909,-48.61799,30+
869504505210568410,0.4278604509662592,1214.2991585090783,56881.91843113593,105,6.0,5.0,2.0,5.0,apartamento,False,17.0,350.0,0.0,Centro,-27.0939998627,-48.6129989624,3-10
871084107630048364,0.878690970448703,513.1254178285539,47708.700463711204,105,44.0,5.0,2.0,6.0,apartamento,False,30.0,99.0,0.0,Meia Praia,-27.1267742,-48.6054368,30+
873125740517449213,0.5826529146296933,494.11204274221734,31119.346263808737,105,19.0,4.840000152587891,2.0,5.0,apartamento,True,28.0,400.0,0.0,Morretes,-27.1270008087,-48.6230010986,11-30
873255393900331818,0.590250964970841,718.810534578777,45833.92589760707,105,20.0,4.75,3.0,6.0,apartamento,True,36.0,200.0,0.0,Meia Praia,-27.1329994202,-48.6020011902,11-30
873260132509992833,0.989155543603707,383.6954410980908,39877.7585369166,105,13.0,4.849999904632568,2.0,6.0,apartamento,False,22.0,200.0,0.0,Morretes,-27.1159992218,-48.6119995117,11-30
881204142086821328,0.810804964525292,612.9104405486028,52823.86011549993,105,43.0,4.980000019073486,3.0,7.0,apartamento,False,29.0,200.0,0.0,Meia Praia,-27.1210002899,-48.6090011597,30+
883930877150990341,0.9915658961408165,173.7347992528374,18097.694688060117,105,26.0,4.960000038146973,1.0,3.0,outros,False,19.0,30.0,0.0,Meia Praia,-27.12634,-48.60241,11-30
892662939259281401,0.9841800530112214,1257.2926808759858,130054.13971543504,105,14.0,4.789999961853027,4.0,10.0,apartamento,False,19.0,350.0,0.0,Meia Praia,-27.1299991608,-48.6030006409,11-30
892721989592935461,0.8965972401961319,424.2407708682028,40201.17562630719,105,26.0,5.0,2.0,6.0,apartamento,False,22.0,220.0,0.0,Centro,-27.1019992828,-48.6150016785,11-30
894985131313802009,0.7604888631415765,703.7444425038175,57087.86301653354,105,6.0,4.329999923706055,3.0,8.0,apartamento,True,35.0,484.0,0.0,Meia Praia,-27.1320209503,-48.600151062,3-10
897144549301156856,0.9845354011753104,849.1796126206281,87868.77417675275,105,10.0,5.0,3.0,6.0,apartamento,False,15.0,200.0,0.0,Meia Praia,-27.1299591064,-48.6005516052,3-10
900757690500508426,0.9087751634211989,690.2446045994128,66243.80898252537,105,22.0,4.949999809265137,2.0,8.0,apartamento,True,35.0,350.0,0.0,Meia Praia,-27.1420001984,-48.5880012512,11-30
902324773092897293,0.994522819030821,1010.2910483366501,105535.09853027322,105,13.0,5.0,3.0,6.0,apartamento,False,10.0,250.0,0.0,Meia Praia,-27.1259994507,-48.6030006409,11-30
904512525045117852,0.9267324243210402,576.401599110531,56346.08601306948,105,41.0,5.0,3.0,8.0,apartamento,False,19.0,180.0,0.0,Meia Praia,-27.1359996796,-48.5960006714,30+
906701409648697471,0.8577457708953792,613.9291993539088,55797.773954560456,105,26.0,4.960000038146973,2.0,6.0,apartamento,False,30.0,200.0,0.0,Meia Praia,-27.138999939,-48.591999054,11-30
910707550951342167,0.9935454453473087,796.9748530030548,83175.26268539626,105,12.0,5.0,4.0,8.0,apartamento,False,25.0,0.0,0.0,Meia Praia,-27.1259994507,-48.6049995422,11-30
910815231577364751,0.8743206531008922,510.9095157754384,47280.0195368762,105,38.0,4.96999979019165,1.0,5.0,apartamento,False,17.0,150.0,0.0,Meia Praia,-27.12800025939941,-48.60599899291992,30+
911476333007658783,0.8720773068934264,260.9355435281581,24088.81547916067,105,65.0,4.630000114440918,2.0,8.0,apartamento,False,23.0,160.0,0.0,Meia Praia,-27.1410007477,-48.5929985046,30+
912678193847993947,0.3983639835279451,306.4744538570063,13401.015598995747,105,30.0,4.800000190734863,1.0,2.0,outros,False,11.0,0.0,0.0,Meia Praia,-27.1410007477,-48.5950012207,11-30
913929715874853789,0.8073711481947545,1038.929334621121,89182.19903081526,105,27.0,4.889999866485596,4.0,9.0,apartamento,False,115.0,400.0,0.0,Meia Praia,-27.1359996796,-48.5989990234,11-30
914342944500490787,0.890701736934666,720.2328166119344,67826.77050572359,105,5.0,5.0,3.0,8.0,apartamento,False,18.0,300.0,0.0,Meia Praia,-27.1319999695,-48.5999984741,3-10
915332897455058900,0.6426180870495565,1122.4407106021274,77606.60153203983,105,32.0,4.71999979019165,3.0,6.0,apartamento,True,13.0,472.0,0.0,Meia Praia,-27.1331520081,-48.5971374512,30+
916052715744473224,0.8499760937146787,1077.038829140183,97051.73663350631,105,12.0,4.920000076293945,3.0,6.0,apartamento,False,20.0,300.0,0.0,Meia Praia,-27.1210002899,-48.608001709,11-30
923133320997277084,0.8697940030607492,431.5305360866096,39739.34389878624,105,24.0,5.0,0.0,4.0,apartamento,False,12.0,150.0,0.0,Meia Praia,-27.12641,-48.60459,11-30
929120660817262874,0.11661142514583737,750.9694579332141,9867.873458358923,105,4.0,5.0,3.0,6.0,apartamento,False,13.0,280.0,0.0,Centro,-27.0939998627,-48.6150016785,3-10
936216057908307884,0.7325537646344729,391.20106757333116,30629.443897169087,105,12.0,4.920000076293945,2.0,8.0,casa,False,39.0,195.0,0.0,Morretes,-27.121000289916992,-48.617000579833984,11-30
939218400123538892,0.933874849640932,446.322980551854,43946.476278447015,105,6.0,5.0,2.0,5.0,apartamento,False,25.0,120.0,0.0,Casa Branca,-27.091999054,-48.6189994812,3-10
939325387438995809,0.732553764634473,1476.6728377812053,115617.44480877352,105,4.0,5.0,4.0,13.0,apartamento,False,20.0,400.0,0.0,Meia Praia,-27.143999099731445,-48.5880012512207,3-10
939698664229028471,0.9493478874839156,363.92800964153577,36391.55438238546,105,20.0,4.949999809265137,2.0,6.0,apartamento,False,28.0,250.0,0.0,Morretes,-27.1175117493,-48.6109161377,11-30
942057172413556286,0.9070667850923635,112.77122386417861,10803.671602637536,105,14.0,5.0,1.0,1.0,outros,False,7.0,0.0,0.0,Meia Praia,-27.1329994202,-48.6040000916,11-30
944320965810800803,0.3394127830647508,918.2677910290336,34391.24558922708,105,8.0,5.0,3.0,7.0,apartamento,False,29.0,380.0,0.0,Meia Praia,-27.142999649,-48.5880012512,3-10
946451380352813662,0.9814501230530818,1218.6003123986836,125723.44677665415,105,5.0,5.0,3.0,6.0,apartamento,False,29.0,300.0,0.0,Meia Praia,-27.1407814026,-48.5916404724,3-10
946609581890906389,0.9608976616931538,479.53882513615446,48500.338872175176,105,33.0,4.909999847412109,3.0,7.0,apartamento,False,137.0,270.0,0.0,Meia Praia,-27.12866,-48.60328,30+
950059146531590785,0.9814486442248286,417.1614963740629,43038.6456006632,105,8.0,4.880000114440918,2.0,5.0,apartamento,False,16.0,100.0,0.0,Tabuleiro dos Oliveiras,-27.1069221497,-48.6165313721,3-10
956398979498945273,0.9332952443589684,565.456540016318,55644.27127769726,105,17.0,5.0,3.0,8.0,apartamento,False,19.0,250.0,0.0,Meia Praia,-27.12121,-48.60852,11-30
956676934234107014,0.9723844994121359,520.6462366383548,53249.12520590194,105,47.0,4.940000057220459,3.0,9.0,apartamento,False,26.0,210.0,0.0,Meia Praia,-27.1439990997,-48.5880012512,30+
957349094500016515,0.44569505312278324,683.2956904634361,33290.98611767141,105,11.0,4.909999847412109,2.0,6.0,apartamento,False,15.0,200.0,0.0,Centro,-27.09051,-48.61245,11-30
963040775940890055,0.4824144140509568,711.0501426448963,37380.99504634074,105,37.0,4.920000076293945,2.0,5.0,apartamento,True,12.0,400.0,0.0,Tabuleiro dos Oliveiras,-27.1140003204,-48.611000061,30+
963916345061155113,0.929416286412893,1302.3178529179233,127654.74502328727,105,18.0,5.0,3.0,13.0,apartamento,True,33.0,300.0,0.0,Meia Praia,-27.1219997406,-48.6069984436,11-30
964579064376617710,0.7011267205731663,849.772734844801,63824.61471191337,105,4.0,5.0,3.0,8.0,apartamento,True,35.0,456.0,0.0,Meia Praia,-27.1289997101,-48.6059989929,3-10
965258538716677226,0.24013923579907112,616.6983179777449,16492.332454555282,105,16.0,4.809999942779541,1.0,2.0,casa,False,12.0,200.0,0.0,none,-27.086,-48.6479,11-30
965310801955633109,0.8038702821231061,540.5157494373685,46208.057083151274,105,14.0,5.0,2.0,6.0,apartamento,False,9.0,250.0,0.0,Meia Praia,-27.1259994506836,-48.60300064086914,11-30
966687088388761169,0.11661142514583743,803.8517764936487,10562.75661535864,105,14.0,5.0,3.0,6.0,apartamento,False,8.0,350.0,0.0,Meia Praia,-27.1399993896,-48.5979995728,11-30
968213956640500474,0.39808081944088275,515.4842023131857,22524.792163178685,105,37.0,5.0,2.0,6.0,apartamento,False,39.0,300.0,0.0,Morretes,-27.1189994812,-48.6100006104,30+
970445468070597218,0.9934342332080309,434.7043368303809,45362.595803138756,105,7.0,5.0,2.0,6.0,apartamento,,9.0,0.0,0.0,Morretes,-27.1196187800006,-48.61086940525837,3-10
973272705231391942,0.8688620253188847,303.8115696536194,27949.538998469237,105,12.0,4.920000076293945,2.0,4.0,apartamento,False,12.0,120.0,0.0,Meia Praia,-27.12373352050781,-48.60666275024414,11-30
978095320445301654,0.5261365797751545,940.246795670285,53715.78888573633,105,17.0,4.880000114440918,3.0,8.0,apartamento,False,35.0,250.0,0.0,Meia Praia,-27.13599967956543,-48.5989990234375,11-30
978244263452010977,0.8965972401961319,558.711728013608,52943.68161831023,105,33.0,4.940000057220459,2.0,6.0,apartamento,False,15.0,200.0,0.0,Meia Praia,-27.1219997406,-48.6069984436,30+
978410400232267791,0.94432788963554,426.2266630280191,42409.299166388184,105,5.0,5.0,2.0,6.0,apartamento,False,32.0,250.0,0.0,Centro,-27.1030006409,-48.6150016785,3-10
980310639590708922,0.4077271929720004,660.5402258321279,29537.63546390323,105,21.0,4.860000133514404,2.0,4.0,apartamento,True,18.0,400.0,0.0,Meia Praia,-27.13999938964844,-48.59799957275391,11-30
980365989956218871,0.4641194570594351,1511.8519832440813,76584.03402168847,105,10.0,4.900000095367432,3.0,9.0,apartamento,True,155.0,449.0,0.0,Meia Praia,-27.1261978149,-48.6062278748,3-10
982642009007231841,0.8660917489128538,280.51934548226603,25729.17803240773,105,24.0,4.880000114440918,1.0,4.0,apartamento,False,13.0,135.0,0.0,Centro,-27.099000930786133,-48.6150016784668,11-30
983188724209547131,0.6194281960088348,889.754038616944,59403.60570727552,105,13.0,4.849999904632568,3.0,8.0,apartamento,False,14.0,300.0,0.0,Meia Praia,-27.13841,-48.59729,11-30
984846668146064982,0.8389261823360561,925.2499778153565,82351.24889162916,105,4.0,5.0,4.0,10.0,casa,False,56.0,300.0,0.0,Ilhota,-27.06100082397461,-48.59999847412109,3-10
985445004274818605,0.769997956094438,183.30962905226224,15045.968351488687,105,19.0,5.0,1.0,2.0,outros,False,5.0,0.0,0.0,Centro,-27.100000381469727,-48.617000579833984,11-30
985716714802993034,0.9151393032203073,470.06496147655685,45410.109785776964,105,12.0,5.0,2.0,4.0,apartamento,False,26.0,290.0,0.0,Morretes,-27.121999740600582,-48.61199951171875,11-30
986245345084467584,0.3295729381379351,888.5815876661975,32343.551655789994,105,8.0,5.0,3.0,8.0,apartamento,False,29.0,250.0,0.0,Meia Praia,-27.136999130249023,-48.59999847412109,3-10
986407426689940399,0.9357879473627332,339.94725970839534,33536.844734196246,105,25.0,4.840000152587891,2.0,5.0,apartamento,True,21.0,300.0,0.0,Meia Praia,-27.120302200317383,-48.6092529296875,11-30
986565062867231257,0.20321608643376712,240.0920562830068,5452.5893226126755,105,23.0,4.78000020980835,1.0,2.0,outros,False,12.0,20.0,0.0,Meia Praia,-27.142013549804688,-48.59575271606445,11-30
991407580891691701,0.8038702821231061,708.0671768654389,60531.831979662165,105,11.0,4.550000190734863,3.0,6.0,apartamento,True,29.0,439.0,0.0,Meia Praia,-27.131999969482425,-48.59999847412109,11-30
995680028058206783,0.19750235810898312,3559.21829626895,78601.38923377219,105,2.0,5.0,6.0,16.0,casa,False,41.0,0.0,0.0,Sertaozinho,-27.0757,-48.6142,1-2
996227938456591020,0.5569878542192948,355.30177516682716,21434.963055168424,105,10.0,5.0,2.0,6.0,apartamento,False,12.0,150.0,0.0,Tabuleiro dos Oliveiras,-27.1047,-48.61836,3-10
999226382307972271,0.36887289759056047,472.6577753474118,19187.665276101743,105,16.0,4.809999942779541,2.0,5.0,apartamento,False,15.0,200.0,0.0,Morretes,-27.11599922180176,-48.61199951171875,11-30
1002341236260011015,0.8238644495519035,403.62180547273704,35315.08205692447,105,11.0,4.909999847412109,2.0,4.0,apartamento,False,14.0,200.0,0.0,Morretes,-27.12145,-48.6164,11-30
1002785860497857801,0.6194281960088349,617.8803314494622,41252.20902706852,105,12.0,5.0,3.0,6.0,apartamento,,54.0,0.0,0.0,Meia Praia,-27.13800048828125,-48.59299850463867,11-30
1004496327455456339,0.4913644300845059,404.3022775702966,21632.94913996818,105,16.0,5.0,2.0,6.0,apartamento,False,39.0,300.0,0.0,Morretes,-27.11788749694824,-48.61022186279297,11-30
1004910078575857573,0.9635234652675951,739.7166719726715,75006.6959190934,105,12.0,5.0,3.0,7.0,apartamento,False,28.0,300.0,0.0,Meia Praia,-27.121999740600582,-48.60599899291992,11-30
1005860682746801029,0.6591466997339659,430.49944928470023,30492.650441440353,105,10.0,4.900000095367432,2.0,6.0,apartamento,False,18.0,200.0,0.0,Morretes,-27.11800003051757,-48.6150016784668,3-10
1005958896607152946,0.8073711481947545,251.28566232821512,21570.48338568448,105,37.0,4.809999942779541,2.0,5.0,apartamento,False,17.0,130.0,0.0,Casa Branca,-27.09199905395508,-48.61899948120117,30+
1006396584243125090,0.542866737021816,568.8647952691998,33486.87418370537,105,50.0,4.800000190734863,1.0,4.0,apartamento,True,16.0,60.0,0.0,Centro,-27.09147,-48.61387,30+
1008029204257210230,0.7374420048493437,324.84157117388617,25594.512818269897,105,4.0,5.0,2.0,4.0,casa,False,7.0,150.0,0.0,Morretes,-27.12741,-48.62193,3-10
1011115904222911872,0.5749340067128804,745.766935325981,46374.66446926305,105,15.0,5.0,3.0,6.0,apartamento,False,43.0,350.0,0.0,Meia Praia,-27.13500022888184,-48.59999847412109,11-30
1011714999685071594,0.9760459657179731,682.8165220513322,70082.07101204868,105,6.0,5.0,3.0,6.0,apartamento,True,35.0,180.0,0.0,Centro,-27.097000122070312,-48.61399841308594,3-10
1014245162199655907,0.9253598856249615,676.3684647885516,66026.21420665622,105,8.0,5.0,2.0,6.0,apartamento,False,25.0,0.0,0.0,Meia Praia,-27.13800048828125,-48.59199905395508,3-10
1015691857467598452,0.7929502547481149,1272.4652327802933,107384.70562386702,105,21.0,5.0,3.0,6.0,apartamento,True,44.0,250.0,0.0,Meia Praia,-27.145,-48.58943,11-30
1016100494032497541,0.372524726084244,368.7250307815964,15111.74971135801,105,34.0,4.940000057220459,1.0,2.0,casa,True,5.0,100.0,0.0,Sertaozinho,-27.0792,-48.6121,30+
1019041007385326527,0.8838109196265829,662.6627802031063,61950.35127157329,105,10.0,4.900000095367432,2.0,7.0,apartamento,True,20.0,350.0,0.0,Meia Praia,-27.1299991607666,-48.59999847412109,3-10
1019453731090411731,0.5670949188220281,468.13000290177905,28731.073958161884,105,12.0,5.0,0.0,4.0,apartamento,False,27.0,200.0,0.0,Meia Praia,-27.12800025939941,-48.60499954223633,11-30
1019756845213291605,0.5747612214997182,189.40806902721508,11774.745545082578,105,16.0,5.0,1.0,2.0,outros,False,21.0,150.0,0.0,Centro,-27.10199928283692,-48.61600112915039,11-30
1021217453140595481,0.8573989745981949,422.8413640380822,38415.85068384439,105,12.0,5.0,1.0,4.0,hotel,False,13.0,140.0,0.0,Meia Praia,-27.12800025939941,-48.60499954223633,11-30
1023885231203292759,0.5826529146296933,545.4133555893872,34350.32057768909,105,11.0,5.0,1.0,4.0,apartamento,False,22.0,200.0,0.0,Meia Praia,-27.12700080871582,-48.60499954223633,11-30
1024067179174522246,0.5196996254855344,220.30777624952805,12438.619174753088,105,14.0,5.0,1.0,2.0,casa,False,33.0,100.0,0.0,Leopoldo Zarling,-27.132999420166016,-48.61399841308594,11-30
1025356251415331533,0.9572422241991433,419.647209516287,42291.17973733055,105,27.0,5.0,2.0,5.0,apartamento,False,25.0,250.0,0.0,Morretes,-27.115753428001188,-48.611738942563534,11-30
1028988415727336651,0.5196996254855344,563.0112861417274,31787.72487573457,105,1.0,5.0,1.0,4.0,apartamento,False,21.0,200.0,0.0,Meia Praia,-27.12647,-48.60596,1-2
1030981527494824971,0.9626588206700614,350.58554484416203,35519.126299714146,105,21.0,5.0,2.0,5.0,apartamento,False,20.0,150.0,0.0,Morretes,-27.11899948120117,-48.61600112915039,11-30
1031938290013047428,0.46423027308971865,665.5070750298803,33719.50967719374,105,12.0,5.0,2.0,4.0,apartamento,True,28.0,400.0,0.0,Meia Praia,-27.13999938964844,-48.59799957275391,11-30
1032037416009523135,0.9334982666833804,498.1131512357218,49027.31145870993,105,21.0,5.0,1.0,2.0,casa,True,49.0,0.0,0.0,Areal,-27.099458694458008,-48.65940856933594,11-30
1033202997223117530,0.9591873409129883,1726.7372514719461,174349.29888935652,105,17.0,5.0,4.0,12.0,apartamento,False,46.0,450.0,0.0,Meia Praia,-27.131999969482425,-48.59799957275391,11-30
1034873975277447845,0.8499760937146786,895.7507521840624,80715.90711324094,105,16.0,4.880000114440918,3.0,6.0,apartamento,True,44.0,456.0,0.0,Meia Praia,-27.12700080871582,-48.60499954223633,11-30
1035628196408986358,0.9332952443589684,1134.8028948561305,111671.32336336306,105,4.0,5.0,3.0,6.0,apartamento,True,0.0,456.0,0.0,Centro,-27.10400009155273,-48.61299896240234,3-10
1036955655225647222,0.5277436606631823,468.7526321986048,26857.864289641322,105,12.0,4.829999923706055,2.0,6.0,apartamento,False,18.0,260.0,0.0,Centro,-27.10700035095215,-48.61299896240234,11-30
1037004838842410100,0.9410185905839447,303.2938682374401,30078.11662863679,105,12.0,4.579999923706055,1.0,3.0,apartamento,False,17.0,120.0,0.0,Meia Praia,-27.12472915649414,-48.60736846923828,11-30
1037047027853581998,0.9417149406472588,1007.7649134812068,100011.12393908635,105,17.0,4.880000114440918,2.0,5.0,apartamento,True,41.0,250.0,0.0,Centro,-27.093000411987305,-48.61199951171875,11-30
1039235354309448898,0.6780563018779495,199.1760600716328,14492.064185178122,105,8.0,5.0,2.0,2.0,apartamento,False,15.0,350.0,0.0,Centro,-27.090999603271484,-48.61299896240234,3-10
1042032092670718662,0.9643777353290129,464.93686327268847,47183.509452437196,105,11.0,4.909999847412109,1.0,4.0,apartamento,False,29.0,140.0,0.0,Meia Praia,-27.12800025939941,-48.60499954223633,11-30
1043497443334655968,0.9106807328796647,1027.378752276924,98793.66115949271,105,7.0,4.860000133514404,2.0,5.0,apartamento,False,17.0,290.0,0.0,Centro,-27.104999542236328,-48.61299896240234,3-10
1043599286749467076,0.6597223834025332,469.50803236009284,33283.268380569825,105,20.0,5.0,2.0,4.0,apartamento,True,15.0,205.0,0.0,Morretes,-27.12791,-48.62253,11-30
1044223371798078486,0.5196996254855344,797.6234797751799,45033.97419130407,105,6.0,5.0,3.0,8.0,apartamento,False,27.0,250.0,0.0,Meia Praia,-27.121999740600582,-48.60699844360352,3-10
1044458170286255125,0.8720773068934266,1097.1473074463797,101285.46952700522,105,2.0,5.0,4.0,12.0,apartamento,False,3.0,250.0,0.0,Meia Praia,-27.14138412475586,-48.59285736083984,1-2
1045077329214831775,0.9537879439068331,952.4638388801976,95661.76467153276,105,1.0,5.0,2.0,8.0,casa,False,22.0,160.0,0.0,Morretes,-27.12212,-48.61756,1-2
1045459185575382038,0.17058755303816234,544.466601308404,10412.09088853718,105,15.0,5.0,2.0,5.0,apartamento,False,34.0,200.0,0.0,Morretes,-27.117000579833984,-48.61000061035156,11-30
1045520246239520927,0.42979472970311405,996.6432660212874,46889.39480623295,105,0.0,0.0,3.0,6.0,apartamento,False,0.0,400.0,0.0,Centro,-27.10073471069336,-48.6165771484375,0
1045592510645908121,0.6094279348937509,519.5758627558805,34155.328855084,105,20.0,5.0,2.0,7.0,apartamento,False,6.0,250.0,0.0,Meia Praia,-27.13400077819824,-48.59999847412109,11-30
1045916135727198441,0.8417660224962297,741.7278894034301,66227.80672074512,105,5.0,5.0,2.0,6.0,apartamento,False,15.0,250.0,0.0,Meia Praia,-27.13656616210937,-48.59341430664063,3-10
1046547202929220520,0.8499760937146786,456.52751700992485,41137.59610892265,105,15.0,4.869999885559082,1.0,2.0,apartamento,False,24.0,0.0,0.0,Meia Praia,-27.121999740600582,-48.60599899291992,11-30
1047723626454445067,0.042915853586380524,1644.5201354806031,8008.28620647934,105,7.0,5.0,3.0,8.0,apartamento,False,30.0,0.0,0.0,Meia Praia,-27.1341,-48.59745,3-10
1048804459244346908,0.5670949188220281,743.84917628998,45653.099705701425,105,27.0,4.699999809265137,2.0,6.0,apartamento,False,14.0,100.0,0.0,Morretes,-27.11599922180176,-48.60900115966797,11-30
1049417084065072931,0.9932650566343827,563.652464393766,58809.28531851791,105,24.0,4.920000076293945,2.0,4.0,apartamento,True,26.0,226.0,0.0,Morretes,-27.11800003051757,-48.61199951171875,11-30
1050857413300266721,0.8417660224962297,663.7436035148246,59264.70301806532,105,2.0,5.0,3.0,8.0,apartamento,True,33.0,500.0,0.0,Meia Praia,-27.13800048828125,-48.59600067138672,1-2
1052110098791057231,0.9345506670946035,713.6879817748602,70319.96788084379,105,8.0,4.630000114440918,2.0,6.0,apartamento,True,25.0,362.0,0.0,Meia Praia,-27.13999938964844,-48.59600067138672,3-10
1052490589225547467,0.7560595763635635,759.6258060130593,61281.25302858491,105,16.0,5.0,3.0,8.0,apartamento,False,25.0,290.0,0.0,Meia Praia,-27.13599967956543,-48.59400177001953,11-30
1053030252161966865,0.3724878678494444,294.8091494230524,12081.240908043508,105,5.0,5.0,2.0,6.0,apartamento,False,29.0,80.0,0.0,Casa Branca,-27.09245109558105,-48.61885833740234,3-10
1053132609735844516,0.9904286898014161,798.4840234340522,83087.32832442838,105,17.0,4.940000057220459,3.0,10.0,apartamento,False,23.0,300.0,0.0,Meia Praia,-27.13756,-48.59112,11-30
1053425333694349352,0.8432922363453197,201.88776002076128,18057.096627425697,105,22.0,5.0,1.0,4.0,casa,False,28.0,150.0,0.0,Varzea,-27.094850540161133,-48.61999130249024,11-30
1053522951026570547,0.5428667370218159,688.3300875854727,40519.33470223944,105,12.0,4.829999923706055,2.0,6.0,apartamento,False,31.0,250.0,0.0,Canto da Praia,-27.08859,-48.60563,11-30
1053625763515857065,0.5747612214997182,506.04877981934345,31459.037866629264,105,11.0,4.820000171661377,2.0,5.0,apartamento,False,39.0,250.0,0.0,Meia Praia,-27.13400077819824,-48.59700012207031,11-30
1053851019443958006,0.21444150349795338,583.8770267628801,13977.626874012578,105,15.0,4.869999885559082,2.0,5.0,apartamento,False,25.0,300.0,0.0,Centro,-27.10099983215332,-48.6150016784668,11-30
1054265461023254222,0.7891659313137892,562.5666322909475,47261.417802952994,105,5.0,5.0,1.0,4.0,apartamento,False,18.0,200.0,0.0,Meia Praia,-27.12800025939941,-48.60499954223633,3-10
1055163452693752832,0.7604888631415765,585.5378669093612,47498.926482724644,105,16.0,4.940000057220459,2.0,4.0,apartamento,False,19.0,50.0,0.0,Morretes,-27.11629,-48.61059,11-30
1056816282920055514,0.7773576250295698,564.2106993704476,46728.69583708389,105,15.0,4.929999828338623,3.0,6.0,apartamento,True,35.0,250.0,0.0,Meia Praia,-27.136999130249023,-48.60100173950195,11-30
1056827534457537585,0.29034113892848734,366.9276164136146,11808.49146222315,105,17.0,4.880000114440918,2.0,4.0,casa,False,12.0,200.0,0.0,Morretes,-27.125,-48.6150016784668,11-30
1057137469420115073,0.7066227411769445,717.0651741940441,54257.620526476014,105,28.0,4.960000038146973,2.0,6.0,apartamento,True,17.0,400.0,0.0,Morretes,-27.117000579833984,-48.61000061035156,11-30
1057964852411462810,0.5749340067128804,354.1998423578133,22025.512350221805,105,13.0,4.690000057220459,2.0,5.0,casa,False,17.0,200.0,0.0,Morretes,-27.125,-48.62099838256836,11-30
1058193595817353204,0.9483014700668305,450.89188548763224,45040.92469791691,105,11.0,5.0,2.0,6.0,apartamento,False,24.0,200.0,0.0,Tabuleiro dos Oliveiras,-27.107999801635746,-48.61399841308594,11-30
1058777213156843238,0.9827122020863206,499.7297859795768,51619.56486480507,105,24.0,5.0,1.0,4.0,apartamento,True,37.0,212.0,0.0,Meia Praia,-27.12804,-48.60495,11-30
1060712994513047104,0.6839898811871495,448.62914493840964,32913.46356592916,105,10.0,4.900000095367432,2.0,5.0,apartamento,False,20.0,250.0,0.0,Morretes,-27.11599922180176,-48.61199951171875,3-10
1062221285605590578,0.5867219702968938,614.3561059347156,38950.109093780244,105,1.0,5.0,3.0,8.0,apartamento,False,14.0,0.0,0.0,Centro,-27.09584045410156,-48.618141174316406,1-2
1062615116593634676,0.8417660224962294,482.1654977031425,43051.85748776285,105,11.0,5.0,1.0,4.0,apartamento,False,22.0,180.0,0.0,Meia Praia,-27.12800025939941,-48.60499954223633,11-30
1063807278503566143,0.810804964525292,520.1139160814039,44826.1653409219,105,5.0,5.0,2.0,6.0,apartamento,False,28.0,280.0,0.0,Centro,-27.09824,-48.61373,3-10
1066545050089987954,0.6955236044456868,489.6492734246174,36497.59682848801,105,5.0,5.0,2.0,6.0,apartamento,False,18.0,200.0,0.0,Meia Praia,-27.13400077819824,-48.59999847412109,3-10
1067320906990424780,0.8238987955055942,650.9878071781468,56960.729764779804,105,8.0,4.630000114440918,3.0,6.0,apartamento,True,34.0,489.0,0.0,Centro,-27.10099983215332,-48.61600112915039,3-10
1070343877574441166,0.9904286898014161,340.4215899952669,35423.02611768758,105,12.0,5.0,2.0,5.0,apartamento,False,29.0,150.0,0.0,Morretes,-27.117000579833984,-48.61299896240234,11-30
1074031328011239995,0.09855566793374339,1852.2306657043225,20605.520780894836,105,4.0,5.0,5.0,15.0,casa,False,12.0,300.0,0.0,Varzea,-27.0957813,-48.6195685,3-10
1074829679064875721,0.9908485939815979,813.7362612661952,84708.12268013027,105,10.0,5.0,3.0,8.0,apartamento,False,22.0,0.0,0.0,Meia Praia,-27.128999710083008,-48.60599899291992,3-10
1075444278753674442,0.8688620253188847,637.233234969791,58623.09711317048,105,5.0,4.800000190734863,2.0,6.0,apartamento,False,10.0,250.0,0.0,Meia Praia,-27.12800025939941,-48.60200119018555,3-10
1075503699104403085,0.6262024196781109,1041.3481983697588,70248.43216207043,105,1.0,5.0,4.0,12.0,apartamento,False,26.0,250.0,0.0,Meia Praia,-27.13599967956543,-48.59400177001953,1-2
1077396104359577731,0.9793464531949593,690.5650404065857,71102.42889747533,105,9.0,4.78000020980835,3.0,6.0,apartamento,False,40.0,30.0,0.0,Meia Praia,-27.135293493467504,-48.59442494809628,3-10
1081972140987250431,0.8038702821231061,693.2703270262282,59266.8666521342,105,9.0,4.559999942779541,2.0,4.0,apartamento,True,23.0,400.0,0.0,Meia Praia,-27.1439909,-48.58763339999999,3-10
1082133757143221839,0.9938102715140498,1061.5343167800359,110813.39357524084,105,19.0,5.0,3.0,6.0,apartamento,False,20.0,300.0,0.0,Meia Praia,-27.138999938964844,-48.59099960327149,11-30
1082746592587689161,0.8735482489270449,559.6288857135033,51745.4381171918,105,10.0,5.0,3.0,6.0,apartamento,True,24.0,300.0,0.0,Tabuleiro dos Oliveiras,-27.10756492614746,-48.6148796081543,3-10
1083196219974177016,0.7350288306342394,355.5223330797103,27925.035000476546,105,1.0,5.0,2.0,4.0,apartamento,False,21.0,200.0,0.0,Casa Branca,-27.08799934387207,-48.6150016784668,1-2
1083301106167776779,0.9652218076314295,569.0957491139908,57801.43099544807,105,16.0,5.0,3.0,8.0,apartamento,False,21.0,250.0,0.0,Morretes,-27.11899948120117,-48.61000061035156,11-30
1083424325445690046,0.7743681268615976,627.2844864590005,51763.57811521256,105,5.0,5.0,2.0,5.0,apartamento,False,19.0,250.0,0.0,Meia Praia,-27.13119,-48.60752,3-10
1083633025910461931,0.8573989745981949,330.13497570740276,29993.319033820848,105,13.0,4.849999904632568,0.0,4.0,apartamento,False,8.0,150.0,0.0,Meia Praia,-27.13802146911621,-48.59752655029297,11-30
1084601543056055517,0.6505206927497783,1389.5717447910697,97199.64078780971,105,7.0,5.0,4.0,12.0,apartamento,False,19.0,400.0,0.0,Meia Praia,-27.1299991607666,-48.60200119018555,3-10
1085437829031467755,0.9243020165305418,724.1965804841,70619.09988932335,105,1.0,5.0,2.0,6.0,apartamento,False,0.0,200.0,0.0,Centro,-27.09687,-48.6148,1-2
1086855144095843601,0.5562462773787796,439.5546791708238,26484.11280947394,105,14.0,4.929999828338623,2.0,4.0,apartamento,True,38.0,175.0,0.0,Casa Branca,-27.08799934387207,-48.6150016784668,11-30
1088251024341369589,0.9954890330896523,555.9822482681572,58130.92276089801,105,16.0,4.880000114440918,2.0,5.0,apartamento,False,13.0,0.0,0.0,Morretes,-27.11899948120117,-48.61000061035156,11-30
1091408953130822622,0.8432922363453197,326.19662683145145,29175.438915316714,105,13.0,5.0,2.0,6.0,apartamento,False,0.0,0.0,0.0,Centro,-27.088138715696708,-48.60966138197021,11-30
1100720037663116812,0.8270189212730099,1075.5899520342768,94449.35995977161,105,15.0,4.869999885559082,3.0,6.0,apartamento,True,21.0,500.0,0.0,Centro,-27.100000381469727,-48.617000579833984,11-30
1100991386372756521,0.13852009100695753,835.0477682167743,13006.94947078082,105,12.0,5.0,2.0,8.0,apartamento,False,13.0,0.0,0.0,Meia Praia,-27.14177,-48.59507,11-30
1111626053814730010,0.7648315909623111,734.9921190401901,59944.79811630811,105,8.0,4.75,3.0,6.0,apartamento,True,28.0,500.0,0.0,Centro,-27.097999572753903,-48.6150016784668,3-10
1124052077567202180,0.994522819030821,1021.7743736015545,106734.64777430754,105,3.0,5.0,4.0,16.0,casa,False,64.0,400.0,0.0,Morretes,-27.11599922180176,-48.608001708984375,3-10
1125970477826966385,0.7560595763635635,651.7323464127971,52577.169589666824,105,10.0,4.599999904632568,2.0,4.0,apartamento,True,14.0,400.0,0.0,Morretes,-27.117000579833984,-48.61100006103516,3-10
1131810056799937593,0.5510600317862981,784.7269803212537,46860.12400486813,105,5.0,5.0,3.0,6.0,apartamento,True,0.0,456.0,0.0,Tabuleiro dos Oliveiras,-27.107999801635746,-48.61399841308594,3-10
1137698308528017474,0.8849680753693157,716.0880705480455,67027.48489791251,105,7.0,5.0,3.0,6.0,apartamento,True,24.0,450.0,0.0,Meia Praia,-27.12800025939941,-48.60100173950195,3-10
1139831117529014384,0.5002148181084021,640.6856402358237,34872.90918964537,105,11.0,5.0,3.0,6.0,apartamento,False,14.0,220.0,0.0,Tabuleiro dos Oliveiras,-27.10815620422364,-48.61417770385742,11-30
1147824179020677628,0.9181735447020879,514.4605937591492,49853.94665052498,105,11.0,5.0,1.0,4.0,apartamento,False,0.0,140.0,0.0,Centro,-27.092897415161133,-48.61321640014648,11-30
1153493820067017135,0.8577457708953792,448.8022782010862,40789.993529726264,105,4.0,5.0,2.0,4.0,apartamento,True,0.0,357.0,0.0,Centro,-27.099824140162,-48.616195412234,3-10
1153552657765472365,0.9590926908354138,421.03896010226504,42508.5172984741,105,5.0,5.0,2.0,4.0,apartamento,True,0.0,324.0,0.0,Centro,-27.099814589199163,-48.61619541223374,3-10
1161796266594364332,0.9879136238915981,495.48747650406494,51435.683128562494,105,21.0,5.0,1.0,2.0,apartamento,False,57.0,250.0,0.0,Centro,-27.093202590942383,-48.613243103027344,11-30
1161927707286622818,0.9524049663409146,274.2387182251412,27505.93108991893,105,27.0,5.0,1.0,2.0,apartamento,False,36.0,250.0,0.0,Centro,-27.09324836730957,-48.61322021484375,11-30
1163772289534164479,0.7690894867653031,1866.139929012303,153000.92956564156,105,0.0,0.0,4.0,12.0,casa,False,0.0,350.0,0.0,Tabuleiro dos Oliveiras,-27.11058616638184,-48.61211013793945,0
1171049670344322120,0.745064246390572,732.7624543377717,58299.91587934138,105,17.0,4.820000171661377,3.0,8.0,apartamento,False,113.0,400.0,0.0,Meia Praia,-27.13838195800781,-48.595645904541016,11-30
1173260792743932663,0.9428508979705441,1020.8765477220471,101427.23063016747,105,2.0,5.0,3.0,7.0,apartamento,True,33.0,270.0,0.0,Meia Praia,-27.14386,-48.58636,1-2
1174263938200349649,0.2517549737079305,568.0070118853946,15907.525606809393,105,22.0,4.909999847412109,1.0,2.0,apartamento,False,35.0,250.0,0.0,Centro,-27.0929134,-48.6132024,11-30
1179103047052148475,0.9320212997785369,790.9362312179704,77732.88151364341,105,4.0,4.5,4.0,8.0,apartamento,True,0.0,480.0,0.0,Meia Praia,-27.123334884643555,-48.60639572143555,3-10
1181723518413479765,0.31890741778860093,535.7919938966321,18889.603968073592,105,12.0,4.670000076293945,1.0,4.0,apartamento,False,0.0,150.0,0.0,Centro,-27.0929134,-48.6132024,11-30
1181933658424522281,0.6595722005230809,409.81336588352553,29045.24733357608,105,19.0,4.789999961853027,1.0,2.0,apartamento,True,0.0,150.0,0.0,Centro,-27.0936893,-48.6131638,11-30
1181944920258781413,0.4733683866067502,406.2380354261981,20972.00633276458,105,17.0,4.710000038146973,1.0,2.0,apartamento,True,0.0,150.0,0.0,Centro,-27.0936893,-48.6131638,11-30
1181971107577983158,0.6050828265844408,407.8957575240346,26631.613958836464,105,15.0,4.929999828338623,1.0,2.0,apartamento,True,0.0,150.0,0.0,Centro,-27.0936893,-48.6131638,11-30
1182018398755268829,0.7374420048493437,743.5599143220518,58585.647426511765,105,13.0,5.0,2.0,6.0,apartamento,True,0.0,240.0,0.0,Centro,-27.0936893,-48.6131638,11-30
1182028381058524086,0.8626952173757134,642.9557651367028,58753.742561700026,105,12.0,5.0,1.0,4.0,apartamento,True,0.0,190.0,0.0,Centro,-27.0936893,-48.6131638,11-30
1182040498646675653,0.8003008662124199,757.9198239459802,64521.825269236506,105,2.0,5.0,2.0,6.0,apartamento,True,0.0,240.0,0.0,Centro,-27.0936893,-48.6131638,1-2
1182043782165637473,0.6595722005230809,619.2845060215305,43891.37384152342,105,11.0,4.820000171661377,1.0,4.0,apartamento,True,0.0,190.0,0.0,Centro,-27.0936893,-48.6131638,11-30
1182070530301053205,0.7560595763635635,630.223719478186,50842.005250799324,105,12.0,4.920000076293945,1.0,4.0,apartamento,True,0.0,190.0,0.0,Centro,-27.0936893,-48.6131638,11-30
1182188163181410725,0.3908067145889049,922.5720377974201,39601.79210172914,105,12.0,4.920000076293945,2.0,5.0,apartamento,False,0.0,250.0,0.0,Centro,-27.09358809595095,-48.613163866102695,11-30
1183418487997408853,0.810804964525292,631.5352768901216,54429.04691685032,105,20.0,4.75,1.0,4.0,apartamento,True,30.0,190.0,0.0,Centro,-27.09361767336776,-48.61308421982116,11-30
1184078920130796920,0.6094016033975591,436.570114420059,28697.60324145638,105,11.0,5.0,2.0,4.0,apartamento,True,12.0,290.0,0.0,Morretes,-27.1166893,-48.6129008,11-30
1184152596221501552,0.6264188006880704,618.661915674247,41748.1166937982,105,11.0,4.820000171661377,1.0,4.0,apartamento,True,0.0,190.0,0.0,Centro,-27.0936893,-48.6131638,11-30
1187061700423806804,0.6332885347069388,628.9814315402502,42887.43153489799,105,3.0,5.0,1.0,4.0,apartamento,True,0.0,190.0,0.0,Centro,-27.093690872192383,-48.6131591796875,3-10
1187558666042801587,0.7773576250295698,663.3814302674042,54942.15035894245,105,7.0,5.0,3.0,6.0,apartamento,True,0.0,400.0,0.0,Meia Praia,-27.13898277282715,-48.593387603759766,3-10
1187772975255244525,0.7732642649216364,427.83289691360625,35257.21103026513,105,23.0,4.869999885559082,1.0,2.0,apartamento,True,0.0,150.0,0.0,Centro,-27.0936893,-48.6131638,11-30
1188323084225041810,0.7011267205731663,627.0015679359733,47092.74828003022,105,14.0,4.860000133514404,1.0,4.0,apartamento,True,0.0,190.0,0.0,Centro,-27.09306,-48.61326,11-30
1188339469325210376,0.6955236044456868,629.126006933256,46893.947569395335,105,22.0,4.949999809265137,1.0,4.0,apartamento,True,0.0,190.0,0.0,Centro,-27.09306,-48.61326,11-30
1188476386889166335,0.6531789108429817,621.8289882922404,43665.51655553438,105,12.0,4.75,1.0,4.0,apartamento,True,0.0,190.0,0.0,Centro,-27.09306,-48.61326,11-30
1189331897618015345,0.5510600317862984,742.4180352160597,44333.637132538475,105,17.0,4.820000171661377,2.0,6.0,apartamento,True,0.0,240.0,0.0,Centro,-27.0936893,-48.6131638,11-30
1191261348067720296,0.7813712499336893,741.4316241089309,61706.13913399001,105,25.0,5.0,2.0,6.0,apartamento,True,0.0,240.0,0.0,Centro,-27.0936893,-48.6131638,11-30
1191386301072209798,0.7275684949439916,628.123931097013,48862.36369515275,105,22.0,4.860000133514404,1.0,4.0,apartamento,True,0.0,190.0,0.0,Centro,-27.09306,-48.61326,11-30
1192836728602105901,0.6780563018779495,619.4791781519021,45073.34871434865,105,22.0,4.949999809265137,1.0,4.0,apartamento,True,0.0,190.0,0.0,Centro,-27.09231,-48.61455,11-30
1193347652334673191,0.7773576250295698,924.0217387917489,76528.73443738636,105,12.0,5.0,3.0,6.0,apartamento,True,0.0,200.0,0.0,Meia Praia,-27.1372734,-48.5970003,11-30
1193414131980072087,0.810804964525292,739.731977083795,63754.01020328673,105,16.0,4.940000057220459,2.0,6.0,apartamento,True,0.0,240.0,0.0,Centro,-27.09306,-48.61326,11-30
1193496259129259761,0.426846441951139,738.0987211049742,34496.147985173426,105,13.0,4.769999980926514,2.0,6.0,apartamento,True,0.0,240.0,0.0,Centro,-27.09306,-48.61326,11-30
1193657356522503551,0.5196996254855342,715.4220243295133,40392.86429811085,105,11.0,4.909999847412109,2.0,6.0,apartamento,True,0.0,250.0,0.0,Meia Praia,-27.141621198836823,-48.59566446393728,11-30
1195858349379362032,0.833084624759183,843.1987095834795,74555.13346521487,105,17.0,4.710000038146973,3.0,8.0,apartamento,False,0.0,330.0,0.0,Centro,-27.09854461417615,-48.61469339579344,11-30
1197121947398131654,0.7813712499336893,426.4592788738237,35492.35659970042,105,21.0,4.670000076293945,1.0,2.0,apartamento,True,0.0,170.0,0.0,Centro,-27.09306,-48.61326,11-30
1197195878719681680,0.6780563018779495,421.60249499644846,30675.827285279032,105,16.0,4.559999942779541,1.0,3.0,apartamento,True,0.0,160.0,0.0,Centro,-27.0931,-48.6133,11-30
1198703061430420363,0.9439711543866977,441.21478553782254,43885.016200257545,105,11.0,5.0,1.0,4.0,apartamento,False,0.0,200.0,0.0,Centro,-27.0936893,-48.6131638,11-30
1199996219082185363,0.7929502547481149,237.075766596418,20007.078190170592,105,12.0,4.670000076293945,2.0,5.0,apartamento,,0.0,0.0,0.0,Morretes,-27.11627,-48.6140501,11-30
1203075817950465589,0.8977668217788104,1509.8137956544408,143246.10909437286,105,0.0,0.0,3.0,6.0,apartamento,False,0.0,400.0,0.0,Centro,-27.09712,-48.61363,0
1203140233522044896,0.4173177775415248,479.39925363992603,21923.390330905524,105,13.0,5.0,1.0,4.0,apartamento,False,0.0,180.0,0.0,Centro,-27.09271779999998,-48.61344441534421,11-30
1207335703563012811,0.5176037598740509,458.1603300296481,25767.92147974575,105,1.0,5.0,1.0,2.0,apartamento,True,0.0,150.0,0.0,Centro,-27.09306,-48.61326,1-2
1207338410880339003,0.3688728975905604,452.1392877928442,18354.711939240784,105,0.0,0.0,1.0,2.0,apartamento,True,0.0,150.0,0.0,Centro,-27.09306,-48.61326,0
1207383031689344642,0.6595722005230807,662.9031048377411,46982.81276575055,105,8.0,4.880000114440918,1.0,4.0,apartamento,False,0.0,150.0,0.0,Centro,-27.09322094307923,-48.61239424327908,3-10
1207864392976162235,0.33941278306475103,545.1515433339168,20417.181995606035,105,1.0,5.0,1.0,4.0,apartamento,False,0.0,0.0,0.0,Centro,-27.0927395,-48.6133933,1-2
1207881809440158991,0.29034113892848734,449.70557052970025,14472.457652596353,105,1.0,5.0,1.0,2.0,apartamento,True,0.0,150.0,0.0,Centro,-27.09231,-48.61455,1-2
1207940918769840398,0.6400379708275716,419.1063905053478,28866.718071726467,105,2.0,5.0,1.0,2.0,apartamento,True,0.0,150.0,0.0,Centro,-27.09231,-48.61455,1-2
1207992119242235910,0.4268464419511392,403.8601894949329,18875.01016297792,105,3.0,5.0,1.0,2.0,apartamento,True,0.0,150.0,0.0,Centro,-27.09306,-48.61326,3-10
1208704132667695539,0.2328985420153074,631.8626378123419,16399.581059811993,105,0.0,0.0,1.0,2.0,apartamento,True,0.0,170.0,0.0,Centro,-27.09231,-48.61455,0
1208718899534488031,0.4077271929720004,452.9806623896556,20256.11333663652,105,5.0,4.800000190734863,1.0,2.0,apartamento,True,0.0,150.0,0.0,Centro,-27.09306,-48.61326,3-10
1208735754877396448,0.542866737021816,457.71630460810957,26943.99166851064,105,2.0,5.0,1.0,2.0,apartamento,True,0.0,150.0,0.0,Centro,-27.09306,-48.61326,1-2
1208746927423730353,0.5826529146296933,412.80554927873766,25998.63536280737,105,1.0,5.0,1.0,2.0,apartamento,True,0.0,150.0,0.0,Centro,-27.09306,-48.61326,1-2
1208757710030861160,0.5591365501312919,406.2732505601033,24600.342629670005,105,4.0,5.0,1.0,2.0,apartamento,True,0.0,150.0,0.0,Centro,-27.09231,-48.61455,3-10
1208757855935244741,0.6050828265844408,413.4789646338247,26996.14291913437,105,0.0,0.0,1.0,2.0,apartamento,True,0.0,150.0,0.0,Centro,-27.09231,-48.61455,0
1209010210831577821,0.3905295245012603,1065.7757402424459,45717.54146339845,105,0.0,0.0,3.0,8.0,apartamento,False,0.0,350.0,0.0,Centro,-27.1008007,-48.6167677,0
1213824251801309412,0.6898118293887525,1133.4072123352148,83823.61252463453,105,6.0,4.5,3.0,6.0,apartamento,True,0.0,456.0,0.0,Meia Praia,-27.1287625,-48.6023649,3-10
1214464056304542513,0.5826529146296933,734.6064035252783,46265.76375682642,105,16.0,5.0,2.0,5.0,apartamento,True,0.0,220.0,0.0,Centro,-27.0931,-48.6133,11-30
1216602433904805187,0.5749340067128803,621.6744210493883,38658.11330544835,105,10.0,4.599999904632568,1.0,4.0,apartamento,True,0.0,190.0,0.0,Centro,-27.09231,-48.61455,3-10
1218889785346856352,0.949011020693828,522.6998832739948,52250.76314366837,105,10.0,4.699999809265137,2.0,7.0,apartamento,True,0.0,413.0,0.0,Meia Praia,-27.13847,-48.60178,3-10
1219597802580113056,0.6658487444121027,623.5446708622827,44592.87993492083,105,6.0,4.829999923706055,1.0,4.0,apartamento,True,0.0,190.0,0.0,Centro,-27.09231,-48.61455,3-10
1219655958873769070,0.6466678179242966,735.6466098447443,51168.12853434383,105,16.0,4.5,2.0,6.0,apartamento,True,0.0,240.0,0.0,Centro,-27.09231,-48.61455,11-30
1226846054624436877,0.5261365797751547,734.8308938477486,41980.48995477162,105,7.0,4.860000133514404,2.0,6.0,apartamento,True,0.0,240.0,0.0,Centro,-27.09231,-48.61455,3-10
1226856286781952840,0.491364430084506,740.633041912651,39628.955402781576,105,12.0,4.579999923706055,2.0,5.0,apartamento,True,0.0,220.0,0.0,Centro,-27.09306,-48.61326,11-30
1229942592150628971,0.9627053632374338,304.5190767715134,30853.362556610406,105,13.0,4.920000076293945,2.0,6.0,apartamento,False,0.0,250.0,0.0,Meia Praia,-27.1411519,-48.5944802,11-30
1233370107101543516,0.8765249214734698,447.7110008268241,41529.99267678145,105,10.0,5.0,1.0,3.0,apartamento,True,0.0,160.0,0.0,Centro,-27.09231,-48.61455,3-10
1233973103621276698,0.8270189212730099,435.9273264739634,38279.51060398912,105,22.0,4.909999847412109,1.0,3.0,apartamento,True,0.0,160.0,0.0,Centro,-27.09306,-48.61326,11-30
1233994658216308874,0.8651038936651488,448.0215402397009,41048.26413524735,105,16.0,4.380000114440918,1.0,3.0,apartamento,True,0.0,180.0,0.0,Centro,-27.09306,-48.61326,11-30
1234084273027568746,0.8577457708953792,439.1205554343804,39910.05724554904,105,13.0,4.769999980926514,1.0,3.0,apartamento,True,0.0,180.0,0.0,Centro,-27.09231,-48.61455,11-30
1236367599770739400,0.769997956094438,646.7391781580334,53084.04832055649,105,15.0,4.730000019073486,1.0,4.0,apartamento,False,0.0,200.0,0.0,Centro,-27.0929134,-48.6132024,11-30
1238321506456103932,0.6194281960088348,789.7795558281416,52728.901801906,105,9.0,4.670000076293945,2.0,6.0,apartamento,True,0.0,240.0,0.0,Centro,-27.0936893,-48.6131638,3-10
1242002119123644781,0.1846492335455825,5439.965924025732,112455.19878869415,105,0.0,0.0,4.0,6.0,apartamento,False,0.0,0.0,0.0,Meia Praia,-27.139737,-48.5912519,0
1242713378625026725,0.5591365501312919,654.4833288266675,39629.76669605059,105,8.0,4.75,1.0,4.0,apartamento,True,0.0,190.0,0.0,Centro,-27.09231,-48.61455,3-10
1247028916537033972,0.43510482476642365,1773.7333503110926,84441.73942155468,105,0.0,0.0,4.0,12.0,casa,False,0.0,500.0,0.0,Centro,-27.0923418,-48.61310570000001,0
1248514191377483703,0.4913644300845059,526.8819362064064,28191.80291839776,105,6.0,5.0,2.0,6.0,apartamento,True,0.0,351.0,0.0,Centro,-27.08942,-48.6092985,3-10
1248685472424986601,0.9127206028057234,326.448958931982,31457.797752207836,105,10.0,5.0,2.0,6.0,apartamento,False,0.0,300.0,0.0,Morretes,-27.11750204560287,-48.61353386028665,3-10
1249371220066552412,0.7275684949439916,627.6948646766765,48828.98620634533,105,12.0,4.920000076293945,1.0,4.0,apartamento,True,0.0,180.0,0.0,Centro,-27.0936893,-48.6131638,11-30
1249385754807434824,0.6595722005230809,624.1688151533003,44237.54597400144,105,7.0,4.570000171661377,1.0,4.0,apartamento,True,0.0,190.0,0.0,Centro,-27.09325543306942,-48.61200340026477,3-10
1249919049392818339,0.41731777754152477,608.6503518901353,27834.16773851049,105,9.0,5.0,1.0,2.0,apartamento,True,0.0,250.0,0.0,Meia Praia,-27.1276039,-48.6052271,3-10
1250122800440869898,0.29246837578789336,800.2270151241247,25936.53379136538,105,,,,,,,,,,,,,
1254384361135492137,0.37864677498018856,640.465889012717,26665.553768444453,105,4.0,4.5,2.0,4.0,apartamento,True,0.0,369.0,0.0,Morretes,-27.11929498276978,-48.61308372991639,3-10
1254489827996538747,0.4536349037283487,1227.262378097028,60817.65588084195,105,11.0,5.0,3.0,8.0,apartamento,False,0.0,100.0,0.0,Meia Praia,-27.1314043,-48.60345909999999,11-30
1257312272803306995,0.5261365797751547,578.0001176013614,33020.832866409444,105,8.0,4.75,2.0,4.0,apartamento,True,0.0,369.0,0.0,Meia Praia,-27.133659,-48.6082168,3-10
1259534245145609058,0.8602428410523177,468.61339027814023,42707.444805640866,105,10.0,5.0,1.0,2.0,apartamento,True,0.0,150.0,0.0,Centro,-27.0927395,-48.6133933,3-10
1260073533686146608,0.6898118293887525,443.06220293853085,32767.635514609916,105,12.0,4.75,1.0,2.0,apartamento,True,0.0,150.0,0.0,Centro,-27.0936893,-48.6131638,11-30
1262982199583014782,0.6264188006880704,779.3126546250228,52589.0390566245,105,9.0,4.670000076293945,2.0,6.0,apartamento,True,0.0,240.0,0.0,Centro,-27.0936893,-48.6131638,3-10
1263128865886946817,0.29034113892848756,607.3411043037195,19545.49596164317,105,1.0,5.0,1.0,2.0,apartamento,True,0.0,170.0,0.0,Centro,-27.0936893,-48.6131638,1-2
1264729892004302735,0.9410185905839447,481.88473699784976,47789.246136800255,105,0.0,0.0,1.0,4.0,apartamento,False,0.0,190.0,0.0,Centro,-27.095977852124523,-48.615689788759845,0
1265161823691467042,0.5591365501312918,662.4936402970944,40114.800860793664,105,8.0,5.0,1.0,4.0,apartamento,True,0.0,190.0,0.0,Centro,-27.0936893,-48.6131638,3-10
1265295313956605287,0.5826529146296934,417.8292802805362,26315.03166781053,105,0.0,0.0,1.0,2.0,apartamento,True,0.0,190.0,0.0,Centro,-27.0936893,-48.6131638,0
1265370363028714118,0.597727691097905,419.6207502807484,27079.609155694598,105,1.0,5.0,1.0,2.0,apartamento,True,0.0,190.0,0.0,Centro,-27.0927395,-48.6133933,1-2
1266717192483343855,0.7318578734260816,650.6885302726581,50900.3980405354,105,2.0,5.0,2.0,6.0,apartamento,False,0.0,250.0,0.0,Meia Praia,-27.14014999706216,-48.596345745027065,1-2
1267332355220608617,0.5460363652924874,679.0870375705265,40198.36296370141,105,1.0,5.0,2.0,5.0,apartamento,False,0.0,150.0,0.0,Meia Praia,-27.12915798179089,-48.607890504848015,1-2
1268755217310742256,0.9180607218166695,877.2437447076668,84999.71951667068,105,0.0,0.0,2.0,4.0,apartamento,False,0.0,300.0,0.0,Meia Praia,-27.12991,-48.59961,0
1268889705366032062,0.6043452673996602,1011.338158784468,65953.80683686609,105,0.0,0.0,2.0,6.0,casa,False,0.0,0.0,0.0,Morretes,-27.1262378,-48.6168763,0
1269623861253689862,0.8300804282061228,439.8474187586437,38758.679041504154,105,3.0,5.0,1.0,3.0,apartamento,True,0.0,190.0,0.0,Centro,-27.0927395,-48.6133933,3-10
1269636598524749154,0.6839898811871494,414.7452034069489,30427.58433216044,105,9.0,4.21999979019165,1.0,3.0,apartamento,True,0.0,190.0,0.0,Centro,-27.0936893,-48.6131638,3-10
1271171762063321920,0.8037369162075058,562.3594221295759,48067.911913206044,105,5.0,4.800000190734863,2.0,5.0,apartamento,False,0.0,250.0,0.0,Tabuleiro dos Oliveiras,-27.108362924067023,-48.61487913876772,3-10
1272260793182499350,0.8937300811631691,638.8358895906804,60353.960164450036,105,2.0,5.0,2.0,5.0,apartamento,False,0.0,250.0,0.0,Morretes,-27.115806807361427,-48.612170194394494,1-2
1272537775161574422,0.8697940030607492,562.1546755603621,51768.42913364581,105,7.0,4.710000038146973,2.0,4.0,apartamento,True,0.0,369.0,0.0,Meia Praia,-27.1436971,-48.58786809999999,3-10
1274055523929375490,0.39808081944088264,611.1801140045643,26706.35682033299,105,4.0,5.0,1.0,2.0,apartamento,True,0.0,250.0,0.0,Meia Praia,-27.1276039,-48.6052271,3-10
1274533646308060247,0.37864677498018856,627.4872344291604,26125.19241965602,105,4.0,5.0,2.0,4.0,apartamento,True,0.0,369.0,0.0,Morretes,-27.1194992,-48.6112395,3-10
1274679812745645557,0.5261365797751546,612.7381028164133,35005.395099134024,105,7.0,4.860000133514404,1.0,4.0,apartamento,True,0.0,195.0,0.0,Centro,-27.093643939966583,-48.61309494865722,3-10
1276789839775235217,0.8838109196265829,389.09235136030685,36375.07426698299,105,15.0,5.0,2.0,4.0,apartamento,False,0.0,300.0,0.0,Morretes,-27.11900084278592,-48.61337073147297,11-30
1277103969415516416,0.8238644495519035,519.0623685934497,45415.609094928885,105,8.0,5.0,2.0,8.0,apartamento,False,0.0,100.0,0.0,Morretes,-27.11553019987141,-48.61099295318127,3-10
1277671971539993475,0.9565626002785356,331.5803176066637,33393.68313102801,105,13.0,5.0,1.0,2.0,apartamento,False,0.0,180.0,0.0,Centro,-27.093072951538467,-48.613264231104765,11-30
1280559161534348023,0.5261365797751547,649.7178100668679,37118.02569449351,105,0.0,0.0,1.0,4.0,apartamento,True,0.0,190.0,0.0,Centro,-27.093643939966583,-48.61309494865722,0
1282577030741754149,0.717299955713801,421.47357237442975,32348.082476087795,105,7.0,4.139999866485596,1.0,2.0,apartamento,True,0.0,150.0,0.0,Centro,-27.0927395,-48.6133933,3-10
1282585098065467787,0.7853068039542621,427.6284603187089,35759.119304690685,105,7.0,5.0,1.0,2.0,apartamento,True,0.0,150.0,0.0,Centro,-27.0936893,-48.6131638,3-10
1283982403734255309,0.7773576250295698,629.9349896817085,52172.070757995534,105,11.0,4.909999847412109,1.0,4.0,apartamento,True,0.0,190.0,0.0,Centro,-27.093643939966583,-48.61309494865722,11-30
1284110666632259028,0.6720096971976677,624.8646033116863,45080.02026818665,105,0.0,0.0,1.0,4.0,apartamento,True,0.0,190.0,0.0,Centro,-27.093643939966583,-48.61309494865722,0
1285538056394050628,0.16229042978114988,1008.9628764562607,18370.9683878684,105,3.0,4.670000076293945,2.0,7.0,apartamento,True,0.0,240.0,0.0,Centro,-27.09476710983974,-48.612753219776806,3-10
1286394668026043637,0.2616975961651289,1958.7625354897084,56970.09506696621,105,,,,,,,,,,,,,
1292815457899461748,0.8445535109525212,746.6937437457307,66879.45658419978,105,4.0,5.0,2.0,4.0,apartamento,True,0.0,240.0,0.0,Centro,-27.093643939966583,-48.61309494865722,3-10
1297930390704189766,0.5670949188220281,608.9194023749592,37371.901556725024,105,6.0,5.0,1.0,2.0,apartamento,True,0.0,170.0,0.0,Meia Praia,-27.1276039,-48.6052271,3-10
1297930815921503919,0.6123162943882355,954.0667324063327,63000.596980537215,105,3.0,5.0,3.0,6.0,apartamento,True,0.0,339.0,0.0,Meia Praia,-27.143245,-48.5875551,3-10
1303745304497797235,0.5002148181084021,735.2882456871963,40022.18656036223,105,1.0,5.0,2.0,4.0,apartamento,True,0.0,240.0,0.0,Centro,-27.0936893,-48.6131638,1-2
1304403734260231676,0.22361494483386507,643.7316569237106,16055.757189181051,105,1.0,4.0,2.0,4.0,apartamento,True,0.0,215.0,0.0,Tabuleiro dos Oliveiras,-27.1071015,-48.6171918,1-2
1304433283397417052,0.7732642649216364,1154.636660275186,95152.26315760224,105,2.0,5.0,2.0,6.0,apartamento,True,0.0,270.0,0.0,Morretes,-27.113736804032143,-48.6097962586441,1-2
1307990676918354925,0.3786467749801882,619.7267747648146,25802.088632245162,105,3.0,4.670000076293945,1.0,4.0,apartamento,True,0.0,190.0,0.0,Centro,-27.09364689514174,-48.61308216375426,3-10
1311575286815584867,0.3908067145889049,821.6274678248711,35268.70404998707,105,1.0,5.0,2.0,6.0,apartamento,True,0.0,210.0,0.0,Tabuleiro dos Oliveiras,-27.10569,-48.61557,1-2
1312949509621922876,0.500214818108402,652.5277145896317,35517.480501412814,105,2.0,5.0,2.0,4.0,apartamento,True,0.0,238.0,0.0,Morretes,-27.1176601,-48.6112927,1-2
1313064371372817918,0.1385200910069575,987.8580995978023,15387.16810561505,105,2.0,5.0,1.0,4.0,apartamento,True,0.0,190.0,0.0,Centro,-27.0936893,-48.6131638,1-2
1314095834089788250,0.46515472383395995,839.7699015764059,42630.34884647673,105,,,,,,,,,,,,,
1315954985293478319,0.08473369366633098,755.8483159347754,7238.810530890686,105,0.0,0.0,1.0,4.0,apartamento,True,0.0,170.0,0.0,Centro,-27.09364689514174,-48.61308216375426,0
1317427472349939673,0.17209674968508842,985.6933793095935,19013.900352293924,105,0.0,0.0,3.0,9.0,casa,False,0.0,0.0,0.0,Centro,-27.095210346014373,-48.61430816352368,0
1318315111310867765,0.40927982200844754,786.9195226052022,35318.193616167904,105,2.0,5.0,2.0,4.0,apartamento,False,0.0,300.0,0.0,Morretes,-27.11573671091331,-48.61086688935757,1-2
1318376138623084691,0.33649463580022093,825.5824362799298,30662.24645433639,105,,,,,,,,,,,,,
1320994692912931266,0.17058755303816225,1083.9269599216327,20728.445043495132,105,0.0,0.0,2.0,5.0,apartamento,True,0.0,220.0,0.0,Centro,-27.09365,-48.61308,0
1320995339425720277,0.5902509649708411,737.036275592665,46996.06421205045,105,1.0,5.0,2.0,4.0,apartamento,True,0.0,200.0,0.0,Centro,-27.09364,-48.6131,1-2
1321022086036905023,0.30011209369654884,919.123921707625,30547.122916650027,105,0.0,0.0,2.0,5.0,apartamento,True,0.0,220.0,0.0,Centro,-27.09364,-48.6131,0
1321134786322096510,0.49136443008450587,717.1733649034736,38373.70153028422,105,1.0,5.0,3.0,6.0,apartamento,True,0.0,337.0,0.0,Meia Praia,-27.13256,-48.59867,1-2
1329787295308110610,0.592244010613596,1002.0229616134126,64098.29610129547,105,0.0,0.0,2.0,5.0,apartamento,True,0.0,220.0,0.0,Centro,-27.0936893,-48.6131638,0
1333504785474035960,0.3908067145889049,619.7557190426403,26603.274469471384,105,,,,,,,,,,,,,
