airbnb_listing_id,occ,rev_window,adr,nights,number_of_bedrooms,number_of_guests,listing_type,number_of_reviews,star_rating,is_professional,cleaning_fee,picture_count,min_nights,number_of_bathrooms,is_guest_favorite,can_instant_book,suburb,micro_zone,dist_beach_km,comp_300m,comp_1km,rev_annual_gross,occ_paid,bed_bucket
1977915,0.8141732046155117,79382.90250407299,917.4734895634859,105,3,6,apartamento,42,4.880000114440918,False,240.0,42,0,2.0,True,False,Meia Praia,Meia Praia (beach band),0.2044479273546331,424,1979,158951.07938171853,0.7327558841539605,3
2951220,0.33649463580022093,29907.481596381454,805.2603567748652,105,3,5,apartamento,236,4.880000114440918,False,200.0,16,0,2.0,False,False,Tabuleiro dos Oliveiras,Tabuleiro dos Oliveiras,0.2347416699857107,98,416,59884.76525017216,0.30284517222019885,3
3263701,0.9709971145975972,151609.39161712243,1484.3586693244165,105,4,12,apartamento,42,4.900000095367432,False,250.0,62,0,4.0,False,False,Meia Praia,Meia Praia (beach band),0.074985328013713,379,1905,303572.62939221493,0.8738974031378375,4
3977675,0.8140311212882749,20546.586706078255,237.5077658186399,105,0,5,apartamento,21,4.619999885559082,False,50.0,8,0,1.0,False,False,Meia Praia,Meia Praia (inland),0.9309929023905876,11,704,41141.12776833324,0.7326280091594475,0
6569062,0.03946522346294983,3315.466260006208,740.1300761622433,105,3,6,apartamento,21,4.949999809265137,False,250.0,13,0,2.0,True,False,Meia Praia,Meia Praia (beach band),0.1482290476573018,158,625,6638.670596034416,0.03551870111665485,3
8287843,0.6720096971976677,48274.783762517916,669.1479601443532,105,2,6,apartamento,42,4.880000114440918,False,270.0,16,0,2.0,True,True,Meia Praia,Meia Praia (beach band),0.0628020033345261,264,1344,96662.23763457852,0.6048087274779009,2
8838629,0.7929502547481149,66624.93196747737,789.478437105524,105,3,15,apartamento,88,4.699999809265137,True,200.0,40,0,2.0,False,True,Morretes,Morretes,0.0254974837167355,91,691,133405.3620604353,0.7136552292733034,3
8936081,0.9573035900778217,52733.87085947383,523.2364934854292,105,2,5,apartamento,35,4.889999866485596,False,250.0,25,0,2.0,False,False,Meia Praia,Meia Praia (beach band),0.0225791928714513,285,1829,105590.81903889123,0.8615732310700396,2
9327293,0.9477554871855212,93653.30216645822,938.0442837530466,105,4,9,apartamento,50,4.960000038146973,False,450.0,40,0,3.0,True,True,Meia Praia,Meia Praia (beach band),0.0542192940571108,317,1908,187525.18486278557,0.8529799384669691,4
9658725,0.9888152928942624,35328.5212915576,340.0334496018025,105,2,6,apartamento,165,4.639999866485596,False,250.0,14,0,2.0,False,True,Meia Praia,Meia Praia (beach band),0.1901203553462863,67,1592,70739.49698381189,0.8899337636048362,2
9784227,0.9759298865692323,45904.47645049266,447.3018013403754,105,2,6,apartamento,24,4.539999961853027,False,180.0,51,0,2.0,False,True,Meia Praia,Meia Praia (beach band),0.2476052791794633,209,1110,91916.09087213853,0.8783368979123091,2
10340400,0.9960650349005847,35105.41408571417,335.5768536379046,105,3,6,apartamento,55,4.929999828338623,False,250.0,18,0,2.0,True,True,Meia Praia,Meia Praia (beach band),0.2969640446506418,436,1995,70292.76185486102,0.8964585314105262,3
10982940,0.5207216675649115,106481.63754218249,1882.415311991909,105,4,8,apartamento,7,5.0,False,300.0,35,0,4.0,False,False,Meia Praia,Meia Praia (beach band),0.1099770450178676,256,1201,213211.79608914425,0.4686495008084203,4
11044577,0.7671725628000584,33838.785241984064,413.70447806975295,105,1,4,apartamento,26,4.380000114440918,False,306.0,40,0,1.0,False,True,Centro,Centro,0.2394284283726012,179,747,67756.54794057905,0.6904553065200526,1
11567423,0.7773576250295698,75287.52904010747,909.0352010184148,105,3,6,apartamento,24,4.880000114440918,False,400.0,41,0,2.0,False,True,Centro,Centro,0.0847708456680579,152,746,150750.77412662702,0.6996218625266128,3
12067632,0.9626588206700614,72625.46775378272,716.8374291410132,105,3,8,apartamento,21,5.0,False,350.0,35,0,3.0,True,False,Meia Praia,Meia Praia (inland),0.530621156040688,273,1927,145420.4384813677,0.8663929386030552,3
12359560,0.9357879473627331,77046.03357212472,780.9794926097584,105,3,6,apartamento,29,4.789999961853027,False,295.0,30,0,3.0,False,False,Meia Praia,Meia Praia (beach band),0.0341250878489539,176,1102,154271.88742237032,0.8422091526264598,3
12490354,0.6433343904492208,52976.688972926444,765.40153439906,105,3,6,apartamento,42,4.980000019073486,False,250.0,39,0,2.0,True,False,Centro,Centro,0.1834328018034471,167,679,106077.02198699767,0.5790009514042987,3
12931525,0.92255143324476,47530.04591784109,488.2891761395243,105,3,6,apartamento,20,4.849999904632568,True,300.0,23,0,1.0,False,False,Meia Praia,Meia Praia (beach band),0.2220311048196698,392,1878,95171.02377701363,0.830296289920284,3
13522176,0.9405685406896237,217893.9366452671,2198.1305553241223,105,5,15,apartamento,144,4.829999923706055,False,435.0,34,0,6.0,False,False,Meia Praia,Meia Praia (beach band),0.1750326821324569,448,1971,436296.4231336838,0.8465116866206613,4
14872547,0.6339229057971575,40586.57320608213,594.6704663178563,105,2,5,apartamento,32,4.690000057220459,False,230.0,44,0,2.0,False,False,Meia Praia,Meia Praia (beach band),0.0820415612594145,286,1692,81267.87275359311,0.5705306152174417,2
14884678,0.9370715941304373,68396.6815405604,692.4119063477003,105,3,6,apartamento,20,4.699999809265137,False,250.0,28,0,2.0,False,False,Meia Praia,Meia Praia (beach band),0.0447233274787981,341,1871,136952.9963513482,0.8433644347173935,3
15024197,0.9775894577815986,75307.3279954725,732.638608811399,105,3,8,apartamento,12,4.75,False,250.0,24,0,2.0,False,False,Centro,Centro,0.1338594290247403,182,726,150790.4182467918,0.8798305120034388,3
15500038,0.5428667370218159,30212.89126691891,513.2473730083053,105,3,9,apartamento,25,4.880000114440918,False,300.0,12,0,2.0,True,False,Meia Praia,Meia Praia (beach band),0.1733525600522941,221,1116,60496.29739694713,0.4885800633196343,3
15523493,0.847289819587209,58977.40482827033,656.4630950738972,105,3,8,apartamento,96,4.960000038146973,False,250.0,30,0,2.0,True,True,Meia Praia,Meia Praia (beach band),0.0627830293090253,353,1882,118092.45896627624,0.762560837628488,3
15549803,0.9307284457857177,74466.42861794044,758.6897988778898,105,4,8,apartamento,82,4.929999828338623,False,350.0,53,0,3.0,True,False,Morretes,Morretes,0.0690463372872632,96,678,149106.6568889443,0.8376556012071459,4
15732070,0.8497197356182462,70377.15586706348,781.2379249262872,105,3,6,apartamento,40,4.949999809265137,False,240.0,17,0,3.0,False,False,Meia Praia,Meia Praia (beach band),0.0213160850717031,130,550,140918.56729868535,0.7647477620564216,3
15754075,0.9211146266778962,70056.24576592249,720.7631787169742,105,3,9,apartamento,36,4.920000076293945,False,450.0,37,0,3.0,True,True,Meia Praia,Meia Praia (beach band),0.0464383077889296,260,1439,140275.9981137372,0.8290031640101067,3
15791567,0.9294995309509375,62035.15989344225,632.8216823164707,105,3,10,apartamento,22,4.090000152587891,False,300.0,26,0,3.0,False,False,Meia Praia,Meia Praia (beach band),0.0733751995096905,308,1819,124215.10569198719,0.8365495778558438,3
15909831,0.6780563018779495,58470.10995915242,803.6016115309509,105,3,6,apartamento,32,4.940000057220459,False,190.0,26,0,3.0,True,True,Meia Praia,Meia Praia (beach band),0.0132179399034404,117,511,117076.68523581882,0.6102506716901546,3
15934309,0.7560595763635635,69365.6539803093,859.8378494290422,105,3,8,apartamento,32,4.940000057220459,False,320.0,23,0,2.0,False,False,Meia Praia,Meia Praia (beach band),0.1632154158713818,431,1976,138893.20274757218,0.6804536187272071,3
15980018,0.987376733210788,52101.27218047329,502.15542760163066,105,2,5,apartamento,103,4.900000095367432,False,130.0,26,0,2.0,True,False,Centro,Centro,0.0470254171484959,141,550,104324.14523797516,0.8886390598897093,2
15980108,0.9092281561360545,159404.13805022975,1660.17399263129,105,4,10,apartamento,26,4.849999904632568,False,180.0,20,0,3.0,True,True,Meia Praia,Meia Praia (beach band),0.0311551807607893,164,1059,319180.3146741387,0.8183053405224491,4
16017693,0.9253598856249613,77297.70595121973,791.8329308154208,105,3,7,apartamento,41,4.900000095367432,True,350.0,23,0,3.0,True,True,Meia Praia,Meia Praia (beach band),0.3154271686418799,308,1451,154775.81956702407,0.8328238970624652,3
16105751,0.9643777353290129,32370.13638795101,318.96884845104853,105,2,4,apartamento,138,4.860000133514404,False,250.0,19,0,2.0,True,True,Centro,Centro,0.2038749765836531,179,729,64815.82250452813,0.8679399617961117,2
16177778,0.3197370396630561,27116.40606608557,767.2027631897458,105,3,8,apartamento,9,5.0,False,300.0,17,0,3.0,False,False,Meia Praia,Meia Praia (beach band),0.3076014312247919,312,1493,54296.100006372704,0.2877633356967505,3
16253828,0.6595722005230807,119211.71427503107,1682.0154195526557,105,3,7,apartamento,24,4.960000038146973,False,420.0,22,0,2.0,False,False,Meia Praia,Meia Praia (beach band),0.0251146395178744,203,1415,238701.66070066512,0.5936149804707727,3
16321793,0.6531789108429817,38820.96764822705,552.8390579445282,105,3,7,apartamento,31,4.96999979019165,False,250.0,25,0,2.0,True,False,Meia Praia,Meia Praia (beach band),0.2122253636567486,174,826,77732.54083285581,0.5878610197586835,3
16350860,0.6893206696883207,48431.23537762725,655.2978758376742,105,2,5,apartamento,10,4.900000095367432,False,230.0,34,0,2.0,True,False,Meia Praia,Meia Praia (beach band),0.1293634795159983,205,996,96975.50601238023,0.6203886027194887,2
16451544,0.9692948084128133,60522.962732499866,593.5383864099588,105,3,6,apartamento,11,5.0,False,200.0,14,0,2.0,True,False,Centro,Centro,0.1909433302256742,174,740,121187.18200328822,0.8723653275715321,3
16527828,0.30164818515945996,36680.074771861495,1098.192157393446,105,4,8,apartamento,18,4.829999923706055,False,350.0,24,0,3.0,False,False,Meia Praia,Meia Praia (beach band),0.1038061303092256,276,1250,73445.75837965088,0.27148336664351397,4
16570256,0.8486760794818183,47402.03127531155,526.8075175377053,105,3,10,apartamento,13,4.769999980926514,False,250.0,14,0,3.0,False,False,Meia Praia,Meia Praia (inland),0.4047937572631149,347,1960,94914.69571435945,0.7638084715336365,3
16586622,0.7929502547481149,55837.42675820406,661.650873138298,105,3,6,apartamento,30,4.829999923706055,False,0.0,111,0,2.0,False,True,Meia Praia,Meia Praia (beach band),0.0892978645083002,286,1358,111805.1743277944,0.7136552292733034,3
16618715,0.4824144140509566,42774.86823194096,813.6507902005578,105,3,8,apartamento,59,4.920000076293945,False,189.0,15,0,2.0,True,False,Meia Praia,Meia Praia (beach band),0.0901546695382843,378,1924,85649.57013922423,0.4341729726458609,3
16644316,0.574233415392728,50308.8252117329,809.9756852529758,105,3,8,apartamento,12,5.0,False,300.0,36,0,2.0,False,False,Meia Praia,Meia Praia (beach band),0.0221510533998484,179,1652,100735.06784941338,0.5168100738534552,3
16662563,0.6955236044456868,129401.25554276085,1736.038431639691,105,4,11,apartamento,56,4.880000114440918,True,350.0,61,0,3.0,False,False,Meia Praia,Meia Praia (beach band),0.0856360112295733,313,1798,259104.52494245968,0.6259712440011181,4
16992951,0.7648315909623111,53644.34089647386,657.741272453917,105,3,8,apartamento,11,5.0,False,250.0,17,0,2.0,True,True,Centro,Centro,0.1713671500747762,170,680,107413.88408893075,0.6883484318660801,3
17013106,0.7063100263334593,135609.43053320594,1792.9579790884375,105,4,8,apartamento,29,4.659999847412109,False,350.0,62,0,4.0,False,False,Morretes,Morretes,0.0467726121947052,19,450,271535.3643876564,0.6356790237001134,4
17294276,0.9472408846083755,99742.31391429261,999.54286699819,105,4,9,apartamento,21,4.949999809265137,False,300.0,27,0,4.0,False,False,Meia Praia,Meia Praia (beach band),0.1082102367980525,396,1937,199717.41970373993,0.852516796147538,4
17570590,0.7696643082045518,135186.70620218146,1647.6963368112874,105,4,10,apartamento,45,4.820000171661377,True,420.0,32,0,3.0,True,False,Meia Praia,Meia Praia (beach band),0.0332277635904195,256,1376,270688.9291153532,0.6926978773840966,4
18395333,0.7891659313137892,55311.811577271896,658.3928500552317,105,3,8,apartamento,63,4.980000019073486,False,450.0,26,0,3.0,True,False,Meia Praia,Meia Praia (beach band),0.006681384972484,230,1769,110752.71721532868,0.7102493381824103,3
18505349,0.9700809341161236,77193.80536924445,756.4501728976978,105,3,6,apartamento,23,4.829999923706055,False,380.0,27,0,2.0,True,False,Centro,Centro,0.0624094729092445,72,430,154567.77590607942,0.8730728407045113,3
18506998,0.9862709351491391,45447.74088588259,438.4893709455921,105,2,4,apartamento,29,5.0,False,180.0,22,0,2.0,True,False,Centro,Centro,0.1832137669359002,180,747,91001.55375272463,0.8876438416342252,2
18735821,0.8735482489270449,25626.785329419352,277.1546602009988,105,2,8,apartamento,10,4.199999809265137,False,250.0,15,0,2.0,False,False,Meia Praia,Meia Praia (beach band),0.3180419119015928,424,1832,51313.38185808709,0.7861934240343403,2
20555680,0.9787132690459168,26418.09352577038,256.7351984720225,105,1,4,apartamento,12,4.829999923706055,False,150.0,18,0,1.0,False,False,Centro,Centro,0.0190665493619235,117,511,52897.845111079674,0.8808419421413252,1
20618105,0.8947398175530679,56010.49987804212,592.231064755859,105,2,5,apartamento,15,4.730000019073486,False,300.0,31,0,2.0,False,False,Meia Praia,Meia Praia (inland),0.3715939238009058,393,1714,112151.72450853151,0.8052658357977611,2
20863370,0.9801208993983077,62283.12232654093,604.4607788254319,105,3,7,apartamento,25,4.880000114440918,False,410.0,41,0,3.0,False,False,Meia Praia,Meia Praia (beach band),0.0971804939614985,283,1281,124711.60928588297,0.8821088094584769,3
20943549,0.810804964525292,37992.30585042485,440.82126647553446,105,2,6,apartamento,27,4.960000038146973,False,220.0,24,0,2.0,True,False,Meia Praia,Meia Praia (beach band),0.2314169182120213,449,1991,76073.28319615881,0.7297244680727628,2
21025393,0.9562993731459645,73188.66517997406,726.9098936442164,105,3,6,apartamento,23,4.909999847412109,False,250.0,22,0,3.0,True,False,Meia Praia,Meia Praia (beach band),0.0835838519653268,173,952,146548.14779879316,0.860669435831368,3
21077682,0.765921724389169,65677.2349516671,804.1939275270954,105,4,10,apartamento,31,4.96999979019165,False,300.0,30,0,3.0,True,False,Meia Praia,Meia Praia (beach band),0.171665433242862,334,1317,131507.756167502,0.689329551950252,4
21091876,0.3295729381379351,28384.5685292709,779.8155637754271,105,3,6,apartamento,11,4.909999847412109,False,350.0,24,0,2.0,False,False,Meia Praia,Meia Praia (beach band),0.0527294522571041,187,1391,56835.384738930115,0.2966156443241416,3
21103486,0.7813712499336893,30453.929725192706,365.9199375222497,105,3,6,apartamento,8,5.0,False,250.0,29,0,2.0,False,False,Meia Praia,Meia Praia (inland),0.4051690706210821,348,1498,60978.93688110001,0.7032341249403204,3
21103807,0.5093112774466906,54763.91390432951,988.8964827084933,105,5,10,apartamento,38,4.96999979019165,False,350.0,26,0,4.0,True,True,Meia Praia,Meia Praia (beach band),0.189158093776582,388,1828,109655.6431129997,0.4583801497020215,4
21280090,0.8174773149556828,78723.35850317277,906.3777364265945,105,3,8,apartamento,36,5.0,False,150.0,37,0,2.0,True,False,Meia Praia,Meia Praia (beach band),0.1429943375303865,292,1250,157630.45204842786,0.7357295834601145,3
21295667,0.8849680753693157,66762.96279151828,713.262048878373,105,3,9,apartamento,31,4.869999885559082,False,320.0,44,0,4.0,True,False,Meia Praia,Meia Praia (beach band),0.2603074705407709,389,1625,133681.7458632085,0.7964712678323841,3
21324331,0.9439711543866977,73774.77679693347,741.722919139966,105,2,6,apartamento,195,4.900000095367432,False,100.0,42,0,1.0,True,True,Meia Praia,Meia Praia (beach band),0.1267793883478222,352,1877,147721.73897794008,0.8495740389480279,2
21397811,0.7011267205731664,54802.17806945089,729.6463432443801,105,3,8,apartamento,19,4.889999866485596,False,350.0,50,0,2.0,True,False,Meia Praia,Meia Praia (beach band),0.0150457862061125,246,1785,109732.2607492391,0.6310140485158497,3
21436592,0.5820273474747147,32906.77580102208,523.0286088205557,105,3,9,apartamento,18,4.71999979019165,False,350.0,15,0,3.0,False,False,Meia Praia,Meia Praia (inland),0.3982984912142298,373,2002,65890.35381109054,0.5238246127272432,3
21454457,0.9922233679562655,23185.52818817684,222.43867739246798,105,2,5,apartamento,57,4.809999942779541,False,320.0,39,0,1.0,True,False,Meia Praia,Meia Praia (inland),0.5477852038612598,278,1862,46425.16984506682,0.893001031160639,2
21545686,0.7275684949439916,26416.327332436325,339.5809394878171,105,2,5,apartamento,92,4.760000228881836,False,120.0,11,0,1.0,False,True,Centro,Centro,0.1972950771781124,219,772,52894.308602234705,0.6548116454495925,2
21552865,0.9524049663409146,66831.23879996172,666.3185916515669,105,2,6,apartamento,49,4.960000038146973,False,200.0,36,0,2.0,True,True,Meia Praia,Meia Praia (inland),0.3823794767497177,410,1921,133818.45723172268,0.8571644697068233,2
21607605,0.8808401397326387,77624.3429000184,832.9603128411691,105,4,11,apartamento,13,4.849999904632568,False,300.0,31,0,3.0,False,False,Meia Praia,Meia Praia (beach band),0.1320265127002331,373,1882,155429.85581336607,0.7927561257593749,4
21632405,0.9087751634211989,50573.07881311035,526.9593540120665,105,3,8,apartamento,11,4.820000171661377,False,250.0,40,0,2.0,True,False,Meia Praia,Meia Praia (beach band),0.2702718135152309,448,1981,101264.19180236149,0.8178976470790791,3
21662762,0.9472408846083755,32401.010315043623,324.69869078599584,105,3,9,apartamento,157,4.849999904632568,False,280.0,42,0,2.0,True,True,Meia Praia,Meia Praia (inland),0.376098533326521,351,1628,64877.64241638976,0.852516796147538,3
21695053,0.500214818108402,42750.555410972185,785.4138814449254,105,3,8,apartamento,78,4.880000114440918,False,450.0,31,0,3.0,False,True,Meia Praia,Meia Praia (beach band),0.3249480906612104,456,1943,85600.88775279217,0.45019333629756175,3
21734892,0.7813712499336893,69722.64316644831,837.7541243962214,105,3,8,apartamento,37,4.920000076293945,False,250.0,17,0,2.0,True,False,Centro,Centro,0.1051842121709629,171,745,139608.01430868238,0.7032341249403204,3
21743476,0.7486469293670882,57155.567765241845,715.1238056699473,105,3,7,apartamento,18,4.78000020980835,False,250.0,53,0,3.0,False,False,Meia Praia,Meia Praia (inland),0.3939487172054692,328,1413,114444.53279462812,0.6737822364303794,3
21780661,0.6433343904492207,32503.57874515403,469.60822820987426,105,2,4,apartamento,20,4.900000095367432,False,200.0,34,0,1.0,True,True,Casa Branca,Casa Branca,0.7410182999908129,30,644,65083.01866445151,0.5790009514042986,2
22047595,0.833084624759183,65120.707448460635,736.4978631997818,105,3,10,apartamento,37,4.889999866485596,False,290.0,20,0,2.0,True,True,Morretes,Morretes,0.0209355468741705,69,616,130393.40226319946,0.7497761622832647,3
22190101,0.9211146266778962,30179.764796103256,310.4999842562372,105,2,7,apartamento,38,4.889999866485596,False,200.0,12,0,1.0,True,False,Meia Praia,Meia Praia (inland),0.4272598398088904,343,1951,60429.96714035333,0.8290031640101067,2
22191680,0.5428667370218159,26840.9386586836,455.96567153870063,105,2,6,apartamento,94,4.769999980926514,False,250.0,15,0,1.0,True,True,Meia Praia,Meia Praia (beach band),0.179720683857138,345,1326,53744.5222691039,0.4885800633196343,2
22223346,0.954346564112975,64240.8477932708,639.2671278563207,105,2,6,apartamento,21,5.0,False,200.0,25,0,2.0,False,True,Meia Praia,Meia Praia (beach band),0.0512840555961204,291,1859,128631.62941935976,0.8589119077016776,2
22231120,0.4278604509662592,16782.51461552383,358.26839068321357,105,1,4,apartamento,62,4.96999979019165,False,100.0,16,0,1.0,True,True,Ilhota,Ilhota,0.0732887341439962,16,36,33604.198495263,0.38507440586963326,1
22243318,0.9211146266778962,54123.088956833,556.8372842708643,105,2,6,apartamento,32,4.840000152587891,False,250.0,22,0,1.0,False,False,Meia Praia,Meia Praia (beach band),0.1983384063264474,374,1731,108372.49757553241,0.8290031640101067,2
22245880,0.7732642649216364,115459.85056828432,1401.0615389696554,105,3,8,apartamento,63,4.900000095367432,True,250.0,30,0,3.0,True,False,Meia Praia,Meia Praia (beach band),0.057951010504435,186,1000,231189.17668875976,0.6959378384294728,3
22306996,0.9767520572079659,26890.862911045646,261.82243220913614,105,2,5,apartamento,15,5.0,False,220.0,29,0,2.0,True,False,Meia Praia,Meia Praia (inland),0.5361167064045993,308,1717,53844.48729368668,0.8790768514871693,2
22307401,0.9573035900778217,47032.73240765722,466.66860564058004,105,2,6,apartamento,57,4.880000114440918,False,230.0,29,0,2.0,True,False,Meia Praia,Meia Praia (beach band),0.2174719853440211,395,1773,94175.23606024701,0.8615732310700396,2
22383070,0.9205567197618079,32632.67211091595,335.9277942743714,105,2,6,apartamento,36,4.940000057220459,False,200.0,11,0,2.0,True,False,Meia Praia,Meia Praia (inland),0.5267807742936403,304,1808,65341.50669123818,0.828501047785627,2
22421016,0.9930434785544563,78013.97909647504,747.8747958402217,105,3,8,apartamento,7,5.0,False,300.0,42,0,3.0,False,False,Centro,Centro,0.2975769367288157,173,746,156210.0375910454,0.8937391306990107,3
22514231,0.9231021936612489,40026.23171417712,410.96961505403397,105,2,6,apartamento,34,4.820000171661377,False,250.0,27,0,2.0,False,True,Centro,Centro,0.0500303330942954,73,445,80145.88197029951,0.8307919742951241,2
22648075,0.6893206696883207,32029.520718638454,433.37479887449535,105,2,6,apartamento,16,5.0,False,150.0,35,0,2.0,False,False,Centro,Centro,0.4379585578482614,184,714,64133.7961917616,0.6203886027194887,2
22739656,0.7224844642335438,101993.27334094519,1319.8620070260351,105,3,8,apartamento,41,4.829999923706055,False,350.0,25,0,2.0,True,True,Meia Praia,Meia Praia (beach band),0.0207834858283465,322,1854,204224.59214546974,0.6502360178101895,3
22810332,0.7813712499336893,43145.354291984324,518.4140598393113,105,1,2,apartamento,31,4.769999980926514,False,0.0,14,0,1.0,True,False,Meia Praia,Meia Praia (beach band),0.0786374377110921,272,1764,86391.40694894218,0.7032341249403204,1
22901902,0.26130737364138557,21567.709263252298,742.6275323853771,105,3,6,apartamento,29,4.929999828338623,False,300.0,28,0,2.0,True,True,Meia Praia,Meia Praia (beach band),0.089416103071192,161,827,43185.75611428603,0.23517663627724703,3
23023313,0.7422349574044765,43623.14336738154,550.2713927049404,105,2,6,apartamento,11,4.820000171661377,False,300.0,38,0,1.0,True,False,Morretes,Morretes,0.0968975302500918,134,726,87348.10022741336,0.6680114616640289,2
23068512,0.9759298865692322,57562.997801529986,560.9046131905094,105,2,6,apartamento,19,4.369999885559082,False,250.0,21,0,2.0,False,False,Meia Praia,Meia Praia (beach band),0.2792637603480168,420,1847,115260.34378159992,0.878336897912309,2
23078040,0.8238644495519035,76123.0371032795,870.0225479914856,105,3,7,apartamento,213,4.590000152587891,False,190.0,23,0,2.0,False,True,Meia Praia,Meia Praia (beach band),0.0320893409699873,179,1543,152423.74027278813,0.7414780045967132,3
23108026,0.4455746363149167,33041.945946863685,678.3604440650727,105,2,5,apartamento,28,4.639999866485596,False,180.0,20,0,2.0,False,False,Meia Praia,Meia Praia (beach band),0.2079000225261869,432,2000,66161.00958083397,0.40101717268342507,2
23299596,0.9231021936612489,52697.20426997803,541.068914703401,105,2,6,apartamento,214,4.920000076293945,False,100.0,43,0,1.0,True,True,Meia Praia,Meia Praia (beach band),0.1628501127760084,391,1947,105517.40028253745,0.8307919742951241,2
23343001,0.5176037598740509,31360.59718787772,557.5995552772338,105,3,8,apartamento,80,4.889999866485596,False,250.0,13,0,3.0,True,False,Meia Praia,Meia Praia (beach band),0.2348663593393993,380,1577,62794.3879075559,0.46584338388664587,3
23779860,0.9508551351985984,44052.65774978539,439.88521074802503,105,3,12,apartamento,14,4.570000171661377,False,200.0,11,0,2.0,False,False,Meia Praia,Meia Praia (beach band),0.0307474113982786,229,1695,88208.13145000013,0.8557696216787386,3
23787711,0.1846492335455825,8199.784892218877,396.6606335544203,105,3,6,apartamento,19,5.0,,0.0,29,0,2.0,False,,Meia Praia,Meia Praia (inland),0.4011156815862537,373,1911,16418.707532761553,0.16618431019102425,3
24171739,0.9767520572079659,53740.53000176039,523.2437620099349,105,3,8,apartamento,23,4.829999923706055,False,250.0,30,0,2.0,True,False,Meia Praia,Meia Praia (beach band),0.0207834858283465,322,1854,107606.48679842817,0.8790768514871693,3
25104649,0.7512558965011034,56178.85141944145,700.5920263859754,105,4,12,apartamento,43,4.980000019073486,False,250.0,18,0,3.0,True,False,Meia Praia,Meia Praia (beach band),0.3496113111243008,424,1854,112488.82051254352,0.6761303068509931,4
25165914,0.319737039663056,21946.90090624178,620.9422803923543,105,3,6,apartamento,15,4.869999885559082,False,210.0,16,0,2.0,False,False,Meia Praia,Meia Praia (beach band),0.050327903120256,263,1424,43945.0244081433,0.2877633356967504,3
25918412,0.6339229057971575,29631.14201827621,434.15256942407655,105,2,5,apartamento,37,4.889999866485596,False,147.0,45,0,2.0,True,False,Meia Praia,Meia Praia (beach band),0.1431441340051071,330,1395,59331.44113590884,0.5705306152174417,2
26026295,0.9643777353290129,48699.515777092245,479.8752863248607,105,2,5,apartamento,150,4.829999923706055,False,250.0,22,0,2.0,True,True,Meia Praia,Meia Praia (beach band),0.0407703635598839,239,1753,97512.69295978028,0.8679399617961117,2
26197944,0.8174773149556828,43919.44890016822,505.66453764334256,105,2,6,apartamento,38,4.789999961853027,False,210.0,36,0,2.0,False,False,Meia Praia,Meia Praia (beach band),0.2028565816733291,360,1509,87941.40285023951,0.7357295834601145,2
26334990,0.8270189212730099,115351.92702978024,1313.6285276455858,105,3,11,apartamento,6,5.0,False,350.0,19,0,2.0,False,True,Meia Praia,Meia Praia (beach band),0.2182700576536895,404,1767,230973.0777254466,0.744317029145709,3
26570136,0.6194281960088349,47027.9322109931,704.389777595776,105,3,8,apartamento,22,4.860000133514404,False,370.0,15,0,2.0,False,False,Meia Praia,Meia Praia (beach band),0.2374581720916276,366,1645,94165.62446358152,0.5574853764079515,3
26708551,0.7515419935617582,44705.77241652549,557.3132868391842,105,3,10,apartamento,361,4.829999923706055,True,60.0,19,0,2.0,False,True,Centro,Centro,0.4351901206234947,125,612,89515.88510933558,0.6763877942055824,3
26839303,0.8909301624446296,65184.192565917176,692.0049073566344,105,2,8,apartamento,29,4.860000133514404,False,200.0,37,0,2.0,True,False,Meia Praia,Meia Praia (beach band),0.2526795428723453,412,1801,130520.52066812142,0.8018371462001667,2
26895628,0.9393946083718756,101171.97648613795,1021.8298328904519,105,4,12,apartamento,99,4.800000190734863,False,300.0,87,0,3.0,False,False,Meia Praia,Meia Praia (beach band),0.0635065466862571,307,1878,202580.08158404598,0.8454551475346881,4
27022969,0.8417660224962294,139725.74006694776,1564.878612275195,105,4,8,apartamento,2,5.0,False,365.0,23,0,4.0,False,False,Meia Praia,Meia Praia (beach band),0.0739912493945566,238,1161,279777.5906456841,0.7575894202466065,4
27201205,0.961783616902703,75036.11450348783,741.2645769393831,105,3,10,apartamento,56,4.880000114440918,False,390.0,37,0,2.0,False,False,Meia Praia,Meia Praia (beach band),0.0546815353796912,255,1633,150247.35826871105,0.8656052552124327,3
27338096,0.19774129465685064,29887.313589942787,1351.7490900843068,105,3,8,apartamento,12,5.0,False,350.0,51,0,3.0,False,False,Centro,Centro,0.1192130104070161,178,752,59844.382166519616,0.1779671651911656,3
27704027,0.43630736806303455,37436.288735746864,784.2783957816445,105,3,14,apartamento,24,4.960000038146973,False,400.0,47,0,3.0,False,False,Centro,Centro,0.2900485622448484,175,746,74959.95126012586,0.3926766312567311,3
27718978,0.9862709351491391,67436.5198134764,650.6417387394628,105,4,9,apartamento,11,4.820000171661377,False,450.0,25,0,4.0,False,False,Meia Praia,Meia Praia (beach band),0.1305312750699217,390,1952,135030.43194406686,0.8876438416342252,4
27910707,0.32736789604103983,54120.56289509696,1496.5803946906778,105,3,6,apartamento,10,4.699999809265137,False,200.0,66,0,3.0,False,True,Centro,Centro,0.1049354752815246,65,573,108367.43955640156,0.29463110643693585,3
27981528,0.855202988900498,45563.31377279688,502.72732682673904,105,3,6,apartamento,138,4.929999828338623,False,100.0,49,0,2.0,True,False,Casa Branca,Casa Branca,0.7875481353882465,80,514,91232.96926592468,0.7696826900104482,3
28071688,0.9357879473627331,70691.84221197186,716.570036154716,105,3,8,apartamento,22,4.769999980926514,False,250.0,44,0,3.0,False,False,Meia Praia,Meia Praia (beach band),0.3377101442738894,378,1684,141548.67444533834,0.8422091526264598,3
28075525,0.9590926908354138,47662.92512190411,472.09241121846884,105,2,6,apartamento,20,4.949999809265137,False,250.0,90,0,2.0,True,False,Meia Praia,Meia Praia (beach band),0.2388586890351708,368,1688,95437.09231629534,0.8631834217518725,2
28155872,0.9634870079538121,48183.72456794926,475.2051954867834,105,3,6,apartamento,13,4.619999885559082,False,200.0,9,0,2.0,False,False,Meia Praia,Meia Praia (inland),0.3732336181559818,345,1609,96479.90671938461,0.867138307158431,3
28160414,0.8360327917197049,58427.104759027185,658.5958684716887,105,3,6,apartamento,7,5.0,False,200.0,21,0,2.0,False,False,Centro,Centro,0.1479992865009013,125,463,116990.57446431382,0.7524295125477344,3
28366360,0.7011267205731663,58027.69007154901,772.5914071146369,105,3,8,apartamento,43,4.880000114440918,False,350.0,22,0,4.0,True,False,Meia Praia,Meia Praia (beach band),0.2664670954936192,400,1847,116190.81288224884,0.6310140485158496,3
28410850,0.9054366941010413,55414.87347796462,579.4134913759011,105,1,2,apartamento,62,4.849999904632568,False,0.0,63,0,1.0,False,True,Centro,Centro,0.064583743779465,182,712,110959.08155628233,0.8148930246909372,1
28429135,0.7181610400051874,34035.983061772065,442.9616821383781,105,0,8,apartamento,11,4.909999847412109,False,350.0,27,0,0.0,False,False,Meia Praia,Meia Praia (beach band),0.1978307707733994,281,1232,68151.40382664869,0.6463449360046687,0
28987242,0.9723230568506284,69508.88502956,679.6672703104548,105,4,10,apartamento,47,4.940000057220459,False,297.0,34,0,2.0,True,False,Meia Praia,Meia Praia (beach band),0.0627068417959915,265,1643,139179.99913774204,0.8750907511655656,4
29008738,0.87652492147347,57311.84127046735,617.8460471719396,105,4,10,apartamento,46,5.0,False,297.0,24,0,3.0,True,False,Meia Praia,Meia Praia (beach band),0.0622685462765844,258,1627,114757.44453696562,0.7888724293261231,4
29114516,0.9562993731459645,43098.22077671348,428.05157060888564,105,3,5,apartamento,33,4.909999847412109,False,200.0,21,0,2.0,True,False,Meia Praia,Meia Praia (beach band),0.0868549813251264,279,1256,86297.02991193511,0.860669435831368,3
29145061,0.7486469293670882,33764.34347509296,422.4555322594399,105,2,6,apartamento,36,4.809999942779541,False,250.0,19,0,2.0,False,False,Meia Praia,Meia Praia (beach band),0.141734705428534,330,1418,67607.4906647026,0.6737822364303794,2
29302246,0.7209132956173171,31112.890462370564,403.4535328073009,105,2,5,apartamento,56,4.909999847412109,True,180.0,19,0,1.0,False,False,Casa Branca,Casa Branca,0.9022102653956612,26,571,62298.396325647525,0.6488219660555854,2
29341170,0.8874537763304096,38413.645097363435,409.3092935811027,105,2,5,apartamento,81,4.880000114440918,True,180.0,46,0,1.0,False,False,Casa Branca,Casa Branca,0.7440718426888836,81,558,76916.94506759684,0.7987083986973686,2
29739100,0.4678167350547023,38572.99516081696,755.6908744905179,105,3,7,apartamento,19,5.0,False,350.0,20,0,2.0,True,True,Meia Praia,Meia Praia (beach band),0.0851506973163601,284,1568,77236.01710687108,0.42103506154923204,3
29761442,0.9926400143263878,53638.02777591893,514.3928777947622,105,3,7,apartamento,28,4.960000038146973,False,200.0,24,0,2.0,True,False,Meia Praia,Meia Praia (beach band),0.2028565816733291,360,1509,107401.24311342066,0.893376012893749,3
29800671,0.8743206531008921,55061.468429172186,594.996119895673,105,3,8,apartamento,120,4.800000190734863,False,196.0,40,0,2.0,False,False,Meia Praia,Meia Praia (beach band),0.1951006665286863,371,1615,110251.44663500159,0.786888587790803,3
29870406,0.4550043111078019,39255.360762961485,789.8566882185738,105,3,11,apartamento,25,4.960000038146973,False,250.0,19,0,3.0,True,True,Meia Praia,Meia Praia (beach band),0.3139208357445562,412,1891,78602.34090673798,0.4095038799970217,3
30032994,0.8577457708953793,36139.31446742909,397.63199898003256,105,2,8,apartamento,11,5.0,False,280.0,19,0,2.0,True,False,Meia Praia,Meia Praia (beach band),0.2436983508382835,465,1935,72362.97567248157,0.7719711938058413,2
30085847,0.4824144140509567,29143.35238202226,554.3561599336277,105,2,5,apartamento,34,4.880000114440918,False,290.0,52,0,2.0,True,False,Meia Praia,Meia Praia (beach band),0.2068220833696399,167,692,58354.72339508546,0.434172972645861,2
30105402,0.22361494483386507,19403.052609405622,777.9364783896373,105,3,8,apartamento,12,4.75,False,350.0,27,0,2.0,False,False,Meia Praia,Meia Praia (beach band),0.2827838004852989,379,1583,38851.39064305506,0.20125345035047856,3
30153564,0.8965972401961319,41799.177817572156,441.1043991305487,105,2,6,apartamento,39,4.900000095367432,False,300.0,56,0,0.0,True,False,Meia Praia,Meia Praia (beach band),0.2395793198138964,173,755,83695.91211445798,0.8069375161765187,2
30209117,0.890701736934666,45821.129640830375,486.5612945373977,105,3,9,apartamento,16,4.940000057220459,False,160.0,11,0,2.0,False,True,Meia Praia,Meia Praia (beach band),0.0929120575260123,299,1371,91749.2027269468,0.8016315632411994,3
30271062,0.41666616809323354,24642.73274001981,539.6752861488859,105,2,6,apartamento,6,5.0,False,250.0,30,0,1.0,False,False,Meia Praia,Meia Praia (beach band),0.2984708519456647,445,2007,49342.97996650336,0.3749995512839102,2
30332330,0.8697940030607493,37198.87656470604,403.94353733347634,105,2,6,apartamento,57,4.670000076293945,False,150.0,48,0,1.0,False,False,Centro,Centro,0.2374811568170365,179,741,74484.57281395028,0.7828146027546744,2
30354217,0.9582147135065826,40166.64478558485,398.1857050425486,105,3,8,apartamento,36,4.559999942779541,False,200.0,29,0,2.0,False,False,Meia Praia,Meia Praia (beach band),0.2898955621519232,319,1524,80427.03582781204,0.8623932421559244,3
30402651,0.7732642649216361,47940.463739196006,581.7393628587216,105,2,6,apartamento,10,5.0,False,200.0,19,0,2.0,False,False,Meia Praia,Meia Praia (inland),0.4658377991645909,301,1969,95992.81730740904,0.6959378384294725,2
30491733,0.855202988900498,78114.42848830725,861.8832689902174,105,4,9,apartamento,18,4.940000057220459,False,350.0,51,0,3.0,True,False,Meia Praia,Meia Praia (beach band),0.1435656863028211,189,896,156411.17081685743,0.7696826900104482,4
30493854,0.9166683144613448,49879.23369852181,515.5168254833301,105,3,6,apartamento,19,4.889999866485596,False,260.0,20,0,2.0,True,False,Meia Praia,Meia Praia (beach band),0.3451166389693495,427,1999,99874.88218519399,0.8250014830152104,3
30494198,0.5345582909256101,25558.511466346463,440.6322487717277,105,3,7,apartamento,29,4.789999961853027,False,280.0,12,0,2.0,False,False,Meia Praia,Meia Praia (beach band),0.311947091701765,445,2000,51176.67478532116,0.4811024618330491,3
30560948,0.5261365797751547,50724.40580300923,887.885312826954,105,3,6,apartamento,10,5.0,False,300.0,23,0,2.0,False,False,Meia Praia,Meia Praia (beach band),0.0462648309684241,244,1214,101567.19896921056,0.4735229217976393,3
30617740,0.592244010613596,38130.505025745006,596.0788959714629,105,3,8,apartamento,22,4.909999847412109,False,350.0,34,0,2.0,True,False,Meia Praia,Meia Praia (beach band),0.1431547623891098,260,1194,76350.00409441111,0.5330196095522364,3
30756202,0.4166661680932336,26004.844196409886,569.5054960427825,105,2,6,apartamento,17,4.760000228881836,False,350.0,19,0,2.0,False,False,Meia Praia,Meia Praia (inland),0.3868340804729129,353,1503,52070.3819561232,0.3749995512839102,2
30785010,0.8697940030607493,50235.50443627343,545.5086076705068,105,2,6,apartamento,46,4.829999923706055,False,280.0,23,0,2.0,False,False,Meia Praia,Meia Praia (beach band),0.1446628969424677,309,1714,100588.25517271904,0.7828146027546744,2
30795921,0.9696640372835644,171393.39302939357,1680.2245427111777,105,3,8,apartamento,8,5.0,False,250.0,34,0,3.0,False,False,Meia Praia,Meia Praia (inland),0.4984146529589986,303,1896,343186.8067499727,0.872697633555208,3
30910938,0.8697940030607493,49238.457492847214,534.6816498048694,105,2,6,apartamento,46,4.929999828338623,False,300.0,18,0,2.0,True,False,Meia Praia,Meia Praia (beach band),0.1546250013032416,375,1877,98591.83424513065,0.7828146027546744,2
31055581,0.810804964525292,39308.55797386605,456.0936200499879,105,2,6,apartamento,66,4.789999961853027,False,315.0,39,0,2.0,False,False,Meia Praia,Meia Praia (beach band),0.0804154520668462,349,1926,78708.85948727168,0.7297244680727628,2
31059537,0.7275684949439916,64776.19934177012,832.69571701282,105,3,8,apartamento,61,4.980000019073486,False,250.0,40,0,2.0,True,True,Centro,Centro,0.0645677641024429,81,428,129703.58199098911,0.6548116454495925,3
31069380,0.9731343938631396,70871.02405441749,692.4437155526373,105,3,6,apartamento,58,4.840000152587891,False,350.0,24,0,3.0,True,False,Meia Praia,Meia Praia (inland),0.586542256871291,148,1576,141907.45632863967,0.8758209544768256,3
31084342,0.7913990764733042,70263.44540934931,834.1356635677545,105,4,12,apartamento,5,5.0,False,500.0,25,0,4.0,False,False,Meia Praia,Meia Praia (inland),0.4639528831535591,314,1468,140690.88099067047,0.7122591688259738,4
31115702,0.860773077583851,33777.84847095248,370.41689957132974,105,2,7,apartamento,27,4.590000152587891,False,200.0,10,0,1.0,False,True,Meia Praia,Meia Praia (beach band),0.2705252806438333,384,1386,67634.53217617676,0.774695769825466,2
31141252,0.9147403833368627,39527.12631708323,409.3348904617545,105,2,5,apartamento,84,4.960000038146973,False,250.0,29,0,2.0,True,True,Meia Praia,Meia Praia (beach band),0.2347935362147023,301,1254,79146.5062975689,0.8232663450031764,2
31167122,0.2616975961651289,281770.55608929315,9687.91798965836,105,2,6,apartamento,13,4.769999980926514,False,180.0,11,0,2.0,False,True,Meia Praia,Meia Praia (inland),0.427502882492617,220,1526,564198.7457700004,0.235527836548616,2
31169655,0.6893206696883207,32277.76751095151,436.73369720566217,105,2,6,apartamento,27,5.0,False,210.0,23,0,2.0,True,False,Meia Praia,Meia Praia (beach band),0.1371689268518832,353,1856,64630.869167761506,0.6203886027194887,2
31278015,0.8037369162075058,46755.76239202785,547.0082321754593,105,3,8,apartamento,14,4.429999828338623,False,250.0,16,0,2.0,False,False,Meia Praia,Meia Praia (beach band),0.2759392088655613,411,1856,93620.64959953653,0.7233632245867552,3
31284638,0.9503804235893651,93077.82967216133,929.8595436403425,105,3,8,apartamento,21,5.0,True,300.0,32,0,0.0,True,False,Centro,Centro,0.1989043331315195,176,742,186372.89675996284,0.8553423812304286,3
31380471,0.6955236044456868,66108.96470294014,886.9133681805022,105,3,7,apartamento,27,4.670000076293945,False,250.0,35,0,3.0,False,False,Meia Praia,Meia Praia (beach band),0.2660328306931253,417,1622,132372.22329834962,0.6259712440011181,3
31397917,0.9819827604964988,34371.38645398424,332.98201844256084,105,1,3,apartamento,213,4.900000095367432,False,0.0,8,0,1.0,True,False,Meia Praia,Meia Praia (inland),0.8031551718053235,128,1564,68822.99342010905,0.883784484446849,1
31430342,0.7126643078757546,37014.86490006895,485.2523850142425,105,2,7,apartamento,12,5.0,False,250.0,16,0,2.0,True,False,Meia Praia,Meia Praia (inland),0.6638945801359608,197,1682,74116.12001378472,0.6413978770881792,2
31441134,0.08490249040283136,14711.112107339055,1533.0474451269095,105,4,11,apartamento,9,5.0,False,450.0,31,0,4.0,False,False,Meia Praia,Meia Praia (inland),0.4009881715306903,380,1907,29456.558964281186,0.07641224136254823,4
31454750,0.769997956094438,43451.63910429222,529.3845939222974,105,2,4,apartamento,38,4.949999809265137,False,300.0,34,0,2.0,True,False,Canto da Praia,Canto da Praia,0.012743367208227,29,523,87004.69142178024,0.6929981604849942,2
31530689,0.5002148181084021,40231.88517355451,739.1408319316946,105,3,6,apartamento,24,4.920000076293945,False,0.0,47,0,2.0,True,True,Meia Praia,Meia Praia (beach band),0.1737550750541028,181,901,80557.66887044396,0.45019333629756186,3
31543199,0.929416286412893,81197.61840210238,828.36801750052,105,3,7,apartamento,27,5.0,False,200.0,15,0,3.0,True,False,Meia Praia,Meia Praia (beach band),0.1752355344653585,408,1964,162584.74660304666,0.8364746577716037,3
31560419,0.9253598856249613,47961.70548656264,491.31675196541426,105,2,6,apartamento,16,5.0,False,220.0,30,0,2.0,True,True,Centro,Centro,0.1844017147046724,180,748,96035.35037895688,0.8328238970624652,2
31682871,0.9071194269598304,31637.95436876052,330.2262481122682,105,2,5,apartamento,59,4.679999828338623,False,180.0,21,0,2.0,False,False,Centro,Centro,0.5258696926917406,135,614,63349.749602391,0.8164074842638473,2
31859744,0.6332885347069388,35154.31860616078,515.5686141692292,105,2,6,apartamento,22,5.0,False,300.0,32,0,3.0,True,False,Meia Praia,Meia Praia (beach band),0.1850569337625062,232,1111,70390.68503562699,0.569959681236245,2
31945494,0.7929502547481149,48474.88157397595,574.407697145254,105,3,8,apartamento,32,4.78000020980835,False,100.0,14,0,2.0,False,True,Meia Praia,Meia Praia (beach band),0.2093060119283884,454,1907,97062.90027237439,0.7136552292733034,3
31972121,0.7063100263334593,27122.03754572907,358.59359806723523,105,2,5,apartamento,11,4.639999866485596,False,150.0,6,0,1.0,False,False,Meia Praia,Meia Praia (beach band),0.3000026142774794,432,1998,54307.37610915572,0.6356790237001134,2
32134287,0.2775024821767154,19901.834235982038,646.2527751147007,105,2,5,apartamento,83,4.960000038146973,False,200.0,45,0,2.0,True,True,Meia Praia,Meia Praia (inland),0.8182817161944284,139,1630,39850.11801909202,0.2497522339590439,2
32371924,0.9643777353290129,62398.16288228431,614.859014540069,105,3,8,apartamento,30,4.929999828338623,False,250.0,56,0,2.0,True,True,Centro,Centro,0.0922920831121378,106,456,124941.95889431593,0.8679399617961117,3
32443120,0.9860372087002044,46759.42724303775,451.24520585788093,105,2,5,apartamento,12,4.920000076293945,False,250.0,17,0,2.0,True,True,Meia Praia,Meia Praia (beach band),0.2950345910229124,437,1970,93627.98785507293,0.8874334878301839,2
32486859,0.8909301624446296,96524.85276349659,1024.721932800954,105,4,8,apartamento,70,4.889999866485596,False,400.0,129,0,4.0,True,False,Meia Praia,Meia Praia (beach band),0.2770271229515266,178,1077,193274.9880634817,0.8018371462001667,4
32585103,0.878690970448703,41071.38924419232,441.7385835683267,105,2,5,apartamento,75,4.909999847412109,False,250.0,19,0,2.0,True,False,Meia Praia,Meia Praia (beach band),0.1066610511981461,260,1218,82238.63635795022,0.7908218734038327,2
32600458,0.8984239604837165,59784.07280515512,629.6900681765546,105,3,8,apartamento,31,4.900000095367432,False,350.0,11,0,3.0,True,False,Meia Praia,Meia Praia (beach band),0.0657477070668803,271,1350,119707.67762903457,0.8085815644353449,3
32606991,0.6839898811871494,44413.043811166644,605.374935068865,105,3,8,apartamento,22,4.769999980926514,False,190.0,20,0,3.0,False,False,Meia Praia,Meia Praia (inland),0.4806319009414136,365,1818,88929.74468967397,0.6155908930684345,3
32697747,0.933874849640932,36468.50498078469,370.3762671701774,105,2,5,apartamento,65,4.889999866485596,False,300.0,29,0,2.0,False,False,Meia Praia,Meia Praia (beach band),0.2155367655370738,413,1845,73022.12500778597,0.8404873646768388,2
32766950,0.8738743464297509,34264.40676841744,370.4405520968797,105,2,6,apartamento,11,4.820000171661377,False,250.0,14,0,2.0,False,False,Centro,Centro,0.1710478740769471,178,753,68608.78436555996,0.7864869117867759,2
32990586,0.5428667370218159,60709.67143968471,1031.3173640793732,105,3,6,apartamento,23,4.960000038146973,False,350.0,23,0,2.0,True,False,Meia Praia,Meia Praia (beach band),0.0638351557868757,271,1348,121561.03518326579,0.4885800633196343,3
33336758,0.9345506670946035,44826.64538616865,454.9523988634702,105,2,6,apartamento,29,4.860000133514404,False,250.0,27,0,2.0,True,False,Meia Praia,Meia Praia (inland),0.4251318293968973,379,1894,89757.91315803118,0.8410956003851432,2
34218930,0.8499760937146786,69344.52692406253,769.5560190500212,105,3,8,apartamento,20,4.900000095367432,False,300.0,63,0,3.0,False,False,Meia Praia,Meia Praia (beach band),0.2402357532154003,450,1962,138850.89932594541,0.7649784843432108,3
34540951,0.7515419935617582,49949.28938629474,622.6802745693619,105,3,8,apartamento,67,4.869999885559082,False,400.0,111,0,3.0,True,False,Meia Praia,Meia Praia (beach band),0.0595472111251916,296,1518,100015.1570660194,0.6763877942055824,3
34866449,0.7891659313137892,42165.474565623204,501.9081129608033,105,3,8,apartamento,23,4.829999923706055,False,150.0,22,0,2.0,True,False,Meia Praia,Meia Praia (beach band),0.1985831216750613,212,1112,84429.36052261792,0.7102493381824103,3
35481220,0.3688728975905603,29237.820337369703,720.2274439236057,105,3,6,apartamento,17,4.940000057220459,False,300.0,19,0,3.0,True,False,Meia Praia,Meia Praia (beach band),0.0857283458893125,225,1138,58543.87978765614,0.33198560783150427,3
35826155,0.977221554085378,73551.31569811661,715.807991636442,105,2,6,apartamento,32,4.909999847412109,False,250.0,44,0,2.0,False,False,Meia Praia,Meia Praia (inland),0.8934218345540486,47,1619,147274.29523707987,0.8794993986768402,2
35912580,0.9294174893506099,38302.265451471794,390.75447894906824,105,3,8,apartamento,13,5.0,False,260.0,49,0,2.0,False,False,Meia Praia,Meia Praia (beach band),0.3045727268632079,383,1702,76693.9258231856,0.8364757404155488,3
35934720,0.9888152928942624,44989.00064008655,433.01458771901713,105,2,4,apartamento,14,4.929999828338623,False,250.0,2,0,1.0,True,False,Canto da Praia,Canto da Praia,0.0610903472067382,18,347,90083.0025921473,0.8899337636048362,2
36032020,0.980805473447598,70926.71548988017,687.8960719978304,105,3,8,apartamento,19,4.840000152587891,True,300.0,20,0,2.0,True,False,Meia Praia,Meia Praia (beach band),0.0495518008755642,124,857,142018.9691796425,0.8827249261028383,3
36632832,0.6658487444121027,40544.85399677867,566.940903513671,105,3,8,apartamento,41,4.849999904632568,False,250.0,19,0,2.0,True,False,Meia Praia,Meia Praia (beach band),0.1691013294283389,325,1716,81184.33696514802,0.5992638699708924,3
36698654,0.3547613655164853,72880.12290847977,1864.338007337201,105,4,12,apartamento,14,4.789999961853027,False,300.0,30,0,4.0,False,False,Meia Praia,Meia Praia (beach band),0.1649568678203835,293,1259,145930.34313882387,0.3192852289648368,4
36908385,0.9723844994121359,63378.22862732859,619.6840998237946,105,3,7,apartamento,22,4.820000171661377,True,350.0,26,0,3.0,False,True,Meia Praia,Meia Praia (beach band),0.3202350203128817,305,1520,126904.37779216166,0.8751460494709223,3
37118794,0.8389261823360563,96217.45654651901,1081.042494598597,105,3,6,apartamento,6,5.0,False,350.0,13,0,2.0,False,False,Meia Praia,Meia Praia (beach band),0.1271955918244807,329,1410,192659.47818736025,0.7550335641024507,3
37153670,0.8332480592604603,38394.79313483715,434.15451115222874,105,3,8,apartamento,25,4.920000076293945,False,200.0,27,0,2.0,True,False,Meia Praia,Meia Praia (beach band),0.1742408201249322,316,1332,76879.19714332734,0.7499232533344143,3
37347085,0.23289854201530746,13195.716272001782,508.4203103140655,105,3,6,apartamento,41,4.710000038146973,False,250.0,24,0,2.0,False,True,Meia Praia,Meia Praia (beach band),0.111944940924196,158,626,26422.230461300813,0.20960868781377673,3
37487828,0.9166683144613449,46166.955103333996,477.14931389989425,105,3,8,apartamento,96,4.980000019073486,False,250.0,31,0,2.0,True,False,Meia Praia,Meia Praia (inland),0.5606095303529639,293,1746,92441.66078540354,0.8250014830152104,3
37494985,0.4363073680630346,44004.38028296429,921.8778340795947,105,3,6,apartamento,22,4.639999866485596,False,350.0,22,0,3.0,False,False,Meia Praia,Meia Praia (beach band),0.0336053066590535,255,1249,88111.46383998632,0.39267663125673113,3
37708447,0.9357879473627331,80198.05640818576,812.9300691815802,105,3,10,apartamento,95,4.989999771118164,False,300.0,69,0,2.0,True,False,Meia Praia,Meia Praia (beach band),0.0086879924276593,214,1134,160583.2897045182,0.8422091526264598,3
37744392,0.3623422562067225,28539.529263135613,715.2789098985925,105,3,6,apartamento,10,5.0,False,100.0,20,0,2.0,True,False,Meia Praia,Meia Praia (beach band),0.3177779871042739,441,1930,57145.667874625695,0.32610803058605026,3
37989675,0.7181610400051874,35286.297394607274,459.2339120037308,105,2,6,apartamento,20,4.849999904632568,False,300.0,13,0,2.0,False,False,Meia Praia,Meia Praia (beach band),0.1649114430658938,337,1509,70654.95064216595,0.6463449360046687,2
38262480,0.9590926908354137,123416.63129220907,1222.4187857161903,105,4,8,apartamento,45,4.869999885559082,False,250.0,34,0,3.0,True,True,Meia Praia,Meia Praia (beach band),0.0569900750702977,187,1006,247121.3087294923,0.8631834217518723,4
38319706,0.542866737021816,34192.11166489434,580.8451542944068,105,3,7,apartamento,40,5.0,False,350.0,29,0,2.0,True,False,Meia Praia,Meia Praia (beach band),0.2791358648562415,156,973,68464.02542658795,0.4885800633196344,3
38447436,0.0546529037801166,6170.132783551421,996.0346807091735,105,3,7,apartamento,19,4.840000152587891,True,350.0,26,0,2.0,True,False,Meia Praia,Meia Praia (beach band),0.0301684830957701,254,1345,12354.666243448397,0.04918761340210494,3
38514587,0.17905585593145387,17860.871529333435,890.5252791545279,105,4,7,apartamento,9,5.0,False,300.0,16,0,3.0,False,False,Meia Praia,Meia Praia (inland),0.3963261239991215,231,1444,35763.42913563902,0.16115027033830848,4
38616586,0.9127206028057234,40152.46771072715,416.6766976495342,105,3,8,apartamento,7,5.0,False,300.0,19,0,2.0,False,False,Meia Praia,Meia Praia (beach band),0.3065804597029894,384,1613,80398.64858975419,0.8214485425251511,3
38638326,0.6194281960088348,45716.54335955903,684.7476445489971,105,3,6,apartamento,106,4.980000019073486,False,300.0,33,0,3.0,True,False,Meia Praia,Meia Praia (inland),0.586729092635027,263,1824,91539.78606703381,0.5574853764079514,3
38693604,0.7813712499336893,52864.814711553474,635.1984742505854,105,3,8,apartamento,20,4.849999904632568,False,300.0,17,0,2.0,True,True,Meia Praia,Meia Praia (beach band),0.1809576190760809,340,1679,105853.01235722439,0.7032341249403204,3
38695314,0.8417660224962294,53971.866965957146,604.4657214849665,105,3,9,apartamento,62,4.849999904632568,False,200.0,20,0,3.0,True,False,Meia Praia,Meia Praia (inland),0.6354746082284007,211,1421,108069.70065179009,0.7575894202466065,3
38730549,0.6531789108429817,59984.50129166388,854.2233023619723,105,3,8,apartamento,37,4.96999979019165,True,300.0,58,0,3.0,True,False,Meia Praia,Meia Praia (inland),0.536263152971192,209,1625,120109.00238870531,0.5878610197586835,3
38800430,0.9572422241991433,41428.62820500111,411.0882772317251,105,3,7,apartamento,53,4.980000019073486,False,150.0,40,0,2.0,True,True,Meia Praia,Meia Praia (inland),0.405749360846088,327,1956,82953.94805135732,0.861518001779229,3
38852725,0.8141732046155117,47762.92136892179,552.0233294296928,105,3,8,apartamento,44,4.980000019073486,False,200.0,25,0,2.0,True,False,Meia Praia,Meia Praia (beach band),0.1795149855552117,376,1836,95637.31819486868,0.7327558841539605,3
38899673,0.5510600317862983,34243.319708051546,573.443998310439,105,2,4,apartamento,7,5.0,False,245.0,30,0,1.0,False,False,Morretes,Morretes,0.3850246655380134,197,792,68566.5610290427,0.49595402860766846,2
38957661,0.9037263835541288,54851.53558930501,574.5449875680873,105,3,8,apartamento,23,4.829999923706055,False,350.0,23,0,3.0,True,False,Meia Praia,Meia Praia (inland),0.3945360755331666,411,1799,109831.09098609035,0.813353745198716,3
38980085,0.37864677498018856,42022.19121278368,1009.3088741778605,105,3,8,apartamento,13,5.0,False,350.0,16,0,3.0,True,False,Meia Praia,Meia Praia (beach band),0.1365812203857247,231,1147,84142.45940319732,0.3407820974821697,3
39007372,0.14624765781585647,18483.760567981157,1124.788847288135,105,3,6,apartamento,9,5.0,False,250.0,15,0,3.0,False,False,Meia Praia,Meia Praia (inland),0.694611052383982,194,1546,37010.660994199694,0.13162289203427083,3
39051477,0.17058755303816234,29998.88075011886,1568.6943976886512,105,4,10,apartamento,10,4.800000190734863,False,450.0,41,0,4.0,False,False,Meia Praia,Meia Praia (beach band),0.1001403279741689,382,1959,60067.77687714549,0.1535287977343461,4
39059902,0.3802419916218808,20526.673714104465,491.0205946458202,105,3,8,apartamento,14,4.860000133514404,False,200.0,21,0,2.0,False,True,Meia Praia,Meia Praia (inland),0.5750659497516877,110,1495,41101.25530879712,0.34221779245969275,3
39109062,0.6400379708275716,109825.21587665592,1594.51620714786,105,4,12,apartamento,12,4.920000076293945,False,450.0,43,0,4.0,False,False,Meia Praia,Meia Praia (beach band),0.3041179229933812,389,1458,219906.7564458106,0.5760341737448145,4
39145712,0.961783616902703,83022.5154635724,820.1604015448829,105,3,8,apartamento,166,4.900000095367432,False,150.0,72,0,2.0,True,True,Morretes,Morretes,0.030148689817918,94,695,166238.79991340908,0.8656052552124327,3
39316910,0.9838801672153893,76866.82572869984,743.319343386144,105,4,10,apartamento,52,4.789999961853027,False,300.0,30,0,3.0,True,False,Meia Praia,Meia Praia (beach band),0.0244761546611728,230,1216,153913.05347642594,0.8854921504938503,4
39363955,0.8452082756141203,38298.48565398725,427.2813058436662,105,2,7,apartamento,6,5.0,False,200.0,18,0,1.0,False,False,Meia Praia,Meia Praia (beach band),0.2954024268286179,375,1379,76686.35740642252,0.7606874480527083,2
39394196,0.9674856625984336,43164.93677081699,424.0547925692966,105,3,8,apartamento,16,4.809999942779541,False,300.0,25,0,2.0,True,False,Meia Praia,Meia Praia (beach band),0.287521491548333,262,1223,86430.61761080052,0.8707370963385903,3
39394644,0.37864677498018856,32546.863841934268,781.7259774956586,105,3,8,apartamento,5,5.0,False,300.0,26,0,2.0,False,False,Meia Praia,Meia Praia (beach band),0.0715116524348706,222,1785,65169.68988252657,0.3407820974821697,3
39414948,0.8038702821231061,53049.24360329658,620.5400848540911,105,3,8,apartamento,72,4.960000038146973,False,250.0,15,0,2.0,True,False,Meia Praia,Meia Praia (beach band),0.1129212611442232,380,1941,106222.30058538204,0.7234832539107955,3
39420557,0.9370074565489294,72289.32352300444,731.8660657449884,105,3,8,apartamento,7,5.0,False,250.0,17,0,3.0,True,False,Meia Praia,Meia Praia (inland),0.5159410298207804,285,1902,144747.36548170756,0.8433067108940364,3
39507664,0.9533975140604287,47446.95349564559,472.5911307981066,105,4,8,apartamento,50,4.840000152587891,False,275.0,32,0,3.0,True,False,Meia Praia,Meia Praia (beach band),0.1061694707209541,218,1154,95004.64500047875,0.8580577626543858,4
39583346,0.9087751634211989,55925.57310869015,582.7310610654408,105,3,6,apartamento,60,4.980000019073486,False,250.0,82,0,3.0,True,True,Meia Praia,Meia Praia (beach band),0.3043162700787475,424,1832,111981.67275644036,0.8178976470790791,3
39629644,0.9652218076314295,43987.34946457483,433.08639879612144,105,3,6,apartamento,84,4.949999809265137,False,350.0,23,0,2.0,True,True,Meia Praia,Meia Praia (inland),0.6499121708773377,199,1836,88077.3624544188,0.8686996268682866,3
39635217,0.9827122020863206,51601.17097429024,499.55171444808707,105,3,9,apartamento,46,4.960000038146973,False,350.0,27,0,2.0,True,True,Meia Praia,Meia Praia (beach band),0.0777859086545597,328,1891,103322.77562291459,0.8844409818776886,3
39685785,0.7773576250295698,46148.33791036373,557.2033531166259,105,2,7,apartamento,125,4.940000057220459,False,220.0,31,0,2.0,True,False,Meia Praia,Meia Praia (beach band),0.1377862614584616,278,1229,92404.3829481825,0.6996218625266128,2
39715668,0.8300804282061227,22613.72978851498,256.6287325048567,105,2,4,apartamento,18,4.940000057220459,False,200.0,15,0,1.0,True,False,Casa Branca,Casa Branca,0.8464758226760956,23,617,45280.238506604765,0.7470723853855105,2
39745810,0.2682656586293075,72242.36689277299,2424.5354928619035,105,4,8,apartamento,0,0.0,False,700.0,0,0,5.0,False,False,Meia Praia,Meia Praia (beach band),0.1196889819243544,309,1337,144653.3426276171,0.24143909276637676,4
39820601,0.9365793291332424,39646.63068789455,401.5599429717707,105,2,6,apartamento,23,4.739999771118164,True,200.0,16,0,2.0,False,False,Meia Praia,Meia Praia (inland),0.5114946277938842,215,1330,79385.79395438288,0.8429213962199181,2
39837626,0.9674856625984336,51378.884801315886,504.74908494697223,105,3,6,apartamento,22,5.0,False,350.0,18,0,3.0,True,False,Meia Praia,Meia Praia (inland),0.3737795214729513,302,1560,102877.68447593754,0.8707370963385903,3
39972515,0.8417660224962294,33114.841832946964,370.87445526089476,105,2,6,apartamento,140,4.829999923706055,False,200.0,22,0,1.0,True,False,Meia Praia,Meia Praia (inland),0.4215258886388369,367,1993,66306.97148711259,0.7575894202466065,2
40023421,0.3786467749801882,20448.62789910833,491.1448215259275,105,2,6,apartamento,11,4.730000019073486,False,280.0,48,0,2.0,False,False,Morretes,Morretes,0.3114611081277216,202,831,40944.98152510389,0.3407820974821694,2
40039627,0.5591365501312918,20246.960947886902,334.37740124564385,105,1,3,apartamento,504,4.840000152587891,True,35.0,8,0,1.0,False,True,Centro,Centro,0.3844686140637402,103,586,40541.176945514206,0.5032228951181626,1
40191152,0.41666616809323354,85546.55786007426,1873.4676701343265,105,4,10,apartamento,6,5.0,False,250.0,35,0,5.0,False,True,Meia Praia,Meia Praia (inland),0.3986500018775675,356,1533,171292.7756521849,0.3749995512839102,4
40209404,0.7066227411769445,26718.386762804268,353.1084568831245,105,1,4,apartamento,373,4.860000133514404,True,35.0,7,0,1.0,False,True,Centro,Centro,0.3739751042112991,98,573,53499.132449434655,0.63596046705925,1
40246675,0.929416286412893,36298.669645271446,370.31451911625606,105,2,7,apartamento,38,4.820000171661377,False,150.0,19,0,1.0,True,True,Meia Praia,Meia Praia (beach band),0.2532962271916075,433,1995,72682.05795247013,0.8364746577716037,2
40250642,0.500214818108402,52512.5974562193,964.7622725916343,105,3,6,apartamento,25,4.880000114440918,False,350.0,22,0,2.0,False,False,Meia Praia,Meia Praia (beach band),0.2617548876008421,468,1941,105147.75579509049,0.45019333629756175,3
40320100,0.5207216675649113,47034.45583793221,831.4896530911869,105,2,5,apartamento,25,4.960000038146973,False,0.0,12,0,2.0,True,False,Morretes,Morretes,0.0555373549797992,21,471,94178.68694316775,0.4686495008084202,2
40342798,0.47336838660674996,35156.11898085935,680.9912452525625,105,3,6,apartamento,14,5.0,False,300.0,25,0,3.0,True,False,Meia Praia,Meia Praia (beach band),0.2276855853087278,354,1519,70394.28998697801,0.42603154794607495,3
40351988,0.8651038936651488,36575.95509154459,399.2084947090587,105,3,7,apartamento,35,4.909999847412109,False,200.0,17,0,2.0,True,False,Meia Praia,Meia Praia (beach band),0.1297144750717068,418,1948,73237.27601066213,0.7785935042986339,3
40371384,0.2806102896066911,18168.25905163903,583.5950905268681,105,1,6,apartamento,343,4.829999923706055,True,60.0,7,0,1.0,False,True,Centro,Centro,0.1965742656618666,198,644,36378.92160212371,0.252549260646022,1
40391575,0.9911137436069279,798639.9868006923,7670.091975234004,105,2,4,apartamento,46,4.78000020980835,False,190.0,9,0,2.0,False,True,Morretes,Morretes,0.5633056885379241,145,845,1599143.945799389,0.8920023692462352,2
40400432,0.6339229057971574,40608.05518497994,594.985218153241,105,3,8,apartamento,34,4.820000171661377,False,250.0,50,0,2.0,False,False,Ilhota,Ilhota,0.0198233462666564,21,41,81310.88684888757,0.5705306152174416,3
40449599,0.732553764634473,48598.28221886787,620.7001325286319,105,3,8,apartamento,34,4.849999904632568,False,300.0,72,0,3.0,True,True,Meia Praia,Meia Praia (beach band),0.2882699000026514,316,1503,97309.98957099211,0.6592983881710257,3
40532740,0.9205567197618078,34945.38714357677,359.7353837070201,105,2,6,apartamento,28,4.960000038146973,False,200.0,20,0,2.0,True,True,Meia Praia,Meia Praia (beach band),0.230744190003915,455,1915,69972.33447842953,0.8285010477856269,2
40560834,0.3786467749801882,29493.940408088343,708.3994177652647,105,2,9,apartamento,293,4.860000133514404,True,60.0,16,0,2.0,True,True,Centro,Centro,0.2763638889472338,190,616,59056.71769617127,0.3407820974821694,2
40777141,0.9948585830283535,140290.0295738402,1342.575686076945,105,3,8,apartamento,20,4.800000190734863,True,350.0,30,0,4.0,True,False,Meia Praia,Meia Praia (beach band),0.0713969777436412,277,1502,280907.48667335487,0.8953727247255182,3
40892344,0.847289819587209,42363.79113246536,471.54101688366785,105,3,8,apartamento,38,4.820000171661377,False,350.0,42,0,2.0,True,True,Meia Praia,Meia Praia (beach band),0.1618155587993382,421,1933,84826.45651387649,0.762560837628488,3
40899047,0.9199465228957516,33306.94980997681,343.08293254777817,105,2,6,apartamento,57,4.960000038146973,False,230.0,22,0,2.0,True,False,Meia Praia,Meia Praia (inland),0.9527161717427916,62,1469,66691.63580831407,0.8279518706061765,2
40910065,0.2847555386568057,18993.675323315034,601.4592221351531,105,0,8,apartamento,10,5.0,False,300.0,28,0,1.0,False,False,Meia Praia,Meia Praia (inland),0.6907327282758448,201,1721,38031.68061172787,0.2562799847911251,0
40960741,0.42709796391233773,13562.094922377779,290.01752661771866,105,1,4,apartamento,12,4.5,False,200.0,29,0,1.0,False,False,Meia Praia,Meia Praia (inland),0.5877245771355706,252,1844,27155.842865265182,0.38438816752110394,1
40971559,0.9513993586194427,71091.85629524401,709.5018290670521,105,3,8,apartamento,10,4.900000095367432,False,300.0,17,0,2.0,False,False,Meia Praia,Meia Praia (beach band),0.1803226631486631,449,1912,142349.63621794086,0.8562594227574984,3
41141790,0.9668800253393732,67788.40866539614,666.3490802658266,105,3,8,apartamento,10,4.900000095367432,False,330.0,24,0,2.0,False,False,Meia Praia,Meia Praia (beach band),0.0442353514708944,276,1793,135735.03093290032,0.870192022805436,3
41147466,0.9253598856249613,62322.80606114365,638.4309802308918,105,0,6,apartamento,42,4.860000133514404,False,300.0,18,0,2.0,True,True,Meia Praia,Meia Praia (beach band),0.1215209879101277,347,1817,124791.06937426506,0.8328238970624652,0
41193865,0.8360327917197049,40173.69222165253,452.8416704465523,105,3,7,apartamento,46,4.71999979019165,False,250.0,29,0,2.0,False,False,Meia Praia,Meia Praia (inland),0.3967245853638082,407,1929,80441.14714819081,0.7524295125477344,3
41227471,0.5510600317862983,41198.98395557125,689.9246418639559,105,3,7,apartamento,34,5.0,False,300.0,16,0,2.0,True,False,Meia Praia,Meia Praia (inland),0.356224059558034,413,1998,82494.12357821203,0.49595402860766846,3
41260111,0.45500431110780176,93647.87975799816,1884.287973074365,105,4,11,apartamento,6,5.0,False,400.0,47,0,3.0,False,False,Meia Praia,Meia Praia (beach band),0.1497869146245503,326,1629,187514.32739032758,0.4095038799970216,4
41270247,0.9827122020863206,71497.7400405083,692.1706996570892,105,3,9,apartamento,18,4.889999866485596,False,250.0,21,0,2.0,True,False,Meia Praia,Meia Praia (beach band),0.0883139774230339,289,1325,143162.35101392533,0.8844409818776886,3
41285546,0.300112093696549,19488.933577567634,586.397125142998,105,3,8,apartamento,37,4.96999979019165,False,200.0,25,0,2.0,True,False,Meia Praia,Meia Praia (beach band),0.2791999413426677,197,1123,39023.35301980236,0.2701008843268941,3
41404141,0.7929502547481149,63103.95496856444,747.7562869119118,105,3,6,apartamento,5,5.0,False,180.0,20,0,2.0,False,False,Meia Praia,Meia Praia (beach band),0.0752065174483758,314,1846,126355.19033829776,0.7136552292733034,3
41473656,0.9753311809026424,89536.54569035886,872.963859773598,105,4,10,apartamento,43,4.880000114440918,False,270.0,37,0,3.0,True,True,Meia Praia,Meia Praia (beach band),0.0902285868763929,334,1896,179282.06367690934,0.8777980628123782,4
41478160,0.9591873409129883,43517.82856267394,430.9960301591224,105,2,6,apartamento,7,5.0,False,200.0,18,0,2.0,False,False,Meia Praia,Meia Praia (beach band),0.3378609198672066,408,1996,87137.224820303,0.8632686068216895,2
41493620,0.10975729049462005,9610.030847671302,776.5106851698371,105,2,4,apartamento,7,5.0,False,300.0,24,0,2.0,True,False,Meia Praia,Meia Praia (beach band),0.166875547104728,358,1589,19242.490863200554,0.09878156144515804,2
41532894,0.7560595763635635,63412.37107360711,786.0425677901698,105,3,10,apartamento,119,4.820000171661377,False,300.0,35,0,2.0,True,False,Meia Praia,Meia Praia (beach band),0.1550960628113486,390,1584,126972.74237089977,0.6804536187272071,3
41533462,0.5093112774466906,33084.683218070764,597.4249196839882,105,3,10,apartamento,82,4.789999961853027,False,300.0,20,0,3.0,False,False,Meia Praia,Meia Praia (beach band),0.1512165530629545,404,1975,66246.58386917454,0.4583801497020215,3
41590719,0.7560595763635635,34989.752416072246,433.72348912086244,105,2,6,apartamento,58,4.929999828338623,False,250.0,22,0,1.0,True,False,Meia Praia,Meia Praia (inland),0.5197830537283913,92,1085,70061.1685689928,0.6804536187272071,2
41676390,0.21444150349795338,14976.658595900777,625.6088369389253,105,2,6,apartamento,20,4.949999809265137,False,250.0,45,0,2.0,False,False,Meia Praia,Meia Praia (inland),0.5513510857906625,206,1337,29988.2717091099,0.19299735314815805,2
41682475,0.9053292329579051,49033.26868617747,512.745227354526,105,3,8,apartamento,7,5.0,False,200.0,16,0,2.0,False,True,Meia Praia,Meia Praia (beach band),0.3286085610239185,343,1569,98180.97773486977,0.8147963096621146,3
41702158,0.9345506670946035,143490.84489451547,1456.3102712086654,105,4,12,apartamento,59,4.949999809265137,False,400.0,22,0,3.0,True,True,Meia Praia,Meia Praia (beach band),0.0876091699073465,164,876,287316.58780311985,0.8410956003851432,4
41761142,0.9332952443589684,38367.613384475444,389.8913116284245,105,2,6,apartamento,60,4.769999980926514,False,170.0,20,0,2.0,True,True,Meia Praia,Meia Praia (beach band),0.1655386476148658,329,1629,76824.77420688838,0.8399657199230716,2
41769298,0.6720096971976678,78717.42977589706,1091.1205282962935,105,3,10,apartamento,35,4.889999866485596,False,250.0,28,0,2.0,False,True,Meia Praia,Meia Praia (beach band),0.0118633267676318,310,1851,157618.58075662437,0.604808727477901,3
41786765,0.9860372087002044,33133.4364070606,319.74951820029503,105,3,8,apartamento,32,4.840000152587891,False,500.0,1,0,3.0,False,True,Meia Praia,Meia Praia (beach band),0.0988249475944257,234,1169,66344.20403382949,0.8874334878301839,3
41883230,0.8332480592604603,47211.95715167133,533.8558305481745,105,3,7,apartamento,5,5.0,False,300.0,1,0,3.0,False,False,Meia Praia,Meia Praia (beach band),0.1163287085533403,325,1812,94534.1038468147,0.7499232533344143,3
41888100,0.46515472383395995,27667.760875269858,545.0237555113315,105,2,6,apartamento,126,4.869999885559082,False,250.0,39,0,2.0,True,False,Meia Praia,Meia Praia (beach band),0.0288240970616468,261,1399,55400.09644990974,0.41863925145056397,2
42003334,0.7648315909623111,54014.79234735745,662.2834329989929,105,3,8,apartamento,30,4.929999828338623,False,300.0,42,0,2.0,True,False,Meia Praia,Meia Praia (beach band),0.2375906819369832,456,1988,108155.65159955368,0.6883484318660801,3
42013117,0.9609308124217402,52078.40491083971,514.8996501434001,105,2,6,apartamento,20,5.0,False,350.0,1,0,2.0,True,False,Meia Praia,Meia Praia (beach band),0.2117615843144225,382,1751,104278.35732803342,0.8648377311795662,2
42138941,0.5380538674978392,69383.93458168353,1188.7538723850596,105,2,4,apartamento,19,4.949999809265137,False,150.0,18,0,2.0,True,True,Meia Praia,Meia Praia (beach band),0.0673746113673086,294,1793,138929.80661601893,0.4842484807480553,2
42335961,0.5749340067128801,37794.22917822461,607.7820031654074,105,3,8,apartamento,17,4.940000057220459,False,250.0,27,0,2.0,True,False,Meia Praia,Meia Praia (beach band),0.1500747600984126,401,1970,75676.66755408209,0.5174406060415921,3
42362925,0.6839898811871494,80094.53180294325,1091.7338202653636,105,4,8,apartamento,175,4.940000057220459,False,495.0,112,0,4.0,True,True,Meia Praia,Meia Praia (inland),0.5219524573462235,246,1950,160375.99887454358,0.6155908930684345,4
42515348,0.9477988921871324,93138.79154084079,932.850712987722,105,4,12,apartamento,28,5.0,False,250.0,33,0,3.0,True,False,Meia Praia,Meia Praia (beach band),0.3143666644987273,409,1890,186494.9627782371,0.8530190029684191,4
42588365,0.9280844170716495,49603.12260731418,506.7279686140003,105,3,6,apartamento,130,4.920000076293945,False,250.0,91,0,2.0,True,False,Meia Praia,Meia Praia (beach band),0.209017457036909,452,1918,99322.015577999,0.8352759753644845,3
42625075,0.8360327917197049,102651.37317023976,1157.096018050084,105,3,8,apartamento,31,4.769999980926514,False,200.0,29,0,2.0,False,False,Meia Praia,Meia Praia (beach band),0.2265928101682385,390,1735,205542.32776494938,0.7524295125477344,3
42704327,0.567094918822028,74042.90530443567,1206.418720215468,105,3,8,apartamento,9,5.0,False,300.0,18,0,3.0,False,False,Centro,Centro,0.1309918463256118,161,659,148258.62178690892,0.5103854269398252,3
42709234,0.5171534320220074,37162.96362510173,661.3181117207918,105,3,8,apartamento,12,4.920000076293945,False,300.0,20,0,3.0,False,False,Centro,Centro,0.2858549060821561,176,743,74412.66311634777,0.46543808881980664,3
42735835,0.9904286898014161,28945.513617549313,278.1715411940937,105,2,5,apartamento,87,4.849999904632568,False,250.0,40,0,2.0,True,False,Meia Praia,Meia Praia (beach band),0.050358692342665,272,1362,57958.584123724,0.8913858208212745,2
42788291,0.7743681268615978,50054.52353596019,606.5737190987808,105,3,7,apartamento,43,4.880000114440918,False,200.0,17,0,2.0,True,True,Meia Praia,Meia Praia (beach band),0.1582030401627983,271,1212,100225.87097480199,0.6969313141754381,3
42841323,0.9788181757579518,57546.22091025986,559.1869567545243,105,1,4,apartamento,36,5.0,False,300.0,31,0,1.0,True,False,Centro,Centro,0.0563999327488082,142,739,115226.75084291997,0.8809363581821567,1
43300431,0.21136269698218563,55126.83897419531,2335.632237104985,105,4,10,apartamento,13,4.690000057220459,False,250.0,24,0,3.0,False,False,Meia Praia,Meia Praia (beach band),0.1126848185800915,156,660,110382.34029551825,0.19022642728396708,4
43379132,0.9788181757579518,48782.536872887125,474.0286660918103,105,2,5,apartamento,48,4.980000019073486,False,250.0,18,0,2.0,True,True,Meia Praia,Meia Praia (beach band),0.0743981679080324,277,1643,97678.9289170429,0.8809363581821567,2
43499385,0.6262024196781109,43020.68694554214,637.7297466228509,105,2,5,apartamento,67,4.96999979019165,False,200.0,32,0,3.0,True,False,Ilhota,Ilhota,0.2127234887882823,8,50,86141.7812908274,0.5635821777102998,2
43712530,0.9716256811809705,64043.64217892585,626.6495923375074,105,3,7,apartamento,15,5.0,False,400.0,42,0,3.0,True,False,Meia Praia,Meia Praia (beach band),0.1231993269649813,162,816,128236.75792598428,0.8744631130628735,3
43754654,0.3590708071855582,36236.7421177588,916.1976461598892,105,3,8,apartamento,12,5.0,False,390.0,28,0,3.0,False,False,Centro,Centro,0.1860540832119337,254,759,72558.05836274648,0.3231637264670024,3
44075219,0.9913788646324903,206115.47896850223,1979.0240825029439,105,3,8,apartamento,17,4.880000114440918,,0.0,16,0,3.0,False,,Centro,Centro,0.0961844184280582,111,449,412712.01764942217,0.8922409781692412,3
44153810,0.8738743464297509,20624.869080488726,222.9803055030387,105,2,4,apartamento,35,4.909999847412109,False,200.0,58,0,1.0,True,False,Alto Sao Bento,Alto Sao Bento,0.8502849866899178,69,473,41297.87522296895,0.7864869117867759,2
44192417,0.9092281561360545,33182.52888679973,345.5918531440032,105,2,7,apartamento,6,5.0,False,250.0,14,0,2.0,True,True,Meia Praia,Meia Praia (beach band),0.3266779144071922,434,1925,66442.50357186489,0.8183053405224491,2
44369632,0.9968290406981279,66674.39064777803,636.8899434484711,105,3,8,apartamento,44,4.889999866485596,False,190.0,24,0,2.0,True,True,Meia Praia,Meia Praia (beach band),0.0750227004597905,365,1890,133504.3948542813,0.8971461366283152,3
44425260,0.674197171213507,38633.86222059199,533.8623495219708,105,2,8,apartamento,6,5.0,False,350.0,11,0,2.0,False,False,Meia Praia,Meia Praia (beach band),0.2770891206722343,474,1939,77357.89328605887,0.6067774540921563,2
44890294,0.9940613678997211,54823.67753161942,525.0576066275036,105,3,7,apartamento,80,4.949999809265137,,0.0,24,0,2.0,True,,Meia Praia,Meia Praia (beach band),0.0301048218205433,319,1870,109775.30985187979,0.894655231109749,3
44895797,0.994522819030821,65762.8532965004,629.5500068109777,105,3,7,apartamento,65,4.880000114440918,False,179.0,18,0,2.0,True,True,Meia Praia,Meia Praia (beach band),0.1019600855837878,343,1866,131679.19268464664,0.8950705371277389,3
45002455,0.9760459657179731,41475.15876673106,404.0965578165819,105,2,5,apartamento,52,4.650000095367432,False,300.0,32,0,2.0,False,False,Meia Praia,Meia Praia (beach band),0.2448804406041236,427,1954,83047.11777402945,0.8784413691461758,2
45184991,0.6597223834025332,46017.495115143094,649.1424862067923,105,2,5,apartamento,123,4.809999942779541,True,200.0,33,0,2.0,False,False,Meia Praia,Meia Praia (beach band),0.2226193026872773,406,1602,92142.3919794273,0.5937501450622799,2
45350304,0.46781673505470217,36057.34681347851,706.4063299125036,105,3,8,apartamento,13,5.0,False,500.0,23,0,2.0,True,False,Meia Praia,Meia Praia (beach band),0.3171771119323587,425,1966,72198.84905757022,0.421035061549232,3
45382246,0.9127206028057234,57054.80964434105,592.0784206564597,105,5,12,apartamento,32,4.630000114440918,False,250.0,30,0,4.0,False,False,Centro,Centro,0.1203033923768268,92,426,114242.78139012598,0.8214485425251511,4
45480718,0.9930434785544563,35682.13865916864,342.06397973711347,105,3,8,apartamento,34,4.760000228881836,False,250.0,20,0,2.0,True,False,Meia Praia,Meia Praia (beach band),0.3258026225449021,412,1798,71447.55703826774,0.8937391306990107,3
45512442,0.6824875065487926,44550.16244552742,608.5130315291198,105,4,8,apartamento,20,4.800000190734863,False,250.0,24,0,2.0,False,False,Centro,Centro,0.045919480850638,69,425,89204.30198409734,0.6142387558939134,4
45513430,0.2682656586293075,24163.822344120537,810.9651917065112,105,3,8,apartamento,14,4.860000133514404,False,250.0,36,0,2.0,True,False,Meia Praia,Meia Praia (beach band),0.2814447189750607,309,1413,48384.041429941164,0.24143909276637676,3
45531969,0.9461658378471567,75498.43572740859,757.3969807329413,105,3,8,apartamento,31,5.0,False,300.0,40,0,2.0,True,False,Meia Praia,Meia Praia (beach band),0.1261905497370381,312,1507,151173.07974330077,0.8515492540624411,3
45621607,0.6955236044456868,27060.201340182903,363.03781827635817,105,2,4,apartamento,9,5.0,False,180.0,7,0,1.0,False,False,Meia Praia,Meia Praia (inland),0.5397239026989635,160,1248,54183.559376504396,0.6259712440011181,2
45687710,0.44650126234312965,20231.382625144914,414.5268456022477,105,2,6,apartamento,11,4.909999847412109,False,130.0,12,0,1.0,True,False,Meia Praia,Meia Praia (beach band),0.1494686954659441,162,639,40509.983941269136,0.4018511361088167,2
45711835,0.9942227562232657,86014.61150948267,823.6540520308714,105,4,10,apartamento,17,4.940000057220459,False,280.0,33,0,2.0,True,True,Meia Praia,Meia Praia (beach band),0.118396242265953,332,1469,172229.97535684673,0.8948004806009392,4
45726200,0.9104044711769275,143450.33758879994,1492.2001927112567,105,3,11,apartamento,15,5.0,True,350.0,32,0,3.0,True,False,Meia Praia,Meia Praia (beach band),0.0243473648009778,215,1450,287235.4786503524,0.8193640240592347,3
45768161,0.5261365797751546,39373.97902067394,689.2062534114305,105,3,6,apartamento,22,4.820000171661377,False,300.0,9,0,2.0,False,False,Meia Praia,Meia Praia (beach band),0.2673689715253716,439,1993,78839.85426922566,0.47352292179763916,3
45780750,0.9870211693572291,105546.38122653696,1017.6069144578589,105,3,6,apartamento,26,4.960000038146973,,0.0,56,0,2.0,False,,Meia Praia,Meia Praia (beach band),0.2050639589925452,405,1896,211339.10063230078,0.8883190524215062,3
45803876,0.7813712499336893,45776.983897552316,550.0344697351989,105,3,7,apartamento,40,5.0,False,260.0,35,0,3.0,True,False,Meia Praia,Meia Praia (inland),0.4222603426193216,210,1456,91660.80820718486,0.7032341249403204,3
45822839,0.7120132721769489,36976.50629739807,485.16979333306074,105,2,5,apartamento,8,5.0,False,150.0,8,0,1.0,False,True,Meia Praia,Meia Praia (beach band),0.041014549438829,119,515,74039.31328203544,0.640811944959254,2
45889892,0.8389261823360561,61800.558621607845,694.3545636917672,105,2,6,apartamento,58,4.980000019073486,False,250.0,12,0,2.0,True,False,Meia Praia,Meia Praia (beach band),0.1668064598260309,427,1944,123745.35560467474,0.7550335641024505,2
45911573,0.9562993731459645,87882.32445939937,872.8473318771239,105,3,8,apartamento,11,4.820000171661377,False,350.0,33,0,3.0,True,False,Meia Praia,Meia Praia (beach band),0.3019789665673916,417,1804,175969.7603735163,0.860669435831368,3
45911990,0.9774494627096626,71129.72497905807,692.0892576843416,105,3,6,apartamento,38,4.949999809265137,False,200.0,8,0,2.0,True,False,Morretes,Morretes,0.0727394300539622,118,772,142425.46196853873,0.8797045164386964,3
45923984,0.9668800253393732,41184.39018440502,404.835886562065,105,3,8,apartamento,35,4.940000057220459,False,150.0,60,0,3.0,True,False,Canto da Praia,Canto da Praia,0.0668890021242063,11,143,82464.90197499585,0.870192022805436,3
45973790,0.09062234117807409,6746.9476364932325,659.0798039654902,105,2,4,apartamento,12,4.829999923706055,False,380.0,27,0,2.0,False,False,Meia Praia,Meia Praia (beach band),0.0155766648705551,200,1078,13509.642196536079,0.08156010706026669,2
46011731,0.9717116621258653,59138.57974322785,578.6067950833178,105,3,8,apartamento,19,4.889999866485596,False,180.0,17,0,2.0,True,False,Meia Praia,Meia Praia (beach band),0.205615705390621,352,1498,118415.18496763957,0.8745404959132789,3
46036384,0.8765249214734698,35184.662044856246,379.30563533817065,105,2,6,apartamento,51,4.920000076293945,False,150.0,13,0,2.0,True,False,Morretes,Morretes,0.2042605243334395,207,902,70451.44273257,0.7888724293261229,2
46048925,0.3786467749801882,41680.793223559886,1001.1090157172388,105,3,8,apartamento,11,5.0,False,300.0,27,0,3.0,True,False,Meia Praia,Meia Praia (beach band),0.0273643681631013,243,1562,83458.8666247261,0.3407820974821694,3
46048941,0.9323474780859448,40690.12327548735,413.8879499404642,105,2,6,apartamento,58,4.909999847412109,False,250.0,19,0,2.0,False,False,Meia Praia,Meia Praia (inland),0.3857550369224602,363,1990,81475.21457132479,0.8391127302773503,2
46072703,0.9253598856249613,75242.55533461357,770.7800946932035,105,3,8,apartamento,14,5.0,False,300.0,41,0,3.0,False,False,Meia Praia,Meia Praia (beach band),0.2438995717740393,451,1956,150660.72175002508,0.8328238970624652,3
46088002,0.8141732046155117,57178.20735374812,660.8411606660045,105,2,5,apartamento,103,4.829999923706055,True,200.0,44,0,3.0,True,False,Meia Praia,Meia Praia (inland),0.4290694322332755,361,1666,114489.86481092277,0.7327558841539605,2
46116173,0.9668800253393732,40723.97607101905,400.31009038191723,105,2,6,apartamento,39,4.949999809265137,False,180.0,34,0,2.0,True,False,Meia Praia,Meia Praia (beach band),0.0103181959760087,115,587,81542.99917254389,0.870192022805436,2
46220279,0.5826529146296933,44555.068585889174,707.4440371228682,105,3,8,apartamento,24,4.880000114440918,False,350.0,26,0,2.0,True,False,Meia Praia,Meia Praia (beach band),0.1250939933114493,336,1444,89214.12571542361,0.5243876231667239,3
46222390,0.5569878542192948,31201.06673913463,517.1828088054559,105,2,6,apartamento,6,4.829999923706055,False,250.0,29,0,1.0,False,False,Meia Praia,Meia Praia (beach band),0.1476007397830321,359,1670,62474.95467669536,0.5012890687973653,2
46298558,0.8984239604837165,61139.7123155427,643.9686660650073,105,2,4,apartamento,6,5.0,False,220.0,33,0,2.0,True,True,Meia Praia,Meia Praia (beach band),0.2381998187018273,385,1386,122422.12062156126,0.8085815644353449,2
46327705,0.9071194269598304,98423.47773179384,1027.3109126683714,105,3,7,apartamento,6,5.0,False,400.0,23,0,3.0,False,False,Meia Praia,Meia Praia (beach band),0.0279217437748763,283,1875,197076.66926349132,0.8164074842638473,3
46372862,0.45363490372834875,20761.511261334028,418.9543532127382,105,2,8,apartamento,10,4.900000095367432,False,250.0,21,0,1.0,True,False,Meia Praia,Meia Praia (beach band),0.1020906053549424,177,897,41571.4784983508,0.40827141335551387,2
46451253,0.6955236044456868,44361.887008276564,595.1560548883257,105,3,7,apartamento,10,5.0,False,250.0,48,0,2.0,True,False,Meia Praia,Meia Praia (beach band),0.0845549505672621,351,1930,88827.31168734482,0.6259712440011181,3
46530405,0.4173177775415248,49251.88246701551,1076.9919861237697,105,3,8,apartamento,41,4.849999904632568,False,520.0,33,0,2.0,False,False,Morretes,Morretes,0.1275462618449163,83,598,98618.7155264571,0.37558599978737234,3
46550767,0.8651038936651488,72065.63972978976,786.5608836397934,105,3,8,apartamento,42,4.809999942779541,False,200.0,41,0,2.0,True,False,Meia Praia,Meia Praia (beach band),0.1674961561383795,402,1967,144299.4758322979,0.7785935042986339,3
46598066,0.46423027308971876,55270.31697825824,1090.8458438543987,105,2,6,apartamento,18,5.0,False,250.0,129,0,2.0,True,False,Centro,Centro,0.1140931158107762,220,749,110669.63117168857,0.4178072457807469,2
46604700,0.30164818515945996,12363.819644915093,370.16963171211404,105,1,4,apartamento,33,5.0,False,100.0,13,0,1.0,True,True,Ilhota,Ilhota,0.0685991215015641,18,36,24756.49561616013,0.27148336664351397,1
46678933,0.26572558644196315,23128.70821599398,783.4593149404926,105,3,7,apartamento,8,5.0,False,250.0,18,0,3.0,False,False,Meia Praia,Meia Praia (inland),0.3560541087800961,384,1743,46311.397286694555,0.23915302779776684,3
46690986,0.17209674968508842,24234.730813937305,1256.344740955069,105,3,8,apartamento,9,5.0,False,250.0,45,0,2.0,False,False,Meia Praia,Meia Praia (inland),0.5115829643861135,235,1930,48526.0238651904,0.1548870747165796,3
46704215,0.9879462253822223,56834.655309167865,547.47960388662,105,2,4,apartamento,61,4.840000152587891,False,100.0,13,0,2.0,True,False,Meia Praia,Meia Praia (beach band),0.1783092197717752,450,1923,113801.95889431781,0.8891516028440001,2
46710652,0.717299955713801,47319.97032450199,616.5471153371412,105,3,9,apartamento,16,4.940000057220459,False,250.0,23,0,3.0,True,False,Meia Praia,Meia Praia (inland),0.4128393080781616,344,1658,94750.38228798151,0.645569960142421,3
46724379,0.2613073736413857,12251.525005769781,421.84914827716733,105,2,7,apartamento,55,4.909999847412109,False,199.0,28,0,1.0,True,False,Meia Praia,Meia Praia (inland),0.350557129005035,379,1598,24531.644249708617,0.2351766362772471,2
46769078,0.2709291170649308,26240.64104879617,872.225033392394,105,3,8,apartamento,13,4.920000076293945,False,300.0,19,0,3.0,True,False,Meia Praia,Meia Praia (beach band),0.1757669577580312,421,1971,52542.52599494427,0.2438362053584377,3
46866680,0.7891659313137892,45197.26135908165,537.9963677256343,105,3,6,apartamento,9,5.0,False,300.0,8,0,3.0,False,False,Meia Praia,Meia Praia (inland),0.4270436693711178,348,1760,90500.01009669634,0.7102493381824103,3
46878566,0.5261365797751546,30025.799847211652,525.5747458876976,105,3,6,apartamento,20,4.800000190734863,False,250.0,34,0,3.0,False,False,Centro,Centro,0.1459120162414617,238,757,60121.67789869937,0.47352292179763916,3
46896012,0.8526134524157779,60367.04315172441,667.9732274891998,105,3,8,apartamento,14,4.929999828338623,True,350.0,17,0,2.0,True,True,Meia Praia,Meia Praia (beach band),0.3292509782460546,432,1924,120874.97893588674,0.7673521071742001,3
46936020,0.8238644495519035,35550.833771802994,406.316250091305,105,2,6,apartamento,68,4.989999771118164,False,200.0,21,0,2.0,True,True,Morretes,Morretes,0.2585522810696306,213,920,71184.64080673043,0.7414780045967132,2
46990438,0.7560595763635635,42988.5676272558,532.8746348898727,105,2,6,apartamento,17,5.0,False,300.0,13,0,3.0,True,False,Centro,Centro,0.2776160067751995,249,747,86077.46768991873,0.6804536187272071,2
47000276,0.9370074565489294,67322.32314706915,681.5795386822082,105,3,8,apartamento,28,4.820000171661377,False,390.0,4,0,3.0,False,False,Meia Praia,Meia Praia (beach band),0.0424326055209646,201,1147,134801.77208388734,0.8433067108940364,3
47006355,0.878690970448703,67081.3203681538,721.4853938136889,105,3,8,apartamento,27,4.929999828338623,False,150.0,27,0,1.0,True,True,Meia Praia,Meia Praia (beach band),0.0552875882627159,255,1571,134319.20404172453,0.7908218734038327,3
47052262,0.810804964525292,38394.2436345101,445.4849139972826,105,3,7,apartamento,19,4.889999866485596,False,610.0,9,0,2.0,True,True,Centro,Centro,0.1006035212161052,160,741,76878.09686017632,0.7297244680727628,3
47089646,0.8091537562298673,47226.845631549826,549.0248953259796,105,2,7,apartamento,15,5.0,False,350.0,9,0,2.0,True,True,Centro,Centro,0.1194468261372536,163,745,94563.91555528578,0.7282383806068806,2
47172145,0.7224844642335437,51081.88275630119,661.034145575698,105,3,9,apartamento,5,5.0,False,300.0,32,0,3.0,False,False,Centro,Centro,0.5368558501328456,71,724,102282.9872030425,0.6502360178101894,3
47213093,0.9692948084128133,31010.12021915547,304.1109669169055,105,2,4,apartamento,14,4.929999828338623,False,250.0,17,0,2.0,False,True,Meia Praia,Meia Praia (beach band),0.1595238489308625,342,1341,62092.61598035816,0.8723653275715321,2
47222306,0.8486760794818183,18981.235137032705,210.94997605192697,105,1,5,apartamento,65,4.96999979019165,False,75.0,32,0,1.0,True,True,Morretes,Morretes,0.985240454924913,46,805,38006.771204602264,0.7638084715336365,1
47232230,0.9827122020863206,91154.09418938604,882.464160628412,105,3,6,apartamento,20,4.949999809265137,False,400.0,61,0,2.0,False,False,Meia Praia,Meia Praia (beach band),0.0254169966215311,108,711,182520.9359247395,0.8844409818776886,3
47254288,0.7604888631415765,42040.18590536738,518.2458342180574,105,3,6,apartamento,38,4.96999979019165,False,249.0,11,0,2.0,True,False,Meia Praia,Meia Praia (beach band),0.2714375783627513,432,1987,84178.49078677109,0.6844399768274189,3
47260862,0.9294162864128932,55456.47996904972,565.7601204757696,105,2,8,apartamento,24,5.0,False,250.0,24,0,3.0,True,True,Meia Praia,Meia Praia (inland),0.5175843530603368,114,1151,111042.39164521391,0.8364746577716039,2
47269826,0.9889542406242837,64683.03982089739,622.4856015440292,105,3,7,apartamento,28,5.0,False,400.0,41,0,3.0,True,False,Meia Praia,Meia Praia (beach band),0.1526101267338842,172,833,129517.04552116622,0.8900588165618554,3
47325492,0.37864677498018856,28418.43825266342,682.5674980500075,105,3,8,apartamento,11,5.0,False,150.0,26,0,3.0,True,True,Meia Praia,Meia Praia (inland),0.5701933378315504,267,1692,56903.203235379355,0.3407820974821697,3
47326216,0.39808081944088275,51502.349583531766,1178.6411790169957,105,3,8,apartamento,8,5.0,False,280.0,29,0,2.0,True,False,Meia Praia,Meia Praia (beach band),0.0823449857348534,268,1244,103124.90219889539,0.3582727374967945,3
47402735,0.6741971712135071,35590.41136863447,491.80639836690693,105,2,6,apartamento,6,5.0,False,610.0,11,0,2.0,False,True,Centro,Centro,0.215554484341433,190,750,71263.88837185159,0.6067774540921564,2
47421617,0.9248614228688592,41311.11607634015,423.403088011131,105,2,5,apartamento,7,4.710000038146973,False,260.0,13,0,2.0,False,False,Centro,Centro,0.2215087083426296,179,749,82718.64952860371,0.8323752805819733,2
47558531,0.2517549737079306,21946.896778271916,783.6536974579637,105,3,9,apartamento,68,4.929999828338623,False,300.0,32,0,2.0,True,True,Meia Praia,Meia Praia (beach band),0.0155917485442274,224,1772,43945.01614256917,0.22657947633713754,3
47783121,0.9037263835541288,46352.91495602176,485.52578630715357,105,2,6,apartamento,9,4.889999866485596,False,250.0,17,0,2.0,True,False,Centro,Centro,0.2263287486715886,180,752,92814.01450861075,0.813353745198716,2
47816646,0.4641194570594351,26186.35381050025,516.9470562379128,105,2,4,apartamento,19,4.840000152587891,False,250.0,29,0,2.0,False,False,Ilhota,Ilhota,0.2292603259113596,26,42,52433.82481557701,0.4177075113534916,2
47891397,0.4803233282480234,27983.060880882113,534.5091051427597,105,3,6,apartamento,8,5.0,False,250.0,1,0,2.0,False,False,Meia Praia,Meia Praia (beach band),0.3444635383248555,400,1980,56031.43235021344,0.432290995423221,3
47909482,0.7560595763635635,75042.3466754613,930.20459375837,105,3,12,apartamento,26,5.0,False,350.0,43,0,3.0,True,True,Meia Praia,Meia Praia (beach band),0.0839616438425855,303,1791,150259.83715812967,0.6804536187272071,3
48080102,0.9450760299380659,48892.47535723343,491.0188814030516,105,3,8,apartamento,17,4.940000057220459,False,250.0,10,0,2.0,False,True,Meia Praia,Meia Praia (beach band),0.1446628969424677,309,1714,97899.06247478903,0.8505684269442594,3
48109229,0.6494324619196686,39688.15749387816,568.2882574787845,105,2,6,apartamento,15,4.670000076293945,False,180.0,20,0,2.0,False,False,Meia Praia,Meia Praia (beach band),0.1855112364613301,364,1615,79468.94448713184,0.5844892157277017,2
48158176,0.9533975140604287,43822.611184962174,436.49119381980313,105,2,6,apartamento,33,4.909999847412109,False,280.0,18,0,2.0,True,True,Meia Praia,Meia Praia (beach band),0.1377987672805201,412,1935,87747.50140709097,0.8580577626543858,2
48243472,0.9002206338449097,121862.26108958168,1281.1313577503072,105,3,8,apartamento,49,5.0,False,550.0,64,0,3.0,True,True,Centro,Centro,0.1982417962927832,247,760,244008.94052837085,0.8101985704604188,3
48254075,0.9801518817725436,46999.52027087387,456.1191253213566,105,2,5,apartamento,33,4.849999904632568,False,300.0,31,0,2.0,False,False,Meia Praia,Meia Praia (beach band),0.2903930630879234,377,1631,94108.73427177922,0.8821366935952893,2
48624860,0.9922233679562655,37752.651015613854,362.19359299542856,105,2,7,apartamento,13,4.920000076293945,False,200.0,20,0,2.0,True,False,Meia Praia,Meia Praia (inland),0.4416636773252057,259,1336,75593.41418821595,0.893001031160639,2
48699117,0.9104044711769275,47898.61653449583,498.25135321924614,105,2,6,apartamento,24,4.920000076293945,False,250.0,16,0,2.0,True,True,Meia Praia,Meia Praia (beach band),0.1451386875266516,334,1569,95909.02522943784,0.8193640240592347,2
48848529,0.3295729381379348,39622.315758028635,1088.5526926038067,105,3,12,apartamento,61,4.840000152587891,False,350.0,15,0,4.0,True,False,Meia Praia,Meia Praia (inland),0.375843235657061,410,1937,79337.10734523454,0.29661564432414134,3
48941838,0.9135860056611935,44305.82688254308,459.3677170043403,105,2,6,apartamento,25,4.480000019073486,False,180.0,24,0,2.0,False,False,Centro,Centro,0.0503796384364686,204,758,88715.06059530195,0.8222274050950742,2
49050392,0.8720773068934266,72152.91988605763,781.5768850859286,105,3,8,apartamento,44,4.949999809265137,False,150.0,35,0,2.0,True,False,Meia Praia,Meia Praia (beach band),0.1914666572140271,432,1985,144474.23985086815,0.7848695762040839,3
49123621,0.37864677498018817,31852.994010362305,765.0602835297334,105,3,6,apartamento,16,4.940000057220459,False,300.0,21,0,0.0,True,False,Meia Praia,Meia Praia (beach band),0.2985475745840269,416,1799,63780.330773704416,0.34078209748216937,3
49369605,0.9857024648430066,27883.823166177302,269.17467559394345,105,3,8,apartamento,12,4.75,False,220.0,39,0,2.0,True,False,Meia Praia,Meia Praia (beach band),0.205424480981405,274,1205,55832.7253066294,0.8871322183587059,3
49824103,0.9280844170716495,49265.11434298246,503.27499565269125,105,3,8,apartamento,43,4.929999828338623,False,250.0,37,0,2.0,True,True,Meia Praia,Meia Praia (beach band),0.3427685867888769,407,1892,98645.21016070258,0.8352759753644845,3
49968308,0.9814501230530818,77034.10257902107,746.6688503610047,105,3,6,apartamento,26,5.0,False,250.0,16,0,2.0,True,False,Meia Praia,Meia Praia (beach band),0.1740157785915966,324,1702,154247.9975900248,0.8833051107477736,3
50047341,0.9626588206700614,39629.6630695787,391.1579046737597,105,3,8,apartamento,81,4.78000020980835,False,200.0,26,0,2.0,True,False,Meia Praia,Meia Praia (beach band),0.1881344545400142,388,1835,79351.81911646736,0.8663929386030552,3
50059423,0.9493478874839156,55016.17795852405,550.1806252118038,105,2,6,apartamento,145,4.929999828338623,False,80.0,19,0,2.0,True,False,Meia Praia,Meia Praia (beach band),0.0661026158600235,364,1899,110160.75998878253,0.8544130987355241,2
50085393,0.9764615248754055,61505.41799728022,599.0138113596524,105,3,11,apartamento,37,4.96999979019165,False,250.0,16,0,2.0,True,False,Meia Praia,Meia Praia (beach band),0.2022018716128562,374,1725,123154.38551758499,0.878815372387865,3
50243281,0.9278596952073337,55595.67952713755,568.0752018594615,105,3,6,apartamento,10,5.0,False,350.0,35,0,3.0,True,False,Meia Praia,Meia Praia (beach band),0.3230301651877935,368,1615,111321.1156438279,0.8350737256866003,3
50535771,0.8735482489270449,51946.409120489494,561.8023947749494,105,3,6,apartamento,14,4.570000171661377,False,200.0,15,0,2.0,False,False,Centro,Centro,0.0372594464406574,69,442,104014.05767800572,0.7861934240343403,3
50561328,0.9954890330896523,71523.80031531485,684.0758999741906,105,3,7,apartamento,32,4.78000020980835,False,200.0,32,0,2.0,False,False,Meia Praia,Meia Praia (beach band),0.0722254432891339,315,1846,143214.53238647306,0.895940129780687,3
50958684,0.6898118293887525,78511.06232114909,1061.574437116254,105,3,8,apartamento,42,4.980000019073486,False,495.0,67,0,3.0,True,True,Meia Praia,Meia Praia (beach band),0.1970172906852181,395,1839,157205.3641993214,0.6208306464498773,3
51301217,0.5820273474747147,32241.173457544646,512.4493570019715,105,3,8,apartamento,29,4.789999961853027,False,275.0,21,0,2.0,True,False,Meia Praia,Meia Praia (inland),0.443207646946691,355,1909,64557.59565287994,0.5238246127272432,3
51405106,0.6400379708275716,62655.795404684846,909.6788970277456,105,3,8,apartamento,32,4.880000114440918,False,280.0,57,0,3.0,False,False,Meia Praia,Meia Praia (beach band),0.2335429457002009,221,1149,125457.82523615571,0.5760341737448145,3
51453135,0.6780563018779495,46604.763628816865,640.5266414463773,105,3,8,apartamento,13,4.849999904632568,False,300.0,23,0,2.0,True,False,Meia Praia,Meia Praia (beach band),0.1819069628586095,319,1349,93318.29965212237,0.6102506716901546,3
51507847,0.9806104394146455,51562.53930383995,500.1823782797079,105,3,6,apartamento,5,5.0,False,300.0,23,0,2.0,False,False,Meia Praia,Meia Praia (beach band),0.2874642254376928,397,1683,103245.42211828458,0.882549395473181,3
51669111,0.18768550801244846,15586.60409919363,742.0117791221592,105,3,8,apartamento,8,5.0,False,300.0,57,0,2.0,False,True,Meia Praia,Meia Praia (beach band),0.1748929481070066,349,1367,31209.586287616905,0.16891695721120362,3
51683537,0.9635234652675951,50132.21268680091,494.40430714755223,105,2,5,apartamento,22,5.0,False,300.0,14,0,2.0,True,True,Meia Praia,Meia Praia (beach band),0.0838558020264024,373,1921,100381.43059775415,0.8671711187408356,2
51785337,0.8651038936651488,32986.54432611522,360.0318480576414,105,2,6,apartamento,9,5.0,False,200.0,17,0,2.0,True,False,Morretes,Morretes,0.4480176172859583,169,964,66050.07703566767,0.7785935042986339,2
51825638,0.6400379708275716,48673.68492976059,706.6772312951906,105,3,6,apartamento,8,5.0,False,50.0,13,0,2.0,False,True,Meia Praia,Meia Praia (beach band),0.1929576280091914,215,1088,97460.97097765068,0.5760341737448145,3
51866473,0.9253598856249613,53419.18277686572,547.2228126234937,105,3,8,apartamento,30,4.96999979019165,False,250.0,23,0,2.0,True,False,Meia Praia,Meia Praia (beach band),0.1046352949404198,316,1768,106963.04234575518,0.8328238970624652,3
51983017,0.9522649258597462,65620.02029665787,654.3329750070098,105,2,5,apartamento,41,5.0,False,275.0,14,0,1.0,True,False,Meia Praia,Meia Praia (beach band),0.0857625523552,274,1740,131393.19332231375,0.8570384332737716,2
51990592,0.6978092625952179,68511.9764256542,916.2950262127372,105,3,12,apartamento,44,4.929999828338623,True,250.0,24,0,2.0,True,False,Meia Praia,Meia Praia (beach band),0.1231911972734047,344,1502,137183.85521206964,0.6280283363356961,3
52025452,0.8027557319456694,38307.5573924309,448.6879110667948,105,3,8,apartamento,36,4.559999942779541,False,200.0,48,0,2.0,False,False,Meia Praia,Meia Praia (beach band),0.2949162648029385,446,1996,76704.52205613929,0.7224801587511025,3
52059007,0.13099973234319456,13760.761562993466,933.4874807433129,105,2,6,apartamento,1,5.0,False,50.0,44,0,2.0,False,False,Centro,Centro,0.1012962005487793,234,767,27553.639821119537,0.11789975910887511,2
52172003,0.9370074565489293,37826.36363276466,382.95879092769525,105,2,6,apartamento,25,5.0,False,610.0,12,0,2.0,True,True,Centro,Centro,0.1118532852191488,162,740,75741.01146282518,0.8433067108940363,2
52214716,0.5510600317862981,91616.85507225216,1534.2302128758672,105,4,11,apartamento,7,5.0,True,350.0,31,0,3.0,False,False,Meia Praia,Meia Praia (beach band),0.0986935476592277,296,1511,183447.53774335445,0.49595402860766835,4
52266549,0.7275684949439916,55341.04711330758,711.4071738466498,105,3,8,apartamento,14,4.789999961853027,False,300.0,26,0,2.0,False,False,Morretes,Morretes,0.0129001882171288,69,644,110811.25652118157,0.6548116454495925,3
52346232,0.847289819587209,65270.21209233994,726.5067964762092,105,3,8,apartamento,47,4.769999980926514,True,300.0,12,0,2.0,False,False,Meia Praia,Meia Praia (beach band),0.0354565924660841,206,1781,130692.76048477594,0.762560837628488,3
52348108,0.9330396446082326,61540.920665951795,625.5393574867948,105,2,6,apartamento,25,4.760000228881836,False,250.0,18,0,2.0,False,False,Meia Praia,Meia Praia (beach band),0.254494117862175,300,1276,123225.47371577716,0.8397356801474094,2
52354467,0.810804964525292,53360.94247532883,619.1421582809656,105,3,6,apartamento,20,4.900000095367432,False,250.0,20,0,2.0,True,False,Meia Praia,Meia Praia (beach band),0.0870160979283289,147,691,106846.42581372135,0.7297244680727628,3
52365560,0.5207216675649113,19777.287139471482,349.62899707711165,105,1,4,apartamento,10,4.800000190734863,False,200.0,20,0,1.0,True,False,Meia Praia,Meia Praia (inland),0.6820599737864149,189,1790,39600.73314149579,0.4686495008084202,1
52472131,0.225500537380923,16995.080013635637,675.8155059294644,105,2,6,apartamento,19,4.840000152587891,False,200.0,25,0,2.0,False,False,Meia Praia,Meia Praia (beach band),0.2108497986397123,376,1745,34029.82540487799,0.2029504836428307,2
52474050,0.97396785834251,79410.66938851435,775.2564465373473,105,2,7,apartamento,41,4.929999828338623,False,250.0,17,0,2.0,True,False,Meia Praia,Meia Praia (beach band),0.3425629115203772,383,1660,159006.67795664835,0.876571072508259,2
52530322,0.5410144526870913,29764.92250741926,507.2927134927108,105,2,6,apartamento,11,4.909999847412109,False,250.0,14,0,2.0,False,False,Meia Praia,Meia Praia (inland),0.4246087704726231,199,1229,59599.314348889566,0.4869130074183821,2
52536443,0.9879136238915981,43593.4230746166,419.94183565963516,105,2,5,apartamento,13,5.0,False,260.0,13,0,2.0,True,False,Centro,Centro,0.1006958623520394,156,744,87288.59027671228,0.8891222615024383,2
52596621,0.06368228867084214,7648.743874038637,1060.5531981918127,105,3,6,apartamento,11,5.0,False,300.0,51,0,3.0,True,True,Meia Praia,Meia Praia (beach band),0.042212202824041,248,1564,15315.339403599779,0.05731405980375792,3
52619006,0.8577457708953793,47238.68684200116,519.7556665084392,105,2,6,apartamento,70,5.0,False,260.0,70,0,2.0,True,False,Centro,Centro,0.067171215020564,158,763,94587.62561277996,0.7719711938058413,2
52627650,0.9870211693572291,32988.278738535046,318.050701031106,105,1,3,apartamento,50,4.800000190734863,False,200.0,7,0,1.0,False,False,Morretes,Morretes,0.5266065397788786,101,1221,66053.54990850967,0.8883190524215062,1
52646204,0.7690894867653031,85153.09542639114,1038.6053987077753,105,4,10,apartamento,12,5.0,False,250.0,29,0,4.0,True,False,Meia Praia,Meia Praia (beach band),0.1721329225096182,355,1489,170504.9324698714,0.6921805380887728,4
52650644,0.6779250647264022,52243.473659579395,718.1559590137838,105,3,7,apartamento,12,4.920000076293945,False,150.0,13,0,2.0,True,True,Meia Praia,Meia Praia (inland),0.4621105002888201,330,1577,104608.88008490813,0.610132558253762,3
52652931,0.8573989745981949,42394.36007111565,466.63261963195015,105,2,5,apartamento,18,5.0,False,250.0,27,0,2.0,True,False,Meia Praia,Meia Praia (beach band),0.2228788671505494,453,1974,84887.66573703091,0.7716590771383754,2
52670832,0.9954890330896523,62589.784162674405,598.6281872819326,105,3,8,apartamento,27,4.929999828338623,False,300.0,88,0,2.0,True,False,Meia Praia,Meia Praia (beach band),0.052262828419217,345,1909,125325.64868632055,0.895940129780687,3
52758042,0.050504042626390605,17345.80616680224,3028.9564696075972,105,4,8,apartamento,1,5.0,True,300.0,50,0,4.0,False,False,Meia Praia,Meia Praia (beach band),0.2291859979167213,158,698,34732.09628254425,0.04545363836375155,4
52884842,0.20321608643376712,42357.84720226041,1865.129030043864,105,4,10,apartamento,5,5.0,False,200.0,29,0,4.0,False,False,Meia Praia,Meia Praia (beach band),0.1835576779952157,452,1927,84814.55478073191,0.18289447779039042,4
52969803,0.7560595763635635,30915.650206830585,383.22202217090955,105,2,5,apartamento,27,5.0,False,160.0,30,0,2.0,True,False,Centro,Centro,0.2022820091941819,259,748,61903.45546903175,0.6804536187272071,2
53008127,0.87652492147347,31446.051379436336,339.00182079758247,105,3,9,apartamento,34,4.849999904632568,False,250.0,9,0,2.0,True,False,Meia Praia,Meia Praia (beach band),0.3143270913852382,461,1941,62965.49573502841,0.7888724293261231,3
53077335,0.9879462253822223,122279.22370100216,1177.8971930280934,105,3,7,apartamento,7,5.0,False,250.0,18,0,2.0,False,False,Centro,Centro,0.3852302434356758,135,738,244843.8389139987,0.8891516028440001,3
53113087,0.8965972401961317,53194.07650049143,561.35413128125,105,3,8,apartamento,12,5.0,False,300.0,19,0,2.0,True,False,Meia Praia,Meia Praia (beach band),0.2861187651276859,422,1853,106512.30441004595,0.8069375161765185,3
53133732,0.5345582909256102,47500.983022771485,818.9234727441433,105,2,6,apartamento,10,5.0,True,350.0,36,0,2.0,True,False,Meia Praia,Meia Praia (beach band),0.0565166257940415,272,1307,95112.83015602536,0.4811024618330492,2
53143021,0.8298649500572663,57457.699571997786,652.2104169920296,105,2,6,apartamento,14,4.710000038146973,False,250.0,14,0,3.0,False,True,Meia Praia,Meia Praia (beach band),0.0751576972776118,343,1913,115049.50156352572,0.7468784550515397,2
53154219,0.37864677498018856,26992.87808748924,648.3277194030757,105,2,5,apartamento,27,4.849999904632568,False,300.0,21,0,2.0,True,False,Meia Praia,Meia Praia (beach band),0.2284351143768253,361,1344,54048.75574315782,0.3407820974821697,2
53175731,0.059044469730882086,7062.892874281533,1055.7845306370766,105,3,7,apartamento,7,5.0,False,360.0,25,0,2.0,True,False,Meia Praia,Meia Praia (beach band),0.0824197169118809,357,1938,14142.27006712052,0.05314002275779388,3
53190433,0.9608976616931538,94205.74958319849,931.443274968848,105,3,8,apartamento,20,4.699999809265137,False,350.0,26,0,2.0,False,False,Centro,Centro,0.1900093336051352,239,775,188631.3690715074,0.8648078955238384,3
53195241,0.38838509792775305,81213.07095362598,1903.3467937677485,105,4,10,apartamento,12,4.920000076293945,False,350.0,36,0,3.0,True,False,Meia Praia,Meia Praia (beach band),0.1876930515329149,355,1489,162615.68777131336,0.34954658813497774,4
53240300,0.5826529146296932,67363.46325156486,1069.59504069438,105,3,14,apartamento,15,4.929999828338623,False,350.0,28,0,3.0,True,False,Meia Praia,Meia Praia (beach band),0.2845579716929278,247,1202,134884.1483111251,0.5243876231667238,3
53280496,0.9731343938631396,46436.86153765046,453.7102909229061,105,3,7,apartamento,12,5.0,False,260.0,24,0,2.0,True,False,Centro,Centro,0.0619660801305338,150,743,92982.1035975629,0.8758209544768256,3
53314692,0.8526134524157779,64831.813869020385,717.376795236186,105,1,5,apartamento,19,4.579999923706055,False,250.0,86,0,1.0,False,True,Centro,Centro,0.0544078129709947,106,716,129814.9408460685,0.7673521071742001,1
53325047,0.8829117401350945,48116.1113073633,515.1761825563744,105,2,6,apartamento,20,4.900000095367432,False,250.0,38,0,2.0,True,True,Meia Praia,Meia Praia (beach band),0.080804099831724,293,1686,96344.52239339445,0.7946205661215852,2
53337464,0.21934114639581942,16256.00788618322,664.1904616083466,105,2,6,apartamento,14,5.0,False,250.0,11,0,2.0,True,False,Meia Praia,Meia Praia (beach band),0.0235790160614456,132,788,32549.95620516617,0.19740703175623747,2
53340772,0.7732642649216364,43745.459340894726,530.8345739702892,105,3,7,apartamento,17,5.0,False,300.0,15,0,2.0,True,False,Meia Praia,Meia Praia (beach band),0.1304442528318554,412,1966,87593.01765172333,0.6959378384294728,3
53365226,0.7743681268615976,28468.561626494855,344.9894251969042,105,2,5,apartamento,20,4.650000095367432,False,200.0,14,0,2.0,False,False,Meia Praia,Meia Praia (beach band),0.1898576164126374,163,660,57003.56696763707,0.6969313141754379,2
53445765,0.8651038936651488,40003.82892104322,436.62204544482813,105,2,6,apartamento,24,5.0,False,200.0,11,0,2.0,True,True,Meia Praia,Meia Praia (beach band),0.2490825469431639,460,1910,80101.02409741415,0.7785935042986339,2
53448627,0.9676944827794896,50022.38467570509,491.3231219859747,105,3,12,apartamento,6,5.0,False,290.0,10,0,2.0,False,True,Meia Praia,Meia Praia (beach band),0.2393711695289865,169,706,100161.51824434618,0.8709250345015406,3
53458717,0.8928510210073614,41971.9888616373,444.6779107499602,105,3,6,apartamento,11,5.0,False,200.0,21,0,2.0,True,False,Meia Praia,Meia Praia (beach band),0.2928544759773669,382,1518,84041.93753198195,0.8035659189066252,3
53474066,0.9483014700668305,102356.02519662151,1024.6570535897263,105,3,7,apartamento,15,4.670000076293945,False,200.0,21,0,2.0,False,False,Centro,Centro,0.2079794591003832,157,658,204950.94249533903,0.8534713230601475,3
53492577,0.9553293676844271,34342.0115570878,341.41036956499164,105,3,8,apartamento,15,4.929999828338623,False,300.0,21,0,2.0,True,True,Meia Praia,Meia Praia (beach band),0.2120199297544744,403,1597,68764.17506727573,0.8597964309159845,3
53581602,0.7120132721769489,42494.08368408183,557.566083530572,105,3,8,apartamento,6,5.0,False,250.0,28,0,2.0,True,False,Centro,Centro,0.2775798659489277,174,772,85087.34571119167,0.640811944959254,3
53605382,0.9092281561360545,73714.1985637585,767.7240806926106,105,4,7,apartamento,66,4.920000076293945,False,300.0,25,0,3.0,True,True,Centro,Centro,0.039334774534329,146,761,147600.44112605436,0.8183053405224491,4
53643568,0.9731343938631396,62261.398921158485,608.3235705944999,105,3,7,apartamento,19,5.0,True,199.0,52,0,2.0,True,False,Meia Praia,Meia Praia (inland),0.6177277594111503,255,1783,124668.11177414599,0.8758209544768256,3
53645678,0.8038991556593251,67597.6376100907,790.6921494671479,105,3,7,apartamento,13,5.0,False,300.0,20,0,2.0,True,False,Meia Praia,Meia Praia (inland),0.490717858780234,314,1917,135353.04357543334,0.7235092400933927,3
53669499,0.7422349574044765,53834.23086404443,679.0761716384571,105,3,6,apartamento,58,4.900000095367432,True,200.0,20,0,3.0,True,False,Meia Praia,Meia Praia (beach band),0.1647960763137764,361,1854,107794.10721452827,0.6680114616640289,3
53671997,0.9681546274726036,45069.4831630739,442.47773609053,105,2,6,apartamento,12,4.920000076293945,False,250.0,21,0,2.0,True,True,Meia Praia,Meia Praia (beach band),0.135288246645151,307,1742,90244.15547893607,0.8713391647253432,2
53717416,0.7374420048493437,55820.18699440758,708.4611211485912,105,3,6,apartamento,34,4.5,True,484.0,6,0,2.0,False,True,Meia Praia,Meia Praia (beach band),0.2375906816429286,456,1988,111770.65456374828,0.6636978043644094,3
53733977,0.9382095582343831,40283.31812440733,407.34189683230494,105,2,4,apartamento,39,4.949999809265137,False,220.0,19,0,2.0,True,True,Meia Praia,Meia Praia (inland),0.814519403312992,98,1687,80660.65481320943,0.8443886024109448,2
53738511,0.6595722005230809,33283.269848802265,469.6096641111975,105,2,5,apartamento,81,4.829999923706055,True,200.0,22,0,1.0,False,False,Meia Praia,Meia Praia (beach band),0.3329842267436226,315,1305,66644.22061852281,0.5936149804707728,2
53794321,0.7604888631415766,57581.35871582207,709.8279572374703,105,2,5,apartamento,17,4.880000114440918,False,250.0,27,0,2.0,False,True,Meia Praia,Meia Praia (beach band),0.1812552384089552,163,650,115297.10846332734,0.684439976827419,2
53796581,0.7209132956173171,87505.36419439096,1134.7177262914647,105,4,12,apartamento,6,5.0,False,400.0,29,0,4.0,False,False,Morretes,Morretes,0.1745924505913294,175,786,175214.96004350783,0.6488219660555854,4
53803935,0.9723230568506285,61090.4141833131,597.3503248174652,105,3,12,apartamento,13,4.849999904632568,False,290.0,18,0,2.0,False,True,Meia Praia,Meia Praia (beach band),0.2511430726596035,169,734,122323.4092985658,0.8750907511655657,3
53815397,0.49078474555667884,12985.595783789551,242.9651762505461,105,1,2,apartamento,86,4.929999828338623,False,0.0,30,0,1.0,True,True,Alto Sao Bento,Alto Sao Bento,0.531140879569528,44,426,26001.49907774081,0.44170627100101095,1
53825192,0.9320212997785369,86752.03855177884,882.7066369664542,105,3,7,apartamento,65,4.889999866485596,True,200.0,1,0,3.0,True,False,Meia Praia,Meia Praia (inland),0.352973818891809,413,1872,173706.5505467276,0.8388191698006832,3
53893648,0.8743206531008922,62890.93567698309,679.6016120156328,105,2,6,apartamento,18,5.0,False,250.0,5,0,2.0,True,False,Meia Praia,Meia Praia (beach band),0.0824296243956698,286,1509,125928.65458238678,0.7868885877908031,2
53899162,0.49078474555667884,16436.51682613472,307.5331524328009,105,2,7,apartamento,20,4.900000095367432,False,180.0,9,0,1.0,False,False,Meia Praia,Meia Praia (beach band),0.0201848184773173,111,501,32911.39538083587,0.44170627100101095,2
53903158,0.7422349574044765,97767.39029152878,1233.2581713282493,105,3,8,apartamento,17,4.940000057220459,False,400.0,19,0,2.0,True,True,Morretes,Morretes,0.0252190537857953,66,600,195762.9631188518,0.6680114616640289,3
53914255,0.9166683144613449,55548.91217611087,574.1146513429621,105,2,5,apartamento,8,5.0,True,300.0,12,0,2.0,True,True,Meia Praia,Meia Praia (beach band),0.3122914198060366,403,1750,111227.47178991194,0.8250014830152104,2
53915734,0.7604888631415765,40506.34024659422,499.33751814205374,105,2,4,apartamento,95,4.75,True,300.0,79,0,3.0,False,False,Morretes,Morretes,0.4596010902556909,183,825,81107.21957626769,0.6844399768274189,2
53918137,0.6667173588199481,31666.549136927333,442.2469194107604,105,2,6,apartamento,14,4.929999828338623,False,290.0,12,0,2.0,True,False,Meia Praia,Meia Praia (beach band),0.251879412951608,446,1990,63407.00587699688,0.6000456229379533,2
53936201,0.9332952443589684,86907.79497869937,883.1561618239698,105,3,6,apartamento,34,4.760000228881836,True,417.0,57,0,2.0,False,True,Meia Praia,Meia Praia (beach band),0.052252447195329,256,1492,174018.42692562906,0.8399657199230716,3
53972959,0.7853068039542621,83355.83609597638,996.8178339231436,105,3,6,apartamento,13,4.769999980926514,False,400.0,19,0,3.0,True,False,Meia Praia,Meia Praia (beach band),0.1651666465950107,367,1670,166906.21912623127,0.7067761235588359,3
53973724,0.8141732046155117,55555.86653969964,642.0908423861965,105,3,6,apartamento,15,4.929999828338623,False,300.0,24,0,2.0,True,False,Meia Praia,Meia Praia (beach band),0.0658534905087909,271,1349,111241.39674810796,0.7327558841539605,3
53986731,0.9839371812813202,37455.08588403533,362.1793239157863,105,3,6,apartamento,31,4.940000057220459,False,250.0,15,0,2.0,True,True,Centro,Centro,0.1210852785628294,187,671,74997.58942798697,0.8855434631531882,3
54145466,0.1846492335455825,40357.75017560077,1952.2866714071736,105,4,8,apartamento,0,0.0,False,200.0,27,0,4.0,False,False,Meia Praia,Meia Praia (beach band),0.2713336957051378,252,1202,80809.69263501477,0.16618431019102425,4
54167570,0.6264188006880705,100994.45649516776,1496.6285637757085,105,3,15,apartamento,8,5.0,False,150.0,30,0,3.0,True,False,Meia Praia,Meia Praia (beach band),0.0768765645283134,158,1109,202224.62728234546,0.5637769206192635,3
54237040,0.6741971712135071,55098.56806353932,761.380025474621,105,3,8,apartamento,9,5.0,False,350.0,17,0,2.0,True,False,Meia Praia,Meia Praia (beach band),0.241235526724283,397,1603,110325.73249179576,0.6067774540921564,3
54245203,0.9668800253393732,54701.30539572139,537.704974307587,105,2,5,apartamento,8,5.0,False,200.0,12,0,2.0,True,True,Meia Praia,Meia Praia (inland),0.3842207067216249,370,1641,109530.2799717209,0.870192022805436,2
54246694,0.300112093696549,25346.628715315906,762.6476919104593,105,3,8,apartamento,10,5.0,False,300.0,16,0,3.0,True,True,Meia Praia,Meia Praia (beach band),0.1773915211409019,397,1619,50752.414763121196,0.2701008843268941,3
54287612,0.8765249214734698,42281.212867084454,455.80947428092406,105,2,6,apartamento,10,4.900000095367432,False,610.0,11,0,2.0,True,True,Centro,Centro,0.2027452228043628,178,743,84661.10725097834,0.7888724293261229,2
525472560929976068,0.47336838660674996,56745.17238330511,1099.1817846679076,105,3,8,apartamento,18,4.940000057220459,False,350.0,25,0,3.0,True,True,Meia Praia,Meia Praia (beach band),0.0518418368265715,266,1286,113622.78419544117,0.42603154794607495,3
543584528464360785,0.7577775850988689,33404.86635293026,413.1890977956001,105,2,6,apartamento,26,4.920000076293945,False,350.0,25,0,2.0,True,False,Meia Praia,Meia Praia (beach band),0.3243597195132049,426,1873,66887.69742486907,0.6819998265889821,2
549056203343531816,0.9513993586194428,56115.77559836667,560.039468672883,105,3,8,apartamento,24,5.0,False,200.0,32,0,2.0,True,False,Meia Praia,Meia Praia (inland),0.3593447160127423,399,1724,112362.52165565542,0.8562594227574986,3
553578003486746447,0.9819827604964988,66434.70568315012,643.6040170398342,105,2,6,apartamento,16,4.809999942779541,False,280.0,23,0,2.0,False,False,Meia Praia,Meia Praia (beach band),0.116749594761628,316,1784,133024.46551638367,0.883784484446849,2
557386903732882183,0.7864673781907608,97047.06205042407,1158.9264149888766,105,3,9,apartamento,6,5.0,False,300.0,33,0,2.0,False,False,Meia Praia,Meia Praia (beach band),0.2916649672009747,418,1890,194320.62543880974,0.7078206403716848,3
572368704250611987,0.9248614228688592,55189.27992887316,565.6422233622161,105,2,5,apartamento,35,4.860000133514404,False,200.0,21,0,2.0,True,False,Meia Praia,Meia Praia (beach band),0.0980816035034044,370,1942,110507.3679378769,0.8323752805819733,2
573122310094338767,0.9211146266778962,68248.59751227178,702.1654607396682,105,3,6,apartamento,15,4.929999828338623,False,300.0,22,0,2.0,True,False,Meia Praia,Meia Praia (beach band),0.1201902098539208,327,1667,136656.4826765747,0.8290031640101067,3
577333685681759877,0.9428508979705441,58165.03565545677,585.4376623432258,105,2,6,apartamento,55,4.849999904632568,False,200.0,33,0,2.0,True,True,Meia Praia,Meia Praia (beach band),0.1856451567830476,358,1559,116465.8246054512,0.8485658081734897,2
577547502503396579,0.833084624759183,63333.52629204407,716.2853201481963,105,2,4,apartamento,26,4.849999904632568,False,250.0,29,0,2.0,True,False,Meia Praia,Meia Praia (beach band),0.0773478390368553,282,1468,126814.86878933835,0.7497761622832647,2
580407424598756855,0.9746076819864772,47287.404708032605,461.3644385969964,105,3,10,apartamento,11,5.0,False,270.0,33,0,2.0,True,False,Meia Praia,Meia Praia (beach band),0.1320168537412228,391,1954,94685.17504907672,0.8771469137878295,3
580589381711973141,0.7980610651020051,35731.84894434493,420.84502523009604,105,2,4,apartamento,11,5.0,False,180.0,16,0,2.0,True,True,Morretes,Morretes,0.3352304097030342,222,1150,71547.09362909394,0.7182549585918047,2
599368528094352718,0.9814501230530818,45735.73909463531,443.30303835462905,105,3,6,apartamento,48,4.960000038146973,False,300.0,73,0,0.0,True,True,Meia Praia,Meia Praia (beach band),0.3450889597069068,396,1720,91578.22233874539,0.8833051107477736,3
604521043281534642,0.9582147135065826,81861.32841150888,811.5193823944801,105,4,7,apartamento,40,4.949999809265137,False,300.0,26,0,3.0,True,False,Centro,Centro,0.1063210257242627,178,745,163913.71567653448,0.8623932421559244,4
605748852048435444,0.8300804282061228,42472.80067088194,481.99660578042284,105,3,6,apartamento,33,5.0,False,250.0,30,0,2.0,True,False,Meia Praia,Meia Praia (beach band),0.2978731350164914,440,1968,85044.73001166563,0.7470723853855106,3
610155932497817911,0.6400379708275715,35866.28256266267,520.7307664256211,105,2,5,apartamento,85,4.880000114440918,True,200.0,30,0,1.0,True,False,Canto da Praia,Canto da Praia,0.3305597161934828,40,479,71816.27462478378,0.5760341737448144,2
612245203931813020,0.7648315909623111,62718.55190685711,769.0015283680152,105,4,9,apartamento,24,4.920000076293945,False,300.0,18,0,3.0,True,False,Meia Praia,Meia Praia (beach band),0.0642607321869152,262,1773,125583.48470996984,0.6883484318660801,4
613221032690703355,0.9280844170716495,71409.1280499517,729.490413007052,105,3,8,apartamento,23,4.909999847412109,False,300.0,38,0,3.0,True,False,Meia Praia,Meia Praia (beach band),0.0732921305391885,149,800,142984.92021836565,0.8352759753644845,3
618150693526656201,0.8395023566252048,27112.02574704932,304.4174467703989,105,2,6,apartamento,28,4.860000133514404,False,150.0,19,0,2.0,False,False,Meia Praia,Meia Praia (inland),0.4407285879463118,328,1925,54287.32914492917,0.7555521209626843,2
618943952389206201,0.5749340067128803,33047.67384142213,531.4510136608138,105,2,6,apartamento,13,4.849999904632568,False,360.0,13,0,2.0,False,False,Meia Praia,Meia Praia (beach band),0.0640451218083151,279,1368,66172.47873847284,0.5174406060415923,2
621626596784793972,0.8838109196265829,49040.24623546909,524.567581058295,105,3,8,apartamento,39,5.0,False,310.0,105,0,2.0,True,False,Meia Praia,Meia Praia (beach band),0.0068988044093665,149,1049,98194.94911858537,0.7954298276639246,3
622878708674009200,0.5389613431065216,41449.09138015158,709.0029809508819,105,2,8,apartamento,5,5.0,False,300.0,13,0,2.0,True,False,Meia Praia,Meia Praia (beach band),0.1627080980749601,397,1968,82994.92216133747,0.4850652087958694,2
627388721154300829,0.9652218076314295,50726.078312028534,499.4339247219023,105,3,8,apartamento,38,4.869999885559082,False,270.0,24,0,4.0,True,False,Meia Praia,Meia Praia (beach band),0.291850404973656,425,1808,101570.54789077312,0.8686996268682866,3
628340205412932131,0.9908961614287635,44679.98237034197,429.19240919970997,105,1,4,apartamento,27,4.960000038146973,False,60.0,34,0,1.0,True,False,Morretes,Morretes,0.2747318400199174,163,714,89464.2448247294,0.8918065452858871,1
628897724940732017,0.9634870079538119,89175.50441299553,879.4808493363767,105,4,10,apartamento,21,4.949999809265137,False,250.0,24,0,3.0,True,False,Meia Praia,Meia Praia (beach band),0.3045311086583024,436,1922,178559.13847604117,0.8671383071584308,4
629724091250673746,0.855202988900498,61510.19662364504,678.6788352442961,105,2,6,apartamento,46,4.71999979019165,True,400.0,18,0,2.0,False,True,Meia Praia,Meia Praia (beach band),0.000152746549802,233,1216,123163.95392330826,0.7696826900104482,2
630326155301078742,0.9199465228957516,38084.18897873036,392.2915581604163,105,2,6,apartamento,17,4.880000114440918,False,250.0,27,0,2.0,True,True,Meia Praia,Meia Praia (beach band),0.2909131839823936,388,1715,76257.26390183257,0.8279518706061765,2
633809099013662442,0.9294162864128932,52465.549816768755,535.2470225612701,105,3,7,apartamento,40,4.980000019073486,False,250.0,14,0,2.0,True,False,Meia Praia,Meia Praia (beach band),0.1282391927144784,386,1951,105053.55071015243,0.8364746577716039,3
639216644351145145,0.9827004783417792,119548.5309756029,1157.364097229797,105,5,14,apartamento,29,4.96999979019165,False,450.0,32,0,5.0,True,True,Meia Praia,Meia Praia (beach band),0.256745899701625,400,1883,239376.08020941177,0.8844304305076013,4
645092818132652927,0.9522649258597462,39222.89890328419,391.11289529869714,105,2,6,apartamento,38,4.949999809265137,False,150.0,10,0,1.0,True,False,Meia Praia,Meia Praia (beach band),0.1320659383179449,342,1475,78537.34142357878,0.8570384332737716,2
667324814851452653,0.7732642649216364,79361.8431542422,963.0258965162217,105,3,12,apartamento,6,5.0,False,250.0,26,0,3.0,False,False,Meia Praia,Meia Praia (beach band),0.2067965272751619,160,679,158908.911530946,0.6959378384294728,3
668715506986619718,0.9181735447020879,61963.19463979426,639.4202274308127,105,3,8,apartamento,17,4.940000057220459,False,320.0,14,0,3.0,True,False,Meia Praia,Meia Praia (beach band),0.2010788401132612,443,1969,124071.00722261285,0.8263561902318791,3
670778657683556451,0.9345506670946035,90318.3096385078,916.6541747067998,105,3,8,apartamento,6,5.0,False,300.0,21,0,4.0,True,False,Meia Praia,Meia Praia (beach band),0.1231290295145184,402,1908,180847.41615786217,0.8410956003851432,3
673825002694927178,0.92255143324476,76079.81225890593,781.5887431071566,105,3,8,apartamento,9,5.0,False,300.0,24,0,4.0,True,False,Meia Praia,Meia Praia (beach band),0.1448511072332475,429,1905,152337.1897001515,0.830296289920284,3
673826204715344716,0.8869894212288661,88179.12504228165,940.0392157385911,105,3,8,apartamento,7,5.0,False,300.0,20,0,4.0,False,False,Meia Praia,Meia Praia (beach band),0.0905657043178227,384,1909,176564.0542519474,0.7982904791059795,3
673826267743797671,0.9562993731459645,83271.21026427919,827.0497412131355,105,3,8,apartamento,14,4.929999828338623,False,300.0,23,0,4.0,True,False,Meia Praia,Meia Praia (beach band),0.1390285416789665,414,1934,166736.76995181802,0.860669435831368,3
674566887638611404,0.9320212997785369,54676.452677076406,556.3358333652433,105,3,6,apartamento,15,5.0,False,420.0,25,0,2.0,True,True,Meia Praia,Meia Praia (beach band),0.2701096561836016,425,1808,109480.51652985145,0.8388191698006832,3
675242237586865339,0.6264188006880705,33759.67391555922,500.28183762934685,105,2,6,apartamento,6,5.0,False,250.0,11,0,2.0,False,False,Morretes,Morretes,0.2949685075978278,208,864,67598.14064719617,0.5637769206192635,2
676838365540390245,0.977221554085378,32435.75857349796,315.66770738670283,105,2,6,apartamento,8,5.0,False,200.0,16,0,2.0,True,False,Meia Praia,Meia Praia (beach band),0.1945167286354953,245,1144,64947.22003340458,0.8794993986768402,2
678242953903453952,0.8965972401961319,38126.71416262079,402.3490943990502,105,2,6,apartamento,10,5.0,False,200.0,25,0,2.0,True,True,Meia Praia,Meia Praia (beach band),0.2178025231180043,413,1926,76342.41352054225,0.8069375161765187,2
679166677359467385,0.5261365797751546,67022.93013802124,1173.1763901440463,105,3,10,apartamento,7,5.0,True,350.0,32,0,2.0,True,False,Meia Praia,Meia Praia (beach band),0.0505927021182652,155,1583,134202.28730257606,0.47352292179763916,3
681139047695558927,0.8522545418787036,19256.3505708314,213.1599347931355,105,2,4,apartamento,22,4.730000019073486,False,260.0,11,0,2.0,False,True,Morretes,Morretes,0.4925437433247094,165,894,38557.644173181725,0.7670290876908333,2
681894806923375678,0.9267324243210402,75142.83048666212,768.6860032151529,105,3,8,apartamento,19,5.0,False,300.0,16,0,4.0,True,False,Meia Praia,Meia Praia (beach band),0.0980991683801085,392,1905,150461.0393030114,0.8340591818889362,3
684782448665574114,0.8526134524157779,61529.549285720896,680.8365869277255,105,3,9,apartamento,29,5.0,False,250.0,37,0,2.0,True,False,Meia Praia,Meia Praia (beach band),0.2996553486507292,412,1862,123202.70441527608,0.7673521071742001,3
686743101124580615,0.9640178648025127,80906.22720033569,797.5134050396116,105,3,8,apartamento,6,5.0,False,300.0,20,0,4.0,False,False,Meia Praia,Meia Praia (beach band),0.2460574572216635,455,1929,162001.28411197968,0.8676160783222615,3
687757820659405525,0.2517549737079306,16560.324878901596,591.3163921791676,105,2,6,apartamento,8,5.0,False,220.0,22,0,2.0,True,False,Morretes,Morretes,0.2945535626333974,212,867,33159.30044606618,0.22657947633713754,2
693024169316156606,0.8928510210073614,57094.57718209129,604.8962173362758,105,2,6,apartamento,29,4.71999979019165,False,200.0,12,0,2.0,False,False,Meia Praia,Meia Praia (beach band),0.2003626443105528,369,1594,114322.40928039401,0.8035659189066252,2
694313018923554703,0.9716256811809705,107463.94624260748,1051.5054393029097,105,3,7,apartamento,5,5.0,True,380.0,26,0,2.0,True,True,Meia Praia,Meia Praia (beach band),0.214736874504531,165,678,215178.70613265884,0.8744631130628735,3
694947516825280143,0.9820857358606633,40929.267313391036,396.47420399704276,105,3,8,apartamento,24,5.0,False,500.0,23,0,2.0,True,False,Meia Praia,Meia Praia (beach band),0.1818815629771376,450,1924,81954.06079328728,0.883877162274597,3
703527486074504582,0.7604888631415765,28992.94996391263,357.4074475862856,105,2,5,apartamento,18,4.940000057220459,False,300.0,35,0,1.0,True,False,Meia Praia,Meia Praia (inland),0.70134170778711,169,1373,58053.56752970349,0.6844399768274189,2
703538637731385185,0.6658487444121028,31397.54046642488,439.0335198039248,105,2,6,apartamento,22,4.820000171661377,,0.0,17,0,1.0,True,,Meia Praia,Meia Praia (inland),0.3796541554606278,386,1910,62868.36068778613,0.5992638699708925,2
703678241822238330,0.7577775850988688,29273.71296731839,362.0903290646642,105,2,5,apartamento,15,4.929999828338623,False,300.0,9,0,1.0,True,False,Meia Praia,Meia Praia (inland),0.7429632376125046,130,1278,58615.748818546,0.681999826588982,2
705946468067026302,0.8141732046155117,41668.45231298672,481.5860738569511,105,2,6,apartamento,22,5.0,False,300.0,26,0,2.0,True,False,Meia Praia,Meia Praia (inland),0.6074244043153654,230,1427,83434.15600072169,0.7327558841539605,2
708045427082372124,0.13852009100695753,19926.730752887917,1279.2985842249695,105,2,5,apartamento,8,5.0,False,250.0,15,0,2.0,True,False,Centro,Centro,0.0736035121286479,204,738,39899.96915970548,0.12466808190626177,2
716703779507124462,0.49078474555667884,38533.83712032984,720.9819775260689,105,2,6,apartamento,10,4.800000190734863,True,300.0,19,0,2.0,False,False,Meia Praia,Meia Praia (beach band),0.0670133107588434,280,1594,77157.60963365503,0.44170627100101095,2
718922870189236806,0.9512054567859761,192556.85119899118,1922.0994191892264,105,5,16,apartamento,13,5.0,False,500.0,30,0,4.0,True,False,Meia Praia,Meia Praia (beach band),0.0617378425600045,206,1800,385563.11718199286,0.8560849111073785,4
719355891470345652,0.5510600317862981,34747.05759851158,581.8796719679187,105,2,6,apartamento,9,5.0,False,300.0,24,0,2.0,True,False,Meia Praia,Meia Praia (beach band),0.0008324661575898,237,1267,69575.2125004346,0.49595402860766835,2
721143022842232721,0.7063100263334593,39611.95566929192,523.7288565057685,105,3,8,apartamento,13,4.460000038146973,False,200.0,9,0,2.0,False,False,Meia Praia,Meia Praia (beach band),0.2786106917343102,319,1496,79316.3629880084,0.6356790237001134,3
721635424816164605,0.8602428410523177,76109.39925566185,835.1209907205093,105,3,8,apartamento,14,5.0,False,310.0,36,0,4.0,True,False,Meia Praia,Meia Praia (beach band),0.1940789270190792,163,664,152396.4327477306,0.774218556947086,3
725867973010290782,0.7773576250295698,43732.65191366989,528.0359248107756,105,2,6,apartamento,26,5.0,False,300.0,46,0,2.0,True,False,Meia Praia,Meia Praia (inland),0.3645674058205411,301,1309,87567.37290559699,0.6996218625266128,2
728531681504670920,0.9334982666833804,16466.29111620848,167.29606239915972,105,2,10,apartamento,55,4.840000152587891,False,250.0,16,0,2.0,True,False,Tabuleiro dos Oliveiras,Tabuleiro dos Oliveiras,0.4073940145342709,77,395,32971.013452180705,0.8401484400150424,2
730437501239201082,0.38838509792775305,29505.29039945128,691.4995236795016,105,3,8,apartamento,11,4.820000171661377,False,350.0,20,0,2.0,False,False,Meia Praia,Meia Praia (beach band),0.2210500578382794,419,1988,59079.44416901623,0.34954658813497774,3
730503580289648392,0.9888152928942624,66076.59451788574,635.9805491554905,105,2,6,apartamento,8,4.880000114440918,False,250.0,21,0,2.0,False,True,Centro,Centro,0.1139285877347753,140,499,132307.4073783986,0.8899337636048362,2
730553947980169722,0.7422349574044765,72263.03067494674,911.5408808507784,105,3,8,apartamento,7,5.0,False,300.0,22,0,2.0,False,False,Centro,Centro,0.028738361802425,142,757,144694.71841984714,0.6680114616640289,3
731853350375474350,0.9444798483769229,72315.37819670905,726.6821312438519,105,2,6,apartamento,10,5.0,False,150.0,17,0,2.0,False,False,Morretes,Morretes,0.6360581079962699,110,801,144799.5356389788,0.8500318635392307,2
732572931172602640,0.7181610400051874,25121.810318924396,326.9480813007739,105,1,4,apartamento,14,4.860000133514404,False,0.0,33,0,2.0,False,False,Alto Sao Bento,Alto Sao Bento,0.7539571996048388,79,472,50302.25325927011,0.6463449360046687,1
734707774394612996,0.7864673781907608,123719.77910618686,1477.4493635701187,105,3,9,apartamento,36,5.0,False,250.0,23,0,2.0,True,False,Meia Praia,Meia Praia (beach band),0.0250605147120041,120,987,247728.31188412636,0.7078206403716848,3
734774611454860165,0.833084624759183,58623.7309478063,663.0187887628499,105,4,8,apartamento,10,4.900000095367432,False,300.0,29,0,3.0,True,True,Meia Praia,Meia Praia (beach band),0.1276190748399649,316,1448,117384.28575421721,0.7497761622832647,4
734843676958831992,0.9418907054936632,44619.11855009378,449.52692017514863,105,2,6,apartamento,64,4.769999980926514,False,200.0,15,0,2.0,True,True,Meia Praia,Meia Praia (beach band),0.0203339120069682,259,1489,89342.37513215614,0.8477016349442968,2
734991572208138176,0.2868643546444113,8178.093060915241,257.11647275093173,105,1,3,apartamento,40,4.949999809265137,False,80.0,8,0,1.0,True,False,Centro,Centro,0.1861424922436821,243,731,16375.273242873975,0.2581779191799702,1
735732850757918650,0.9513993586194428,133539.1733518286,1332.7305359947813,105,3,6,apartamento,15,4.730000019073486,True,200.0,43,0,2.0,False,True,Meia Praia,Meia Praia (beach band),0.0337484166046246,248,1553,267390.01818340545,0.8562594227574986,3
739015384619300207,0.7560595763635635,131298.86051815428,1627.5450944708318,105,4,12,apartamento,45,4.869999885559082,True,300.0,66,0,5.0,True,False,Meia Praia,Meia Praia (beach band),0.0631459802981914,279,1340,262904.16377606656,0.6804536187272071,4
739663897909156017,0.49078474555667884,38700.91365263979,724.1080396487397,105,2,5,apartamento,14,4.929999828338623,False,0.0,8,0,2.0,True,False,Meia Praia,Meia Praia (beach band),0.3444681439645007,433,1996,77492.15264370256,0.44170627100101095,2
744210382596366805,0.8947398175530679,52894.3144137356,559.2818527416582,105,3,6,apartamento,7,5.0,False,250.0,18,0,3.0,True,False,Meia Praia,Meia Praia (inland),0.6092269838086724,204,1920,105912.08061191623,0.8052658357977611,3
745632820094188215,0.9879109800136999,67466.7610066507,649.9188330643066,105,3,8,apartamento,7,5.0,False,400.0,44,0,3.0,True,False,Meia Praia,Meia Praia (inland),0.4412368210006118,324,1682,135090.9849113333,0.8891198820123299,3
746451645715267085,0.20538856711019235,23063.32129330366,1005.0056204141986,105,3,9,apartamento,7,5.0,False,400.0,20,0,3.0,True,False,Meia Praia,Meia Praia (beach band),0.2865921024424947,473,1938,46180.47083261911,0.1848497103991731,3
748336742434217963,0.929416286412893,51900.47545118894,529.4822040706875,105,2,6,apartamento,45,4.869999885559082,False,200.0,25,0,1.0,True,True,Meia Praia,Meia Praia (beach band),0.2507505893313563,418,1818,103922.0831332993,0.8364746577716037,2
753461577197808016,0.567094918822028,52098.03787974433,848.8598323660441,105,3,6,apartamento,16,5.0,False,300.0,21,0,2.0,True,False,Meia Praia,Meia Praia (beach band),0.053187943433228,167,961,104317.66908787614,0.5103854269398252,3
753566944813003124,0.6123162943882355,38106.69347700793,577.0791114828679,105,1,3,apartamento,15,4.929999828338623,False,200.0,37,0,2.0,True,True,Centro,Centro,0.094980765563922,166,702,76302.32542237826,0.551084664949412,1
754141022905987471,0.5002148181084021,41936.41597931861,770.4564989055564,105,3,8,apartamento,15,4.929999828338623,False,250.0,17,0,2.0,True,False,Meia Praia,Meia Praia (beach band),0.2765344065674503,385,1693,83970.70874262162,0.45019333629756186,3
754375397775403281,0.17058755303816228,16397.570626753448,857.4578962513528,105,3,6,apartamento,8,5.0,False,250.0,25,0,2.0,True,False,Meia Praia,Meia Praia (beach band),0.1802657296372387,333,1399,32833.41208425446,0.15352879773434605,3
754796838418506202,0.7422349574044765,46752.14876668186,589.74131683108,105,3,9,apartamento,12,5.0,False,350.0,35,0,2.0,True,False,Meia Praia,Meia Praia (beach band),0.0882135072190972,314,1599,93613.41391488521,0.6680114616640289,3
756997201912524343,0.17058755303816234,17963.477778179156,939.3419437331031,105,3,8,apartamento,6,5.0,False,300.0,14,0,3.0,True,False,Meia Praia,Meia Praia (beach band),0.2004527961170171,416,1618,35968.881109437774,0.1535287977343461,3
762112217871324562,0.87652492147347,57351.79183563476,618.276731271836,105,3,7,apartamento,40,4.929999828338623,False,200.0,45,0,1.0,True,True,Meia Praia,Meia Praia (beach band),0.2211064661084438,456,1931,114837.43890924177,0.7888724293261231,3
762192750283483456,0.574233415392728,23447.694599145445,377.50956061116784,105,2,4,apartamento,14,4.929999828338623,False,120.0,15,0,1.0,True,False,Meia Praia,Meia Praia (inland),0.371685140060509,271,1527,46950.11454583477,0.5168100738534552,2
762916089194134311,0.039465223462949894,4553.5584123402705,1016.5163118047573,105,2,5,apartamento,3,5.0,False,170.0,6,0,2.0,False,False,Centro,Centro,0.3028608268511272,241,725,9117.74452479933,0.03551870111665491,2
766052072199682693,0.8577457708953792,61629.79293784533,678.0974715136665,105,1,6,apartamento,23,4.78000020980835,False,200.0,18,0,2.0,False,False,Meia Praia,Meia Praia (beach band),0.0824259483067837,292,1348,123403.4256814899,0.7719711938058412,1
766156195693050227,0.7913990764733042,163052.54349463366,1935.6856295892528,105,5,16,apartamento,16,4.940000057220459,True,550.0,42,0,5.0,True,False,Meia Praia,Meia Praia (beach band),0.2169437620838711,393,1840,326485.64069670864,0.7122591688259738,4
766788707373767791,0.9493478874839156,56490.27124274434,564.9220630002349,105,3,8,apartamento,23,4.909999847412109,False,150.0,12,0,3.0,True,False,Meia Praia,Meia Praia (beach band),0.1637162526245224,413,1967,113112.38699214307,0.8544130987355241,3
767407262472265686,0.6531789108429817,57185.185384208344,814.3589902925247,105,3,8,apartamento,16,5.0,False,300.0,25,0,2.0,True,False,Meia Praia,Meia Praia (beach band),0.0058756475065558,172,1088,114503.8371580986,0.5878610197586835,3
768032727158094436,0.9771409027925305,141008.83922824258,1372.4170343640194,105,3,7,apartamento,5,5.0,,0.0,28,0,2.0,False,,Meia Praia,Meia Praia (beach band),0.0542653423626374,79,826,282346.7836357127,0.8794268125132775,3
769009482417170004,0.8003008662124199,51981.93557280036,610.6172491758824,105,1,4,apartamento,17,4.940000057220459,False,250.0,13,0,1.0,True,False,Morretes,Morretes,0.0968975332950112,134,726,104085.19349898589,0.7202707795911779,1
769616108652112172,0.9380009018038087,41922.44491979051,424.0052987734325,105,2,6,apartamento,14,5.0,False,280.0,22,0,2.0,True,True,Meia Praia,Meia Praia (beach band),0.0778364060610233,314,1493,83942.73401604894,0.8442008116234279,2
770131545986036241,0.597727691097905,65081.1743955044,1008.4861665461247,105,3,8,apartamento,36,4.920000076293945,False,300.0,17,0,3.0,True,True,Meia Praia,Meia Praia (inland),0.3950495795790429,406,1931,130314.24388979122,0.5379549219881146,3
771111761043546355,0.6194281960088348,41457.3409045377,620.9528203035339,105,2,6,apartamento,18,4.940000057220459,False,150.0,21,0,1.0,True,False,Centro,Centro,0.1674575546190634,186,761,83011.44046394667,0.5574853764079514,2
771134836709283777,0.9819827604964988,39163.1080911825,379.40310607326404,105,3,8,apartamento,10,4.199999809265137,False,250.0,16,0,2.0,False,True,Meia Praia,Meia Praia (beach band),0.3299984412577789,387,1706,78417.62025162758,0.883784484446849,3
772261416620745030,0.5176037598740509,48782.04953479057,867.3574984288105,105,3,6,apartamento,10,5.0,False,300.0,19,0,3.0,True,False,Meia Praia,Meia Praia (beach band),0.2663103462294108,457,1937,97677.95310343533,0.46584338388664587,3
778933432062496662,0.6780563018779495,75336.38887485373,1035.4084086561284,105,3,6,apartamento,15,5.0,False,300.0,15,0,4.0,True,True,Meia Praia,Meia Praia (beach band),0.3427685914427816,407,1892,150848.60783169887,0.6102506716901546,3
779104726998664227,0.9147403833368627,43831.73539529323,453.9125476224329,105,2,6,apartamento,16,4.940000057220459,False,250.0,11,0,2.0,True,False,Meia Praia,Meia Praia (beach band),0.1497869166630886,326,1629,87765.7711230484,0.8232663450031764,2
780376166619260652,0.8765362103714003,51512.35597654735,555.3183877077936,105,3,6,apartamento,5,5.0,False,250.0,18,0,3.0,False,True,Meia Praia,Meia Praia (beach band),0.1977065562628467,376,1757,103144.93833917716,0.7888825893342603,3
780872235421635957,0.8765362103714003,50107.25167446322,540.170948985521,105,2,7,apartamento,7,5.0,False,180.0,16,0,2.0,True,False,Meia Praia,Meia Praia (inland),0.456288944602508,348,1912,100331.45031574908,0.7888825893342603,2
781223884036842600,0.7318578734260816,30870.529310972466,394.63540796083714,105,2,5,apartamento,26,4.650000095367432,False,250.0,21,0,2.0,False,False,Meia Praia,Meia Praia (beach band),0.0662265003408601,352,1886,61813.108368168934,0.6586720860834734,2
782548209247570691,0.8849680753693157,73125.5951966866,781.237226069683,105,3,8,apartamento,32,4.940000057220459,False,300.0,14,0,3.0,True,True,Meia Praia,Meia Praia (inland),0.4424277399405303,347,1929,146421.8606311047,0.7964712678323841,3
782734966853311782,0.5261365797751548,44487.21516478279,778.7088745165717,105,3,8,apartamento,9,5.0,False,350.0,19,0,3.0,True,True,Meia Praia,Meia Praia (inland),0.53392385793552,223,1928,89078.26050787407,0.47352292179763933,3
783879004243392314,0.5591365501312919,42953.365916680494,709.3723797334537,105,3,6,apartamento,30,4.670000076293945,False,250.0,19,0,2.0,False,False,Meia Praia,Meia Praia (beach band),0.0008541432498532,207,1587,86006.98211033514,0.5032228951181628,3
784598714032826222,0.4519345421722234,60434.887570902196,1223.949399830582,105,4,12,apartamento,15,4.869999885559082,False,300.0,15,0,4.0,True,False,Meia Praia,Meia Praia (inland),0.3884299021519465,380,1938,121010.82611856922,0.4067410879550011,4
784836681288428817,0.6169528299722155,25644.37465587569,385.5719976536512,105,2,5,apartamento,13,4.769999980926514,False,200.0,15,0,1.0,False,True,Casa Branca,Casa Branca,0.7693831062161,29,636,51348.60156330874,0.555257546974994,2
785658004981722606,0.5345582909256101,39484.97938673114,680.7264688630052,105,2,6,apartamento,10,5.0,False,200.0,20,0,2.0,True,True,Tabuleiro dos Oliveiras,Tabuleiro dos Oliveiras,0.3181400465167827,71,595,79062.11406875431,0.4811024618330491,2
786307999394390316,0.8174773149556828,55755.92846393896,641.9432960481657,105,2,6,apartamento,14,4.860000133514404,False,300.0,27,0,2.0,True,False,Meia Praia,Meia Praia (beach band),0.1637162526245224,413,1967,111641.98752770804,0.7357295834601145,2
786807324710664147,0.9120079047076983,118931.7878093803,1235.1059141021926,105,4,8,apartamento,13,4.849999904632568,True,200.0,48,0,4.0,True,True,Meia Praia,Meia Praia (inland),0.3793832184393929,408,1838,238141.15443975563,0.8208071142369285,4
787195284335262595,0.8207187147121535,54913.311343884365,629.883954067174,105,3,7,apartamento,11,5.0,False,300.0,18,0,2.0,True,False,Meia Praia,Meia Praia (beach band),0.1614387030624453,393,1871,109954.78667571954,0.7386468432409382,3
787606557854537606,0.6094279348937508,39866.520189276525,606.4553414286586,105,2,6,apartamento,11,4.639999866485596,False,200.0,35,0,2.0,False,True,Meia Praia,Meia Praia (beach band),0.2376554414985319,431,1994,79826.08616450433,0.5484851414043758,2
787847078680683474,0.8389261823360563,35574.99912933057,399.6996718108092,105,2,6,apartamento,6,5.0,False,300.0,26,0,2.0,True,False,Tabuleiro dos Oliveiras,Tabuleiro dos Oliveiras,0.3139336118158333,95,425,71233.0279221103,0.7550335641024507,2
790006111813482352,0.5641451193422251,26937.536548701642,441.0984049040327,105,2,6,apartamento,8,5.0,False,180.0,10,0,2.0,True,False,Meia Praia,Meia Praia (inland),0.646945168820823,207,1803,53937.94350214053,0.5077306074080026,2
790431243381422888,0.07370616704781632,7949.612168727933,953.2636462348615,105,3,8,apartamento,7,5.0,False,300.0,16,0,3.0,True,False,Meia Praia,Meia Praia (beach band),0.3007536827545326,440,1995,15917.778199411594,0.06633555034303469,3
790518755885066166,0.9087751634211989,87838.58532758092,915.2569957745283,105,3,6,apartamento,6,5.0,False,0.0,30,0,4.0,True,False,Centro,Centro,0.19824179525945,247,760,175882.1800256775,0.8178976470790791,3
790752171303746450,0.4173177775415248,31185.462687674517,681.9331915014724,105,2,6,apartamento,10,5.0,False,250.0,16,0,2.0,True,False,Meia Praia,Meia Praia (inland),0.4764795516610655,333,1898,62443.71015496492,0.37558599978737234,2
791313913845076166,0.8197521757553693,79949.83810676588,918.0866573650604,105,4,8,apartamento,6,5.0,False,300.0,18,0,2.0,True,False,Meia Praia,Meia Praia (beach band),0.024372666675894,252,1523,160086.27377680046,0.7377769581798324,4
792096103347120988,0.8984239604837165,44860.502502916046,472.5039890065819,105,2,6,apartamento,15,5.0,False,250.0,18,0,2.0,True,False,Tabuleiro dos Oliveiras,Tabuleiro dos Oliveiras,0.2163765293722032,125,428,89825.70641176708,0.8085815644353449,2
792184367926408145,0.9280844170716495,42825.53700838041,437.4905496344783,105,2,6,apartamento,23,5.0,False,230.0,24,0,2.0,True,True,Meia Praia,Meia Praia (beach band),0.040359438318209,284,1442,85751.0259496311,0.8352759753644845,2
794710559970994170,0.8651038936651488,50227.35436477273,548.2067789889294,105,2,4,apartamento,11,5.0,False,10.0,12,0,2.0,True,False,Meia Praia,Meia Praia (inland),0.8990982146696064,85,1557,100571.93600799704,0.7785935042986339,2
794996321339600522,0.9428508979705441,43325.86147277675,436.0796958825429,105,2,6,apartamento,8,5.0,False,250.0,26,0,2.0,True,True,Meia Praia,Meia Praia (inland),0.3587067612374972,388,1696,86752.84260218797,0.8485658081734897,2
795495744056169046,0.8417660224962297,83866.0420446436,939.2698541367756,105,3,8,apartamento,39,4.949999809265137,False,450.0,29,0,2.0,True,False,Meia Praia,Meia Praia (beach band),0.1331768354828994,271,1213,167927.82181005186,0.7575894202466067,3
795757968903961791,0.4641194570594351,18501.30108857645,365.23577140685455,105,2,3,apartamento,12,4.670000076293945,False,0.0,9,0,1.0,False,True,Casa Branca,Casa Branca,0.8269314948894675,40,583,37045.782973789646,0.4177075113534916,2
796481545034280714,0.6332885347069388,45636.23267085261,669.2949875550314,105,2,4,apartamento,9,5.0,False,290.0,15,0,2.0,True,False,Centro,Centro,0.1063210257242627,178,745,91378.97724985659,0.569959681236245,2
797261187302809924,0.6658487444121028,41359.639616726236,578.3340952508942,105,2,5,apartamento,15,5.0,False,250.0,41,0,2.0,True,False,Centro,Centro,0.1078190834652467,230,760,82815.80986006671,0.5992638699708925,2
798475021925579344,0.9071194269598304,33635.80292357586,351.07911441530007,105,2,5,apartamento,20,4.900000095367432,False,100.0,25,0,2.0,True,True,Morretes,Morretes,0.7434580711864515,36,1191,67350.10955663696,0.8164074842638473,2
798609957167332367,0.49078474555667884,36829.38628825753,689.0910882884873,105,2,6,apartamento,5,5.0,False,250.0,10,0,2.0,False,False,Meia Praia,Meia Praia (inland),0.3642136640374369,393,1770,73744.72989551417,0.44170627100101095,2
798631136594423222,0.7542984059472096,92771.24157883048,1152.5084273704542,105,4,10,apartamento,4,4.75,False,300.0,21,0,3.0,False,False,Tabuleiro dos Oliveiras,Tabuleiro dos Oliveiras,0.1648115949129182,106,647,185759.00501724126,0.6788685653524887,4
799251513158018593,0.8577457708953792,54247.38584829364,596.8706598941924,105,3,6,apartamento,26,4.960000038146973,False,250.0,33,0,2.0,True,False,Morretes,Morretes,0.061202513262968,96,671,108621.381459067,0.7719711938058412,3
800942299109284552,0.8808196376016088,32582.81880630113,349.64276786867924,105,2,5,apartamento,22,4.860000133514404,False,100.0,24,0,2.0,True,False,Morretes,Morretes,0.583778118228897,61,1234,65241.68372773713,0.7927376738414479,2
801271167231006592,0.9562993731459645,31040.502145370447,308.29429745260865,105,2,6,apartamento,17,4.940000057220459,False,300.0,16,0,2.0,True,False,Meia Praia,Meia Praia (inland),0.5430784355289131,207,1331,62153.45074216746,0.860669435831368,2
801611117719633492,0.7966613742898646,41561.950952051615,490.32386647122183,105,2,6,apartamento,9,5.0,False,250.0,26,0,2.0,True,False,Meia Praia,Meia Praia (beach band),0.1276190748399649,316,1448,83220.9047118136,0.7169952368608782,2
802047490248101970,0.9524049663409146,30803.17410767566,307.11278076497683,105,2,6,apartamento,22,5.0,False,300.0,19,0,2.0,True,False,Meia Praia,Meia Praia (inland),0.4861980976888427,275,1436,61678.240759045504,0.8571644697068233,2
802357806571870530,0.9166683144613448,75496.81871860973,780.2822424086588,105,3,6,apartamento,23,4.909999847412109,False,150.0,100,0,3.0,False,False,Meia Praia,Meia Praia (inland),0.428891402620985,312,1450,151169.8419517129,0.8250014830152104,3
802922826036667371,0.6265593944678008,83382.9068950861,1235.3804975529072,105,3,8,apartamento,15,5.0,False,300.0,19,0,3.0,True,False,Meia Praia,Meia Praia (beach band),0.1453123888686104,392,1959,166960.42390588133,0.5639034550210208,3
805381324514930766,0.9405685406896237,80288.25129936532,809.953967200078,105,3,8,apartamento,59,4.980000019073486,False,380.0,46,0,2.0,True,False,Meia Praia,Meia Praia (beach band),0.0824259502256395,292,1348,160763.88999570772,0.8465116866206613,3
805726391815686158,0.878690970448703,40316.88257448118,433.62357422229667,105,2,5,apartamento,6,5.0,False,200.0,9,0,2.0,True,False,Tabuleiro dos Oliveiras,Tabuleiro dos Oliveiras,0.3849009872722803,74,472,80727.86205053385,0.7908218734038327,2
806702099486447309,0.7773576250295698,53645.35051451548,647.7236351147524,105,3,8,apartamento,9,5.0,False,300.0,25,0,2.0,True,False,Meia Praia,Meia Praia (beach band),0.1497869146245503,326,1629,107415.90568139481,0.6996218625266128,3
807400945391416643,0.9590926908354137,70875.64472083218,702.0100828336341,105,4,12,apartamento,39,4.900000095367432,False,250.0,64,0,3.0,True,False,Centro,Centro,0.1078190811581723,230,760,141916.70844579473,0.8631834217518723,4
807898347637042057,0.9806104394146455,49505.2712070681,480.22585047298526,105,3,7,apartamento,11,5.0,False,250.0,16,0,2.0,True,False,Morretes,Morretes,0.0968975302500918,134,726,99126.08439889745,0.882549395473181,3
811053746893495263,0.7966613742898646,37025.01912150054,436.79976796009674,105,3,8,apartamento,8,5.0,False,300.0,22,0,2.0,True,False,Meia Praia,Meia Praia (beach band),0.1231182168286631,417,1909,74136.45215592012,0.7169952368608782,3
812231708820863156,0.8849680753693157,65382.26135352789,698.5113263913317,105,4,8,apartamento,19,4.789999961853027,False,348.0,27,0,3.0,False,False,Meia Praia,Meia Praia (beach band),0.0001527495459484,233,1216,130917.12052261698,0.7964712678323841,4
815806026505024003,0.9370074565489293,87993.28969433346,890.8549644963445,105,3,9,apartamento,7,5.0,False,250.0,18,0,2.0,True,False,Meia Praia,Meia Praia (beach band),0.164651817898819,360,1711,176191.94982880505,0.8433067108940363,3
821574780923920105,0.9036838081391697,67949.60512983496,711.7729000772539,105,3,6,apartamento,6,5.0,False,300.0,17,0,3.0,True,False,Meia Praia,Meia Praia (inland),0.4834876160760183,330,1844,136057.80008352132,0.8133154273252527,3
821920276390293366,0.8984239604837165,58564.49740882513,616.844598163758,105,3,8,apartamento,19,5.0,False,250.0,16,0,4.0,True,False,Meia Praia,Meia Praia (beach band),0.2635416392512441,423,1810,117265.68042914518,0.8085815644353449,3
822365439954007216,0.6720096971976678,52924.98537196447,733.6054818295595,105,3,8,apartamento,15,4.869999885559082,False,350.0,20,0,3.0,True,True,Meia Praia,Meia Praia (inland),0.4555934043594408,337,1874,105973.49411233467,0.604808727477901,3
826063757882656916,0.5261365797751547,36466.631047889845,638.3157299356664,105,1,4,apartamento,45,5.0,False,200.0,36,0,1.0,True,True,Meia Praia,Meia Praia (beach band),0.2172996486506113,387,1738,73018.37276836253,0.4735229217976393,1
826617189908528565,0.8577457708953792,45800.64021796289,503.9331927794985,105,1,4,apartamento,106,4.980000019073486,False,150.0,23,0,1.0,True,False,Meia Praia,Meia Praia (inland),0.3642136668467927,393,1770,91708.17606027222,0.7719711938058412,1
828036946101813387,0.9731343938631396,37458.12872886393,365.9837878841373,105,2,6,apartamento,12,5.0,False,260.0,18,0,2.0,True,False,Morretes,Morretes,0.2192897345338292,208,869,75003.68221944004,0.8758209544768256,2
831740758559247685,0.9332952443589684,86090.20520023155,874.8478224986524,105,3,5,apartamento,21,5.0,False,350.0,30,0,2.0,True,False,Meia Praia,Meia Praia (beach band),0.0350115594505401,306,1867,172381.33916895182,0.8399657199230716,3
832123000813215722,0.42684644195113897,25172.639837719857,538.6077680047889,105,0,4,apartamento,13,4.849999904632568,False,120.0,10,0,1.0,False,False,Meia Praia,Meia Praia (beach band),0.2946488753890321,393,1706,50404.03092955091,0.3841617977560251,0
836385234465202348,0.9280844170716495,99760.1337442159,1019.114266677508,105,3,7,apartamento,16,5.0,True,380.0,24,0,4.0,True,True,Meia Praia,Meia Praia (beach band),0.1538064308111269,362,1712,199753.10095387514,0.8352759753644845,3
836415940545761422,0.6978092625952179,39875.15388080407,533.29953501045,105,1,4,apartamento,14,4.929999828338623,False,200.0,18,0,1.0,True,False,Meia Praia,Meia Praia (inland),0.3642136668467927,393,1770,79843.37369801676,0.6280283363356961,1
837646263953285868,0.7813712499336893,41764.95911331839,501.8278878053094,105,2,7,apartamento,24,5.0,False,250.0,46,0,2.0,True,False,Meia Praia,Meia Praia (beach band),0.2488720195134917,396,1675,83627.39484178835,0.7032341249403204,2
837846012155525926,0.8735482489270449,40410.52878905031,437.04140925605856,105,3,9,apartamento,10,4.599999904632568,False,350.0,22,0,2.0,False,False,Meia Praia,Meia Praia (beach band),0.2256187355365421,269,1191,80915.37304366,0.7861934240343403,3
841394344184198064,0.9483014700668305,69443.97884096792,695.1839191883952,105,3,8,apartamento,39,4.900000095367432,False,290.0,31,0,4.0,True,False,Centro,Centro,0.1978623904893692,166,635,139050.03527386423,0.8534713230601475,3
844864653127085626,0.6123162943882355,72021.27133898894,1090.6737761765432,105,3,8,apartamento,15,5.0,False,370.0,39,0,3.0,True,False,Meia Praia,Meia Praia (beach band),0.0146919306422077,211,1587,144210.63549784603,0.551084664949412,3
850675824952359571,0.5902509649708411,51183.964762866635,802.7148526453911,105,3,8,apartamento,27,4.699999809265137,True,200.0,30,0,2.0,False,False,Meia Praia,Meia Praia (beach band),0.3427685914427816,407,1892,102487.38946873437,0.531225868473757,3
850931966820064700,0.8869894212288661,81062.26187747464,864.1694397030933,105,3,7,apartamento,18,5.0,False,300.0,26,0,3.0,True,False,Meia Praia,Meia Praia (beach band),0.0902285916548821,334,1896,162313.71764073535,0.7982904791059795,3
856482117556875618,0.9817463193227568,46735.00111155673,452.8602462920677,105,2,6,apartamento,26,4.960000038146973,False,250.0,26,0,2.0,True,True,Meia Praia,Meia Praia (beach band),0.0828427072385393,304,1596,93579.07858315726,0.8835716873904811,2
859653300578357102,0.7690894867653032,58313.64039116339,711.246742414903,105,2,4,apartamento,26,5.0,True,250.0,47,0,4.0,True,False,Morretes,Morretes,0.4136435812585379,186,745,116763.38091035691,0.6921805380887729,2
859925561562240250,0.9591873409129883,78194.37996914994,774.4289745275574,105,3,8,apartamento,5,5.0,False,300.0,26,0,3.0,True,False,Meia Praia,Meia Praia (beach band),0.0992055633030818,407,1899,156571.26037994013,0.8632686068216895,3
863830918159371125,0.6586235574857773,24580.94860739833,347.2992304478002,105,3,6,apartamento,44,4.730000019073486,True,60.0,10,0,1.0,False,True,Casa Branca,Casa Branca,0.764167189134033,40,629,49219.26750123613,0.5927612017371996,3
869504505210568410,0.4278604509662592,56881.91843113593,1214.2991585090783,105,2,5,apartamento,6,5.0,False,350.0,17,0,2.0,True,False,Centro,Centro,0.162444153189704,236,738,113896.59544721265,0.38507440586963326,2
871084107630048364,0.878690970448703,47708.700463711204,513.1254178285539,105,2,6,apartamento,44,5.0,False,99.0,30,0,2.0,True,False,Meia Praia,Meia Praia (beach band),0.312577057069259,386,1686,95528.74983648908,0.7908218734038327,2
873125740517449213,0.5826529146296933,31119.346263808737,494.11204274221734,105,2,5,apartamento,19,4.840000152587891,True,400.0,28,0,1.0,True,True,Morretes,Morretes,1.85348969014795,13,119,62311.32299593171,0.5243876231667239,2
873255393900331818,0.590250964970841,45833.92589760707,718.810534578777,105,3,6,apartamento,20,4.75,True,200.0,36,0,2.0,False,True,Meia Praia,Meia Praia (inland),0.4598326850773976,281,1950,91774.82510610578,0.5312258684737569,3
873260132509992833,0.989155543603707,39877.7585369166,383.6954410980908,105,2,6,apartamento,13,4.849999904632568,False,200.0,22,0,2.0,True,True,Morretes,Morretes,0.3770259855440054,155,693,79848.5890893346,0.8902399892433364,2
881204142086821328,0.810804964525292,52823.86011549993,612.9104405486028,105,3,7,apartamento,43,4.980000019073486,False,200.0,29,0,2.0,True,True,Meia Praia,Meia Praia (beach band),0.3161818090530893,243,1184,105771.00757983522,0.7297244680727628,3
892662939259281401,0.9841800530112214,130054.13971543504,1257.2926808759858,105,4,10,apartamento,14,4.789999961853027,False,350.0,19,0,0.0,False,True,Meia Praia,Meia Praia (beach band),0.3427685914427816,407,1892,260411.8170757056,0.8857620477100993,4
892721989592935461,0.8965972401961319,40201.17562630719,424.2407708682028,105,2,6,apartamento,26,5.0,False,220.0,22,0,2.0,True,False,Centro,Centro,0.1978623904893692,166,635,80496.17810192442,0.8069375161765187,2
894985131313802009,0.7604888631415765,57087.86301653354,703.7444425038175,105,3,8,apartamento,6,4.329999923706055,True,484.0,35,0,2.0,False,True,Meia Praia,Meia Praia (beach band),0.2506691231985902,452,1990,114308.96527886615,0.6844399768274189,3
897144549301156856,0.9845354011753104,87868.77417675275,849.1796126206281,105,3,6,apartamento,10,5.0,False,200.0,15,0,2.0,True,False,Meia Praia,Meia Praia (beach band),0.1409330281430581,429,1915,175942.62818277162,0.8860818610577793,3
900757690500508426,0.9087751634211989,66243.80898252537,690.2446045994128,105,2,8,apartamento,22,4.949999809265137,True,350.0,35,0,2.0,True,False,Meia Praia,Meia Praia (beach band),0.0290402238207169,135,726,132642.2265750303,0.8178976470790791,2
902324773092897293,0.994522819030821,105535.09853027322,1010.2910483366501,105,3,6,apartamento,13,5.0,False,250.0,10,0,2.0,True,False,Meia Praia,Meia Praia (beach band),0.0702769929207176,284,1681,211316.50890671645,0.8950705371277389,3
904512525045117852,0.9267324243210402,56346.08601306948,576.401599110531,105,3,8,apartamento,41,5.0,False,180.0,19,0,2.0,True,False,Meia Praia,Meia Praia (beach band),0.2273677810993427,368,1710,112823.68001413172,0.8340591818889362,3
906701409648697471,0.8577457708953792,55797.773954560456,613.9291993539088,105,2,6,apartamento,26,4.960000038146973,False,200.0,30,0,2.0,True,False,Meia Praia,Meia Praia (beach band),0.089257796365342,283,1302,111725.77617352133,0.7719711938058412,2
910707550951342167,0.9935454453473087,83175.26268539626,796.9748530030548,105,4,8,apartamento,12,5.0,False,0.0,25,0,4.0,True,True,Meia Praia,Meia Praia (beach band),0.2272790090758343,401,1654,166544.6508588342,0.8941909008125779,4
910815231577364751,0.8743206531008922,47280.0195368762,510.9095157754384,105,1,5,apartamento,38,4.96999979019165,False,150.0,17,0,1.0,True,False,Meia Praia,Meia Praia (inland),0.4415690297039936,322,1721,94670.38747026943,0.7868885877908031,1
911476333007658783,0.8720773068934264,24088.81547916067,260.9355435281581,105,2,8,apartamento,65,4.630000114440918,False,160.0,23,0,2.0,False,False,Meia Praia,Meia Praia (beach band),0.2753068521293808,252,1205,48233.852639026154,0.7848695762040838,2
913929715874853789,0.8073711481947545,89182.19903081526,1038.929334621121,105,4,9,apartamento,27,4.889999866485596,False,400.0,115,0,3.0,False,False,Meia Praia,Meia Praia (inland),0.4555934039338818,337,1874,178572.54333646988,0.7266340333752791,4
914342944500490787,0.890701736934666,67826.77050572359,720.2328166119344,105,3,8,apartamento,5,5.0,False,300.0,18,0,4.0,True,False,Meia Praia,Meia Praia (beach band),0.2375906816429286,456,1988,135811.8441475192,0.8016315632411994,3
915332897455058900,0.6426180870495565,77606.60153203983,1122.4407106021274,105,3,6,apartamento,32,4.71999979019165,True,472.0,13,0,3.0,False,True,Meia Praia,Meia Praia (beach band),0.1118840470066417,348,1908,155394.33167024527,0.5783562783446008,3
916052715744473224,0.8499760937146787,97051.73663350631,1077.038829140183,105,3,6,apartamento,12,4.920000076293945,False,300.0,20,0,4.0,True,False,Meia Praia,Meia Praia (beach band),0.2256187362117357,269,1191,194329.9855151378,0.7649784843432109,3
923133320997277084,0.8697940030607492,39739.34389878624,431.5305360866096,105,0,4,apartamento,24,5.0,False,150.0,12,0,1.0,True,True,Meia Praia,Meia Praia (beach band),0.2217976688882643,391,1693,79571.43676258612,0.7828146027546743,0
929120660817262874,0.11661142514583737,9867.873458358923,750.9694579332141,105,3,6,apartamento,4,5.0,False,280.0,13,0,2.0,False,True,Centro,Centro,0.3345269617533189,234,736,19758.777871946484,0.10495028263125364,3
939218400123538892,0.933874849640932,43946.476278447015,446.322980551854,105,2,5,apartamento,6,5.0,False,120.0,25,0,1.0,True,True,Casa Branca,Casa Branca,0.7873197349322042,23,642,87995.52068688642,0.8404873646768388,2
939325387438995809,0.732553764634473,115617.44480877352,1476.6728377812053,105,4,13,apartamento,4,5.0,False,400.0,20,0,5.0,False,False,Meia Praia,Meia Praia (beach band),0.1205386102231004,156,610,231504.73298413225,0.6592983881710257,4
939698664229028471,0.9493478874839156,36391.55438238546,363.92800964153577,105,2,6,apartamento,20,4.949999809265137,False,250.0,28,0,2.0,True,True,Morretes,Morretes,0.3312433682221311,198,820,72868.0442134487,0.8544130987355241,2
944320965810800803,0.3394127830647508,34391.24558922708,918.2677910290336,105,3,7,apartamento,8,5.0,False,380.0,29,0,2.0,True,False,Meia Praia,Meia Praia (beach band),0.1176064503880355,156,676,68862.75804048528,0.3054715047582757,3
946451380352813662,0.9814501230530818,125723.44677665415,1218.6003123986836,105,3,6,apartamento,5,5.0,False,300.0,29,0,3.0,True,False,Meia Praia,Meia Praia (beach band),0.1459382021781123,228,1125,251740.32365110208,0.8833051107477736,3
946609581890906389,0.9608976616931538,48500.338872175176,479.53882513615446,105,3,7,apartamento,33,4.909999847412109,False,270.0,137,0,2.0,True,False,Meia Praia,Meia Praia (beach band),0.277517981354103,408,1835,97113.87428440049,0.8648078955238384,3
950059146531590785,0.9814486442248286,43038.6456006632,417.1614963740629,105,2,5,apartamento,8,4.880000114440918,False,100.0,16,0,2.0,False,False,Tabuleiro dos Oliveiras,Tabuleiro dos Oliveiras,0.3839162245771522,81,399,86177.74051536685,0.8833037798023458,2
956398979498945273,0.9332952443589684,55644.27127769726,565.456540016318,105,3,8,apartamento,17,5.0,False,250.0,19,0,3.0,True,False,Meia Praia,Meia Praia (beach band),0.282027389712893,265,1208,111418.41255483612,0.8399657199230716,3
956676934234107014,0.9723844994121359,53249.12520590194,520.6462366383548,105,3,9,apartamento,47,4.940000057220459,False,210.0,26,0,2.0,True,False,Meia Praia,Meia Praia (beach band),0.1205386081751011,156,610,106622.5303008556,0.8751460494709223,3
957349094500016515,0.44569505312278324,33290.98611767141,683.2956904634361,105,2,6,apartamento,11,4.909999847412109,False,200.0,15,0,2.0,True,True,Centro,Centro,0.3613412406474138,145,603,66659.67116551544,0.4011255478105049,2
963040775940890055,0.4824144140509568,37380.99504634074,711.0501426448963,105,2,5,apartamento,37,4.920000076293945,True,400.0,12,0,2.0,True,True,Tabuleiro dos Oliveiras,Tabuleiro dos Oliveiras,0.2227215863767762,94,595,74849.23482954876,0.43417297264586113,2
963916345061155113,0.929416286412893,127654.74502328727,1302.3178529179233,105,3,13,apartamento,18,5.0,True,300.0,33,0,3.0,True,False,Meia Praia,Meia Praia (beach band),0.1740872990532667,316,1332,255607.42766502502,0.8364746577716037,3
964579064376617710,0.7011267205731663,63824.61471191337,849.772734844801,105,3,8,apartamento,4,5.0,True,456.0,35,0,0.0,False,True,Meia Praia,Meia Praia (inland),0.5111312515247619,323,1758,127798.19179653228,0.6310140485158496,3
965310801955633109,0.8038702821231061,46208.057083151274,540.5157494373685,105,2,6,apartamento,14,5.0,False,250.0,9,0,2.0,True,False,Meia Praia,Meia Praia (beach band),0.070276989397662,284,1681,92523.96067430402,0.7234832539107955,2
966687088388761169,0.11661142514583743,10562.75661535864,803.8517764936487,105,3,6,apartamento,14,5.0,False,350.0,8,0,3.0,True,False,Meia Praia,Meia Praia (inland),0.6560224439536199,213,1444,21150.16599665777,0.1049502826312537,3
968213956640500474,0.39808081944088275,22524.792163178685,515.4842023131857,105,2,6,apartamento,37,5.0,False,300.0,39,0,2.0,True,False,Morretes,Morretes,0.3067118935147268,224,974,45102.15568147594,0.3582727374967945,2
970445468070597218,0.9934342332080309,45362.595803138756,434.7043368303809,105,2,6,apartamento,7,5.0,,0.0,9,0,1.0,True,,Morretes,Morretes,0.4143981020473671,194,989,90831.06486432096,0.8940908098872279,2
973272705231391942,0.8688620253188847,27949.538998469237,303.8115696536194,105,2,4,apartamento,12,4.920000076293945,False,120.0,12,0,1.0,True,True,Meia Praia,Meia Praia (beach band),0.2227178966903693,353,1502,55964.31034756104,0.7819758227869962,2
978095320445301654,0.5261365797751545,53715.78888573633,940.246795670285,105,3,8,apartamento,17,4.880000114440918,False,250.0,35,0,3.0,True,True,Meia Praia,Meia Praia (inland),0.4555934043594408,337,1874,107556.94682227362,0.47352292179763905,3
978244263452010977,0.8965972401961319,52943.68161831023,558.711728013608,105,2,6,apartamento,33,4.940000057220459,False,200.0,15,0,1.0,True,False,Meia Praia,Meia Praia (beach band),0.1740872990532667,316,1332,106010.93024081198,0.8069375161765187,2
978410400232267791,0.94432788963554,42409.299166388184,426.2266630280191,105,2,6,apartamento,5,5.0,False,250.0,32,0,2.0,False,False,Centro,Centro,0.1995921496519867,153,557,84917.578794423,0.849895100671986,2
980310639590708922,0.4077271929720004,29537.63546390323,660.5402258321279,105,2,4,apartamento,21,4.860000133514404,True,400.0,18,0,2.0,True,True,Meia Praia,Meia Praia (inland),0.6560224436306339,213,1444,59144.20978913252,0.36695447367480033,2
980365989956218871,0.4641194570594351,76584.03402168847,1511.8519832440813,105,3,9,apartamento,10,4.900000095367432,True,449.0,155,0,3.0,True,True,Meia Praia,Meia Praia (beach band),0.3406067990922498,374,1649,153346.81004551396,0.4177075113534916,3
982642009007231841,0.8660917489128538,25729.17803240773,280.51934548226603,105,1,4,apartamento,24,4.880000114440918,False,135.0,13,0,1.0,True,False,Centro,Centro,0.1909433491263223,180,745,51518.40624176945,0.7794825740215684,1
983188724209547131,0.6194281960088348,59403.60570727552,889.754038616944,105,3,8,apartamento,13,4.849999904632568,False,300.0,14,0,0.0,True,True,Meia Praia,Meia Praia (inland),0.4929299672911651,323,1585,118945.85544857086,0.5574853764079514,3
985716714802993034,0.9151393032203073,45410.109785776964,470.06496147655685,105,2,4,apartamento,12,5.0,False,290.0,26,0,2.0,True,False,Morretes,Morretes,0.6319572859414044,64,1136,90926.20372404809,0.8236253728982766,2
986245345084467584,0.3295729381379351,32343.551655789994,888.5815876661975,105,3,8,apartamento,8,5.0,False,250.0,29,0,3.0,True,True,Meia Praia,Meia Praia (inland),0.6029166964744271,250,1831,64762.59099322315,0.2966156443241416,3
986407426689940399,0.9357879473627332,33536.844734196246,339.94725970839534,105,2,5,apartamento,25,4.840000152587891,True,300.0,21,0,2.0,True,False,Meia Praia,Meia Praia (beach band),0.3044446831530976,229,1124,67151.96221609668,0.8422091526264599,2
991407580891691701,0.8038702821231061,60531.831979662165,708.0671768654389,105,3,6,apartamento,11,4.550000190734863,True,439.0,29,0,2.0,False,True,Meia Praia,Meia Praia (beach band),0.2375906819369832,456,1988,121204.94119784121,0.7234832539107955,3
996227938456591020,0.5569878542192948,21434.963055168424,355.30177516682716,105,2,6,apartamento,10,5.0,False,150.0,12,0,2.0,True,False,Tabuleiro dos Oliveiras,Tabuleiro dos Oliveiras,0.5325130925004534,51,468,42919.95387736632,0.5012890687973653,2
999226382307972271,0.36887289759056047,19187.665276101743,472.6577753474118,105,2,5,apartamento,16,4.809999942779541,False,200.0,15,0,2.0,False,False,Morretes,Morretes,0.377025987377355,155,693,38420.113276848344,0.33198560783150444,2
1002341236260011015,0.8238644495519035,35315.08205692447,403.62180547273704,105,2,4,apartamento,11,4.909999847412109,False,200.0,14,0,2.0,True,False,Morretes,Morretes,0.9962427658254054,47,658,70712.58714827281,0.7414780045967132,2
1002785860497857801,0.6194281960088349,41252.20902706852,617.8803314494622,105,3,6,apartamento,12,5.0,,0.0,54,0,2.0,True,,Meia Praia,Meia Praia (beach band),0.1276190748399649,316,1448,82600.69794495587,0.5574853764079515,3
1004496327455456339,0.4913644300845059,21632.94913996818,404.3022775702966,105,2,6,apartamento,16,5.0,False,300.0,39,0,2.0,True,False,Morretes,Morretes,0.2801166972430151,211,869,43316.38813321716,0.4422279870760553,2
1004910078575857573,0.9635234652675951,75006.6959190934,739.7166719726715,105,3,7,apartamento,12,5.0,False,300.0,28,0,2.0,True,False,Meia Praia,Meia Praia (beach band),0.0824259502256395,292,1348,150188.4524389181,0.8671711187408356,3
1005860682746801029,0.6591466997339659,30492.650441440353,430.49944928470023,105,2,6,apartamento,10,4.900000095367432,False,200.0,18,0,2.0,True,False,Morretes,Morretes,0.731201954169575,59,651,61056.46868515166,0.5932320297605693,2
1005958896607152946,0.8073711481947545,21570.48338568448,251.28566232821512,105,2,5,apartamento,37,4.809999942779541,False,130.0,17,0,1.0,True,False,Casa Branca,Casa Branca,0.7873197371593261,23,642,43191.310833766205,0.7266340333752791,2
1006396584243125090,0.542866737021816,33486.87418370537,568.8647952691998,105,1,4,apartamento,50,4.800000190734863,True,60.0,16,0,1.0,False,True,Centro,Centro,0.4048888874343969,203,646,67051.9044871995,0.4885800633196344,1
1011115904222911872,0.5749340067128804,46374.66446926305,745.766935325981,105,3,6,apartamento,15,5.0,False,350.0,43,0,2.0,True,False,Meia Praia,Meia Praia (inland),0.4598199839134688,319,1973,92857.5642969994,0.5174406060415924,3
1011714999685071594,0.9760459657179731,70082.07101204868,682.8165220513322,105,3,6,apartamento,6,5.0,True,180.0,35,0,2.0,True,False,Centro,Centro,0.1063210257242627,178,745,140327.70888038306,0.8784413691461758,3
1014245162199655907,0.9253598856249615,66026.21420665622,676.3684647885516,105,2,6,apartamento,8,5.0,False,0.0,25,0,2.0,True,False,Meia Praia,Meia Praia (beach band),0.0409234212377487,263,1351,132206.52917167006,0.8328238970624654,2
1015691857467598452,0.7929502547481149,107384.70562386702,1272.4652327802933,105,3,6,apartamento,21,5.0,True,250.0,44,0,2.0,True,False,Meia Praia,Meia Praia (beach band),0.1382650260232014,130,632,215020.03995288516,0.7136552292733034,3
1019041007385326527,0.8838109196265829,61950.35127157329,662.6627802031063,105,2,7,apartamento,10,4.900000095367432,True,350.0,20,0,2.0,True,False,Meia Praia,Meia Praia (beach band),0.0992055623505058,407,1899,124045.29051061036,0.7954298276639246,2
1019453731090411731,0.5670949188220281,28731.073958161884,468.13000290177905,105,0,4,apartamento,12,5.0,False,200.0,27,0,1.0,True,False,Meia Praia,Meia Praia (inland),0.3642136668467927,393,1770,57529.204317157586,0.5103854269398254,0
1023885231203292759,0.5826529146296933,34350.32057768909,545.4133555893872,105,1,4,apartamento,11,5.0,False,200.0,22,0,1.0,True,False,Meia Praia,Meia Praia (beach band),0.2946488753890321,393,1706,68780.81250117547,0.5243876231667239,1
1025356251415331533,0.9572422241991433,42291.17973733055,419.647209516287,105,2,5,apartamento,27,5.0,False,250.0,25,0,2.0,True,False,Morretes,Morretes,0.3447789249334123,155,682,84681.06425347763,0.861518001779229,2
1028988415727336651,0.5196996254855344,31787.72487573457,563.0112861417274,105,1,4,apartamento,1,5.0,False,200.0,21,0,1.0,False,False,Meia Praia,Meia Praia (beach band),0.3353482795083656,397,1660,63649.64017066358,0.467729662936981,1
1030981527494824971,0.9626588206700614,35519.126299714146,350.58554484416203,105,2,5,apartamento,21,5.0,False,150.0,20,0,2.0,True,False,Morretes,Morretes,0.8614773939004916,49,621,71121.15185943816,0.8663929386030552,2
1031938290013047428,0.46423027308971865,33719.50967719374,665.5070750298803,105,2,4,apartamento,12,5.0,True,400.0,28,0,2.0,True,True,Meia Praia,Meia Praia (inland),0.6560224436306339,213,1444,67517.71842982498,0.4178072457807468,2
1033202997223117530,0.9591873409129883,174349.29888935652,1726.7372514719461,105,4,12,apartamento,17,5.0,False,450.0,46,0,3.0,True,True,Meia Praia,Meia Praia (beach band),0.0901804403060452,369,1939,349105.51735604747,0.8632686068216895,4
1034873975277447845,0.8499760937146786,80715.90711324094,895.7507521840624,105,3,6,apartamento,16,4.880000114440918,True,456.0,44,0,4.0,True,True,Meia Praia,Meia Praia (beach band),0.2946488753890321,393,1706,161620.1997434637,0.7649784843432108,3
1035628196408986358,0.9332952443589684,111671.32336336306,1134.8028948561305,105,3,6,apartamento,4,5.0,True,456.0,0,0,2.0,False,True,Centro,Centro,0.0011260430293208,110,493,223603.2801103581,0.8399657199230716,3
1036955655225647222,0.5277436606631823,26857.864289641322,468.7526321986048,105,2,6,apartamento,12,4.829999923706055,False,260.0,18,0,2.0,True,False,Centro,Centro,0.0415661268280252,62,425,53778.413034307516,0.4749692945968641,2
1037004838842410100,0.9410185905839447,30078.11662863679,303.2938682374401,105,1,3,apartamento,12,4.579999923706055,False,120.0,17,0,1.0,False,True,Meia Praia,Meia Praia (beach band),0.342672189057679,312,1545,60226.4335654108,0.8469167315255502,1
1037047027853581998,0.9417149406472588,100011.12393908635,1007.7649134812068,105,2,5,apartamento,17,4.880000114440918,True,250.0,41,0,2.0,True,False,Centro,Centro,0.1538916965100575,214,682,200255.6671379075,0.8475434465825329,2
1039235354309448898,0.6780563018779495,14492.064185178122,199.1760600716328,105,2,2,apartamento,8,5.0,False,350.0,15,0,1.0,True,True,Centro,Centro,0.3699665294202667,183,617,29017.95187679133,0.6102506716901546,2
1042032092670718662,0.9643777353290129,47183.509452437196,464.93686327268847,105,1,4,apartamento,11,4.909999847412109,False,140.0,29,0,1.0,True,False,Meia Praia,Meia Praia (inland),0.3642136668467927,393,1770,94477.14205332322,0.8679399617961117,1
1043497443334655968,0.9106807328796647,98793.66115949271,1027.378752276924,105,2,5,apartamento,7,4.860000133514404,False,290.0,17,0,2.0,True,False,Centro,Centro,0.0011271494067501,87,449,197817.90010219664,0.8196126595916983,2
1043599286749467076,0.6597223834025332,33283.268380569825,469.50803236009284,105,2,4,apartamento,20,5.0,True,205.0,15,0,1.0,True,False,Morretes,Morretes,1.8473399275878128,6,116,66644.21767863119,0.5937501450622799,2
1044223371798078486,0.5196996254855344,45033.97419130407,797.6234797751799,105,3,8,apartamento,6,5.0,False,250.0,27,0,3.0,True,False,Meia Praia,Meia Praia (beach band),0.1740872994015879,316,1332,90173.05465983639,0.467729662936981,3
1044458170286255125,0.8720773068934266,101285.46952700522,1097.1473074463797,105,4,12,apartamento,2,5.0,False,250.0,3,0,5.0,False,False,Meia Praia,Meia Praia (beach band),0.2833317826850229,222,1156,202807.3325509307,0.7848695762040839,4
1045459185575382038,0.17058755303816234,10412.09088853718,544.466601308404,105,2,5,apartamento,15,5.0,False,200.0,34,0,2.0,True,False,Morretes,Morretes,0.2268551609674876,193,800,20848.482899307262,0.1535287977343461,2
1045520246239520927,0.42979472970311405,46889.39480623295,996.6432660212874,105,3,6,apartamento,0,0.0,False,400.0,0,0,3.0,False,False,Centro,Centro,0.3494676248158596,141,711,93888.22631704439,0.38681525673280265,3
1045592510645908121,0.6094279348937509,34155.328855084,519.5758627558805,105,2,7,apartamento,20,5.0,False,250.0,6,0,1.0,True,True,Meia Praia,Meia Praia (inland),0.3860031625998638,393,2002,68390.37395835464,0.5484851414043759,2
1045916135727198441,0.8417660224962297,66227.80672074512,741.7278894034301,105,2,6,apartamento,5,5.0,False,250.0,15,0,2.0,True,True,Meia Praia,Meia Praia (beach band),0.0630275731945519,270,1552,132610.1847032634,0.7575894202466067,2
1046547202929220520,0.8499760937146786,41137.59610892265,456.52751700992485,105,1,2,apartamento,15,4.869999885559082,False,0.0,24,0,1.0,True,False,Meia Praia,Meia Praia (beach band),0.0824259502256395,292,1348,82371.20460979544,0.7649784843432108,1
1047723626454445067,0.042915853586380524,8008.28620647934,1644.5201354806031,105,3,8,apartamento,7,5.0,False,0.0,30,0,3.0,True,True,Meia Praia,Meia Praia (beach band),0.2026100715008264,410,1899,16035.26321618572,0.038624268227742474,3
1048804459244346908,0.5670949188220281,45653.099705701425,743.84917628998,105,2,6,apartamento,27,4.699999809265137,False,100.0,14,0,2.0,False,False,Morretes,Morretes,0.0968975302500918,134,726,91412.750686083,0.5103854269398254,2
1049417084065072931,0.9932650566343827,58809.28531851791,563.652464393766,105,2,4,apartamento,24,4.920000076293945,True,226.0,26,0,2.0,True,True,Morretes,Morretes,0.450489367592518,187,819,117755.82756710434,0.8939385509709444,2
1050857413300266721,0.8417660224962297,59264.70301806532,663.7436035148246,105,3,8,apartamento,2,5.0,True,500.0,33,0,2.0,False,True,Meia Praia,Meia Praia (inland),0.3635844870711751,373,1593,118667.72588058418,0.7575894202466067,3
1052110098791057231,0.9345506670946035,70319.96788084379,713.6879817748602,105,2,6,apartamento,8,4.630000114440918,True,362.0,25,0,2.0,False,True,Meia Praia,Meia Praia (inland),0.4945376190271124,282,1442,140804.0578533193,0.8410956003851432,2
1052490589225547467,0.7560595763635635,61281.25302858491,759.6258060130593,105,3,8,apartamento,16,5.0,False,290.0,25,0,2.0,True,False,Meia Praia,Meia Praia (beach band),0.0710291618816272,273,1579,122705.53239418277,0.6804536187272071,3
1053030252161966865,0.3724878678494444,12081.240908043508,294.8091494230524,105,2,6,apartamento,5,5.0,False,80.0,29,0,1.0,True,False,Casa Branca,Casa Branca,0.7537884384737349,26,653,24190.67862258577,0.33523908106449996,2
1053132609735844516,0.9904286898014161,83087.32832442838,798.4840234340522,105,3,10,apartamento,17,4.940000057220459,False,300.0,23,0,2.0,False,False,Meia Praia,Meia Praia (beach band),0.0591844206279226,194,1314,166368.57690399402,0.8913858208212745,3
1053522951026570547,0.5428667370218159,40519.33470223944,688.3300875854727,105,2,6,apartamento,12,4.829999923706055,False,250.0,31,0,2.0,False,False,Canto da Praia,Canto da Praia,0.0860884761517937,17,333,81133.2388157466,0.4885800633196343,2
1053625763515857065,0.5747612214997182,31459.037866629264,506.04877981934345,105,2,5,apartamento,11,4.820000171661377,False,250.0,39,0,2.0,True,False,Meia Praia,Meia Praia (beach band),0.1614387007975162,393,1871,62991.49901900493,0.5172850993497464,2
1053851019443958006,0.21444150349795338,13977.626874012578,583.8770267628801,105,2,5,apartamento,15,4.869999885559082,False,300.0,25,0,2.0,True,False,Centro,Centro,0.1944028469509053,174,704,27987.876592257646,0.19299735314815805,2
1054265461023254222,0.7891659313137892,47261.417802952994,562.5666322909475,105,1,4,apartamento,5,5.0,False,200.0,18,0,1.0,True,True,Meia Praia,Meia Praia (inland),0.3642136668467927,393,1770,94633.14058722288,0.7102493381824103,1
1055163452693752832,0.7604888631415765,47498.926482724644,585.5378669093612,105,2,4,apartamento,16,4.940000057220459,False,50.0,19,0,2.0,True,False,Morretes,Morretes,0.255779369562739,178,741,95108.71227610506,0.6844399768274189,2
1056816282920055514,0.7773576250295698,46728.69583708389,564.2106993704476,105,3,6,apartamento,15,4.929999828338623,True,250.0,35,0,3.0,True,False,Meia Praia,Meia Praia (inland),0.6795159283009164,183,1815,93566.45331812359,0.6996218625266128,3
1057137469420115073,0.7066227411769445,54257.620526476014,717.0651741940441,105,2,6,apartamento,28,4.960000038146973,True,400.0,17,0,2.0,True,True,Morretes,Morretes,0.2268551609674876,193,800,108641.87470248461,0.63596046705925,2
1058193595817353204,0.9483014700668305,45040.92469791691,450.89188548763224,105,2,6,apartamento,11,5.0,False,200.0,24,0,2.0,True,True,Tabuleiro dos Oliveiras,Tabuleiro dos Oliveiras,0.1630011405327666,69,426,90186.97189507863,0.8534713230601475,2
1058777213156843238,0.9827122020863206,51619.56486480507,499.7297859795768,105,1,4,apartamento,24,5.0,True,212.0,37,0,1.0,True,False,Meia Praia,Meia Praia (inland),0.3630913841708426,394,1773,103359.6063340518,0.8844409818776886,1
1060712994513047104,0.6839898811871495,32913.46356592916,448.62914493840964,105,2,5,apartamento,10,4.900000095367432,False,250.0,20,0,2.0,False,True,Morretes,Morretes,0.377025987377355,155,693,65903.74494969973,0.6155908930684346,2
1062221285605590578,0.5867219702968938,38950.109093780244,614.3561059347156,105,3,8,apartamento,1,5.0,False,0.0,14,0,3.0,False,False,Centro,Centro,0.5359901487714748,71,723,77991.12513144003,0.5280497732672044,3
1062615116593634676,0.8417660224962294,43051.85748776285,482.1654977031425,105,1,4,apartamento,11,5.0,False,180.0,22,0,1.0,True,True,Meia Praia,Meia Praia (inland),0.3642136668467927,393,1770,86204.19512522506,0.7575894202466065,1
1063807278503566143,0.810804964525292,44826.1653409219,520.1139160814039,105,2,6,apartamento,5,5.0,False,280.0,28,0,2.0,True,False,Centro,Centro,0.0650744289136756,151,736,89756.95194714425,0.7297244680727628,2
1066545050089987954,0.6955236044456868,36497.59682848801,489.6492734246174,105,2,6,apartamento,5,5.0,False,200.0,18,0,1.0,True,True,Meia Praia,Meia Praia (inland),0.3860031625998638,393,2002,73080.3766016152,0.6259712440011181,2
1067320906990424780,0.8238987955055942,56960.729764779804,650.9878071781468,105,3,6,apartamento,8,4.630000114440918,True,489.0,34,0,2.0,False,True,Centro,Centro,0.2934468996318654,160,703,114054.40205487056,0.7415089159550348,3
1070343877574441166,0.9904286898014161,35423.02611768758,340.4215899952669,105,2,5,apartamento,12,5.0,False,150.0,29,0,2.0,True,False,Morretes,Morretes,0.5072198888013619,146,714,70928.72720400158,0.8913858208212745,2
1074829679064875721,0.9908485939815979,84708.12268013027,813.7362612661952,105,3,8,apartamento,10,5.0,False,0.0,22,0,3.0,True,False,Meia Praia,Meia Praia (inland),0.5111312519362451,323,1758,169613.94844078552,0.891763734583438,3
1075444278753674442,0.8688620253188847,58623.09711317048,637.233234969791,105,2,6,apartamento,5,4.800000190734863,False,250.0,10,0,1.0,False,False,Meia Praia,Meia Praia (beach band),0.132601121739984,348,1814,117383.016605618,0.7819758227869962,2
1075503699104403085,0.6262024196781109,70248.43216207043,1041.3481983697588,105,4,12,apartamento,1,5.0,False,250.0,26,0,3.0,False,False,Meia Praia,Meia Praia (beach band),0.0710291618816272,273,1579,140660.81945619985,0.5635821777102998,4
1077396104359577731,0.9793464531949593,71102.42889747533,690.5650404065857,105,3,6,apartamento,9,4.78000020980835,False,30.0,40,0,2.0,True,True,Meia Praia,Meia Praia (beach band),0.056733806157711,235,1616,142370.80609814843,0.8814118078754634,3
1081972140987250431,0.8038702821231061,59266.8666521342,693.2703270262282,105,2,4,apartamento,9,4.559999942779541,True,400.0,23,0,2.0,False,True,Meia Praia,Meia Praia (beach band),0.0840911701540567,150,589,118672.05819849884,0.7234832539107955,2
1082133757143221839,0.9938102715140498,110813.39357524084,1061.5343167800359,105,3,6,apartamento,19,5.0,False,300.0,20,0,2.0,True,False,Meia Praia,Meia Praia (beach band),0.0001527495459484,233,1216,221885.41818349343,0.8944292443626448,3
1082746592587689161,0.8735482489270449,51745.4381171918,559.6288857135033,105,3,6,apartamento,10,5.0,True,300.0,24,0,2.0,True,True,Tabuleiro dos Oliveiras,Tabuleiro dos Oliveiras,0.2355093589161032,92,422,103611.6466185593,0.7861934240343403,3
1083196219974177016,0.7350288306342394,27925.035000476546,355.5223330797103,105,2,4,apartamento,1,5.0,False,200.0,21,0,1.0,False,False,Casa Branca,Casa Branca,0.7365419155155117,83,520,55915.2451608868,0.6615259475708155,2
1083301106167776779,0.9652218076314295,57801.43099544807,569.0957491139908,105,3,8,apartamento,16,5.0,False,250.0,21,0,2.0,True,False,Morretes,Morretes,0.3067118892498053,224,974,115737.76665652901,0.8686996268682866,3
1083424325445690046,0.7743681268615976,51763.57811521256,627.2844864590005,105,2,5,apartamento,5,5.0,False,250.0,19,0,3.0,True,False,Meia Praia,Meia Praia (inland),0.7811580415389086,146,1613,103647.9689521403,0.6969313141754379,2
1083633025910461931,0.8573989745981949,29993.319033820848,330.13497570740276,105,0,4,apartamento,13,4.849999904632568,False,150.0,8,0,1.0,True,False,Meia Praia,Meia Praia (inland),0.485249121883181,326,1621,60056.64046387643,0.7716590771383754,0
1084601543056055517,0.6505206927497783,97199.64078780971,1389.5717447910697,105,4,12,apartamento,7,5.0,False,400.0,19,0,3.0,True,False,Meia Praia,Meia Praia (beach band),0.2614967705147959,436,1916,194626.13902212706,0.5854686234748004,4
1085437829031467755,0.9243020165305418,70619.09988932335,724.1965804841,105,2,6,apartamento,1,5.0,False,200.0,0,0,2.0,False,False,Centro,Centro,0.185616177298406,186,763,141403.020024336,0.8318718148774876,2
1086855144095843601,0.5562462773787796,26484.11280947394,439.5546791708238,105,2,4,apartamento,14,4.929999828338623,True,175.0,38,0,1.0,True,False,Casa Branca,Casa Branca,0.7365419155155117,83,520,53030.03776306983,0.5006216496409017,2
1088251024341369589,0.9954890330896523,58130.92276089801,555.9822482681572,105,2,5,apartamento,16,4.880000114440918,False,0.0,13,0,3.0,True,False,Morretes,Morretes,0.3067118892498053,224,974,116397.51919912429,0.895940129780687,2
1091408953130822622,0.8432922363453197,29175.438915316714,326.19662683145145,105,2,6,apartamento,13,5.0,False,0.0,0,0,1.0,True,True,Centro,Centro,0.4193616147371456,22,453,58418.97134949238,0.7589630127107877,2
1100720037663116812,0.8270189212730099,94449.35995977161,1075.5899520342768,105,3,6,apartamento,15,4.869999885559082,True,500.0,21,0,3.0,True,True,Centro,Centro,0.3890314292987615,129,723,189119.15839494384,0.744317029145709,3
1100991386372756521,0.13852009100695753,13006.94947078082,835.0477682167743,105,2,8,apartamento,12,5.0,False,0.0,13,0,2.0,True,False,Meia Praia,Meia Praia (inland),0.4972485235556136,172,1236,26044.256289797493,0.12466808190626177,2
1111626053814730010,0.7648315909623111,59944.79811630811,734.9921190401901,105,3,6,apartamento,8,4.75,True,500.0,28,0,2.0,False,True,Centro,Centro,0.1909433269364007,174,740,120029.5033734437,0.6883484318660801,3
1125970477826966385,0.7560595763635635,52577.169589666824,651.7323464127971,105,2,4,apartamento,10,4.599999904632568,True,400.0,14,0,2.0,False,True,Morretes,Morretes,0.3202136177471328,200,777,105277.05076901687,0.6804536187272071,2
1131810056799937593,0.5510600317862981,46860.12400486813,784.7269803212537,105,3,6,apartamento,5,5.0,True,456.0,0,0,2.0,True,True,Tabuleiro dos Oliveiras,Tabuleiro dos Oliveiras,0.1630011405327666,69,426,93829.61639822631,0.49595402860766835,3
1137698308528017474,0.8849680753693157,67027.48489791251,716.0880705480455,105,3,6,apartamento,7,5.0,True,450.0,24,0,2.0,True,True,Meia Praia,Meia Praia (beach band),0.0539719391942479,298,1811,134211.4074528629,0.7964712678323841,3
1139831117529014384,0.5002148181084021,34872.90918964537,640.6856402358237,105,3,6,apartamento,11,5.0,False,220.0,14,0,2.0,True,False,Tabuleiro dos Oliveiras,Tabuleiro dos Oliveiras,0.1858317672880558,63,423,69827.2094118803,0.45019333629756186,3
1147824179020677628,0.9181735447020879,49853.94665052498,514.4605937591492,105,1,4,apartamento,11,5.0,False,140.0,0,0,1.0,True,False,Centro,Centro,0.2553846324881674,242,694,99824.24907092523,0.8263561902318791,1
1153493820067017135,0.8577457708953792,40789.993529726264,448.8022782010862,105,2,4,apartamento,4,5.0,True,357.0,0,0,2.0,False,True,Centro,Centro,0.3092522100480985,164,738,81675.18817028191,0.7719711938058412,2
1153552657765472365,0.9590926908354138,42508.5172984741,421.03896010226504,105,2,4,apartamento,5,5.0,True,324.0,0,0,2.0,True,True,Centro,Centro,0.309244798690474,163,738,85116.24662706474,0.8631834217518725,2
1161796266594364332,0.9879136238915981,51435.683128562494,495.48747650406494,105,1,2,apartamento,21,5.0,False,250.0,57,0,1.0,True,True,Centro,Centro,0.2363312651041539,236,710,102991.41369391947,0.8891222615024383,1
1161927707286622818,0.9524049663409146,27505.93108991893,274.2387182251412,105,1,2,apartamento,27,5.0,False,250.0,36,0,1.0,True,True,Centro,Centro,0.2312813932736962,237,712,55076.059179335985,0.8571644697068233,1
1171049670344322120,0.745064246390572,58299.91587934138,732.7624543377717,105,3,8,apartamento,17,4.820000171661377,False,400.0,113,0,3.0,True,False,Meia Praia,Meia Praia (inland),0.3613665550640903,367,1558,116735.89985462223,0.6705578217515148,3
1173260792743932663,0.9428508979705441,101427.23063016747,1020.8765477220471,105,3,7,apartamento,2,5.0,True,270.0,33,0,2.0,False,True,Meia Praia,Meia Praia (beach band),0.0426333999948996,94,504,203091.18561816803,0.8485658081734897,3
1174263938200349649,0.2517549737079305,15907.525606809393,568.0070118853946,105,1,2,apartamento,22,4.909999847412109,False,250.0,35,0,1.0,True,False,Centro,Centro,0.2531711459710695,242,693,31852.1783121365,0.22657947633713743,1
1179103047052148475,0.9320212997785369,77732.88151364341,790.9362312179704,105,4,8,apartamento,4,4.5,True,480.0,0,0,3.0,False,True,Meia Praia,Meia Praia (beach band),0.1770898225699284,346,1480,155647.18636246523,0.8388191698006832,4
1181723518413479765,0.31890741778860093,18889.603968073592,535.7919938966321,105,1,4,apartamento,12,4.670000076293945,False,150.0,0,0,1.0,False,False,Centro,Centro,0.2531711459710695,242,693,37823.29500567754,0.28701667600974085,1
1181933658424522281,0.6595722005230809,29045.24733357608,409.81336588352553,105,1,2,apartamento,19,4.789999961853027,True,150.0,0,0,1.0,False,True,Centro,Centro,0.1962021858673939,243,727,58158.284327585796,0.5936149804707728,1
1181944920258781413,0.4733683866067502,20972.00633276458,406.2380354261981,105,1,2,apartamento,17,4.710000038146973,True,150.0,0,0,1.0,False,True,Centro,Centro,0.1962021858673939,243,727,41992.95992259957,0.4260315479460752,1
1181971107577983158,0.6050828265844408,26631.613958836464,407.8957575240346,105,1,2,apartamento,15,4.929999828338623,True,150.0,0,0,1.0,True,True,Centro,Centro,0.1962021858673939,243,727,53325.38431959079,0.5445745439259967,1
1182018398755268829,0.7374420048493437,58585.647426511765,743.5599143220518,105,2,6,apartamento,13,5.0,True,240.0,0,0,1.0,True,True,Centro,Centro,0.1962021858673939,243,727,117308.02982724208,0.6636978043644094,2
1182028381058524086,0.8626952173757134,58753.742561700026,642.9557651367028,105,1,4,apartamento,12,5.0,True,190.0,0,0,1.0,True,True,Centro,Centro,0.1962021858673939,243,727,117644.61242039708,0.7764256956381421,1
1182040498646675653,0.8003008662124199,64521.825269236506,757.9198239459802,105,2,6,apartamento,2,5.0,True,240.0,0,0,1.0,False,True,Centro,Centro,0.1962021858673939,243,727,129194.24015388676,0.7202707795911779,2
1182043782165637473,0.6595722005230809,43891.37384152342,619.2845060215305,105,1,4,apartamento,11,4.820000171661377,True,190.0,0,0,1.0,True,True,Centro,Centro,0.1962021858673939,243,727,87885.18720764483,0.5936149804707728,1
1182070530301053205,0.7560595763635635,50842.005250799324,630.223719478186,105,1,4,apartamento,12,4.920000076293945,True,190.0,0,0,1.0,True,True,Centro,Centro,0.1962021858673939,243,727,101802.67233401943,0.6804536187272071,1
1182188163181410725,0.3908067145889049,39601.79210172914,922.5720377974201,105,2,5,apartamento,12,4.920000076293945,False,250.0,0,0,1.0,True,False,Centro,Centro,0.2034948467422629,243,724,79296.0121317974,0.35172604313001443,2
1183418487997408853,0.810804964525292,54429.04691685032,631.5352768901216,105,1,4,apartamento,20,4.75,True,190.0,30,0,1.0,False,True,Centro,Centro,0.1954226132540934,242,726,108985.12758093799,0.7297244680727628,1
1184078920130796920,0.6094016033975591,28697.60324145638,436.570114420059,105,2,4,apartamento,11,5.0,True,290.0,12,0,2.0,False,True,Morretes,Morretes,0.4864848542362133,146,705,57462.18476533726,0.5484614430578032,2
1184152596221501552,0.6264188006880704,41748.1166937982,618.661915674247,105,1,4,apartamento,11,4.820000171661377,True,190.0,0,0,1.0,False,True,Centro,Centro,0.1962021858673939,243,727,83593.6706936697,0.5637769206192634,1
1187061700423806804,0.6332885347069388,42887.43153489799,628.9814315402502,105,1,4,apartamento,3,5.0,True,190.0,0,0,1.0,False,True,Centro,Centro,0.195736444325993,240,727,85874.95946034249,0.569959681236245,1
1187558666042801587,0.7773576250295698,54942.15035894245,663.3814302674042,105,3,6,apartamento,7,5.0,True,400.0,0,0,2.0,True,True,Meia Praia,Meia Praia (beach band),0.2121559406728269,373,1387,110012.53201416382,0.6996218625266128,3
1187772975255244525,0.7732642649216364,35257.21103026513,427.83289691360625,105,1,2,apartamento,23,4.869999885559082,True,150.0,0,0,1.0,True,True,Centro,Centro,0.1962021858673939,243,727,70596.71002785687,0.6959378384294728,1
1188323084225041810,0.7011267205731663,47092.74828003022,627.0015679359733,105,1,4,apartamento,14,4.860000133514404,True,190.0,0,0,1.0,True,True,Centro,Centro,0.2473468318154216,240,702,94295.4078780164,0.6310140485158496,1
1188339469325210376,0.6955236044456868,46893.947569395335,629.126006933256,105,1,4,apartamento,22,4.949999809265137,True,190.0,0,0,1.0,True,True,Centro,Centro,0.2473468318154216,240,702,93897.34246921321,0.6259712440011181,1
1188476386889166335,0.6531789108429817,43665.51655553438,621.8289882922404,105,1,4,apartamento,12,4.75,True,190.0,0,0,2.0,True,True,Centro,Centro,0.2473468318154216,240,702,87432.94549990002,0.5878610197586835,1
1189331897618015345,0.5510600317862984,44333.637132538475,742.4180352160597,105,2,6,apartamento,17,4.820000171661377,True,240.0,0,0,2.0,True,True,Centro,Centro,0.1962021858673939,243,727,88770.74600255219,0.4959540286076685,2
1191261348067720296,0.7813712499336893,61706.13913399001,741.4316241089309,105,2,6,apartamento,25,5.0,True,240.0,0,0,1.0,True,True,Centro,Centro,0.1962021858673939,243,727,123556.29626068372,0.7032341249403204,2
1191386301072209798,0.7275684949439916,48862.36369515275,628.123931097013,105,1,4,apartamento,22,4.860000133514404,True,190.0,0,0,1.0,True,True,Centro,Centro,0.2473468318154216,240,702,97838.76887202669,0.6548116454495925,1
1192836728602105901,0.6780563018779495,45073.34871434865,619.4791781519021,105,1,4,apartamento,22,4.949999809265137,True,190.0,0,0,1.0,True,True,Centro,Centro,0.3993702407681223,206,681,90251.89560342314,0.6102506716901546,1
1193347652334673191,0.7773576250295698,76528.73443738636,924.0217387917489,105,3,6,apartamento,12,5.0,True,200.0,0,0,3.0,True,False,Meia Praia,Meia Praia (inland),0.3933956624836556,372,1670,153236.08181138663,0.6996218625266128,3
1193414131980072087,0.810804964525292,63754.01020328673,739.731977083795,105,2,6,apartamento,16,4.940000057220459,True,240.0,0,0,1.0,True,True,Centro,Centro,0.2473468318154216,240,702,127656.81799308832,0.7297244680727628,2
1193496259129259761,0.426846441951139,34496.147985173426,738.0987211049742,105,2,6,apartamento,13,4.769999980926514,True,240.0,0,0,2.0,False,True,Centro,Centro,0.2473468318154216,240,702,69072.80766753871,0.3841617977560251,2
1193657356522503551,0.5196996254855342,40392.86429811085,715.4220243295133,105,2,6,apartamento,11,4.909999847412109,True,250.0,0,0,3.0,True,False,Meia Praia,Meia Praia (inland),0.5431982973670942,172,1264,80880.00283404325,0.46772966293698076,2
1195858349379362032,0.833084624759183,74555.13346521487,843.1987095834795,105,3,8,apartamento,17,4.710000038146973,False,330.0,0,0,3.0,False,False,Centro,Centro,0.1605114327433518,170,744,149284.27361466095,0.7497761622832647,3
1197121947398131654,0.7813712499336893,35492.35659970042,426.4592788738237,105,1,2,apartamento,21,4.670000076293945,True,170.0,0,0,1.0,False,True,Centro,Centro,0.2473468318154216,240,702,71067.54998072519,0.7032341249403204,1
1197195878719681680,0.6780563018779495,30675.827285279032,421.60249499644846,105,1,3,apartamento,16,4.559999942779541,True,160.0,0,0,1.0,False,True,Centro,Centro,0.2478946655294867,240,703,61423.24989530457,0.6102506716901546,1
1198703061430420363,0.9439711543866977,43885.016200257545,441.21478553782254,105,1,4,apartamento,11,5.0,False,200.0,0,0,1.0,True,True,Centro,Centro,0.1962021858673939,243,727,87872.45708680451,0.8495740389480279,1
1199996219082185363,0.7929502547481149,20007.078190170592,237.075766596418,105,2,5,apartamento,12,4.670000076293945,,0.0,0,0,1.0,False,,Morretes,Morretes,0.5808873827625123,88,625,40060.85155980393,0.7136552292733034,2
1203075817950465589,0.8977668217788104,143246.10909437286,1509.8137956544408,105,3,6,apartamento,0,0.0,False,400.0,0,0,2.0,False,False,Centro,Centro,0.0676527529594558,157,743,286826.5450058812,0.8079901396009294,3
1203140233522044896,0.4173177775415248,21923.390330905524,479.39925363992603,105,1,4,apartamento,13,5.0,False,180.0,0,0,1.0,True,False,Centro,Centro,0.2855555144815238,244,688,43897.948385363816,0.37558599978737234,1
1207335703563012811,0.5176037598740509,25767.92147974575,458.1603300296481,105,1,2,apartamento,1,5.0,True,150.0,0,0,1.0,False,True,Centro,Centro,0.2473468318154216,240,702,51595.98356105467,0.46584338388664587,1
1207338410880339003,0.3688728975905604,18354.711939240784,452.1392877928442,105,1,2,apartamento,0,0.0,True,150.0,0,0,1.0,False,True,Centro,Centro,0.2473468318154216,240,702,36752.26254586934,0.3319856078315044,1
1207383031689344642,0.6595722005230807,46982.81276575055,662.9031048377411,105,1,4,apartamento,8,4.880000114440918,False,150.0,0,0,1.0,False,False,Centro,Centro,0.1690490272720696,223,700,94075.28026733547,0.5936149804707727,1
1207864392976162235,0.33941278306475103,20417.181995606035,545.1515433339168,105,1,4,apartamento,1,5.0,False,0.0,0,0,1.0,False,False,Centro,Centro,0.2801512211881518,242,689,40882.016325468285,0.30547150475827595,1
1207881809440158991,0.29034113892848734,14472.457652596353,449.70557052970025,105,1,2,apartamento,1,5.0,True,150.0,0,0,1.0,False,True,Centro,Centro,0.3993702407681223,206,681,28978.69305129493,0.26130702503563863,1
1207940918769840398,0.6400379708275716,28866.718071726467,419.1063905053478,105,1,2,apartamento,2,5.0,True,150.0,0,0,1.0,False,True,Centro,Centro,0.3993702407681223,206,681,57800.80912855586,0.5760341737448145,1
1207992119242235910,0.4268464419511392,18875.01016297792,403.8601894949329,105,1,2,apartamento,3,5.0,True,150.0,0,0,1.0,False,True,Centro,Centro,0.2473468318154216,240,702,37794.07333452329,0.38416179775602527,1
1208704132667695539,0.2328985420153074,16399.581059811993,631.8626378123419,105,1,2,apartamento,0,0.0,True,170.0,0,0,1.0,False,True,Centro,Centro,0.3993702407681223,206,681,32837.437642587545,0.20960868781377667,1
1208718899534488031,0.4077271929720004,20256.11333663652,452.9806623896556,105,1,2,apartamento,5,4.800000190734863,True,150.0,0,0,1.0,False,True,Centro,Centro,0.2473468318154216,240,702,40559.503084075324,0.36695447367480033,1
1208735754877396448,0.542866737021816,26943.99166851064,457.71630460810957,105,1,2,apartamento,2,5.0,True,150.0,0,0,1.0,False,True,Centro,Centro,0.2473468318154216,240,702,53950.86880757549,0.4885800633196344,1
1208746927423730353,0.5826529146296933,25998.63536280737,412.80554927873766,105,1,2,apartamento,1,5.0,True,150.0,0,0,1.0,False,True,Centro,Centro,0.2473468318154216,240,702,52057.94979791671,0.5243876231667239,1
1208757710030861160,0.5591365501312919,24600.342629670005,406.2732505601033,105,1,2,apartamento,4,5.0,True,150.0,0,0,1.0,False,True,Centro,Centro,0.3993702407681223,206,681,49258.100810127515,0.5032228951181628,1
1208757855935244741,0.6050828265844408,26996.14291913437,413.4789646338247,105,1,2,apartamento,0,0.0,True,150.0,0,0,1.0,False,True,Centro,Centro,0.3993702407681223,206,681,54055.293026346306,0.5445745439259967,1
1209010210831577821,0.3905295245012603,45717.54146339845,1065.7757402424459,105,3,8,apartamento,0,0.0,False,350.0,0,0,3.0,False,False,Centro,Centro,0.368706633605204,136,705,91541.7846042201,0.35147657205113425,3
1213824251801309412,0.6898118293887525,83823.61252463453,1133.4072123352148,105,3,6,apartamento,6,4.5,True,456.0,0,0,3.0,False,True,Meia Praia,Meia Praia (beach band),0.2126790208424546,394,1848,167842.86374237796,0.6208306464498773,3
1214464056304542513,0.5826529146296933,46265.76375682642,734.6064035252783,105,2,5,apartamento,16,5.0,True,220.0,0,0,1.0,True,True,Centro,Centro,0.2478946655294867,240,703,92639.50870516269,0.5243876231667239,2
1216602433904805187,0.5749340067128803,38658.11330544835,621.6744210493883,105,1,4,apartamento,10,4.599999904632568,True,190.0,0,0,1.0,False,True,Centro,Centro,0.3993702407681223,206,681,77406.45205617814,0.5174406060415923,1
1218889785346856352,0.949011020693828,52250.76314366837,522.6998832739948,105,2,7,apartamento,10,4.699999809265137,True,413.0,0,0,2.0,False,True,Meia Praia,Meia Praia (inland),0.8432908838685048,76,1636,104623.47606625335,0.8541099186244453,2
1219597802580113056,0.6658487444121027,44592.87993492083,623.5446708622827,105,1,4,apartamento,6,4.829999923706055,True,190.0,0,0,1.0,False,True,Centro,Centro,0.3993702407681223,206,681,89289.83666264113,0.5992638699708924,1
1219655958873769070,0.6466678179242966,51168.12853434383,735.6466098447443,105,2,6,apartamento,16,4.5,True,240.0,0,0,2.0,False,True,Centro,Centro,0.3993702407681223,206,681,102455.68005099286,0.5820010361318669,2
1226846054624436877,0.5261365797751547,41980.48995477162,734.8308938477486,105,2,6,apartamento,7,4.860000133514404,True,240.0,0,0,1.0,False,True,Centro,Centro,0.3993702407681223,206,681,84058.95955923217,0.4735229217976393,2
1226856286781952840,0.491364430084506,39628.955402781576,740.633041912651,105,2,5,apartamento,12,4.579999923706055,True,220.0,0,0,1.0,False,True,Centro,Centro,0.2473468318154216,240,702,79350.40213122623,0.4422279870760554,2
1229942592150628971,0.9627053632374338,30853.362556610406,304.5190767715134,105,2,6,apartamento,13,4.920000076293945,False,250.0,0,0,1.0,True,False,Meia Praia,Meia Praia (inland),0.4147559230915298,245,1271,61778.73479339079,0.8664348269136904,2
1233370107101543516,0.8765249214734698,41529.99267678145,447.7110008268241,105,1,3,apartamento,10,5.0,True,160.0,0,0,1.0,True,True,Centro,Centro,0.3993702407681223,206,681,83156.91357280088,0.7888724293261229,1
1233973103621276698,0.8270189212730099,38279.51060398912,435.9273264739634,105,1,3,apartamento,22,4.909999847412109,True,160.0,0,0,1.0,True,True,Centro,Centro,0.2473468318154216,240,702,76648.36301993144,0.744317029145709,1
1233994658216308874,0.8651038936651488,41048.26413524735,448.0215402397009,105,1,3,apartamento,16,4.380000114440918,True,180.0,0,0,1.0,False,True,Centro,Centro,0.2473468318154216,240,702,82192.33216760603,0.7785935042986339,1
1234084273027568746,0.8577457708953792,39910.05724554904,439.1205554343804,105,1,3,apartamento,13,4.769999980926514,True,180.0,0,0,1.0,False,True,Centro,Centro,0.3993702407681223,206,681,79913.26188962051,0.7719711938058412,1
1236367599770739400,0.769997956094438,53084.04832055649,646.7391781580334,105,1,4,apartamento,15,4.730000019073486,False,200.0,0,0,1.0,False,False,Centro,Centro,0.2531711459710695,242,693,106291.99125177905,0.6929981604849942,1
1238321506456103932,0.6194281960088348,52728.901801906,789.7795558281416,105,2,6,apartamento,9,4.670000076293945,True,240.0,0,0,2.0,False,True,Centro,Centro,0.1962021858673939,243,727,105580.8693263083,0.5574853764079514,2
1242002119123644781,0.1846492335455825,112455.19878869415,5439.965924025732,105,4,6,apartamento,0,0.0,False,0.0,0,0,4.0,False,False,Meia Praia,Meia Praia (beach band),0.0591445130700136,232,1178,225172.86047372146,0.16618431019102425,4
1242713378625026725,0.5591365501312919,39629.76669605059,654.4833288266675,105,1,4,apartamento,8,4.75,True,190.0,0,0,1.0,False,True,Centro,Centro,0.3993702407681223,206,681,79352.02661126836,0.5032228951181628,1
1248514191377483703,0.4913644300845059,28191.80291839776,526.8819362064064,105,2,6,apartamento,6,5.0,True,351.0,0,0,1.0,True,True,Centro,Centro,0.2788825542771245,40,481,56449.403615168754,0.4422279870760553,2
1248685472424986601,0.9127206028057234,31457.797752207836,326.448958931982,105,2,6,apartamento,10,5.0,False,300.0,0,0,2.0,True,False,Morretes,Morretes,0.5755882628045279,118,725,62989.01589581813,0.8214485425251511,2
1249371220066552412,0.7275684949439916,48828.98620634533,627.6948646766765,105,1,4,apartamento,12,4.920000076293945,True,180.0,0,0,1.0,True,True,Centro,Centro,0.1962021858673939,243,727,97771.9359935902,0.6548116454495925,1
1249385754807434824,0.6595722005230809,44237.54597400144,624.1688151533003,105,1,4,apartamento,7,4.570000171661377,True,190.0,0,0,1.0,False,True,Centro,Centro,0.1363047171962584,210,697,88578.33941515487,0.5936149804707728,1
1249919049392818339,0.41731777754152477,27834.16773851049,608.6503518901353,105,1,2,apartamento,9,5.0,True,250.0,0,0,1.0,True,True,Meia Praia,Meia Praia (inland),0.3541461216422645,382,1736,55733.2985588559,0.3755859997873723,1
1254384361135492137,0.37864677498018856,26665.553768444453,640.465889012717,105,2,4,apartamento,4,4.5,True,369.0,0,0,2.0,False,True,Morretes,Morretes,0.5996584707537542,123,852,53393.34315204747,0.3407820974821697,2
1254489827996538747,0.4536349037283487,60817.65588084195,1227.262378097028,105,3,8,apartamento,11,5.0,False,100.0,0,0,3.0,True,True,Meia Praia,Meia Praia (inland),0.46926445829009,340,1898,121777.25609402795,0.4082714133555138,3
1257312272803306995,0.5261365797751547,33020.832866409444,578.0001176013614,105,2,4,apartamento,8,4.75,True,369.0,0,0,2.0,False,True,Meia Praia,Meia Praia (inland),0.9997233614966018,69,1338,66118.73414341088,0.4735229217976393,2
1259534245145609058,0.8602428410523177,42707.444805640866,468.61339027814023,105,1,2,apartamento,10,5.0,True,150.0,0,0,1.0,True,True,Centro,Centro,0.2801512211881518,242,689,85514.5659248663,0.774218556947086,1
1260073533686146608,0.6898118293887525,32767.635514609916,443.06220293853085,105,1,2,apartamento,12,4.75,True,150.0,0,0,1.0,True,True,Centro,Centro,0.1962021858673939,243,727,65611.74849416401,0.6208306464498773,1
1262982199583014782,0.6264188006880704,52589.0390566245,779.3126546250228,105,2,6,apartamento,9,4.670000076293945,True,240.0,0,0,1.0,False,True,Centro,Centro,0.1962021858673939,243,727,105300.81740547251,0.5637769206192634,2
1263128865886946817,0.29034113892848756,19545.49596164317,607.3411043037195,105,1,2,apartamento,1,5.0,True,170.0,0,0,1.0,False,True,Centro,Centro,0.1962021858673939,243,727,39136.6098007666,0.2613070250356388,1
1264729892004302735,0.9410185905839447,47789.246136800255,481.88473699784976,105,1,4,apartamento,0,0.0,False,190.0,0,0,2.0,False,False,Centro,Centro,0.3061248419627493,163,767,95690.02917086935,0.8469167315255502,1
1265161823691467042,0.5591365501312918,40114.800860793664,662.4936402970944,105,1,4,apartamento,8,5.0,True,190.0,0,0,1.0,True,True,Centro,Centro,0.1962021858673939,243,727,80323.22697798419,0.5032228951181626,1
1265295313956605287,0.5826529146296934,26315.03166781053,417.8292802805362,105,1,2,apartamento,0,0.0,True,190.0,0,0,1.0,False,True,Centro,Centro,0.1962021858673939,243,727,52691.48085569152,0.524387623166724,1
1265370363028714118,0.597727691097905,27079.609155694598,419.6207502807484,105,1,2,apartamento,1,5.0,True,190.0,0,0,1.0,False,True,Centro,Centro,0.2801512211881518,242,689,54222.42030406832,0.5379549219881146,1
1266717192483343855,0.7318578734260816,50900.3980405354,650.6885302726581,105,2,6,apartamento,2,5.0,False,250.0,0,0,2.0,False,False,Meia Praia,Meia Praia (inland),0.5326205343239607,261,1439,101919.59419834887,0.6586720860834734,2
1267332355220608617,0.5460363652924874,40198.36296370141,679.0870375705265,105,2,5,apartamento,1,5.0,False,150.0,0,0,2.0,False,False,Meia Praia,Meia Praia (inland),0.6682792161193668,135,1596,80490.54621214686,0.49143272876323874,2
1268755217310742256,0.9180607218166695,84999.71951667068,877.2437447076668,105,2,4,apartamento,0,0.0,False,300.0,0,0,2.0,False,False,Meia Praia,Meia Praia (beach band),0.0610851458538065,352,1883,170197.82268133765,0.8262546496350026,2
1269623861253689862,0.8300804282061228,38758.679041504154,439.8474187586437,105,1,3,apartamento,3,5.0,True,190.0,0,0,1.0,False,True,Centro,Centro,0.2801512211881518,242,689,77607.81824197699,0.7470723853855106,1
1269636598524749154,0.6839898811871494,30427.58433216044,414.7452034069489,105,1,3,apartamento,9,4.21999979019165,True,190.0,0,0,1.0,False,True,Centro,Centro,0.1962021858673939,243,727,60926.18460665402,0.6155908930684345,1
1271171762063321920,0.8037369162075058,48067.911913206044,562.3594221295759,105,2,5,apartamento,5,4.800000190734863,False,250.0,0,0,2.0,True,False,Tabuleiro dos Oliveiras,Tabuleiro dos Oliveiras,0.2590425429259589,69,416,96248.01111092468,0.7233632245867552,2
1272260793182499350,0.8937300811631691,60353.960164450036,638.8358895906804,105,2,5,apartamento,2,5.0,False,250.0,0,0,0.0,False,False,Morretes,Morretes,0.3876225841594584,143,671,120848.78242652264,0.8043570730468522,2
1272537775161574422,0.8697940030607492,51768.42913364581,562.1546755603621,105,2,4,apartamento,7,4.710000038146973,True,369.0,0,0,2.0,False,True,Meia Praia,Meia Praia (beach band),0.1078863369374549,157,623,103657.68231095868,0.7828146027546743,2
1274055523929375490,0.39808081944088264,26706.35682033299,611.1801140045643,105,1,2,apartamento,4,5.0,True,250.0,0,0,1.0,False,True,Meia Praia,Meia Praia (inland),0.3541461216422645,382,1736,53475.0444874127,0.3582727374967944,1
1274533646308060247,0.37864677498018856,26125.19241965602,627.4872344291604,105,2,4,apartamento,4,5.0,True,369.0,0,0,2.0,False,True,Morretes,Morretes,0.4414696616990739,174,963,52311.35928730184,0.3407820974821697,2
1274679812745645557,0.5261365797751546,35005.395099134024,612.7381028164133,105,1,4,apartamento,7,4.860000133514404,True,195.0,0,0,1.0,True,True,Centro,Centro,0.194260535772983,243,725,70092.49044409012,0.47352292179763916,1
1276789839775235217,0.8838109196265829,36375.07426698299,389.09235136030685,105,2,4,apartamento,15,5.0,False,300.0,0,0,2.0,True,False,Morretes,Morretes,0.6155275074855917,115,829,72835.04551915904,0.7954298276639246,2
1277103969415516416,0.8238644495519035,45415.609094928885,519.0623685934497,105,2,8,apartamento,8,5.0,False,100.0,0,0,2.0,True,False,Morretes,Morretes,0.2670735250595719,157,683,90937.21517737088,0.7414780045967132,2
1277671971539993475,0.9565626002785356,33393.68313102801,331.5803176066637,105,1,2,apartamento,13,5.0,False,180.0,0,0,1.0,True,True,Centro,Centro,0.2468157917412474,241,701,66865.30488017424,0.860906340250682,1
1280559161534348023,0.5261365797751547,37118.02569449351,649.7178100668679,105,1,4,apartamento,0,0.0,True,190.0,0,0,1.0,False,True,Centro,Centro,0.194260535772983,243,725,74322.68237301338,0.4735229217976393,1
1282577030741754149,0.717299955713801,32348.082476087795,421.47357237442975,105,1,2,apartamento,7,4.139999866485596,True,150.0,0,0,1.0,False,True,Centro,Centro,0.2801512211881518,242,689,64771.66320844963,0.645569960142421,1
1282585098065467787,0.7853068039542621,35759.119304690685,427.6284603187089,105,1,2,apartamento,7,5.0,True,150.0,0,0,1.0,True,True,Centro,Centro,0.1962021858673939,243,727,71601.69799697862,0.7067761235588359,1
1283982403734255309,0.7773576250295698,52172.070757995534,629.9349896817085,105,1,4,apartamento,11,4.909999847412109,True,190.0,0,0,1.0,True,True,Centro,Centro,0.194260535772983,243,725,104465.90763215409,0.6996218625266128,1
1284110666632259028,0.6720096971976677,45080.02026818665,624.8646033116863,105,1,4,apartamento,0,0.0,True,190.0,0,0,1.0,False,True,Centro,Centro,0.194260535772983,243,725,90265.25428205861,0.6048087274779009,1
1285538056394050628,0.16229042978114988,18370.9683878684,1008.9628764562607,105,2,7,apartamento,3,4.670000076293945,True,240.0,0,0,2.0,False,True,Centro,Centro,0.0967304923366847,214,753,36784.81338458603,0.1460613868030349,2
1292815457899461748,0.8445535109525212,66879.45658419978,746.6937437457307,105,2,4,apartamento,4,5.0,True,240.0,0,0,1.0,False,True,Centro,Centro,0.194260535772983,243,725,133915.00533727527,0.760098159857269,2
1297930390704189766,0.5670949188220281,37371.901556725024,608.9194023749592,105,1,2,apartamento,6,5.0,True,170.0,0,0,1.0,True,True,Meia Praia,Meia Praia (inland),0.3541461216422645,382,1736,74831.02662672209,0.5103854269398254,1
1297930815921503919,0.6123162943882355,63000.596980537215,954.0667324063327,105,3,6,apartamento,3,5.0,True,339.0,0,0,2.0,False,True,Meia Praia,Meia Praia (beach band),0.0764898681850886,152,622,126148.23313162713,0.551084664949412,3
1303745304497797235,0.5002148181084021,40022.18656036223,735.2882456871963,105,2,4,apartamento,1,5.0,True,240.0,0,0,1.0,False,True,Centro,Centro,0.1962021858673939,243,727,80137.78222155185,0.45019333629756186,2
1304403734260231676,0.22361494483386507,16055.757189181051,643.7316569237106,105,2,4,apartamento,1,4.0,True,215.0,0,0,2.0,False,True,Tabuleiro dos Oliveiras,Tabuleiro dos Oliveiras,0.451738838350089,66,384,32148.987439457414,0.20125345035047856,2
1304433283397417052,0.7732642649216364,95152.26315760224,1154.636660275186,105,2,6,apartamento,2,5.0,True,270.0,0,0,2.0,False,True,Morretes,Morretes,0.1004184141597329,73,581,190526.6053195547,0.6959378384294728,2
1307990676918354925,0.3786467749801882,25802.088632245162,619.7267747648146,105,1,4,apartamento,3,4.670000076293945,True,190.0,0,0,1.0,False,True,Centro,Centro,0.193094448067534,242,725,51664.397609897285,0.3407820974821694,1
1311575286815584867,0.3908067145889049,35268.70404998707,821.6274678248711,105,2,6,apartamento,1,5.0,True,210.0,0,0,2.0,False,True,Tabuleiro dos Oliveiras,Tabuleiro dos Oliveiras,0.2656171105893772,111,442,70619.72289123845,0.35172604313001443,2
1312949509621922876,0.500214818108402,35517.480501412814,652.5277145896317,105,2,4,apartamento,2,5.0,True,238.0,0,0,2.0,False,True,Morretes,Morretes,0.3718500461171889,193,818,71117.85642165258,0.45019333629756175,2
1313064371372817918,0.1385200910069575,15387.16810561505,987.8580995978023,105,1,4,apartamento,2,5.0,True,190.0,0,0,1.0,False,True,Centro,Centro,0.1962021858673939,243,727,30810.248830218516,0.12466808190626176,1
1315954985293478319,0.08473369366633098,7238.810530890686,755.8483159347754,105,1,4,apartamento,0,0.0,True,170.0,0,0,1.0,False,True,Centro,Centro,0.193094448067534,242,725,14494.515960357956,0.07626032429969788,1
1318315111310867765,0.40927982200844754,35318.193616167904,786.9195226052022,105,2,4,apartamento,2,5.0,False,300.0,0,0,2.0,False,True,Morretes,Morretes,0.2612109288487765,161,711,70718.81752893039,0.3683518398076028,2
1320994692912931266,0.17058755303816225,20728.445043495132,1083.9269599216327,105,2,5,apartamento,0,0.0,True,220.0,0,0,1.0,False,True,Centro,Centro,0.1927045306358863,242,725,41505.268888336934,0.15352879773434602,2
1320995339425720277,0.5902509649708411,46996.06421205045,737.036275592665,105,2,4,apartamento,1,5.0,True,200.0,0,0,1.0,False,True,Centro,Centro,0.1949260722098207,243,725,94101.81408792273,0.531225868473757,2
1321022086036905023,0.30011209369654884,30547.122916650027,919.123921707625,105,2,5,apartamento,0,0.0,True,220.0,0,0,1.0,False,True,Centro,Centro,0.1949260722098207,243,725,61165.54077067698,0.27010088432689394,2
1321134786322096510,0.49136443008450587,38373.70153028422,717.1733649034736,105,3,6,apartamento,1,5.0,True,337.0,0,0,2.0,False,True,Meia Praia,Meia Praia (beach band),0.1811419819173997,410,1984,76836.96470783018,0.44222798707605526,3
1329787295308110610,0.592244010613596,64098.29610129547,1002.0229616134126,105,2,5,apartamento,0,0.0,True,220.0,0,0,1.0,False,True,Centro,Centro,0.1962021858673939,243,727,128346.193329315,0.5330196095522364,2
